date,station_id,省名,台站名,lat,lon,alt,year,month,day,pre,pre_type,tem_avg,tem_max,tem_min,rhu_avg,rhu_min,prs_avg,pra_max,prs_min,evp_small,evp_large,tw_calc,model_precip_type
1980-01-01,52645.0,青海,野牛沟,38.41666666666666,99.58333333333331,3180.0,1980,1,1,0.0,无,-16.4,-4.2,-24.5,0.5,0.21,670.7,671.6,668.8,1.2,,,无
1980-01-02,52645.0,青海,野牛沟,38.41666666666666,99.58333333333331,3180.0,1980,1,2,0.0,无,-18.0,-5.6,-27.5,0.57,0.29,672.2,673.2,670.7,0.9,,,无
1980-01-03,52645.0,青海,野牛沟,38.41666666666666,99.58333333333331,3180.0,1980,1,3,0.0,无,-18.9,-11.6,-24.9,0.73,0.52,674.6,676.1,672.9,0.5,,,无
1980-01-04,52645.0,青海,野牛沟,38.41666666666666,99.58333333333331,3180.0,1980,1,4,0.0,无,-21.2,-8.8,-29.6,0.62,0.24,677.8,680.3,675.0,0.6,,,无
1980-01-05,52645.0,青海,野牛沟,38.41666666666666,99.58333333333331,3180.0,1980,1,5,0.0,无,-19.7,-8.5,-29.0,0.47,0.23,673.8,676.0,671.6,1.0,,,无
1980-01-06,52645.0,青海,野牛沟,38.41666666666666,99.58333333333331,3180.0,1980,1,6,0.0,无,-21.1,-10.8,-28.0,0.45,0.2,679.0,681.4,675.5,0.8,,,无
1980-01-07,52645.0,青海,野牛沟,38.41666666666666,99.58333333333331,3180.0,1980,1,7,0.0,无,-21.8,-9.3,-31.6,0.4,0.16,676.9,680.2,673.7,0.7,,,无
1980-01-08,52645.0,青海,野牛沟,38.41666666666666,99.58333333333331,3180.0,1980,1,8,0.0,无,-17.7,-5.7,-26.6,0.38,0.21,676.1,678.1,674.6,1.3,,,无
1980-01-09,52645.0,青海,野牛沟,38.41666666666666,99.58333333333331,3180.0,1980,1,9,0.0,无,-17.9,-3.5,-28.3,0.44,0.15,675.8,677.4,673.4,1.1,,,无
1980-01-10,52645.0,青海,野牛沟,38.41666666666666,99.58333333333331,3180.0,1980,1,10,0.0,无,-16.9,-4.0,-27.1,0.36,0.19,673.9,675.5,671.4,1.1,,,无
1980-01-11,52645.0,青海,野牛沟,38.41666666666666,99.58333333333331,3180.0,1980,1,11,0.0,无,-16.1,-6.2,-22.1,0.44,0.23,674.2,676.1,672.8,1.0,,,无
1980-01-12,52645.0,青海,野牛沟,38.41666666666666,99.58333333333331,3180.0,1980,1,12,0.0,无,-16.7,-7.1,-24.8,0.54,0.32,675.6,676.8,673.6,1.3,,,无
1980-01-13,52645.0,青海,野牛沟,38.41666666666666,99.58333333333331,3180.0,1980,1,13,0.0,无,-19.7,-8.5,-28.3,0.59,0.21,678.0,679.8,675.6,1.0,,,无
1980-01-14,52645.0,青海,野牛沟,38.41666666666666,99.58333333333331,3180.0,1980,1,14,0.0,无,-19.4,-4.9,-29.3,0.39,0.14,678.7,680.0,676.9,1.0,,,无
1980-01-15,52645.0,青海,野牛沟,38.41666666666666,99.58333333333331,3180.0,1980,1,15,0.0,无,-18.6,-5.4,-28.5,0.32,0.15,677.8,679.5,674.9,1.0,,,无
1980-01-16,52645.0,青海,野牛沟,38.41666666666666,99.58333333333331,3180.0,1980,1,16,0.0,无,-17.7,-2.8,-28.1,0.38,0.18,677.9,680.0,675.4,1.0,,,无
1980-01-17,52645.0,青海,野牛沟,38.41666666666666,99.58333333333331,3180.0,1980,1,17,0.0,无,-16.4,-7.6,-24.8,0.46,0.24,676.3,678.4,675.0,0.8,,,无
1980-01-18,52645.0,青海,野牛沟,38.41666666666666,99.58333333333331,3180.0,1980,1,18,0.2,normal,-17.9,-7.8,-27.0,0.78,0.39,679.7,681.3,678.5,0.4,,-18.485029563843206,Snow
1980-01-19,52645.0,青海,野牛沟,38.41666666666666,99.58333333333331,3180.0,1980,1,19,0.0,无,-18.7,-5.7,-28.3,0.58,0.21,679.7,681.3,677.8,0.9,,,无
1980-01-20,52645.0,青海,野牛沟,38.41666666666666,99.58333333333331,3180.0,1980,1,20,0.0,无,-17.7,-4.0,-27.3,0.5,0.22,680.9,683.0,678.8,1.1,,,无
1980-01-21,52645.0,青海,野牛沟,38.41666666666666,99.58333333333331,3180.0,1980,1,21,0.0,无,-16.4,-2.0,-26.3,0.43,0.12,678.6,680.9,676.0,1.2,,,无
1980-01-22,52645.0,青海,野牛沟,38.41666666666666,99.58333333333331,3180.0,1980,1,22,0.0,无,-16.2,-2.7,-26.5,0.42,0.17,676.1,678.7,673.4,1.5,,,无
1980-01-23,52645.0,青海,野牛沟,38.41666666666666,99.58333333333331,3180.0,1980,1,23,0.0,无,-15.2,-2.6,-25.6,0.47,0.19,675.4,677.6,673.0,1.7,,,无
1980-01-24,52645.0,青海,野牛沟,38.41666666666666,99.58333333333331,3180.0,1980,1,24,0.0,无,-16.5,-1.1,-28.8,0.34,0.08,675.8,678.1,672.2,1.7,,,无
1980-01-25,52645.0,青海,野牛沟,38.41666666666666,99.58333333333331,3180.0,1980,1,25,0.0,无,-7.3,-0.5,-12.3,0.21,0.13,669.3,673.3,667.3,3.7,,,无
1980-01-26,52645.0,青海,野牛沟,38.41666666666666,99.58333333333331,3180.0,1980,1,26,0.0,无,-12.8,-2.1,-22.2,0.5,0.24,669.9,671.0,667.8,1.5,,,无
1980-01-27,52645.0,青海,野牛沟,38.41666666666666,99.58333333333331,3180.0,1980,1,27,0.0,无,-13.0,-6.9,-20.7,0.62,0.35,669.7,671.9,667.7,0.9,,,无
1980-01-28,52645.0,青海,野牛沟,38.41666666666666,99.58333333333331,3180.0,1980,1,28,0.0,无,-14.9,-6.6,-21.9,0.71,0.42,669.6,670.9,667.6,0.8,,,无
1980-01-29,52645.0,青海,野牛沟,38.41666666666666,99.58333333333331,3180.0,1980,1,29,0.1,normal,-17.6,-10.8,-24.7,0.78,0.5,672.0,673.2,670.6,0.6,,-18.202530998947623,Snow
1980-01-30,52645.0,青海,野牛沟,38.41666666666666,99.58333333333331,3180.0,1980,1,30,0.0,无,-16.9,-11.0,-23.6,0.7,0.32,671.9,673.8,670.0,0.5,,,无
1980-01-31,52645.0,青海,野牛沟,38.41666666666666,99.58333333333331,3180.0,1980,1,31,0.0,无,-15.7,-9.1,-18.2,0.7,0.38,669.1,669.5,667.5,1.0,,,无
1980-02-01,52645.0,青海,野牛沟,38.41666666666666,99.58333333333331,3180.0,1980,2,1,0.0,无,-15.3,-9.7,-18.5,0.51,0.13,669.4,671.0,668.1,1.8,,,无
1980-02-02,52645.0,青海,野牛沟,38.41666666666666,99.58333333333331,3180.0,1980,2,2,0.0,无,-17.8,-4.8,-26.8,0.38,0.12,670.9,672.0,669.7,2.3,,,无
1980-02-03,52645.0,青海,野牛沟,38.41666666666666,99.58333333333331,3180.0,1980,2,3,0.0,无,-19.0,-3.0,-27.3,0.42,0.1,669.1,671.4,665.3,1.9,,,无
1980-02-04,52645.0,青海,野牛沟,38.41666666666666,99.58333333333331,3180.0,1980,2,4,0.0,无,-22.4,-9.0,-32.2,0.36,0.12,674.8,677.4,671.0,1.3,,,无
1980-02-05,52645.0,青海,野牛沟,38.41666666666666,99.58333333333331,3180.0,1980,2,5,0.0,无,-21.2,-9.3,-30.9,0.31,0.15,669.6,673.7,666.7,1.2,,,无
1980-02-06,52645.0,青海,野牛沟,38.41666666666666,99.58333333333331,3180.0,1980,2,6,0.0,无,-19.1,-9.1,-29.3,0.42,0.26,670.7,671.3,668.3,1.1,,,无
1980-02-07,52645.0,青海,野牛沟,38.41666666666666,99.58333333333331,3180.0,1980,2,7,0.0,无,-18.1,-6.0,-27.6,0.46,0.18,673.6,674.9,671.0,1.5,,,无
1980-02-08,52645.0,青海,野牛沟,38.41666666666666,99.58333333333331,3180.0,1980,2,8,0.0,无,-18.8,-7.3,-28.9,0.5,0.29,674.4,676.1,671.3,1.1,,,无
1980-02-09,52645.0,青海,野牛沟,38.41666666666666,99.58333333333331,3180.0,1980,2,9,0.0,无,-17.5,-6.3,-27.0,0.54,0.15,675.0,676.4,674.0,1.4,,,无
1980-02-10,52645.0,青海,野牛沟,38.41666666666666,99.58333333333331,3180.0,1980,2,10,0.0,无,-18.3,-7.8,-28.4,0.43,0.23,677.1,678.6,674.7,1.3,,,无
1980-02-11,52645.0,青海,野牛沟,38.41666666666666,99.58333333333331,3180.0,1980,2,11,0.0,无,-15.2,-7.8,-22.9,0.54,0.2,676.1,678.1,673.6,1.2,,,无
1980-02-12,52645.0,青海,野牛沟,38.41666666666666,99.58333333333331,3180.0,1980,2,12,0.0,无,-16.6,-8.0,-26.9,0.31,0.15,675.5,676.2,673.8,1.7,,,无
1980-02-13,52645.0,青海,野牛沟,38.41666666666666,99.58333333333331,3180.0,1980,2,13,0.0,无,-18.0,-3.5,-29.1,0.49,0.19,675.4,677.4,672.9,2.0,,,无
1980-02-14,52645.0,青海,野牛沟,38.41666666666666,99.58333333333331,3180.0,1980,2,14,0.0,无,-12.2,3.2,-24.4,0.43,0.23,677.9,680.2,675.6,1.5,,,无
1980-02-15,52645.0,青海,野牛沟,38.41666666666666,99.58333333333331,3180.0,1980,2,15,0.0,无,-9.7,5.5,-20.6,0.53,0.21,677.7,679.5,675.2,2.0,,,无
1980-02-16,52645.0,青海,野牛沟,38.41666666666666,99.58333333333331,3180.0,1980,2,16,0.0,无,-8.9,5.0,-19.9,0.47,0.22,675.5,677.2,672.9,2.3,,,无
1980-02-17,52645.0,青海,野牛沟,38.41666666666666,99.58333333333331,3180.0,1980,2,17,2.0,normal,-9.7,-2.0,-13.8,0.79,0.31,676.8,677.8,674.9,1.0,,-10.634332230130884,Snow
1980-02-18,52645.0,青海,野牛沟,38.41666666666666,99.58333333333331,3180.0,1980,2,18,0.0,无,-18.4,-7.2,-28.5,0.61,0.39,678.5,680.0,676.0,1.1,,,无
1980-02-19,52645.0,青海,野牛沟,38.41666666666666,99.58333333333331,3180.0,1980,2,19,0.0,无,-14.1,-5.0,-20.7,0.58,0.38,677.5,678.7,675.8,1.2,,,无
1980-02-20,52645.0,青海,野牛沟,38.41666666666666,99.58333333333331,3180.0,1980,2,20,0.0,无,-12.8,-2.2,-22.4,0.67,0.21,677.4,678.8,675.8,1.3,,,无
1980-02-21,52645.0,青海,野牛沟,38.41666666666666,99.58333333333331,3180.0,1980,2,21,0.0,无,-12.8,0.0,-24.8,0.57,0.16,679.5,681.2,677.2,1.4,,,无
1980-02-22,52645.0,青海,野牛沟,38.41666666666666,99.58333333333331,3180.0,1980,2,22,0.0,无,-10.9,2.2,-21.0,0.57,0.1,679.7,681.4,678.3,2.0,,,无
1980-02-23,52645.0,青海,野牛沟,38.41666666666666,99.58333333333331,3180.0,1980,2,23,0.0,无,-10.1,3.8,-22.0,0.48,0.11,676.1,680.0,671.7,2.7,,,无
1980-02-24,52645.0,青海,野牛沟,38.41666666666666,99.58333333333331,3180.0,1980,2,24,0.9,normal,-9.8,-1.2,-12.2,0.57,0.21,674.2,675.5,672.2,1.1,,-11.728189563335661,Snow
1980-02-25,52645.0,青海,野牛沟,38.41666666666666,99.58333333333331,3180.0,1980,2,25,0.5,normal,-14.5,-6.5,-22.4,0.69,0.47,676.3,677.3,674.5,0.6,,-15.539103445224377,Snow
1980-02-26,52645.0,青海,野牛沟,38.41666666666666,99.58333333333331,3180.0,1980,2,26,0.3,normal,-12.3,-4.7,-20.1,0.6,0.14,676.5,678.4,674.8,1.1,,-13.842036313328215,Snow
1980-02-27,52645.0,青海,野牛沟,38.41666666666666,99.58333333333331,3180.0,1980,2,27,0.0,无,-11.5,0.7,-22.3,0.51,0.23,672.1,674.7,669.7,1.8,,,无
1980-02-28,52645.0,青海,野牛沟,38.41666666666666,99.58333333333331,3180.0,1980,2,28,0.0,无,-9.3,2.3,-16.1,0.55,0.22,668.5,670.0,665.7,2.0,,,无
1980-02-29,52645.0,青海,野牛沟,38.41666666666666,99.58333333333331,3180.0,1980,2,29,2.2,normal,-11.3,-5.0,-15.9,0.85,0.42,672.4,673.2,668.4,1.4,,-11.91012584348124,Snow
1980-03-01,52645.0,青海,野牛沟,38.41666666666666,99.58333333333331,3180.0,1980,3,1,0.0,无,-12.0,0.2,-19.9,0.75,0.25,672.5,674.1,670.9,1.6,,,无
1980-03-02,52645.0,青海,野牛沟,38.41666666666666,99.58333333333331,3180.0,1980,3,2,0.3,normal,-12.5,-5.4,-18.0,0.74,0.48,674.4,675.0,672.1,1.1,,-13.487196941514078,Snow
1980-03-03,52645.0,青海,野牛沟,38.41666666666666,99.58333333333331,3180.0,1980,3,3,0.0,无,-14.2,-2.5,-22.9,0.74,0.38,675.1,677.0,673.1,1.4,,,无
1980-03-04,52645.0,青海,野牛沟,38.41666666666666,99.58333333333331,3180.0,1980,3,4,0.0,无,-14.2,-1.3,-24.9,0.63,0.22,671.8,674.5,670.5,2.0,,,无
1980-03-05,52645.0,青海,野牛沟,38.41666666666666,99.58333333333331,3180.0,1980,3,5,0.0,无,-12.6,1.7,-23.9,0.51,0.18,671.8,672.7,670.0,2.8,,,无
1980-03-06,52645.0,青海,野牛沟,38.41666666666666,99.58333333333331,3180.0,1980,3,6,0.0,无,-10.4,5.1,-22.5,0.45,0.15,670.2,672.9,667.6,2.7,,,无
1980-03-07,52645.0,青海,野牛沟,38.41666666666666,99.58333333333331,3180.0,1980,3,7,1.1,normal,-12.9,-2.6,-19.4,0.81,0.25,670.0,672.2,668.7,0.5,,-13.605590451533708,Snow
1980-03-08,52645.0,青海,野牛沟,38.41666666666666,99.58333333333331,3180.0,1980,3,8,0.1,normal,-9.9,-2.7,-20.3,0.68,0.32,674.2,675.8,672.2,1.8,,-11.319109147173037,Snow
1980-03-09,52645.0,青海,野牛沟,38.41666666666666,99.58333333333331,3180.0,1980,3,9,0.0,无,-10.8,2.7,-21.9,0.51,0.23,670.2,674.0,666.9,2.0,,,无
1980-03-10,52645.0,青海,野牛沟,38.41666666666666,99.58333333333331,3180.0,1980,3,10,1.2,normal,-5.2,1.4,-10.8,0.74,0.25,671.6,674.4,667.2,2.5,,-6.6786647287247325,Snow
1980-03-11,52645.0,青海,野牛沟,38.41666666666666,99.58333333333331,3180.0,1980,3,11,0.0,无,-7.5,0.8,-16.7,0.6,0.29,674.6,676.5,672.5,2.7,,,无
1980-03-12,52645.0,青海,野牛沟,38.41666666666666,99.58333333333331,3180.0,1980,3,12,1.6,normal,-9.4,-2.0,-16.5,0.7,0.34,675.3,676.6,674.0,1.7,,-10.765599423544966,Snow
1980-03-13,52645.0,青海,野牛沟,38.41666666666666,99.58333333333331,3180.0,1980,3,13,0.5,normal,-11.5,-4.0,-18.2,0.68,0.39,676.7,678.7,674.5,0.9,,-12.78993920091509,Snow
1980-03-14,52645.0,青海,野牛沟,38.41666666666666,99.58333333333331,3180.0,1980,3,14,0.0,无,-11.1,-1.7,-23.2,0.61,0.24,677.2,680.3,674.3,1.5,,,无
1980-03-15,52645.0,青海,野牛沟,38.41666666666666,99.58333333333331,3180.0,1980,3,15,0.0,无,-5.3,2.6,-17.1,0.34,0.12,675.2,678.9,673.1,3.9,,,无
1980-03-16,52645.0,青海,野牛沟,38.41666666666666,99.58333333333331,3180.0,1980,3,16,0.0,无,-7.8,1.0,-16.4,0.45,0.15,675.5,676.7,673.2,3.2,,,无
1980-03-17,52645.0,青海,野牛沟,38.41666666666666,99.58333333333331,3180.0,1980,3,17,0.1,normal,-4.8,2.4,-11.7,0.41,0.15,677.1,677.8,676.1,3.5,,-8.29242391919069,Snow
1980-03-18,52645.0,青海,野牛沟,38.41666666666666,99.58333333333331,3180.0,1980,3,18,0.0,无,-4.1,7.6,-14.9,0.38,0.1,676.3,678.2,673.5,4.2,,,无
1980-03-19,52645.0,青海,野牛沟,38.41666666666666,99.58333333333331,3180.0,1980,3,19,0.8,normal,-4.7,4.5,-7.2,0.48,0.15,676.3,678.9,673.7,2.7,,-7.779511976872118,Snow
1980-03-20,52645.0,青海,野牛沟,38.41666666666666,99.58333333333331,3180.0,1980,3,20,0.4,normal,-6.7,-0.2,-12.1,0.67,0.22,676.3,679.9,674.2,1.4,,-8.439781338704574,Snow
1980-03-21,52645.0,青海,野牛沟,38.41666666666666,99.58333333333331,3180.0,1980,3,21,2.1,normal,-8.2,1.2,-19.1,0.53,0.15,678.2,680.6,674.0,4.6,,-10.50139203019112,Snow
1980-03-22,52645.0,青海,野牛沟,38.41666666666666,99.58333333333331,3180.0,1980,3,22,0.0,无,-5.2,6.6,-14.8,0.38,0.15,679.8,681.5,677.1,3.7,,,无
1980-03-23,52645.0,青海,野牛沟,38.41666666666666,99.58333333333331,3180.0,1980,3,23,0.0,无,-5.4,4.7,-14.0,0.44,0.18,680.3,683.1,677.4,3.4,,,无
1980-03-24,52645.0,青海,野牛沟,38.41666666666666,99.58333333333331,3180.0,1980,3,24,0.0,无,-2.1,6.5,-10.0,0.45,0.19,677.9,679.6,674.8,4.3,,,无
1980-03-25,52645.0,青海,野牛沟,38.41666666666666,99.58333333333331,3180.0,1980,3,25,0.0,无,-5.7,3.7,-13.3,0.56,0.17,680.9,682.6,677.7,3.5,,,无
1980-03-26,52645.0,青海,野牛沟,38.41666666666666,99.58333333333331,3180.0,1980,3,26,0.0,无,-5.7,3.5,-13.7,0.52,0.3,680.4,682.7,677.1,3.0,,,无
1980-03-27,52645.0,青海,野牛沟,38.41666666666666,99.58333333333331,3180.0,1980,3,27,0.0,无,-4.7,5.2,-14.0,0.54,0.15,678.1,680.5,675.9,3.5,,,无
1980-03-28,52645.0,青海,野牛沟,38.41666666666666,99.58333333333331,3180.0,1980,3,28,0.0,无,0.2,8.9,-10.2,0.39,0.1,675.6,678.0,673.7,6.0,,,无
1980-03-29,52645.0,青海,野牛沟,38.41666666666666,99.58333333333331,3180.0,1980,3,29,0.0,无,-3.2,7.4,-8.4,0.52,0.2,674.3,675.8,672.6,4.6,,,无
1980-03-30,52645.0,青海,野牛沟,38.41666666666666,99.58333333333331,3180.0,1980,3,30,1.1,normal,-9.1,-2.9,-11.0,0.79,0.26,679.2,680.9,675.4,2.3,,-10.063763674618556,Snow
1980-03-31,52645.0,青海,野牛沟,38.41666666666666,99.58333333333331,3180.0,1980,3,31,0.0,无,-10.4,2.7,-20.8,0.58,0.15,681.2,682.4,679.0,4.1,,,无
1980-04-01,52645.0,青海,野牛沟,38.41666666666666,99.58333333333331,3180.0,1980,4,1,0.0,无,-5.6,8.2,-16.7,0.3,0.11,680.0,682.2,677.2,5.9,,,无
1980-04-02,52645.0,青海,野牛沟,38.41666666666666,99.58333333333331,3180.0,1980,4,2,0.0,无,-3.2,11.9,-14.8,0.32,0.09,678.0,680.8,674.2,5.9,,,无
1980-04-03,52645.0,青海,野牛沟,38.41666666666666,99.58333333333331,3180.0,1980,4,3,0.0,无,-2.9,11.7,-13.0,0.37,0.11,675.4,677.1,671.4,5.3,,,无
1980-04-04,52645.0,青海,野牛沟,38.41666666666666,99.58333333333331,3180.0,1980,4,4,0.2,normal,-4.4,1.2,-8.0,0.5,0.34,676.9,678.7,674.8,2.2,,-7.39979011503054,Snow
1980-04-05,52645.0,青海,野牛沟,38.41666666666666,99.58333333333331,3180.0,1980,4,5,0.0,无,-3.1,4.3,-9.6,0.54,0.12,680.2,681.9,678.0,4.3,,,无
1980-04-06,52645.0,青海,野牛沟,38.41666666666666,99.58333333333331,3180.0,1980,4,6,0.0,无,-0.2,13.7,-12.3,0.29,0.08,676.8,679.2,674.1,7.5,,,无
1980-04-07,52645.0,青海,野牛沟,38.41666666666666,99.58333333333331,3180.0,1980,4,7,0.0,无,1.8,10.7,-2.1,0.35,0.11,678.1,680.6,674.6,6.4,,,无
1980-04-08,52645.0,青海,野牛沟,38.41666666666666,99.58333333333331,3180.0,1980,4,8,0.0,无,-1.0,8.5,-9.5,0.47,0.1,680.4,681.5,678.9,5.2,,,无
1980-04-09,52645.0,青海,野牛沟,38.41666666666666,99.58333333333331,3180.0,1980,4,9,0.8,normal,-0.7,10.7,-11.6,0.53,0.11,679.6,683.0,675.4,5.1,,-4.0454504320970885,Snow
1980-04-10,52645.0,青海,野牛沟,38.41666666666666,99.58333333333331,3180.0,1980,4,10,0.0,无,-0.2,9.0,-9.2,0.32,0.08,675.9,678.3,673.3,5.8,,,无
1980-04-11,52645.0,青海,野牛沟,38.41666666666666,99.58333333333331,3180.0,1980,4,11,0.0,无,0.4,11.7,-8.0,0.3,0.1,673.0,674.6,671.0,6.8,,,无
1980-04-12,52645.0,青海,野牛沟,38.41666666666666,99.58333333333331,3180.0,1980,4,12,2.8,normal,-9.2,4.0,-12.3,0.74,0.11,681.2,685.0,672.5,2.8,,-10.38739757733564,Snow
1980-04-13,52645.0,青海,野牛沟,38.41666666666666,99.58333333333331,3180.0,1980,4,13,0.0,无,-11.6,3.7,-24.2,0.61,0.24,682.0,685.7,676.5,3.2,,,无
1980-04-14,52645.0,青海,野牛沟,38.41666666666666,99.58333333333331,3180.0,1980,4,14,0.0,无,-1.0,6.3,-9.5,0.42,0.2,679.8,681.0,677.5,8.8,,,无
1980-04-15,52645.0,青海,野牛沟,38.41666666666666,99.58333333333331,3180.0,1980,4,15,0.0,无,-1.5,6.5,-9.1,0.38,0.15,684.3,684.8,681.0,6.9,,,无
1980-04-16,52645.0,青海,野牛沟,38.41666666666666,99.58333333333331,3180.0,1980,4,16,0.0,无,-0.1,12.4,-11.2,0.36,0.08,684.4,686.7,680.8,7.1,,,无
1980-04-17,52645.0,青海,野牛沟,38.41666666666666,99.58333333333331,3180.0,1980,4,17,0.0,无,0.6,13.0,-10.7,0.32,0.06,679.5,682.7,676.2,7.5,,,无
1980-04-18,52645.0,青海,野牛沟,38.41666666666666,99.58333333333331,3180.0,1980,4,18,0.0,无,1.8,14.4,-9.1,0.25,0.09,677.0,678.3,674.6,11.8,,,无
1980-04-19,52645.0,青海,野牛沟,38.41666666666666,99.58333333333331,3180.0,1980,4,19,0.0,无,3.1,16.0,-7.6,0.35,0.13,679.8,681.9,676.7,9.3,,,无
1980-04-20,52645.0,青海,野牛沟,38.41666666666666,99.58333333333331,3180.0,1980,4,20,0.0,无,1.0,10.0,-5.0,0.52,0.25,680.7,681.6,678.5,4.3,,,无
1980-04-21,52645.0,青海,野牛沟,38.41666666666666,99.58333333333331,3180.0,1980,4,21,0.0,无,1.0,11.8,-8.3,0.53,0.11,679.9,681.8,676.3,5.9,,,无
1980-04-22,52645.0,青海,野牛沟,38.41666666666666,99.58333333333331,3180.0,1980,4,22,0.0,无,-1.2,11.2,-9.5,0.56,0.12,678.8,681.1,673.9,6.6,,,无
1980-04-23,52645.0,青海,野牛沟,38.41666666666666,99.58333333333331,3180.0,1980,4,23,1.6,normal,-2.7,4.0,-7.0,0.7,0.42,678.4,679.8,676.7,3.0,,-4.618613183326086,Snow
1980-04-24,52645.0,青海,野牛沟,38.41666666666666,99.58333333333331,3180.0,1980,4,24,1.0,normal,-3.1,4.7,-9.0,0.68,0.28,677.8,680.0,675.4,2.9,,-5.113148071804701,Snow
1980-04-25,52645.0,青海,野牛沟,38.41666666666666,99.58333333333331,3180.0,1980,4,25,4.6,normal,-4.5,-1.5,-5.3,0.78,0.42,677.5,678.7,676.1,1.6,,-5.784128996757931,Snow
1980-04-26,52645.0,青海,野牛沟,38.41666666666666,99.58333333333331,3180.0,1980,4,26,0.1,normal,-3.8,6.3,-14.0,0.59,0.14,677.6,679.6,674.8,5.6,,-6.313859821509538,Snow
1980-04-27,52645.0,青海,野牛沟,38.41666666666666,99.58333333333331,3180.0,1980,4,27,0.0,无,-1.3,7.5,-8.0,0.68,0.28,677.2,678.4,674.9,4.1,,,无
1980-04-28,52645.0,青海,野牛沟,38.41666666666666,99.58333333333331,3180.0,1980,4,28,0.0,无,1.3,11.2,-6.6,0.54,0.11,677.9,679.3,675.6,6.6,,,无
1980-04-29,52645.0,青海,野牛沟,38.41666666666666,99.58333333333331,3180.0,1980,4,29,0.0,无,2.8,13.5,-7.0,0.47,0.11,679.4,680.7,677.7,7.0,,,无
1980-04-30,52645.0,青海,野牛沟,38.41666666666666,99.58333333333331,3180.0,1980,4,30,0.0,无,2.6,10.7,-5.6,0.52,0.29,680.9,682.0,679.0,4.9,,,无
1980-05-01,52645.0,青海,野牛沟,38.41666666666666,99.58333333333331,3180.0,1980,5,1,0.0,无,5.0,16.2,-6.6,0.4,0.09,680.8,682.7,677.8,7.3,,,无
1980-05-02,52645.0,青海,野牛沟,38.41666666666666,99.58333333333331,3180.0,1980,5,2,0.0,无,4.2,15.0,-5.0,0.44,0.11,681.1,682.5,678.9,9.5,,,无
1980-05-03,52645.0,青海,野牛沟,38.41666666666666,99.58333333333331,3180.0,1980,5,3,0.3,normal,2.7,12.7,-5.3,0.47,0.09,683.1,685.5,679.6,10.3,,-1.6894004899808168,Snow
1980-05-04,52645.0,青海,野牛沟,38.41666666666666,99.58333333333331,3180.0,1980,5,4,0.0,无,1.2,11.7,-8.3,0.39,0.12,682.3,683.9,680.5,8.0,,,无
1980-05-05,52645.0,青海,野牛沟,38.41666666666666,99.58333333333331,3180.0,1980,5,5,0.0,无,3.7,9.0,-1.8,0.33,0.24,681.6,682.6,680.1,6.9,,,无
1980-05-06,52645.0,青海,野牛沟,38.41666666666666,99.58333333333331,3180.0,1980,5,6,0.4,normal,-1.0,9.2,-7.1,0.63,0.25,681.5,682.5,679.2,7.4,,-3.56767803773693,Snow
1980-05-07,52645.0,青海,野牛沟,38.41666666666666,99.58333333333331,3180.0,1980,5,7,3.4,normal,-2.1,4.9,-10.0,0.58,0.3,682.9,684.1,681.8,4.9,,-4.882082227801168,Snow
1980-05-08,52645.0,青海,野牛沟,38.41666666666666,99.58333333333331,3180.0,1980,5,8,0.0,无,-0.5,10.5,-9.2,0.48,0.13,680.5,684.1,677.1,7.0,,,无
1980-05-09,52645.0,青海,野牛沟,38.41666666666666,99.58333333333331,3180.0,1980,5,9,2.2,normal,-1.1,5.3,-7.6,0.6,0.33,681.5,682.3,679.0,8.0,,-3.8718360047629696,Snow
1980-05-10,52645.0,青海,野牛沟,38.41666666666666,99.58333333333331,3180.0,1980,5,10,0.0,无,1.8,12.8,-8.7,0.42,0.13,681.3,683.0,678.8,8.5,,,无
1980-05-11,52645.0,青海,野牛沟,38.41666666666666,99.58333333333331,3180.0,1980,5,11,0.0,无,4.4,17.0,-7.7,0.34,0.1,678.8,680.5,676.3,9.4,,,无
1980-05-12,52645.0,青海,野牛沟,38.41666666666666,99.58333333333331,3180.0,1980,5,12,0.0,无,7.9,17.5,0.0,0.25,0.12,677.6,679.0,674.3,11.4,,,无
1980-05-13,52645.0,青海,野牛沟,38.41666666666666,99.58333333333331,3180.0,1980,5,13,0.0,无,7.8,16.9,0.3,0.42,0.16,680.9,682.8,676.4,10.9,,,无
1980-05-14,52645.0,青海,野牛沟,38.41666666666666,99.58333333333331,3180.0,1980,5,14,0.0,无,6.1,13.7,-2.8,0.54,0.28,683.1,684.3,681.6,8.0,,,无
1980-05-15,52645.0,青海,野牛沟,38.41666666666666,99.58333333333331,3180.0,1980,5,15,0.0,无,4.5,14.8,-3.5,0.52,0.27,683.1,685.1,679.9,8.0,,,无
1980-05-16,52645.0,青海,野牛沟,38.41666666666666,99.58333333333331,3180.0,1980,5,16,0.0,无,6.6,17.4,-3.9,0.41,0.17,680.4,682.8,676.9,11.1,,,无
1980-05-17,52645.0,青海,野牛沟,38.41666666666666,99.58333333333331,3180.0,1980,5,17,0.4,normal,2.7,11.0,-0.5,0.67,0.19,681.0,682.0,678.6,5.0,,0.033590001569456795,Snow
1980-05-18,52645.0,青海,野牛沟,38.41666666666666,99.58333333333331,3180.0,1980,5,18,0.0,无,5.0,13.2,-3.5,0.49,0.17,682.4,684.1,680.4,8.3,,,无
1980-05-19,52645.0,青海,野牛沟,38.41666666666666,99.58333333333331,3180.0,1980,5,19,0.0,无,5.8,17.4,-4.7,0.45,0.14,681.1,682.7,678.5,9.8,,,无
1980-05-20,52645.0,青海,野牛沟,38.41666666666666,99.58333333333331,3180.0,1980,5,20,0.0,无,6.5,13.7,-1.7,0.37,0.23,681.7,682.6,679.7,9.0,,,无
1980-05-21,52645.0,青海,野牛沟,38.41666666666666,99.58333333333331,3180.0,1980,5,21,0.0,无,6.9,18.3,-4.4,0.38,0.16,681.3,682.9,678.6,10.5,,,无
1980-05-22,52645.0,青海,野牛沟,38.41666666666666,99.58333333333331,3180.0,1980,5,22,5.8,normal,6.2,15.4,1.6,0.68,0.31,680.3,682.3,677.7,7.5,,3.2527276774336533,Rain
1980-05-23,52645.0,青海,野牛沟,38.41666666666666,99.58333333333331,3180.0,1980,5,23,14.6,normal,2.6,6.6,0.0,0.89,0.69,680.0,681.4,678.8,4.1,,1.7387780218960591,Snow
1980-05-24,52645.0,青海,野牛沟,38.41666666666666,99.58333333333331,3180.0,1980,5,24,7.3,normal,-0.9,5.6,-3.5,0.95,0.68,682.5,685.3,679.4,5.3,,-1.2371090383999173,Snow
1980-05-25,52645.0,青海,野牛沟,38.41666666666666,99.58333333333331,3180.0,1980,5,25,0.2,normal,-1.7,7.3,-9.4,0.68,0.42,688.9,689.5,685.3,6.1,,-3.8280889176974897,Snow
1980-05-26,52645.0,青海,野牛沟,38.41666666666666,99.58333333333331,3180.0,1980,5,26,0.0,无,5.1,13.7,-3.0,0.56,0.22,688.9,691.3,684.9,7.7,,,无
1980-05-27,52645.0,青海,野牛沟,38.41666666666666,99.58333333333331,3180.0,1980,5,27,0.0,无,6.7,14.3,-2.3,0.49,0.2,683.1,685.6,680.0,8.3,,,无
1980-05-28,52645.0,青海,野牛沟,38.41666666666666,99.58333333333331,3180.0,1980,5,28,0.0,无,6.3,15.9,-2.4,0.52,0.22,680.0,681.8,677.5,8.5,,,无
1980-05-29,52645.0,青海,野牛沟,38.41666666666666,99.58333333333331,3180.0,1980,5,29,7.5,normal,2.9,14.2,0.5,0.78,0.26,679.5,680.2,677.7,3.6,,1.1320620298844863,Snow
1980-05-30,52645.0,青海,野牛沟,38.41666666666666,99.58333333333331,3180.0,1980,5,30,1.6,normal,1.1,5.1,-2.2,0.79,0.63,682.5,683.0,680.2,6.9,,-0.46568238698966535,Snow
1980-05-31,52645.0,青海,野牛沟,38.41666666666666,99.58333333333331,3180.0,1980,5,31,2.3,normal,-2.6,3.4,-5.1,0.68,0.24,684.7,685.3,682.6,7.0,,-4.648823275482257,Snow
1980-06-01,52645.0,青海,野牛沟,38.41666666666666,99.58333333333331,3180.0,1980,6,1,0.0,无,2.1,10.4,-6.3,0.49,0.24,685.6,687.1,684.1,7.3,,,无
1980-06-02,52645.0,青海,野牛沟,38.41666666666666,99.58333333333331,3180.0,1980,6,2,0.0,无,5.1,14.8,-4.0,0.51,0.2,683.7,685.0,681.2,9.3,,,无
1980-06-03,52645.0,青海,野牛沟,38.41666666666666,99.58333333333331,3180.0,1980,6,3,0.0,无,7.0,16.0,0.0,0.52,0.19,680.4,681.7,678.9,10.1,,,无
1980-06-04,52645.0,青海,野牛沟,38.41666666666666,99.58333333333331,3180.0,1980,6,4,6.4,normal,4.7,12.4,-0.7,0.7,0.3,679.8,681.2,677.2,8.3,,2.090799341490679,Rain
1980-06-05,52645.0,青海,野牛沟,38.41666666666666,99.58333333333331,3180.0,1980,6,5,6.6,normal,4.3,10.9,-1.5,0.65,0.22,681.2,681.6,679.7,13.3,,1.2824249101222351,Rain
1980-06-06,52645.0,青海,野牛沟,38.41666666666666,99.58333333333331,3180.0,1980,6,6,0.0,无,6.6,15.7,-1.5,0.5,0.19,681.8,683.2,679.7,10.6,,,无
1980-06-07,52645.0,青海,野牛沟,38.41666666666666,99.58333333333331,3180.0,1980,6,7,2.0,normal,5.9,16.5,0.7,0.67,0.2,681.0,682.8,679.2,15.5,,2.8897467436370095,Rain
1980-06-08,52645.0,青海,野牛沟,38.41666666666666,99.58333333333331,3180.0,1980,6,8,8.2,normal,3.3,7.8,-0.2,0.89,0.66,683.9,685.1,682.8,14.7,,2.4180716186644036,Snow
1980-06-09,52645.0,青海,野牛沟,38.41666666666666,99.58333333333331,3180.0,1980,6,9,0.1,normal,6.6,13.7,1.2,0.66,0.3,684.1,685.6,682.1,9.0,,3.4213655995290138,Rain
1980-06-10,52645.0,青海,野牛沟,38.41666666666666,99.58333333333331,3180.0,1980,6,10,0.0,无,6.8,15.0,-1.3,0.54,0.2,683.9,684.8,681.7,6.1,,,无
1980-06-11,52645.0,青海,野牛沟,38.41666666666666,99.58333333333331,3180.0,1980,6,11,0.0,无,7.6,15.6,0.0,0.57,0.22,682.6,684.5,680.2,5.6,,,无
1980-06-12,52645.0,青海,野牛沟,38.41666666666666,99.58333333333331,3180.0,1980,6,12,0.0,无,7.3,15.7,0.6,0.58,0.18,682.2,683.4,680.1,6.2,,,无
1980-06-13,52645.0,青海,野牛沟,38.41666666666666,99.58333333333331,3180.0,1980,6,13,3.3,normal,7.4,15.0,1.2,0.68,0.37,682.1,684.3,680.1,4.3,,4.329973467510082,Rain
1980-06-14,52645.0,青海,野牛沟,38.41666666666666,99.58333333333331,3180.0,1980,6,14,10.5,normal,5.1,15.4,0.0,0.77,0.41,681.0,682.7,678.8,3.0,,3.092615822551825,Rain
1980-06-15,52645.0,青海,野牛沟,38.41666666666666,99.58333333333331,3180.0,1980,6,15,6.6,normal,3.5,9.5,-0.6,0.85,0.69,682.1,682.9,680.2,1.9,,2.280384443031438,Snow
1980-06-16,52645.0,青海,野牛沟,38.41666666666666,99.58333333333331,3180.0,1980,6,16,4.6,normal,4.1,8.0,1.1,0.84,0.42,683.2,683.9,681.9,1.7,,2.768973782435906,Snow
1980-06-17,52645.0,青海,野牛沟,38.41666666666666,99.58333333333331,3180.0,1980,6,17,0.0,无,5.5,11.7,-0.7,0.79,0.44,683.3,684.3,682.0,3.1,,,无
1980-06-18,52645.0,青海,野牛沟,38.41666666666666,99.58333333333331,3180.0,1980,6,18,1.3,normal,5.6,9.3,4.0,0.78,0.4,683.4,684.9,682.6,2.5,,3.6512168979205883,Rain
1980-06-19,52645.0,青海,野牛沟,38.41666666666666,99.58333333333331,3180.0,1980,6,19,1.9,normal,5.5,12.9,0.0,0.73,0.33,684.3,685.3,682.7,4.7,,3.100065802559029,Rain
1980-06-20,52645.0,青海,野牛沟,38.41666666666666,99.58333333333331,3180.0,1980,6,20,10.6,normal,5.3,12.7,0.8,0.81,0.34,684.7,685.9,682.7,4.5,,3.6437282295148377,Rain
1980-06-21,52645.0,青海,野牛沟,38.41666666666666,99.58333333333331,3180.0,1980,6,21,0.0,无,5.6,12.5,-0.8,0.71,0.39,684.4,686.0,682.4,4.0,,,无
1980-06-22,52645.0,青海,野牛沟,38.41666666666666,99.58333333333331,3180.0,1980,6,22,0.0,无,7.5,16.2,-0.3,0.65,0.31,683.6,684.7,682.0,5.6,,,无
1980-06-23,52645.0,青海,野牛沟,38.41666666666666,99.58333333333331,3180.0,1980,6,23,0.1,normal,7.6,16.5,1.0,0.71,0.29,684.9,686.2,682.6,5.0,,4.817939749770157,Rain
1980-06-24,52645.0,青海,野牛沟,38.41666666666666,99.58333333333331,3180.0,1980,6,24,10.4,normal,6.6,11.8,0.6,0.75,0.46,683.8,686.2,681.4,4.7,,4.296215981149678,Rain
1980-06-25,52645.0,青海,野牛沟,38.41666666666666,99.58333333333331,3180.0,1980,6,25,1.1,normal,7.3,16.2,-0.8,0.7,0.25,681.5,684.1,679.1,6.2,,4.440339196652006,Rain
1980-06-26,52645.0,青海,野牛沟,38.41666666666666,99.58333333333331,3180.0,1980,6,26,1.2,normal,9.1,17.5,0.6,0.62,0.29,679.9,681.0,678.2,6.0,,5.192308447468785,Rain
1980-06-27,52645.0,青海,野牛沟,38.41666666666666,99.58333333333331,3180.0,1980,6,27,9.7,normal,9.0,19.2,2.5,0.73,0.36,678.7,679.7,676.3,7.5,,6.286631567934626,Rain
1980-06-28,52645.0,青海,野牛沟,38.41666666666666,99.58333333333331,3180.0,1980,6,28,16.5,normal,7.1,11.4,4.4,0.86,0.62,681.2,681.8,679.5,3.0,,5.808966946039811,Rain
1980-06-29,52645.0,青海,野牛沟,38.41666666666666,99.58333333333331,3180.0,1980,6,29,4.4,normal,10.9,18.3,5.4,0.7,0.33,682.0,683.5,680.0,5.7,,7.687769043452941,Rain
1980-06-30,52645.0,青海,野牛沟,38.41666666666666,99.58333333333331,3180.0,1980,6,30,16.6,normal,8.5,15.3,4.6,0.78,0.5,683.4,683.8,680.5,2.9,,6.349956237199517,Rain
1980-07-01,52645.0,青海,野牛沟,38.41666666666666,99.58333333333331,3180.0,1980,7,1,1.5,normal,8.7,16.7,3.9,0.84,0.5,683.0,684.8,680.0,3.5,,7.14252705818041,Rain
1980-07-02,52645.0,青海,野牛沟,38.41666666666666,99.58333333333331,3180.0,1980,7,2,18.4,normal,7.6,10.7,6.0,0.83,0.64,682.3,682.9,681.4,3.5,,5.999386354313274,Rain
1980-07-03,52645.0,青海,野牛沟,38.41666666666666,99.58333333333331,3180.0,1980,7,3,3.2,normal,7.8,14.2,3.0,0.66,0.36,682.8,683.8,680.3,5.6,,4.48318572740797,Rain
1980-07-04,52645.0,青海,野牛沟,38.41666666666666,99.58333333333331,3180.0,1980,7,4,0.5,normal,5.9,13.5,0.2,0.75,0.35,681.4,682.5,679.2,4.3,,3.6485101504069073,Rain
1980-07-05,52645.0,青海,野牛沟,38.41666666666666,99.58333333333331,3180.0,1980,7,5,0.2,normal,7.4,14.0,2.2,0.67,0.27,681.5,682.4,679.3,5.2,,4.227416909396324,Rain
1980-07-06,52645.0,青海,野牛沟,38.41666666666666,99.58333333333331,3180.0,1980,7,6,0.1,normal,7.3,16.4,-0.2,0.68,0.27,681.2,682.4,679.4,6.0,,4.238758497258153,Rain
1980-07-07,52645.0,青海,野牛沟,38.41666666666666,99.58333333333331,3180.0,1980,7,7,0.8,normal,9.1,13.9,5.7,0.75,0.55,681.3,681.9,679.8,3.3,,6.592651694169072,Rain
1980-07-08,52645.0,青海,野牛沟,38.41666666666666,99.58333333333331,3180.0,1980,7,8,2.5,normal,8.9,12.5,5.0,0.82,0.51,680.7,682.3,679.8,2.3,,7.128126506024173,Rain
1980-07-09,52645.0,青海,野牛沟,38.41666666666666,99.58333333333331,3180.0,1980,7,9,3.5,normal,10.0,15.0,5.8,0.72,0.36,681.4,682.2,680.1,4.2,,7.094638858834883,Rain
1980-07-10,52645.0,青海,野牛沟,38.41666666666666,99.58333333333331,3180.0,1980,7,10,10.6,normal,7.8,15.1,1.8,0.72,0.39,683.1,684.0,681.4,5.6,,5.097302387441771,Rain
1980-07-11,52645.0,青海,野牛沟,38.41666666666666,99.58333333333331,3180.0,1980,7,11,4.3,normal,6.8,10.0,4.5,0.83,0.56,684.7,685.4,683.3,2.7,,5.243732629638607,Rain
1980-07-12,52645.0,青海,野牛沟,38.41666666666666,99.58333333333331,3180.0,1980,7,12,1.0,normal,8.4,15.5,1.2,0.72,0.38,684.9,685.8,683.6,5.4,,5.6458372029319515,Rain
1980-07-13,52645.0,青海,野牛沟,38.41666666666666,99.58333333333331,3180.0,1980,7,13,3.5,normal,8.8,15.3,5.2,0.72,0.39,684.4,685.8,682.6,4.5,,6.008670353040393,Rain
1980-07-14,52645.0,青海,野牛沟,38.41666666666666,99.58333333333331,3180.0,1980,7,14,5.4,normal,7.4,14.8,0.6,0.68,0.24,684.1,685.7,682.4,5.8,,4.333869182137913,Rain
1980-07-15,52645.0,青海,野牛沟,38.41666666666666,99.58333333333331,3180.0,1980,7,15,0.0,无,8.9,17.7,-0.5,0.62,0.22,684.0,685.0,682.8,5.7,,,无
1980-07-16,52645.0,青海,野牛沟,38.41666666666666,99.58333333333331,3180.0,1980,7,16,0.0,无,9.2,19.2,0.5,0.62,0.19,683.9,685.1,681.8,6.1,,,无
1980-07-17,52645.0,青海,野牛沟,38.41666666666666,99.58333333333331,3180.0,1980,7,17,2.9,normal,7.5,13.7,5.9,0.79,0.37,685.5,686.4,683.2,3.5,,5.51987564375239,Rain
1980-07-18,52645.0,青海,野牛沟,38.41666666666666,99.58333333333331,3180.0,1980,7,18,0.0,无,8.6,16.9,0.5,0.67,0.31,686.1,687.4,684.5,5.7,,,无
1980-07-19,52645.0,青海,野牛沟,38.41666666666666,99.58333333333331,3180.0,1980,7,19,0.0,无,10.1,19.7,0.5,0.63,0.24,684.1,685.6,682.6,6.8,,,无
1980-07-20,52645.0,青海,野牛沟,38.41666666666666,99.58333333333331,3180.0,1980,7,20,0.0,无,12.1,22.1,1.5,0.63,0.19,684.0,685.7,682.3,7.1,,,无
1980-07-21,52645.0,青海,野牛沟,38.41666666666666,99.58333333333331,3180.0,1980,7,21,0.0,无,11.9,22.2,2.5,0.62,0.21,682.9,684.7,680.5,8.6,,,无
1980-07-22,52645.0,青海,野牛沟,38.41666666666666,99.58333333333331,3180.0,1980,7,22,0.0,无,13.3,20.9,7.6,0.6,0.36,681.2,682.2,679.4,9.0,,,无
1980-07-23,52645.0,青海,野牛沟,38.41666666666666,99.58333333333331,3180.0,1980,7,23,4.2,normal,9.2,14.5,6.2,0.81,0.57,684.3,685.0,680.9,3.9,,7.312462293652007,Rain
1980-07-24,52645.0,青海,野牛沟,38.41666666666666,99.58333333333331,3180.0,1980,7,24,0.0,无,9.0,19.2,-0.5,0.66,0.21,684.7,686.1,682.9,5.9,,,无
1980-07-25,52645.0,青海,野牛沟,38.41666666666666,99.58333333333331,3180.0,1980,7,25,0.3,normal,8.5,17.9,1.3,0.74,0.37,684.0,684.6,682.3,5.2,,5.9418697555588595,Rain
1980-07-26,52645.0,青海,野牛沟,38.41666666666666,99.58333333333331,3180.0,1980,7,26,9.9,normal,8.2,13.9,4.0,0.8,0.49,684.7,685.9,683.3,4.3,,6.272568007333974,Rain
1980-07-27,52645.0,青海,野牛沟,38.41666666666666,99.58333333333331,3180.0,1980,7,27,0.0,无,9.4,17.8,1.0,0.73,0.23,683.1,684.6,681.4,4.4,,,无
1980-07-28,52645.0,青海,野牛沟,38.41666666666666,99.58333333333331,3180.0,1980,7,28,0.0,无,11.4,20.2,4.0,0.59,0.16,681.6,682.8,679.5,6.4,,,无
1980-07-29,52645.0,青海,野牛沟,38.41666666666666,99.58333333333331,3180.0,1980,7,29,0.4,normal,12.1,19.8,3.7,0.57,0.19,682.9,684.0,680.4,7.9,,7.193848777824594,Rain
1980-07-30,52645.0,青海,野牛沟,38.41666666666666,99.58333333333331,3180.0,1980,7,30,0.0,无,11.2,23.0,1.3,0.6,0.16,681.7,683.0,679.1,7.3,,,无
1980-07-31,52645.0,青海,野牛沟,38.41666666666666,99.58333333333331,3180.0,1980,7,31,8.5,normal,10.3,18.9,6.4,0.78,0.42,681.0,683.1,678.8,4.3,,8.021949936471891,Rain
1980-08-01,52645.0,青海,野牛沟,38.41666666666666,99.58333333333331,3180.0,1980,8,1,10.0,normal,7.3,12.3,3.5,0.87,0.58,682.3,683.2,681.2,2.3,,6.096019415759124,Rain
1980-08-02,52645.0,青海,野牛沟,38.41666666666666,99.58333333333331,3180.0,1980,8,2,0.2,normal,7.6,17.4,0.2,0.71,0.32,684.8,685.7,683.6,5.3,,4.817766262260048,Rain
1980-08-03,52645.0,青海,野牛沟,38.41666666666666,99.58333333333331,3180.0,1980,8,3,0.0,无,9.6,19.3,0.5,0.65,0.25,684.9,686.7,682.6,6.8,,,无
1980-08-04,52645.0,青海,野牛沟,38.41666666666666,99.58333333333331,3180.0,1980,8,4,0.0,无,9.7,18.5,2.7,0.68,0.25,683.8,684.7,682.4,5.4,,,无
1980-08-05,52645.0,青海,野牛沟,38.41666666666666,99.58333333333331,3180.0,1980,8,5,10.7,normal,8.4,17.2,2.7,0.79,0.35,683.7,686.2,680.0,5.7,,6.3582706621044816,Rain
1980-08-06,52645.0,青海,野牛沟,38.41666666666666,99.58333333333331,3180.0,1980,8,6,12.6,normal,7.5,13.3,3.6,0.8,0.39,681.1,683.5,679.2,2.5,,5.612283705036885,Rain
1980-08-07,52645.0,青海,野牛沟,38.41666666666666,99.58333333333331,3180.0,1980,8,7,3.0,normal,6.1,14.0,-0.5,0.78,0.43,681.3,682.0,680.2,4.0,,4.113922219365889,Rain
1980-08-08,52645.0,青海,野牛沟,38.41666666666666,99.58333333333331,3180.0,1980,8,8,1.3,normal,5.9,13.8,0.3,0.8,0.59,683.0,684.2,680.5,3.3,,4.114564142835868,Rain
1980-08-09,52645.0,青海,野牛沟,38.41666666666666,99.58333333333331,3180.0,1980,8,9,1.6,normal,8.8,16.1,3.7,0.76,0.42,682.8,684.0,681.1,4.4,,6.42239561158354,Rain
1980-08-10,52645.0,青海,野牛沟,38.41666666666666,99.58333333333331,3180.0,1980,8,10,1.7,normal,8.4,15.2,2.0,0.74,0.33,683.6,684.4,682.2,4.8,,5.849614667090237,Rain
1980-08-11,52645.0,青海,野牛沟,38.41666666666666,99.58333333333331,3180.0,1980,8,11,3.5,normal,6.1,11.5,3.7,0.81,0.51,683.7,684.5,682.9,2.0,,4.395379766343672,Rain
1980-08-12,52645.0,青海,野牛沟,38.41666666666666,99.58333333333331,3180.0,1980,8,12,0.2,normal,6.6,12.5,3.0,0.77,0.45,685.0,685.5,683.8,4.4,,4.488931419444584,Rain
1980-08-13,52645.0,青海,野牛沟,38.41666666666666,99.58333333333331,3180.0,1980,8,13,0.0,无,6.5,15.3,-0.5,0.69,0.3,684.6,685.6,682.9,4.9,,,无
1980-08-14,52645.0,青海,野牛沟,38.41666666666666,99.58333333333331,3180.0,1980,8,14,0.0,无,6.1,13.5,-0.2,0.72,0.46,684.9,685.8,683.7,3.4,,,无
1980-08-15,52645.0,青海,野牛沟,38.41666666666666,99.58333333333331,3180.0,1980,8,15,0.0,无,6.5,15.6,-2.1,0.64,0.28,684.5,685.4,682.8,5.8,,,无
1980-08-16,52645.0,青海,野牛沟,38.41666666666666,99.58333333333331,3180.0,1980,8,16,0.0,无,7.4,16.7,-1.3,0.62,0.28,683.2,684.7,681.0,5.8,,,无
1980-08-17,52645.0,青海,野牛沟,38.41666666666666,99.58333333333331,3180.0,1980,8,17,8.7,normal,7.6,12.7,3.0,0.8,0.43,682.1,683.3,681.1,3.1,,5.707168613592599,Rain
1980-08-18,52645.0,青海,野牛沟,38.41666666666666,99.58333333333331,3180.0,1980,8,18,0.0,无,7.1,16.8,-1.1,0.71,0.29,683.3,684.6,682.1,4.6,,,无
1980-08-19,52645.0,青海,野牛沟,38.41666666666666,99.58333333333331,3180.0,1980,8,19,0.1,normal,8.7,15.3,3.3,0.79,0.47,683.7,684.4,682.6,3.6,,6.638460712483476,Rain
1980-08-20,52645.0,青海,野牛沟,38.41666666666666,99.58333333333331,3180.0,1980,8,20,0.0,无,9.0,17.9,2.2,0.75,0.4,684.8,687.3,683.8,4.8,,,无
1980-08-21,52645.0,青海,野牛沟,38.41666666666666,99.58333333333331,3180.0,1980,8,21,6.8,normal,8.2,15.0,4.7,0.82,0.61,685.0,685.8,682.7,3.2,,6.471604320208875,Rain
1980-08-22,52645.0,青海,野牛沟,38.41666666666666,99.58333333333331,3180.0,1980,8,22,5.5,normal,8.1,13.5,5.6,0.8,0.57,684.3,685.8,682.9,2.0,,6.178373707833722,Rain
1980-08-23,52645.0,青海,野牛沟,38.41666666666666,99.58333333333331,3180.0,1980,8,23,2.7,normal,7.5,14.9,2.5,0.73,0.32,684.0,685.8,681.3,5.2,,4.925889748757153,Rain
1980-08-24,52645.0,青海,野牛沟,38.41666666666666,99.58333333333331,3180.0,1980,8,24,0.0,无,7.3,16.4,-0.5,0.71,0.24,682.5,683.4,680.8,5.7,,,无
1980-08-25,52645.0,青海,野牛沟,38.41666666666666,99.58333333333331,3180.0,1980,8,25,3.5,normal,5.4,11.9,1.1,0.81,0.48,683.2,684.2,681.5,1.7,,3.736207872959594,Rain
1980-08-26,52645.0,青海,野牛沟,38.41666666666666,99.58333333333331,3180.0,1980,8,26,8.2,normal,5.6,12.5,3.6,0.84,0.42,682.6,683.8,680.7,3.1,,4.194816364950538,Rain
1980-08-27,52645.0,青海,野牛沟,38.41666666666666,99.58333333333331,3180.0,1980,8,27,2.4,normal,7.2,14.5,3.4,0.77,0.31,684.0,685.3,682.2,4.5,,5.043878918760707,Rain
1980-08-28,52645.0,青海,野牛沟,38.41666666666666,99.58333333333331,3180.0,1980,8,28,0.0,无,7.6,14.3,0.8,0.69,0.21,684.9,685.8,682.6,4.0,,,无
1980-08-29,52645.0,青海,野牛沟,38.41666666666666,99.58333333333331,3180.0,1980,8,29,0.0,无,6.2,15.2,-1.4,0.62,0.2,687.1,688.4,684.5,5.5,,,无
1980-08-30,52645.0,青海,野牛沟,38.41666666666666,99.58333333333331,3180.0,1980,8,30,0.0,无,4.5,15.6,-4.5,0.57,0.1,688.4,690.1,686.1,6.0,,,无
1980-08-31,52645.0,青海,野牛沟,38.41666666666666,99.58333333333331,3180.0,1980,8,31,0.0,无,6.0,18.2,-4.0,0.55,0.13,687.3,688.8,684.6,5.6,,,无
1980-09-01,52645.0,青海,野牛沟,38.41666666666666,99.58333333333331,3180.0,1980,9,1,0.0,无,6.9,17.5,-2.8,0.55,0.23,685.8,687.7,683.0,6.0,,,无
1980-09-02,52645.0,青海,野牛沟,38.41666666666666,99.58333333333331,3180.0,1980,9,2,0.0,无,6.4,12.4,2.0,0.64,0.32,683.5,684.8,681.5,3.6,,,无
1980-09-03,52645.0,青海,野牛沟,38.41666666666666,99.58333333333331,3180.0,1980,9,3,2.1,normal,3.8,8.4,3.0,0.82,0.53,685.1,686.7,682.6,2.0,,2.316970023269307,Snow
1980-09-04,52645.0,青海,野牛沟,38.41666666666666,99.58333333333331,3180.0,1980,9,4,1.7,normal,3.5,11.0,-0.5,0.82,0.49,686.5,687.3,685.0,2.7,,2.0349783890122497,Snow
1980-09-05,52645.0,青海,野牛沟,38.41666666666666,99.58333333333331,3180.0,1980,9,5,0.4,normal,5.9,13.0,3.0,0.77,0.33,685.7,686.7,683.6,4.1,,3.8407925657640396,Rain
1980-09-06,52645.0,青海,野牛沟,38.41666666666666,99.58333333333331,3180.0,1980,9,6,0.0,无,4.8,14.7,-3.0,0.73,0.34,685.0,686.8,682.6,4.0,,,无
1980-09-07,52645.0,青海,野牛沟,38.41666666666666,99.58333333333331,3180.0,1980,9,7,19.6,normal,5.7,10.6,2.6,0.87,0.49,684.6,686.0,682.6,2.0,,4.560926920032409,Rain
1980-09-08,52645.0,青海,野牛沟,38.41666666666666,99.58333333333331,3180.0,1980,9,8,1.8,normal,4.1,12.7,-1.3,0.78,0.27,685.1,687.3,682.7,3.6,,2.256851179380246,Rain
1980-09-09,52645.0,青海,野牛沟,38.41666666666666,99.58333333333331,3180.0,1980,9,9,0.0,无,4.7,15.3,-3.1,0.64,0.22,684.3,685.5,682.5,4.8,,,无
1980-09-10,52645.0,青海,野牛沟,38.41666666666666,99.58333333333331,3180.0,1980,9,10,0.0,无,5.5,15.2,-2.1,0.67,0.35,684.0,685.5,681.9,4.5,,,无
1980-09-11,52645.0,青海,野牛沟,38.41666666666666,99.58333333333331,3180.0,1980,9,11,0.0,无,7.9,17.5,-0.7,0.71,0.41,682.1,683.8,679.7,5.4,,,无
1980-09-12,52645.0,青海,野牛沟,38.41666666666666,99.58333333333331,3180.0,1980,9,12,1.7,normal,8.4,15.0,1.9,0.76,0.46,680.0,681.7,677.6,3.5,,6.049050629437498,Rain
1980-09-13,52645.0,青海,野牛沟,38.41666666666666,99.58333333333331,3180.0,1980,9,13,9.7,normal,3.9,9.2,3.3,0.89,0.68,679.9,681.8,677.9,0.9,,2.9958618961498695,Snow
1980-09-14,52645.0,青海,野牛沟,38.41666666666666,99.58333333333331,3180.0,1980,9,14,3.7,normal,0.9,5.2,-0.4,0.87,0.64,682.7,683.9,680.2,1.7,,-0.052403951916946134,Snow
1980-09-15,52645.0,青海,野牛沟,38.41666666666666,99.58333333333331,3180.0,1980,9,15,0.7,normal,0.6,7.6,-3.5,0.7,0.23,687.7,689.0,683.9,3.6,,-1.6046003992113844,Snow
1980-09-16,52645.0,青海,野牛沟,38.41666666666666,99.58333333333331,3180.0,1980,9,16,0.0,无,1.5,11.3,-5.6,0.7,0.26,688.2,689.9,685.8,4.1,,,无
1980-09-17,52645.0,青海,野牛沟,38.41666666666666,99.58333333333331,3180.0,1980,9,17,0.0,无,2.7,11.8,-4.2,0.63,0.34,685.2,686.8,681.9,3.6,,,无
1980-09-18,52645.0,青海,野牛沟,38.41666666666666,99.58333333333331,3180.0,1980,9,18,0.0,无,1.5,10.5,-3.7,0.68,0.32,685.1,685.9,683.5,4.8,,,无
1980-09-19,52645.0,青海,野牛沟,38.41666666666666,99.58333333333331,3180.0,1980,9,19,0.0,无,1.7,11.3,-6.7,0.64,0.22,684.4,686.9,682.0,3.5,,,无
1980-09-20,52645.0,青海,野牛沟,38.41666666666666,99.58333333333331,3180.0,1980,9,20,0.0,无,2.8,11.6,-4.3,0.62,0.36,685.3,686.6,682.4,4.4,,,无
1980-09-21,52645.0,青海,野牛沟,38.41666666666666,99.58333333333331,3180.0,1980,9,21,0.0,无,3.5,11.6,-3.6,0.57,0.24,687.1,688.5,685.2,3.8,,,无
1980-09-22,52645.0,青海,野牛沟,38.41666666666666,99.58333333333331,3180.0,1980,9,22,0.0,无,1.6,10.8,-6.2,0.64,0.15,687.1,688.3,684.7,3.3,,,无
1980-09-23,52645.0,青海,野牛沟,38.41666666666666,99.58333333333331,3180.0,1980,9,23,0.0,无,2.1,12.2,-6.3,0.59,0.17,687.6,689.2,685.4,5.0,,,无
1980-09-24,52645.0,青海,野牛沟,38.41666666666666,99.58333333333331,3180.0,1980,9,24,0.0,无,1.6,12.6,-7.0,0.52,0.13,687.9,689.6,686.3,4.4,,,无
1980-09-25,52645.0,青海,野牛沟,38.41666666666666,99.58333333333331,3180.0,1980,9,25,0.0,无,1.5,14.3,-7.3,0.6,0.09,687.1,688.9,684.5,4.6,,,无
1980-09-26,52645.0,青海,野牛沟,38.41666666666666,99.58333333333331,3180.0,1980,9,26,0.0,无,2.3,13.2,-6.4,0.57,0.19,686.0,687.2,683.8,4.1,,,无
1980-09-27,52645.0,青海,野牛沟,38.41666666666666,99.58333333333331,3180.0,1980,9,27,0.0,无,2.6,10.7,-3.8,0.54,0.19,687.2,688.5,685.7,5.0,,,无
1980-09-28,52645.0,青海,野牛沟,38.41666666666666,99.58333333333331,3180.0,1980,9,28,0.7,normal,1.5,8.3,-1.3,0.74,0.29,687.0,687.8,685.4,2.6,,-0.4754144122644144,Snow
1980-09-29,52645.0,青海,野牛沟,38.41666666666666,99.58333333333331,3180.0,1980,9,29,3.0,normal,-0.6,7.6,-6.2,0.73,0.38,686.4,687.4,684.2,3.0,,-2.4802350909749515,Snow
1980-09-30,52645.0,青海,野牛沟,38.41666666666666,99.58333333333331,3180.0,1980,9,30,0.0,无,0.1,10.8,-9.5,0.59,0.16,684.8,686.8,682.3,2.2,,,无
1980-10-01,52645.0,青海,野牛沟,38.41666666666666,99.58333333333331,3180.0,1980,10,1,0.0,无,1.0,10.9,-7.3,0.58,0.29,683.5,684.3,681.5,3.1,,,无
1980-10-02,52645.0,青海,野牛沟,38.41666666666666,99.58333333333331,3180.0,1980,10,2,0.5,normal,-0.1,7.1,-4.5,0.78,0.48,684.6,686.5,682.9,2.2,,-1.6593910171446558,Snow
1980-10-03,52645.0,青海,野牛沟,38.41666666666666,99.58333333333331,3180.0,1980,10,3,0.0,无,0.2,8.7,-5.4,0.75,0.38,686.7,687.5,684.2,2.8,,,无
1980-10-04,52645.0,青海,野牛沟,38.41666666666666,99.58333333333331,3180.0,1980,10,4,0.0,无,0.5,9.2,-4.8,0.69,0.18,687.6,689.5,684.5,2.5,,,无
1980-10-05,52645.0,青海,野牛沟,38.41666666666666,99.58333333333331,3180.0,1980,10,5,0.0,无,-0.6,10.7,-9.0,0.56,0.15,685.9,687.3,684.7,3.6,,,无
1980-10-06,52645.0,青海,野牛沟,38.41666666666666,99.58333333333331,3180.0,1980,10,6,0.0,无,-0.3,11.8,-9.4,0.51,0.15,685.2,686.5,683.3,3.7,,,无
1980-10-07,52645.0,青海,野牛沟,38.41666666666666,99.58333333333331,3180.0,1980,10,7,0.0,无,0.7,11.7,-9.3,0.49,0.12,685.9,688.4,682.7,3.5,,,无
1980-10-08,52645.0,青海,野牛沟,38.41666666666666,99.58333333333331,3180.0,1980,10,8,0.0,无,3.2,13.7,-7.5,0.43,0.1,682.2,683.7,679.9,4.4,,,无
1980-10-09,52645.0,青海,野牛沟,38.41666666666666,99.58333333333331,3180.0,1980,10,9,0.0,无,-0.5,9.0,-6.8,0.61,0.25,682.2,684.1,680.7,3.3,,,无
1980-10-10,52645.0,青海,野牛沟,38.41666666666666,99.58333333333331,3180.0,1980,10,10,0.0,无,0.8,11.5,-7.3,0.54,0.14,682.1,683.7,679.9,4.1,,,无
1980-10-11,52645.0,青海,野牛沟,38.41666666666666,99.58333333333331,3180.0,1980,10,11,0.0,无,-0.9,9.4,-7.8,0.61,0.25,682.6,683.3,680.8,2.9,,,无
1980-10-12,52645.0,青海,野牛沟,38.41666666666666,99.58333333333331,3180.0,1980,10,12,0.0,无,0.6,11.5,-6.4,0.59,0.06,684.2,685.3,682.2,3.6,,,无
1980-10-13,52645.0,青海,野牛沟,38.41666666666666,99.58333333333331,3180.0,1980,10,13,0.0,无,-1.6,10.5,-11.8,0.47,0.08,686.4,689.0,684.2,4.9,,,无
1980-10-14,52645.0,青海,野牛沟,38.41666666666666,99.58333333333331,3180.0,1980,10,14,0.0,无,-2.0,7.5,-7.7,0.53,0.26,684.4,685.3,682.9,2.1,,,无
1980-10-15,52645.0,青海,野牛沟,38.41666666666666,99.58333333333331,3180.0,1980,10,15,0.0,无,-3.0,8.8,-11.8,0.54,0.18,684.0,686.1,680.8,3.8,,,无
1980-10-16,52645.0,青海,野牛沟,38.41666666666666,99.58333333333331,3180.0,1980,10,16,0.0,无,-3.3,6.2,-10.4,0.54,0.18,683.5,684.3,682.0,3.8,,,无
1980-10-17,52645.0,青海,野牛沟,38.41666666666666,99.58333333333331,3180.0,1980,10,17,0.0,无,-3.9,7.0,-13.0,0.51,0.06,685.2,686.1,683.2,4.6,,,无
1980-10-18,52645.0,青海,野牛沟,38.41666666666666,99.58333333333331,3180.0,1980,10,18,0.0,无,-4.5,8.3,-14.4,0.47,0.09,685.0,686.6,682.6,2.4,,,无
1980-10-19,52645.0,青海,野牛沟,38.41666666666666,99.58333333333331,3180.0,1980,10,19,0.0,无,-3.8,9.9,-13.0,0.48,0.1,684.9,686.8,682.8,3.0,,,无
1980-10-20,52645.0,青海,野牛沟,38.41666666666666,99.58333333333331,3180.0,1980,10,20,0.0,无,-2.4,7.0,-7.6,0.49,0.28,685.1,685.7,684.1,2.1,,,无
1980-10-21,52645.0,青海,野牛沟,38.41666666666666,99.58333333333331,3180.0,1980,10,21,0.0,无,-3.4,7.0,-10.4,0.63,0.21,684.8,686.5,682.5,2.9,,,无
1980-10-22,52645.0,青海,野牛沟,38.41666666666666,99.58333333333331,3180.0,1980,10,22,0.0,无,-5.0,7.2,-14.2,0.63,0.19,681.6,685.0,677.7,3.1,,,无
1980-10-23,52645.0,青海,野牛沟,38.41666666666666,99.58333333333331,3180.0,1980,10,23,0.0,无,-6.1,1.4,-11.7,0.61,0.23,678.9,680.4,677.3,3.8,,,无
1980-10-24,52645.0,青海,野牛沟,38.41666666666666,99.58333333333331,3180.0,1980,10,24,0.0,无,-6.5,3.8,-15.1,0.48,0.12,682.7,685.1,679.2,2.8,,,无
1980-10-25,52645.0,青海,野牛沟,38.41666666666666,99.58333333333331,3180.0,1980,10,25,0.0,无,-7.2,5.2,-17.5,0.46,0.1,685.7,688.5,681.2,2.5,,,无
1980-10-26,52645.0,青海,野牛沟,38.41666666666666,99.58333333333331,3180.0,1980,10,26,0.0,无,-6.7,5.7,-16.4,0.47,0.12,684.5,686.2,682.5,2.8,,,无
1980-10-27,52645.0,青海,野牛沟,38.41666666666666,99.58333333333331,3180.0,1980,10,27,0.0,无,-7.0,5.5,-15.9,0.51,0.15,685.0,686.4,682.8,2.8,,,无
1980-10-28,52645.0,青海,野牛沟,38.41666666666666,99.58333333333331,3180.0,1980,10,28,0.0,无,-6.9,5.7,-16.9,0.48,0.11,684.5,686.4,681.5,2.3,,,无
1980-10-29,52645.0,青海,野牛沟,38.41666666666666,99.58333333333331,3180.0,1980,10,29,0.0,无,-8.7,3.7,-17.2,0.53,0.27,683.0,684.5,681.0,1.8,,,无
1980-10-30,52645.0,青海,野牛沟,38.41666666666666,99.58333333333331,3180.0,1980,10,30,0.0,无,-4.7,5.8,-10.5,0.63,0.15,683.0,685.0,680.2,2.0,,,无
1980-10-31,52645.0,青海,野牛沟,38.41666666666666,99.58333333333331,3180.0,1980,10,31,0.0,无,-7.9,4.0,-16.7,0.42,0.14,685.2,687.0,681.9,3.4,,,无
1980-11-01,52645.0,青海,野牛沟,38.41666666666666,99.58333333333331,3180.0,1980,11,1,0.0,无,-8.5,5.7,-18.8,0.35,0.12,687.9,690.1,685.9,1.9,,,无
1980-11-02,52645.0,青海,野牛沟,38.41666666666666,99.58333333333331,3180.0,1980,11,2,0.0,无,-6.8,6.5,-17.1,0.41,0.15,683.8,686.1,680.1,3.0,,,无
1980-11-03,52645.0,青海,野牛沟,38.41666666666666,99.58333333333331,3180.0,1980,11,3,0.0,无,-8.5,5.3,-17.5,0.41,0.14,683.8,686.2,680.2,2.4,,,无
1980-11-04,52645.0,青海,野牛沟,38.41666666666666,99.58333333333331,3180.0,1980,11,4,0.0,无,-7.8,5.5,-17.0,0.42,0.13,682.1,684.7,679.5,2.7,,,无
1980-11-05,52645.0,青海,野牛沟,38.41666666666666,99.58333333333331,3180.0,1980,11,5,0.0,无,-7.8,3.0,-16.1,0.47,0.19,680.1,681.5,677.5,2.0,,,无
1980-11-06,52645.0,青海,野牛沟,38.41666666666666,99.58333333333331,3180.0,1980,11,6,0.0,无,-8.9,3.7,-18.4,0.57,0.26,681.3,683.2,679.5,1.7,,,无
1980-11-07,52645.0,青海,野牛沟,38.41666666666666,99.58333333333331,3180.0,1980,11,7,0.0,无,-6.9,3.2,-14.9,0.53,0.19,683.5,684.6,681.1,2.3,,,无
1980-11-08,52645.0,青海,野牛沟,38.41666666666666,99.58333333333331,3180.0,1980,11,8,0.5,normal,-5.6,2.1,-10.2,0.78,0.23,685.5,687.0,683.4,1.7,,-6.807715632750377,Snow
1980-11-09,52645.0,青海,野牛沟,38.41666666666666,99.58333333333331,3180.0,1980,11,9,0.0,无,-8.3,5.7,-18.6,0.4,0.12,684.2,686.8,681.5,1.9,,,无
1980-11-10,52645.0,青海,野牛沟,38.41666666666666,99.58333333333331,3180.0,1980,11,10,0.0,无,-7.7,7.0,-17.8,0.37,0.18,683.3,684.8,680.8,2.4,,,无
1980-11-11,52645.0,青海,野牛沟,38.41666666666666,99.58333333333331,3180.0,1980,11,11,0.0,无,-7.0,5.0,-16.1,0.29,0.09,684.6,686.3,682.4,3.9,,,无
1980-11-12,52645.0,青海,野牛沟,38.41666666666666,99.58333333333331,3180.0,1980,11,12,0.0,无,-6.6,5.5,-16.4,0.4,0.25,687.5,690.7,684.6,3.3,,,无
1980-11-13,52645.0,青海,野牛沟,38.41666666666666,99.58333333333331,3180.0,1980,11,13,0.0,无,-7.3,6.0,-16.9,0.42,0.13,683.7,685.4,679.9,2.3,,,无
1980-11-14,52645.0,青海,野牛沟,38.41666666666666,99.58333333333331,3180.0,1980,11,14,0.0,无,-7.1,3.4,-17.7,0.46,0.2,682.6,684.7,680.3,1.3,,,无
1980-11-15,52645.0,青海,野牛沟,38.41666666666666,99.58333333333331,3180.0,1980,11,15,0.0,无,-8.1,4.4,-16.4,0.42,0.13,683.0,683.8,681.4,2.5,,,无
1980-11-16,52645.0,青海,野牛沟,38.41666666666666,99.58333333333331,3180.0,1980,11,16,0.0,无,-8.3,4.7,-16.1,0.41,0.25,683.5,684.8,682.0,2.4,,,无
1980-11-17,52645.0,青海,野牛沟,38.41666666666666,99.58333333333331,3180.0,1980,11,17,0.0,无,-9.3,4.0,-18.5,0.57,0.21,685.1,687.0,683.5,1.3,,,无
1980-11-18,52645.0,青海,野牛沟,38.41666666666666,99.58333333333331,3180.0,1980,11,18,0.0,无,-7.8,4.0,-18.5,0.38,0.11,683.5,685.0,681.0,1.7,,,无
1980-11-19,52645.0,青海,野牛沟,38.41666666666666,99.58333333333331,3180.0,1980,11,19,0.0,无,-8.4,4.5,-18.5,0.5,0.24,682.2,683.9,680.1,2.0,,,无
1980-11-20,52645.0,青海,野牛沟,38.41666666666666,99.58333333333331,3180.0,1980,11,20,0.0,无,-9.8,3.8,-20.0,0.47,0.25,682.3,684.1,679.8,1.7,,,无
1980-11-21,52645.0,青海,野牛沟,38.41666666666666,99.58333333333331,3180.0,1980,11,21,0.0,无,-7.3,5.0,-18.5,0.4,0.11,680.7,682.9,677.6,2.5,,,无
1980-11-22,52645.0,青海,野牛沟,38.41666666666666,99.58333333333331,3180.0,1980,11,22,0.0,无,-11.1,0.4,-20.0,0.53,0.2,679.9,681.0,677.2,2.5,,,无
1980-11-23,52645.0,青海,野牛沟,38.41666666666666,99.58333333333331,3180.0,1980,11,23,0.0,无,-12.9,-1.7,-21.8,0.47,0.28,681.9,683.8,680.8,1.4,,,无
1980-11-24,52645.0,青海,野牛沟,38.41666666666666,99.58333333333331,3180.0,1980,11,24,0.0,无,-11.5,2.7,-21.9,0.45,0.12,680.2,682.7,677.4,1.5,,,无
1980-11-25,52645.0,青海,野牛沟,38.41666666666666,99.58333333333331,3180.0,1980,11,25,0.0,无,-12.5,0.7,-21.5,0.42,0.15,677.3,679.3,675.9,2.0,,,无
1980-11-26,52645.0,青海,野牛沟,38.41666666666666,99.58333333333331,3180.0,1980,11,26,0.0,无,-13.3,1.3,-22.0,0.4,0.15,677.1,679.1,674.9,1.7,,,无
1980-11-27,52645.0,青海,野牛沟,38.41666666666666,99.58333333333331,3180.0,1980,11,27,0.0,无,-10.9,2.7,-19.9,0.36,0.14,680.0,682.3,677.0,1.5,,,无
1980-11-28,52645.0,青海,野牛沟,38.41666666666666,99.58333333333331,3180.0,1980,11,28,0.0,无,-7.8,2.7,-16.9,0.46,0.19,682.0,683.7,680.4,1.7,,,无
1980-11-29,52645.0,青海,野牛沟,38.41666666666666,99.58333333333331,3180.0,1980,11,29,0.0,无,-12.7,0.5,-22.1,0.5,0.15,683.7,685.7,681.0,1.1,,,无
1980-11-30,52645.0,青海,野牛沟,38.41666666666666,99.58333333333331,3180.0,1980,11,30,0.0,无,-12.1,1.4,-22.5,0.41,0.15,679.1,682.6,674.4,2.0,,,无
1980-12-01,52645.0,青海,野牛沟,38.41666666666666,99.58333333333331,3180.0,1980,12,1,0.2,normal,-9.1,-4.2,-13.0,0.47,0.2,678.3,680.5,674.7,3.0,,-11.57548532577524,Snow
1980-12-02,52645.0,青海,野牛沟,38.41666666666666,99.58333333333331,3180.0,1980,12,2,0.0,无,-12.9,0.2,-22.1,0.4,0.14,679.3,680.9,677.5,2.5,,,无
1980-12-03,52645.0,青海,野牛沟,38.41666666666666,99.58333333333331,3180.0,1980,12,3,0.0,无,-13.1,0.3,-24.7,0.36,0.13,681.0,682.3,678.2,1.5,,,无
1980-12-04,52645.0,青海,野牛沟,38.41666666666666,99.58333333333331,3180.0,1980,12,4,0.0,无,-12.1,0.4,-22.2,0.38,0.19,680.3,682.0,677.8,1.6,,,无
1980-12-05,52645.0,青海,野牛沟,38.41666666666666,99.58333333333331,3180.0,1980,12,5,0.0,无,-13.5,0.0,-23.1,0.41,0.19,679.2,680.8,675.8,1.4,,,无
1980-12-06,52645.0,青海,野牛沟,38.41666666666666,99.58333333333331,3180.0,1980,12,6,0.0,无,-14.8,-0.1,-24.3,0.42,0.16,679.5,681.1,676.8,1.9,,,无
1980-12-07,52645.0,青海,野牛沟,38.41666666666666,99.58333333333331,3180.0,1980,12,7,0.0,无,-14.5,-0.1,-23.0,0.39,0.19,679.5,680.9,676.0,1.7,,,无
1980-12-08,52645.0,青海,野牛沟,38.41666666666666,99.58333333333331,3180.0,1980,12,8,0.0,无,-16.1,-5.9,-23.9,0.53,0.27,683.8,685.3,680.0,0.9,,,无
1980-12-09,52645.0,青海,野牛沟,38.41666666666666,99.58333333333331,3180.0,1980,12,9,0.0,无,-18.1,-5.1,-27.2,0.49,0.2,683.6,687.1,680.3,1.2,,,无
1980-12-10,52645.0,青海,野牛沟,38.41666666666666,99.58333333333331,3180.0,1980,12,10,0.0,无,-13.0,-2.0,-20.9,0.39,0.26,677.6,680.8,674.1,1.7,,,无
1980-12-11,52645.0,青海,野牛沟,38.41666666666666,99.58333333333331,3180.0,1980,12,11,0.0,无,-16.9,-2.9,-25.0,0.38,0.17,684.4,686.6,679.8,1.2,,,无
1980-12-12,52645.0,青海,野牛沟,38.41666666666666,99.58333333333331,3180.0,1980,12,12,0.0,无,-16.1,-0.2,-26.3,0.38,0.23,680.1,684.6,676.5,2.0,,,无
1980-12-13,52645.0,青海,野牛沟,38.41666666666666,99.58333333333331,3180.0,1980,12,13,0.0,无,-15.2,-1.6,-24.1,0.46,0.28,680.0,682.8,677.4,1.1,,,无
1980-12-14,52645.0,青海,野牛沟,38.41666666666666,99.58333333333331,3180.0,1980,12,14,0.0,无,-11.4,-0.5,-18.9,0.43,0.25,677.3,679.5,674.6,1.5,,,无
1980-12-15,52645.0,青海,野牛沟,38.41666666666666,99.58333333333331,3180.0,1980,12,15,0.0,无,-14.1,0.1,-23.3,0.55,0.24,681.7,684.2,678.3,1.0,,,无
1980-12-16,52645.0,青海,野牛沟,38.41666666666666,99.58333333333331,3180.0,1980,12,16,0.0,无,-16.9,-1.8,-26.2,0.44,0.23,678.5,681.0,675.9,1.0,,,无
1980-12-17,52645.0,青海,野牛沟,38.41666666666666,99.58333333333331,3180.0,1980,12,17,0.1,normal,-16.3,-6.4,-25.3,0.63,0.31,680.9,683.1,678.1,0.6,,-17.39883094602971,Snow
1980-12-18,52645.0,青海,野牛沟,38.41666666666666,99.58333333333331,3180.0,1980,12,18,0.1,normal,-16.5,-7.0,-24.8,0.76,0.4,680.8,683.1,679.2,0.1,,-17.20117934449369,Snow
1980-12-19,52645.0,青海,野牛沟,38.41666666666666,99.58333333333331,3180.0,1980,12,19,0.0,无,-19.1,-10.3,-28.0,0.62,0.4,680.1,682.1,678.5,0.1,,,无
1980-12-20,52645.0,青海,野牛沟,38.41666666666666,99.58333333333331,3180.0,1980,12,20,0.7,normal,-20.1,-8.7,-27.9,0.69,0.33,679.2,681.0,676.7,0.2,,-20.807244741581677,Snow
1980-12-21,52645.0,青海,野牛沟,38.41666666666666,99.58333333333331,3180.0,1980,12,21,0.0,无,-19.3,-10.0,-27.4,0.49,0.31,679.1,681.9,677.5,0.6,,,无
1980-12-22,52645.0,青海,野牛沟,38.41666666666666,99.58333333333331,3180.0,1980,12,22,0.0,无,-18.9,-4.7,-28.4,0.5,0.22,680.7,682.7,678.4,0.7,,,无
1980-12-23,52645.0,青海,野牛沟,38.41666666666666,99.58333333333331,3180.0,1980,12,23,0.0,无,-17.1,-1.5,-25.3,0.42,0.25,675.7,681.2,672.7,1.8,,,无
1980-12-24,52645.0,青海,野牛沟,38.41666666666666,99.58333333333331,3180.0,1980,12,24,0.0,无,-13.1,-3.1,-19.6,0.44,0.22,672.9,673.8,671.9,1.3,,,无
1980-12-25,52645.0,青海,野牛沟,38.41666666666666,99.58333333333331,3180.0,1980,12,25,0.0,无,-15.6,-5.8,-24.5,0.44,0.14,675.9,678.5,673.6,1.7,,,无
1980-12-26,52645.0,青海,野牛沟,38.41666666666666,99.58333333333331,3180.0,1980,12,26,0.0,无,-19.0,-3.6,-28.3,0.39,0.2,678.7,680.0,676.7,1.0,,,无
1980-12-27,52645.0,青海,野牛沟,38.41666666666666,99.58333333333331,3180.0,1980,12,27,0.0,无,-18.1,-4.7,-27.4,0.43,0.11,680.1,681.5,677.3,1.0,,,无
1980-12-28,52645.0,青海,野牛沟,38.41666666666666,99.58333333333331,3180.0,1980,12,28,0.0,无,-17.2,-1.3,-26.8,0.39,0.2,680.0,683.3,677.3,1.4,,,无
1980-12-29,52645.0,青海,野牛沟,38.41666666666666,99.58333333333331,3180.0,1980,12,29,0.0,无,-17.7,-6.0,-26.9,0.41,0.23,681.3,683.8,678.3,1.2,,,无
1980-12-30,52645.0,青海,野牛沟,38.41666666666666,99.58333333333331,3180.0,1980,12,30,0.0,无,-18.1,-3.0,-27.8,0.36,0.17,680.5,682.5,678.0,1.2,,,无
1980-12-31,52645.0,青海,野牛沟,38.41666666666666,99.58333333333331,3180.0,1980,12,31,0.0,无,-15.7,-2.1,-25.3,0.4,0.19,679.9,681.4,677.6,1.4,,,无
1981-01-01,52645.0,青海,野牛沟,38.41666666666666,99.58333333333331,3180.0,1981,1,1,0.0,无,-17.0,-3.5,-25.8,0.42,0.22,679.8,680.5,677.8,1.0,,,无
1981-01-02,52645.0,青海,野牛沟,38.41666666666666,99.58333333333331,3180.0,1981,1,2,0.0,无,-16.1,-4.4,-26.2,0.46,0.24,678.7,682.1,676.3,0.8,,,无
1981-01-03,52645.0,青海,野牛沟,38.41666666666666,99.58333333333331,3180.0,1981,1,3,0.0,无,-16.8,-3.3,-25.1,0.61,0.25,676.8,679.0,674.3,1.2,,,无
1981-01-04,52645.0,青海,野牛沟,38.41666666666666,99.58333333333331,3180.0,1981,1,4,0.0,无,-17.6,-4.5,-27.3,0.48,0.25,674.1,675.7,671.3,0.9,,,无
1981-01-05,52645.0,青海,野牛沟,38.41666666666666,99.58333333333331,3180.0,1981,1,5,0.0,无,-16.5,-1.8,-26.0,0.42,0.21,673.6,675.3,670.7,1.0,,,无
1981-01-06,52645.0,青海,野牛沟,38.41666666666666,99.58333333333331,3180.0,1981,1,6,0.0,无,-14.5,-2.2,-25.1,0.46,0.25,673.8,676.6,671.7,1.3,,,无
1981-01-07,52645.0,青海,野牛沟,38.41666666666666,99.58333333333331,3180.0,1981,1,7,0.0,无,-14.2,-5.6,-22.2,0.49,0.28,675.2,676.3,674.2,1.7,,,无
1981-01-08,52645.0,青海,野牛沟,38.41666666666666,99.58333333333331,3180.0,1981,1,8,0.5,normal,-15.0,-8.8,-23.4,0.82,0.52,677.0,678.0,675.5,0.8,,-15.581675220386423,Snow
1981-01-09,52645.0,青海,野牛沟,38.41666666666666,99.58333333333331,3180.0,1981,1,9,0.1,normal,-17.8,-8.6,-25.0,0.74,0.47,680.7,683.7,678.0,0.0,,-18.495937180517743,Snow
1981-01-10,52645.0,青海,野牛沟,38.41666666666666,99.58333333333331,3180.0,1981,1,10,0.0,无,-17.8,-8.0,-27.4,0.6,0.23,683.7,685.5,682.6,0.8,,,无
1981-01-11,52645.0,青海,野牛沟,38.41666666666666,99.58333333333331,3180.0,1981,1,11,0.0,无,-19.1,-6.6,-28.5,0.59,0.24,682.3,686.6,679.4,1.0,,,无
1981-01-12,52645.0,青海,野牛沟,38.41666666666666,99.58333333333331,3180.0,1981,1,12,0.0,无,-19.1,-5.0,-29.1,0.48,0.15,682.3,684.3,679.9,1.5,,,无
1981-01-13,52645.0,青海,野牛沟,38.41666666666666,99.58333333333331,3180.0,1981,1,13,0.0,无,-18.8,-3.8,-29.4,0.43,0.13,682.5,683.7,680.2,1.4,,,无
1981-01-14,52645.0,青海,野牛沟,38.41666666666666,99.58333333333331,3180.0,1981,1,14,0.0,无,-15.5,1.1,-25.6,0.36,0.06,681.4,682.3,679.8,1.4,,,无
1981-01-15,52645.0,青海,野牛沟,38.41666666666666,99.58333333333331,3180.0,1981,1,15,0.0,无,-13.8,2.0,-23.9,0.33,0.14,682.4,684.5,680.7,1.3,,,无
1981-01-16,52645.0,青海,野牛沟,38.41666666666666,99.58333333333331,3180.0,1981,1,16,0.0,无,-13.1,3.4,-24.1,0.35,0.17,682.2,684.3,679.3,1.5,,,无
1981-01-17,52645.0,青海,野牛沟,38.41666666666666,99.58333333333331,3180.0,1981,1,17,0.0,无,-11.8,4.7,-22.9,0.35,0.1,678.5,681.4,674.1,1.6,,,无
1981-01-18,52645.0,青海,野牛沟,38.41666666666666,99.58333333333331,3180.0,1981,1,18,0.0,无,-12.3,-1.0,-20.4,0.36,0.16,675.5,677.0,673.6,2.0,,,无
1981-01-19,52645.0,青海,野牛沟,38.41666666666666,99.58333333333331,3180.0,1981,1,19,0.0,无,-13.1,-0.2,-23.0,0.41,0.26,674.7,676.4,671.6,1.5,,,无
1981-01-20,52645.0,青海,野牛沟,38.41666666666666,99.58333333333331,3180.0,1981,1,20,0.0,无,-13.1,-2.4,-24.3,0.52,0.16,674.6,676.2,672.8,1.3,,,无
1981-01-21,52645.0,青海,野牛沟,38.41666666666666,99.58333333333331,3180.0,1981,1,21,0.0,无,-9.2,1.8,-22.4,0.49,0.17,671.8,673.9,669.5,1.9,,,无
1981-01-22,52645.0,青海,野牛沟,38.41666666666666,99.58333333333331,3180.0,1981,1,22,0.0,无,-10.3,-4.0,-14.6,0.55,0.35,670.5,671.6,669.3,1.7,,,无
1981-01-23,52645.0,青海,野牛沟,38.41666666666666,99.58333333333331,3180.0,1981,1,23,0.8,normal,-16.8,-10.6,-19.5,0.9,0.66,670.9,671.6,668.8,0.2,,-17.088639451111924,Snow
1981-01-24,52645.0,青海,野牛沟,38.41666666666666,99.58333333333331,3180.0,1981,1,24,0.0,无,-23.2,-12.0,-32.0,0.79,0.47,673.7,676.4,671.5,0.8,,,无
1981-01-25,52645.0,青海,野牛沟,38.41666666666666,99.58333333333331,3180.0,1981,1,25,0.0,无,-22.1,-15.4,-26.7,0.85,0.65,674.9,676.4,673.5,0.4,,,无
1981-01-26,52645.0,青海,野牛沟,38.41666666666666,99.58333333333331,3180.0,1981,1,26,0.0,无,-21.4,-9.4,-28.5,0.83,0.6,675.4,676.4,673.1,0.4,,,无
1981-01-27,52645.0,青海,野牛沟,38.41666666666666,99.58333333333331,3180.0,1981,1,27,0.0,无,-18.9,-7.0,-28.3,0.71,0.35,675.4,676.7,673.4,0.6,,,无
1981-01-28,52645.0,青海,野牛沟,38.41666666666666,99.58333333333331,3180.0,1981,1,28,0.0,无,-19.5,-7.8,-28.6,0.61,0.37,674.5,677.2,670.8,0.5,,,无
1981-01-29,52645.0,青海,野牛沟,38.41666666666666,99.58333333333331,3180.0,1981,1,29,0.2,normal,-16.0,-7.5,-25.4,0.82,0.44,675.1,676.7,672.2,0.4,,-16.546271194333826,Snow
1981-01-30,52645.0,青海,野牛沟,38.41666666666666,99.58333333333331,3180.0,1981,1,30,0.0,无,-18.4,-6.5,-26.1,0.67,0.35,675.8,678.2,674.4,0.7,,,无
1981-01-31,52645.0,青海,野牛沟,38.41666666666666,99.58333333333331,3180.0,1981,1,31,0.0,无,-20.3,-7.1,-29.8,0.58,0.23,676.9,679.1,675.2,1.0,,,无
1981-02-01,52645.0,青海,野牛沟,38.41666666666666,99.58333333333331,3180.0,1981,2,1,0.0,无,-19.8,-8.5,-28.8,0.59,0.38,676.9,679.1,674.7,0.7,,,无
1981-02-02,52645.0,青海,野牛沟,38.41666666666666,99.58333333333331,3180.0,1981,2,2,0.0,无,-16.4,-6.6,-26.9,0.59,0.33,674.9,675.9,673.9,0.6,,,无
1981-02-03,52645.0,青海,野牛沟,38.41666666666666,99.58333333333331,3180.0,1981,2,3,0.0,无,-15.9,-1.0,-26.8,0.49,0.07,674.3,674.5,673.4,1.5,,,无
1981-02-04,52645.0,青海,野牛沟,38.41666666666666,99.58333333333331,3180.0,1981,2,4,0.0,无,-14.4,-0.5,-25.8,0.47,0.21,674.3,675.0,672.0,1.3,,,无
1981-02-05,52645.0,青海,野牛沟,38.41666666666666,99.58333333333331,3180.0,1981,2,5,0.0,无,-11.2,-0.7,-21.9,0.53,0.09,680.0,682.9,675.0,2.1,,,无
1981-02-06,52645.0,青海,野牛沟,38.41666666666666,99.58333333333331,3180.0,1981,2,6,0.0,无,-15.2,-0.5,-26.4,0.43,0.18,682.8,685.6,678.5,1.4,,,无
1981-02-07,52645.0,青海,野牛沟,38.41666666666666,99.58333333333331,3180.0,1981,2,7,0.0,无,-14.0,-1.1,-23.3,0.41,0.18,678.4,680.3,676.6,2.2,,,无
1981-02-08,52645.0,青海,野牛沟,38.41666666666666,99.58333333333331,3180.0,1981,2,8,0.0,无,-14.9,-1.5,-25.4,0.39,0.14,678.2,680.5,676.1,1.7,,,无
1981-02-09,52645.0,青海,野牛沟,38.41666666666666,99.58333333333331,3180.0,1981,2,9,0.0,无,-15.8,-2.7,-26.8,0.36,0.17,678.2,678.8,676.7,1.7,,,无
1981-02-10,52645.0,青海,野牛沟,38.41666666666666,99.58333333333331,3180.0,1981,2,10,0.0,无,-17.1,-1.6,-27.8,0.42,0.18,677.4,680.4,673.0,1.3,,,无
1981-02-11,52645.0,青海,野牛沟,38.41666666666666,99.58333333333331,3180.0,1981,2,11,0.0,无,-10.5,1.3,-22.6,0.29,0.12,670.7,673.2,668.8,2.5,,,无
1981-02-12,52645.0,青海,野牛沟,38.41666666666666,99.58333333333331,3180.0,1981,2,12,0.0,无,-13.0,-0.5,-22.4,0.38,0.19,669.9,670.9,668.4,2.5,,,无
1981-02-13,52645.0,青海,野牛沟,38.41666666666666,99.58333333333331,3180.0,1981,2,13,0.0,无,-11.8,1.4,-21.9,0.52,0.27,670.5,672.0,667.3,1.6,,,无
1981-02-14,52645.0,青海,野牛沟,38.41666666666666,99.58333333333331,3180.0,1981,2,14,0.0,无,-8.0,2.6,-18.3,0.55,0.27,670.8,672.5,667.8,1.9,,,无
1981-02-15,52645.0,青海,野牛沟,38.41666666666666,99.58333333333331,3180.0,1981,2,15,0.5,normal,-9.6,0.5,-16.7,0.7,0.48,674.5,676.3,670.4,1.1,,-10.951430580386688,Snow
1981-02-16,52645.0,青海,野牛沟,38.41666666666666,99.58333333333331,3180.0,1981,2,16,1.3,normal,-12.7,-5.5,-18.9,0.82,0.61,676.1,677.5,675.1,1.8,,-13.371998640258823,Snow
1981-02-17,52645.0,青海,野牛沟,38.41666666666666,99.58333333333331,3180.0,1981,2,17,0.0,无,-12.4,-1.0,-22.5,0.52,0.2,674.5,675.7,672.4,1.7,,,无
1981-02-18,52645.0,青海,野牛沟,38.41666666666666,99.58333333333331,3180.0,1981,2,18,0.0,无,-11.6,0.4,-23.4,0.54,0.19,674.5,676.8,672.6,2.0,,,无
1981-02-19,52645.0,青海,野牛沟,38.41666666666666,99.58333333333331,3180.0,1981,2,19,0.0,无,-6.2,-3.4,-11.3,0.41,0.22,674.4,678.6,671.5,3.9,,,无
1981-02-20,52645.0,青海,野牛沟,38.41666666666666,99.58333333333331,3180.0,1981,2,20,0.0,无,-14.2,1.5,-26.3,0.48,0.14,676.7,679.6,672.2,1.8,,,无
1981-02-21,52645.0,青海,野牛沟,38.41666666666666,99.58333333333331,3180.0,1981,2,21,0.0,无,-9.6,1.8,-21.1,0.42,0.2,670.9,673.9,668.3,2.2,,,无
1981-02-22,52645.0,青海,野牛沟,38.41666666666666,99.58333333333331,3180.0,1981,2,22,0.0,无,-5.4,-1.5,-11.5,0.35,0.22,668.2,669.4,666.9,3.6,,,无
1981-02-23,52645.0,青海,野牛沟,38.41666666666666,99.58333333333331,3180.0,1981,2,23,0.0,无,-13.0,-4.2,-18.9,0.33,0.12,673.0,676.4,669.2,3.1,,,无
1981-02-24,52645.0,青海,野牛沟,38.41666666666666,99.58333333333331,3180.0,1981,2,24,0.0,无,-15.3,-3.1,-25.8,0.33,0.16,675.4,676.8,673.2,3.0,,,无
1981-02-25,52645.0,青海,野牛沟,38.41666666666666,99.58333333333331,3180.0,1981,2,25,0.0,无,-13.0,4.9,-25.2,0.44,0.12,675.3,678.2,670.8,2.9,,,无
1981-02-26,52645.0,青海,野牛沟,38.41666666666666,99.58333333333331,3180.0,1981,2,26,0.0,无,-11.0,-1.6,-18.8,0.48,0.15,673.0,674.9,669.0,2.4,,,无
1981-02-27,52645.0,青海,野牛沟,38.41666666666666,99.58333333333331,3180.0,1981,2,27,0.0,无,-6.5,4.5,-14.8,0.3,0.12,670.5,673.1,667.6,3.0,,,无
1981-02-28,52645.0,青海,野牛沟,38.41666666666666,99.58333333333331,3180.0,1981,2,28,0.0,无,-10.0,-1.7,-15.2,0.49,0.32,673.9,675.2,670.7,1.9,,,无
1981-03-01,52645.0,青海,野牛沟,38.41666666666666,99.58333333333331,3180.0,1981,3,1,0.0,无,-10.1,2.0,-22.0,0.55,0.29,673.8,675.6,671.2,2.4,,,无
1981-03-02,52645.0,青海,野牛沟,38.41666666666666,99.58333333333331,3180.0,1981,3,2,0.0,无,-7.5,-2.5,-10.6,0.5,0.25,676.2,678.3,672.2,3.0,,,无
1981-03-03,52645.0,青海,野牛沟,38.41666666666666,99.58333333333331,3180.0,1981,3,3,0.1,normal,-10.6,-4.1,-16.0,0.67,0.15,679.6,680.8,677.5,1.9,,-11.998768007916784,Snow
1981-03-04,52645.0,青海,野牛沟,38.41666666666666,99.58333333333331,3180.0,1981,3,4,0.0,无,-14.3,-2.7,-25.0,0.46,0.16,679.1,681.1,676.2,2.1,,,无
1981-03-05,52645.0,青海,野牛沟,38.41666666666666,99.58333333333331,3180.0,1981,3,5,0.0,无,-13.9,-1.8,-24.7,0.43,0.08,681.0,682.8,677.9,4.5,,,无
1981-03-06,52645.0,青海,野牛沟,38.41666666666666,99.58333333333331,3180.0,1981,3,6,0.0,无,-12.7,5.3,-26.5,0.31,0.15,683.8,688.0,678.9,3.0,,,无
1981-03-07,52645.0,青海,野牛沟,38.41666666666666,99.58333333333331,3180.0,1981,3,7,0.0,无,-6.3,2.3,-14.2,0.23,0.1,679.3,681.8,677.0,3.7,,,无
1981-03-08,52645.0,青海,野牛沟,38.41666666666666,99.58333333333331,3180.0,1981,3,8,0.0,无,-9.0,2.0,-19.4,0.27,0.12,683.9,686.5,681.8,3.2,,,无
1981-03-09,52645.0,青海,野牛沟,38.41666666666666,99.58333333333331,3180.0,1981,3,9,0.0,无,-11.1,1.4,-21.9,0.3,0.22,681.0,683.8,677.0,2.4,,,无
1981-03-10,52645.0,青海,野牛沟,38.41666666666666,99.58333333333331,3180.0,1981,3,10,0.0,无,-6.9,3.7,-17.5,0.43,0.22,677.3,679.2,674.5,2.7,,,无
1981-03-11,52645.0,青海,野牛沟,38.41666666666666,99.58333333333331,3180.0,1981,3,11,0.0,无,-6.8,6.5,-15.4,0.42,0.16,676.4,677.2,673.5,2.9,,,无
1981-03-12,52645.0,青海,野牛沟,38.41666666666666,99.58333333333331,3180.0,1981,3,12,0.5,normal,-5.5,0.3,-8.8,0.66,0.28,679.1,680.4,676.7,2.0,,-7.402984441775584,Snow
1981-03-13,52645.0,青海,野牛沟,38.41666666666666,99.58333333333331,3180.0,1981,3,13,0.1,normal,-8.8,1.2,-20.9,0.6,0.12,682.1,683.9,679.5,1.9,,-10.680007439793776,Snow
1981-03-14,52645.0,青海,野牛沟,38.41666666666666,99.58333333333331,3180.0,1981,3,14,0.0,无,-9.0,4.1,-19.6,0.5,0.19,682.9,684.3,680.5,3.0,,,无
1981-03-15,52645.0,青海,野牛沟,38.41666666666666,99.58333333333331,3180.0,1981,3,15,0.0,无,-7.7,5.5,-18.8,0.47,0.16,680.5,682.4,677.8,3.0,,,无
1981-03-16,52645.0,青海,野牛沟,38.41666666666666,99.58333333333331,3180.0,1981,3,16,0.0,无,-7.3,6.9,-19.1,0.34,0.13,677.6,679.9,674.5,4.0,,,无
1981-03-17,52645.0,青海,野牛沟,38.41666666666666,99.58333333333331,3180.0,1981,3,17,0.0,无,-6.6,6.5,-17.2,0.33,0.1,677.3,679.0,674.6,4.4,,,无
1981-03-18,52645.0,青海,野牛沟,38.41666666666666,99.58333333333331,3180.0,1981,3,18,0.0,无,-6.4,7.2,-17.5,0.32,0.09,677.8,680.4,673.7,3.4,,,无
1981-03-19,52645.0,青海,野牛沟,38.41666666666666,99.58333333333331,3180.0,1981,3,19,0.0,无,-5.7,8.7,-18.3,0.31,0.08,678.4,681.2,675.8,4.5,,,无
1981-03-20,52645.0,青海,野牛沟,38.41666666666666,99.58333333333331,3180.0,1981,3,20,0.0,无,-4.3,8.8,-14.9,0.22,0.07,677.0,678.5,673.4,4.3,,,无
1981-03-21,52645.0,青海,野牛沟,38.41666666666666,99.58333333333331,3180.0,1981,3,21,0.0,无,-3.1,11.8,-16.1,0.28,0.1,676.0,678.3,673.2,5.5,,,无
1981-03-22,52645.0,青海,野牛沟,38.41666666666666,99.58333333333331,3180.0,1981,3,22,0.1,normal,-2.3,13.7,-14.0,0.4,0.15,671.5,673.9,667.0,4.5,,-6.3441610202304455,Snow
1981-03-23,52645.0,青海,野牛沟,38.41666666666666,99.58333333333331,3180.0,1981,3,23,6.9,normal,-8.2,-2.1,-14.6,0.76,0.56,674.0,675.0,671.5,1.8,,-9.36463360137957,Snow
1981-03-24,52645.0,青海,野牛沟,38.41666666666666,99.58333333333331,3180.0,1981,3,24,0.0,无,-8.5,2.2,-19.4,0.4,0.2,678.4,680.0,674.4,4.5,,,无
1981-03-25,52645.0,青海,野牛沟,38.41666666666666,99.58333333333331,3180.0,1981,3,25,0.0,无,-6.3,7.4,-16.6,0.39,0.15,678.6,680.9,676.2,4.1,,,无
1981-03-26,52645.0,青海,野牛沟,38.41666666666666,99.58333333333331,3180.0,1981,3,26,0.0,无,-6.1,6.6,-16.1,0.49,0.22,676.8,679.3,672.0,3.5,,,无
1981-03-27,52645.0,青海,野牛沟,38.41666666666666,99.58333333333331,3180.0,1981,3,27,0.6,normal,-6.9,2.5,-14.6,0.67,0.37,677.9,679.2,675.7,3.0,,-8.619051598610636,Snow
1981-03-28,52645.0,青海,野牛沟,38.41666666666666,99.58333333333331,3180.0,1981,3,28,1.6,normal,-7.3,0.0,-15.4,0.71,0.28,679.5,681.1,676.9,2.4,,-8.773204857713509,Snow
1981-03-29,52645.0,青海,野牛沟,38.41666666666666,99.58333333333331,3180.0,1981,3,29,0.0,无,-6.9,4.0,-16.3,0.51,0.14,676.7,678.6,673.5,3.0,,,无
1981-03-30,52645.0,青海,野牛沟,38.41666666666666,99.58333333333331,3180.0,1981,3,30,0.0,无,-2.9,8.3,-12.8,0.39,0.17,673.2,674.5,671.0,3.8,,,无
1981-03-31,52645.0,青海,野牛沟,38.41666666666666,99.58333333333331,3180.0,1981,3,31,0.0,无,-3.8,7.0,-11.5,0.57,0.28,675.6,677.0,673.6,4.7,,,无
1981-04-01,52645.0,青海,野牛沟,38.41666666666666,99.58333333333331,3180.0,1981,4,1,0.0,无,-1.2,6.0,-5.3,0.6,0.48,677.6,678.7,675.2,4.1,,,无
1981-04-02,52645.0,青海,野牛沟,38.41666666666666,99.58333333333331,3180.0,1981,4,2,1.5,normal,-1.4,2.8,-4.1,0.79,0.58,676.4,677.8,674.9,1.9,,-2.814704610838983,Snow
1981-04-03,52645.0,青海,野牛沟,38.41666666666666,99.58333333333331,3180.0,1981,4,3,0.5,normal,-3.2,4.2,-8.0,0.7,0.18,674.8,676.2,671.9,3.1,,-5.080025988909012,Snow
1981-04-04,52645.0,青海,野牛沟,38.41666666666666,99.58333333333331,3180.0,1981,4,4,0.0,无,-4.4,3.6,-11.3,0.6,0.28,674.4,675.7,673.5,2.7,,,无
1981-04-05,52645.0,青海,野牛沟,38.41666666666666,99.58333333333331,3180.0,1981,4,5,0.0,无,-4.5,6.9,-14.9,0.51,0.16,676.3,678.6,674.1,4.6,,,无
1981-04-06,52645.0,青海,野牛沟,38.41666666666666,99.58333333333331,3180.0,1981,4,6,3.5,normal,-3.8,5.4,-9.2,0.64,0.23,674.3,675.3,671.8,2.5,,-6.004584336902101,Snow
1981-04-07,52645.0,青海,野牛沟,38.41666666666666,99.58333333333331,3180.0,1981,4,7,0.1,normal,-6.4,3.0,-15.4,0.67,0.28,677.2,678.4,674.5,2.8,,-8.16565926592228,Snow
1981-04-08,52645.0,青海,野牛沟,38.41666666666666,99.58333333333331,3180.0,1981,4,8,0.2,normal,-3.1,5.5,-12.4,0.56,0.14,679.9,681.7,676.7,4.2,,-5.892131907698119,Snow
1981-04-09,52645.0,青海,野牛沟,38.41666666666666,99.58333333333331,3180.0,1981,4,9,0.0,无,-2.7,6.5,-9.6,0.61,0.18,679.3,680.9,676.7,4.2,,,无
1981-04-10,52645.0,青海,野牛沟,38.41666666666666,99.58333333333331,3180.0,1981,4,10,1.3,normal,-3.8,5.6,-10.0,0.77,0.01,680.1,681.6,676.9,3.8,,-5.1863691872475615,Snow
1981-04-11,52645.0,青海,野牛沟,38.41666666666666,99.58333333333331,3180.0,1981,4,11,0.0,无,-2.7,5.0,-8.7,0.57,0.19,680.8,681.5,679.3,4.1,,,无
1981-04-12,52645.0,青海,野牛沟,38.41666666666666,99.58333333333331,3180.0,1981,4,12,0.0,无,-3.4,5.0,-11.0,0.63,0.24,680.6,682.3,678.1,2.8,,,无
1981-04-13,52645.0,青海,野牛沟,38.41666666666666,99.58333333333331,3180.0,1981,4,13,0.0,无,-3.5,4.3,-9.7,0.68,0.2,678.3,679.3,676.0,3.8,,,无
1981-04-14,52645.0,青海,野牛沟,38.41666666666666,99.58333333333331,3180.0,1981,4,14,0.2,normal,-2.1,9.8,-12.3,0.56,0.08,678.0,679.0,676.2,4.2,,-5.032293384212818,Snow
1981-04-15,52645.0,青海,野牛沟,38.41666666666666,99.58333333333331,3180.0,1981,4,15,0.0,无,2.4,13.2,-8.0,0.39,0.13,678.1,679.9,675.0,5.3,,,无
1981-04-16,52645.0,青海,野牛沟,38.41666666666666,99.58333333333331,3180.0,1981,4,16,1.2,normal,0.5,10.6,-5.6,0.62,0.23,679.4,681.1,676.3,4.7,,-2.3240876212938177,Snow
1981-04-17,52645.0,青海,野牛沟,38.41666666666666,99.58333333333331,3180.0,1981,4,17,0.7,normal,-1.2,4.9,-5.5,0.72,0.38,682.0,682.8,681.1,2.0,,-3.1076861566056513,Snow
1981-04-18,52645.0,青海,野牛沟,38.41666666666666,99.58333333333331,3180.0,1981,4,18,0.4,normal,-1.2,2.3,-4.0,0.91,0.38,684.3,685.2,682.6,1.0,,-1.8006254361698781,Snow
1981-04-19,52645.0,青海,野牛沟,38.41666666666666,99.58333333333331,3180.0,1981,4,19,0.4,normal,-0.6,6.8,-4.7,0.68,0.09,683.3,684.7,681.0,3.9,,-2.845561342813956,Snow
1981-04-20,52645.0,青海,野牛沟,38.41666666666666,99.58333333333331,3180.0,1981,4,20,0.0,无,-0.6,7.8,-8.7,0.5,0.14,679.5,682.3,677.7,5.8,,,无
1981-04-21,52645.0,青海,野牛沟,38.41666666666666,99.58333333333331,3180.0,1981,4,21,0.0,无,1.9,14.4,-9.2,0.54,0.17,680.4,682.2,677.7,6.0,,,无
1981-04-22,52645.0,青海,野牛沟,38.41666666666666,99.58333333333331,3180.0,1981,4,22,0.0,无,2.6,17.2,-8.5,0.53,0.1,678.3,680.2,673.6,7.4,,,无
1981-04-23,52645.0,青海,野牛沟,38.41666666666666,99.58333333333331,3180.0,1981,4,23,1.1,normal,2.1,7.6,-2.7,0.54,0.25,682.9,684.1,677.7,5.1,,-1.5829055972934158,Snow
1981-04-24,52645.0,青海,野牛沟,38.41666666666666,99.58333333333331,3180.0,1981,4,24,0.0,无,2.1,11.5,-6.6,0.54,0.14,685.4,687.0,683.0,5.7,,,无
1981-04-25,52645.0,青海,野牛沟,38.41666666666666,99.58333333333331,3180.0,1981,4,25,5.8,normal,0.2,7.3,-2.6,0.72,0.35,685.2,686.3,683.3,1.8,,-1.822380117331801,Snow
1981-04-26,52645.0,青海,野牛沟,38.41666666666666,99.58333333333331,3180.0,1981,4,26,0.0,无,-2.4,8.3,-11.0,0.76,0.24,684.0,686.9,680.7,3.8,,,无
1981-04-27,52645.0,青海,野牛沟,38.41666666666666,99.58333333333331,3180.0,1981,4,27,2.4,normal,-1.2,7.5,-4.4,0.85,0.3,683.1,684.4,681.2,1.5,,-2.207949965390772,Snow
1981-04-28,52645.0,青海,野牛沟,38.41666666666666,99.58333333333331,3180.0,1981,4,28,1.0,normal,-1.5,5.8,-6.5,0.78,0.34,685.6,686.6,683.2,3.8,,-2.9660809912583064,Snow
1981-04-29,52645.0,青海,野牛沟,38.41666666666666,99.58333333333331,3180.0,1981,4,29,0.3,normal,0.6,8.6,-6.6,0.62,0.19,682.7,685.5,679.8,4.7,,-2.2288412372544597,Snow
1981-04-30,52645.0,青海,野牛沟,38.41666666666666,99.58333333333331,3180.0,1981,4,30,0.0,无,3.2,14.0,-6.5,0.5,0.21,679.4,680.4,677.8,6.0,,,无
1981-05-01,52645.0,青海,野牛沟,38.41666666666666,99.58333333333331,3180.0,1981,5,1,0.0,无,2.8,13.2,-5.4,0.32,0.03,681.1,684.3,677.8,9.7,,,无
1981-05-02,52645.0,青海,野牛沟,38.41666666666666,99.58333333333331,3180.0,1981,5,2,0.0,无,-2.4,8.0,-11.5,0.31,0.11,686.6,689.0,682.8,5.9,,,无
1981-05-03,52645.0,青海,野牛沟,38.41666666666666,99.58333333333331,3180.0,1981,5,3,0.2,normal,-1.2,6.9,-9.8,0.51,0.21,687.1,688.8,684.9,5.4,,-4.594839688232946,Snow
1981-05-04,52645.0,青海,野牛沟,38.41666666666666,99.58333333333331,3180.0,1981,5,4,0.0,无,2.5,10.3,-5.5,0.3,0.07,684.4,686.2,682.8,7.5,,,无
1981-05-05,52645.0,青海,野牛沟,38.41666666666666,99.58333333333331,3180.0,1981,5,5,0.0,无,4.5,17.2,-7.7,0.36,0.12,683.1,686.0,681.0,8.4,,,无
1981-05-06,52645.0,青海,野牛沟,38.41666666666666,99.58333333333331,3180.0,1981,5,6,0.0,无,7.0,19.4,-6.0,0.35,0.09,682.2,684.1,679.1,8.3,,,无
1981-05-07,52645.0,青海,野牛沟,38.41666666666666,99.58333333333331,3180.0,1981,5,7,0.0,无,8.4,23.0,-4.7,0.34,0.08,679.7,681.4,676.3,9.9,,,无
1981-05-08,52645.0,青海,野牛沟,38.41666666666666,99.58333333333331,3180.0,1981,5,8,0.0,无,7.6,20.8,-2.2,0.45,0.09,679.9,681.1,675.9,8.1,,,无
1981-05-09,52645.0,青海,野牛沟,38.41666666666666,99.58333333333331,3180.0,1981,5,9,0.4,normal,6.9,13.0,2.7,0.59,0.33,681.5,682.8,680.0,5.4,,2.9738540731379315,Rain
1981-05-10,52645.0,青海,野牛沟,38.41666666666666,99.58333333333331,3180.0,1981,5,10,0.0,无,7.8,16.3,2.2,0.38,0.16,680.8,683.5,677.8,8.8,,,无
1981-05-11,52645.0,青海,野牛沟,38.41666666666666,99.58333333333331,3180.0,1981,5,11,0.0,无,8.9,17.8,1.4,0.31,0.17,677.8,679.7,675.4,9.0,,,无
1981-05-12,52645.0,青海,野牛沟,38.41666666666666,99.58333333333331,3180.0,1981,5,12,0.0,无,4.2,11.0,-1.0,0.56,0.26,677.7,679.3,674.9,5.9,,,无
1981-05-13,52645.0,青海,野牛沟,38.41666666666666,99.58333333333331,3180.0,1981,5,13,0.7,normal,1.0,12.2,-5.7,0.67,0.13,679.2,680.6,675.7,4.8,,-1.4910032595768685,Snow
1981-05-14,52645.0,青海,野牛沟,38.41666666666666,99.58333333333331,3180.0,1981,5,14,0.4,normal,0.6,7.0,-3.2,0.53,0.07,680.7,682.8,679.0,7.6,,-2.9405919780808576,Snow
1981-05-15,52645.0,青海,野牛沟,38.41666666666666,99.58333333333331,3180.0,1981,5,15,0.0,无,-0.4,11.3,-11.2,0.35,0.05,681.9,683.9,679.7,7.0,,,无
1981-05-16,52645.0,青海,野牛沟,38.41666666666666,99.58333333333331,3180.0,1981,5,16,0.0,无,2.2,14.5,-9.5,0.29,0.05,682.0,683.5,679.6,8.6,,,无
1981-05-17,52645.0,青海,野牛沟,38.41666666666666,99.58333333333331,3180.0,1981,5,17,0.0,无,3.1,11.0,-4.0,0.29,0.05,683.4,684.4,680.4,6.2,,,无
1981-05-18,52645.0,青海,野牛沟,38.41666666666666,99.58333333333331,3180.0,1981,5,18,0.0,无,3.5,10.0,-2.3,0.52,0.1,684.4,685.2,683.2,5.0,,,无
1981-05-19,52645.0,青海,野牛沟,38.41666666666666,99.58333333333331,3180.0,1981,5,19,0.0,无,1.1,9.2,-6.5,0.55,0.16,683.2,684.9,681.9,4.1,,,无
1981-05-20,52645.0,青海,野牛沟,38.41666666666666,99.58333333333331,3180.0,1981,5,20,0.0,无,1.5,9.0,-4.3,0.54,0.21,682.9,684.0,682.2,3.6,,,无
1981-05-21,52645.0,青海,野牛沟,38.41666666666666,99.58333333333331,3180.0,1981,5,21,0.0,无,2.4,13.3,-9.2,0.48,0.11,684.2,685.5,683.2,6.8,,,无
1981-05-22,52645.0,青海,野牛沟,38.41666666666666,99.58333333333331,3180.0,1981,5,22,0.0,无,5.6,17.5,-7.5,0.32,0.12,683.1,684.8,681.1,9.0,,,无
1981-05-23,52645.0,青海,野牛沟,38.41666666666666,99.58333333333331,3180.0,1981,5,23,0.0,无,6.6,18.6,-4.4,0.35,0.06,681.2,683.0,678.1,8.9,,,无
1981-05-24,52645.0,青海,野牛沟,38.41666666666666,99.58333333333331,3180.0,1981,5,24,1.7,normal,5.2,15.1,-0.6,0.71,0.09,681.8,682.8,679.8,6.6,,2.638198613161573,Rain
1981-05-25,52645.0,青海,野牛沟,38.41666666666666,99.58333333333331,3180.0,1981,5,25,0.0,无,5.2,14.5,-3.3,0.66,0.2,681.6,683.1,677.3,5.1,,,无
1981-05-26,52645.0,青海,野牛沟,38.41666666666666,99.58333333333331,3180.0,1981,5,26,0.0,无,5.8,14.4,-0.1,0.52,0.06,682.3,684.0,679.9,7.8,,,无
1981-05-27,52645.0,青海,野牛沟,38.41666666666666,99.58333333333331,3180.0,1981,5,27,0.0,无,2.5,10.5,-4.5,0.51,0.21,683.7,685.0,681.4,5.0,,,无
1981-05-28,52645.0,青海,野牛沟,38.41666666666666,99.58333333333331,3180.0,1981,5,28,0.0,无,1.9,12.3,-7.8,0.54,0.11,682.5,684.3,679.5,6.2,,,无
1981-05-29,52645.0,青海,野牛沟,38.41666666666666,99.58333333333331,3180.0,1981,5,29,0.1,normal,3.1,13.0,-5.5,0.49,0.2,681.9,682.6,680.3,5.4,,-1.1864136349612275,Snow
1981-05-30,52645.0,青海,野牛沟,38.41666666666666,99.58333333333331,3180.0,1981,5,30,2.1,normal,4.1,11.6,-2.5,0.67,0.3,680.5,682.6,677.4,3.7,,1.2831308539728736,Rain
1981-05-31,52645.0,青海,野牛沟,38.41666666666666,99.58333333333331,3180.0,1981,5,31,0.0,无,4.6,14.1,-1.1,0.66,0.13,681.2,682.2,678.0,5.5,,,无
1981-06-01,52645.0,青海,野牛沟,38.41666666666666,99.58333333333331,3180.0,1981,6,1,0.0,无,3.3,11.0,-2.3,0.63,0.35,681.6,682.2,680.8,3.5,,,无
1981-06-02,52645.0,青海,野牛沟,38.41666666666666,99.58333333333331,3180.0,1981,6,2,1.5,normal,4.6,12.2,0.0,0.62,0.23,682.0,683.3,679.9,5.3,,1.2735608652881814,Rain
1981-06-03,52645.0,青海,野牛沟,38.41666666666666,99.58333333333331,3180.0,1981,6,3,0.0,无,6.0,14.2,-3.0,0.49,0.21,681.8,683.2,680.4,7.1,,,无
1981-06-04,52645.0,青海,野牛沟,38.41666666666666,99.58333333333331,3180.0,1981,6,4,0.0,无,7.4,16.6,-3.5,0.47,0.18,680.8,682.2,679.2,9.3,,,无
1981-06-05,52645.0,青海,野牛沟,38.41666666666666,99.58333333333331,3180.0,1981,6,5,0.0,无,8.1,17.0,-1.6,0.45,0.13,679.6,683.1,678.0,9.5,,,无
1981-06-06,52645.0,青海,野牛沟,38.41666666666666,99.58333333333331,3180.0,1981,6,6,0.8,normal,7.9,12.0,4.9,0.54,0.33,678.8,679.7,678.0,7.7,,3.288357576227585,Rain
1981-06-07,52645.0,青海,野牛沟,38.41666666666666,99.58333333333331,3180.0,1981,6,7,1.1,normal,6.4,11.0,2.4,0.72,0.44,680.0,681.2,679.1,3.8,,3.8189759830282677,Rain
1981-06-08,52645.0,青海,野牛沟,38.41666666666666,99.58333333333331,3180.0,1981,6,8,1.3,normal,8.1,16.4,-1.0,0.55,0.14,681.0,681.8,679.2,7.7,,3.5717268167169847,Rain
1981-06-09,52645.0,青海,野牛沟,38.41666666666666,99.58333333333331,3180.0,1981,6,9,0.0,无,6.2,16.6,-3.2,0.6,0.2,682.5,683.2,680.9,6.8,,,无
1981-06-10,52645.0,青海,野牛沟,38.41666666666666,99.58333333333331,3180.0,1981,6,10,0.3,normal,8.5,18.2,-2.4,0.51,0.14,684.0,685.8,681.8,9.3,,3.4731671804629505,Rain
1981-06-11,52645.0,青海,野牛沟,38.41666666666666,99.58333333333331,3180.0,1981,6,11,0.0,无,11.6,23.3,-2.3,0.3,0.13,681.1,683.6,677.2,13.3,,,无
1981-06-12,52645.0,青海,野牛沟,38.41666666666666,99.58333333333331,3180.0,1981,6,12,0.0,无,11.3,21.5,0.0,0.35,0.13,680.0,681.5,678.1,11.0,,,无
1981-06-13,52645.0,青海,野牛沟,38.41666666666666,99.58333333333331,3180.0,1981,6,13,0.0,无,12.0,22.6,2.9,0.47,0.26,679.1,681.2,675.6,11.1,,,无
1981-06-14,52645.0,青海,野牛沟,38.41666666666666,99.58333333333331,3180.0,1981,6,14,2.2,normal,9.2,15.9,7.1,0.77,0.41,679.9,681.3,676.2,5.0,,6.892499048055005,Rain
1981-06-15,52645.0,青海,野牛沟,38.41666666666666,99.58333333333331,3180.0,1981,6,15,10.9,normal,9.0,16.4,5.0,0.78,0.44,682.1,683.4,679.8,4.5,,6.813565914545747,Rain
1981-06-16,52645.0,青海,野牛沟,38.41666666666666,99.58333333333331,3180.0,1981,6,16,8.7,normal,6.7,10.3,0.8,0.78,0.56,683.4,684.2,681.8,3.4,,4.674983187830795,Rain
1981-06-17,52645.0,青海,野牛沟,38.41666666666666,99.58333333333331,3180.0,1981,6,17,2.4,normal,7.7,12.3,2.5,0.79,0.58,681.7,683.0,680.3,3.1,,5.7020810039554926,Rain
1981-06-18,52645.0,青海,野牛沟,38.41666666666666,99.58333333333331,3180.0,1981,6,18,0.1,normal,6.5,12.3,1.0,0.77,0.38,683.6,684.1,681.5,3.4,,4.394346433358298,Rain
1981-06-19,52645.0,青海,野牛沟,38.41666666666666,99.58333333333331,3180.0,1981,6,19,2.2,normal,8.4,15.4,2.7,0.75,0.42,682.2,684.4,680.6,3.1,,5.949985224355676,Rain
1981-06-20,52645.0,青海,野牛沟,38.41666666666666,99.58333333333331,3180.0,1981,6,20,5.8,normal,9.7,16.8,4.0,0.66,0.28,681.5,682.4,679.4,6.6,,6.165083568684051,Rain
1981-06-21,52645.0,青海,野牛沟,38.41666666666666,99.58333333333331,3180.0,1981,6,21,4.6,normal,5.6,13.7,2.5,0.84,0.51,682.3,682.9,680.3,1.7,,4.1945470237747395,Rain
1981-06-22,52645.0,青海,野牛沟,38.41666666666666,99.58333333333331,3180.0,1981,6,22,0.3,normal,8.0,16.6,0.3,0.61,0.23,682.6,684.4,681.1,6.8,,4.13491013902997,Rain
1981-06-23,52645.0,青海,野牛沟,38.41666666666666,99.58333333333331,3180.0,1981,6,23,0.0,无,8.9,14.0,4.5,0.64,0.39,682.0,682.4,681.3,4.5,,,无
1981-06-24,52645.0,青海,野牛沟,38.41666666666666,99.58333333333331,3180.0,1981,6,24,0.0,无,9.1,16.0,3.2,0.6,0.33,683.3,683.8,681.9,5.8,,,无
1981-06-25,52645.0,青海,野牛沟,38.41666666666666,99.58333333333331,3180.0,1981,6,25,2.1,normal,8.8,16.5,0.7,0.59,0.29,682.9,683.9,680.7,6.7,,4.610147076337294,Rain
1981-06-26,52645.0,青海,野牛沟,38.41666666666666,99.58333333333331,3180.0,1981,6,26,0.4,normal,7.8,16.4,0.6,0.66,0.25,681.5,682.6,679.1,6.2,,4.480460214985897,Rain
1981-06-27,52645.0,青海,野牛沟,38.41666666666666,99.58333333333331,3180.0,1981,6,27,0.8,normal,8.4,17.8,-0.7,0.62,0.14,682.1,683.7,679.9,7.4,,4.587955824403269,Rain
1981-06-28,52645.0,青海,野牛沟,38.41666666666666,99.58333333333331,3180.0,1981,6,28,0.0,无,8.8,15.7,3.4,0.59,0.34,682.4,683.2,681.2,6.6,,,无
1981-06-29,52645.0,青海,野牛沟,38.41666666666666,99.58333333333331,3180.0,1981,6,29,4.8,normal,9.3,17.0,3.0,0.67,0.35,681.4,683.0,679.6,7.1,,5.919279552091639,Rain
1981-06-30,52645.0,青海,野牛沟,38.41666666666666,99.58333333333331,3180.0,1981,6,30,6.0,normal,6.3,12.9,0.5,0.8,0.51,678.1,680.2,676.6,4.8,,4.483938716877609,Rain
1981-07-01,52645.0,青海,野牛沟,38.41666666666666,99.58333333333331,3180.0,1981,7,1,11.7,normal,6.5,14.1,1.5,0.8,0.49,677.5,679.2,674.5,4.2,,4.6707375433314136,Rain
1981-07-02,52645.0,青海,野牛沟,38.41666666666666,99.58333333333331,3180.0,1981,7,2,8.2,normal,8.0,15.2,0.4,0.73,0.45,678.2,679.2,676.7,6.2,,5.373010974578212,Rain
1981-07-03,52645.0,青海,野牛沟,38.41666666666666,99.58333333333331,3180.0,1981,7,3,3.2,normal,7.9,13.8,5.0,0.82,0.54,679.6,680.2,677.7,3.5,,6.182858929011599,Rain
1981-07-04,52645.0,青海,野牛沟,38.41666666666666,99.58333333333331,3180.0,1981,7,4,7.7,normal,10.0,15.0,6.8,0.78,0.54,680.7,681.2,679.9,4.3,,7.742370206975289,Rain
1981-07-05,52645.0,青海,野牛沟,38.41666666666666,99.58333333333331,3180.0,1981,7,5,2.6,normal,10.7,16.6,6.2,0.81,0.55,680.5,681.8,678.8,4.2,,8.71976363848066,Rain
1981-07-06,52645.0,青海,野牛沟,38.41666666666666,99.58333333333331,3180.0,1981,7,6,16.2,normal,11.3,16.4,8.8,0.85,0.7,680.2,681.0,679.2,3.4,,9.721130257053382,Rain
1981-07-07,52645.0,青海,野牛沟,38.41666666666666,99.58333333333331,3180.0,1981,7,7,7.2,normal,10.7,16.0,7.4,0.79,0.62,682.9,683.4,681.0,3.6,,8.505631736886464,Rain
1981-07-08,52645.0,青海,野牛沟,38.41666666666666,99.58333333333331,3180.0,1981,7,8,6.1,normal,9.6,15.2,6.4,0.79,0.54,683.7,685.4,682.0,4.1,,7.47906304019843,Rain
1981-07-09,52645.0,青海,野牛沟,38.41666666666666,99.58333333333331,3180.0,1981,7,9,0.5,normal,12.6,18.2,7.3,0.68,0.42,681.8,683.4,680.7,7.0,,8.979778136395002,Rain
1981-07-10,52645.0,青海,野牛沟,38.41666666666666,99.58333333333331,3180.0,1981,7,10,0.2,normal,11.7,21.0,3.0,0.69,0.31,680.6,681.5,678.4,6.5,,8.289847164148206,Rain
1981-07-11,52645.0,青海,野牛沟,38.41666666666666,99.58333333333331,3180.0,1981,7,11,5.9,normal,12.9,19.6,7.2,0.69,0.41,679.9,681.6,677.3,7.9,,9.366512777169675,Rain
1981-07-12,52645.0,青海,野牛沟,38.41666666666666,99.58333333333331,3180.0,1981,7,12,17.5,normal,8.0,14.3,5.7,0.85,0.55,681.7,683.4,679.1,4.0,,6.573521226202286,Rain
1981-07-13,52645.0,青海,野牛沟,38.41666666666666,99.58333333333331,3180.0,1981,7,13,0.6,normal,8.8,14.0,3.2,0.65,0.34,685.6,686.4,683.4,5.5,,5.268619909616201,Rain
1981-07-14,52645.0,青海,野牛沟,38.41666666666666,99.58333333333331,3180.0,1981,7,14,0.0,无,8.0,15.2,2.3,0.72,0.4,685.3,686.3,684.1,5.2,,,无
1981-07-15,52645.0,青海,野牛沟,38.41666666666666,99.58333333333331,3180.0,1981,7,15,0.0,无,9.8,18.0,1.0,0.68,0.38,682.8,685.3,679.6,6.2,,,无
1981-07-16,52645.0,青海,野牛沟,38.41666666666666,99.58333333333331,3180.0,1981,7,16,0.0,无,12.6,19.7,5.0,0.62,0.29,680.8,681.4,679.8,6.9,,,无
1981-07-17,52645.0,青海,野牛沟,38.41666666666666,99.58333333333331,3180.0,1981,7,17,0.0,无,13.2,21.6,4.7,0.63,0.36,681.4,682.9,679.6,9.4,,,无
1981-07-18,52645.0,青海,野牛沟,38.41666666666666,99.58333333333331,3180.0,1981,7,18,0.0,无,13.0,20.9,4.2,0.58,0.29,679.5,680.8,677.7,8.4,,,无
1981-07-19,52645.0,青海,野牛沟,38.41666666666666,99.58333333333331,3180.0,1981,7,19,2.0,normal,13.2,20.0,7.9,0.66,0.42,679.3,680.0,678.0,5.3,,9.263525499231292,Rain
1981-07-20,52645.0,青海,野牛沟,38.41666666666666,99.58333333333331,3180.0,1981,7,20,21.9,normal,12.3,16.7,10.0,0.81,0.51,683.3,685.5,679.6,4.8,,10.22870340804689,Rain
1981-07-21,52645.0,青海,野牛沟,38.41666666666666,99.58333333333331,3180.0,1981,7,21,0.0,无,11.4,18.8,5.6,0.67,0.43,686.2,687.1,685.1,7.0,,,无
1981-07-22,52645.0,青海,野牛沟,38.41666666666666,99.58333333333331,3180.0,1981,7,22,0.3,normal,12.8,20.9,4.6,0.65,0.37,685.4,687.1,683.5,7.6,,8.79863589101577,Rain
1981-07-23,52645.0,青海,野牛沟,38.41666666666666,99.58333333333331,3180.0,1981,7,23,0.6,normal,12.9,19.6,4.7,0.67,0.44,683.4,686.3,680.8,6.6,,9.128914261612525,Rain
1981-07-24,52645.0,青海,野牛沟,38.41666666666666,99.58333333333331,3180.0,1981,7,24,0.3,normal,13.8,23.2,5.0,0.65,0.28,681.1,683.3,678.9,7.6,,9.672300577193283,Rain
1981-07-25,52645.0,青海,野牛沟,38.41666666666666,99.58333333333331,3180.0,1981,7,25,0.0,无,13.8,21.7,7.0,0.64,0.35,681.1,681.9,678.9,7.6,,,无
1981-07-26,52645.0,青海,野牛沟,38.41666666666666,99.58333333333331,3180.0,1981,7,26,0.3,normal,11.8,16.5,10.0,0.73,0.47,682.9,683.4,681.9,4.7,,8.849500111520111,Rain
1981-07-27,52645.0,青海,野牛沟,38.41666666666666,99.58333333333331,3180.0,1981,7,27,5.7,normal,11.2,18.6,5.7,0.78,0.54,682.3,684.0,680.3,3.9,,8.861278240444953,Rain
1981-07-28,52645.0,青海,野牛沟,38.41666666666666,99.58333333333331,3180.0,1981,7,28,2.9,normal,11.2,16.4,8.2,0.83,0.67,682.4,683.8,681.2,4.9,,9.410788486041216,Rain
1981-07-29,52645.0,青海,野牛沟,38.41666666666666,99.58333333333331,3180.0,1981,7,29,10.9,normal,12.0,19.4,7.6,0.81,0.52,682.5,683.8,680.7,5.4,,9.945444028876015,Rain
1981-07-30,52645.0,青海,野牛沟,38.41666666666666,99.58333333333331,3180.0,1981,7,30,1.0,normal,14.0,19.6,9.7,0.77,0.53,681.5,683.1,680.3,6.1,,11.34665505346359,Rain
1981-07-31,52645.0,青海,野牛沟,38.41666666666666,99.58333333333331,3180.0,1981,7,31,3.5,normal,13.9,18.4,10.9,0.82,0.58,678.3,680.9,676.4,5.3,,11.848849280733798,Rain
1981-08-01,52645.0,青海,野牛沟,38.41666666666666,99.58333333333331,3180.0,1981,8,1,11.2,normal,13.6,18.4,9.9,0.84,0.67,680.2,681.4,676.6,6.3,,11.800895931076948,Rain
1981-08-02,52645.0,青海,野牛沟,38.41666666666666,99.58333333333331,3180.0,1981,8,2,0.0,无,16.3,23.3,10.9,0.77,0.54,683.0,684.2,681.4,8.1,,,无
1981-08-03,52645.0,青海,野牛沟,38.41666666666666,99.58333333333331,3180.0,1981,8,3,0.0,无,17.1,23.5,10.0,0.73,0.47,683.9,685.1,681.5,8.6,,,无
1981-08-04,52645.0,青海,野牛沟,38.41666666666666,99.58333333333331,3180.0,1981,8,4,0.0,无,16.5,23.6,10.7,0.71,0.4,681.6,683.3,678.3,8.3,,,无
1981-08-05,52645.0,青海,野牛沟,38.41666666666666,99.58333333333331,3180.0,1981,8,5,12.8,normal,11.1,17.9,8.4,0.84,0.57,681.5,683.2,679.3,2.8,,9.423447922237592,Rain
1981-08-06,52645.0,青海,野牛沟,38.41666666666666,99.58333333333331,3180.0,1981,8,6,0.7,normal,11.2,18.4,6.5,0.71,0.24,682.6,684.0,681.1,6.7,,8.07379908359794,Rain
1981-08-07,52645.0,青海,野牛沟,38.41666666666666,99.58333333333331,3180.0,1981,8,7,0.0,无,10.4,18.9,2.9,0.72,0.28,683.6,684.7,681.8,6.6,,,无
1981-08-08,52645.0,青海,野牛沟,38.41666666666666,99.58333333333331,3180.0,1981,8,8,4.1,normal,10.5,16.3,7.2,0.77,0.54,682.4,684.1,681.6,3.9,,8.101109047979985,Rain
1981-08-09,52645.0,青海,野牛沟,38.41666666666666,99.58333333333331,3180.0,1981,8,9,3.9,normal,7.2,15.1,2.4,0.81,0.44,682.4,683.4,680.0,5.4,,5.428858199676978,Rain
1981-08-10,52645.0,青海,野牛沟,38.41666666666666,99.58333333333331,3180.0,1981,8,10,1.6,normal,7.4,14.8,2.6,0.73,0.43,683.2,683.9,681.3,4.4,,4.833316426749019,Rain
1981-08-11,52645.0,青海,野牛沟,38.41666666666666,99.58333333333331,3180.0,1981,8,11,0.1,normal,8.7,15.7,1.6,0.65,0.28,682.7,684.6,680.0,5.5,,5.17405324466941,Rain
1981-08-12,52645.0,青海,野牛沟,38.41666666666666,99.58333333333331,3180.0,1981,8,12,0.0,无,8.6,18.6,-0.5,0.65,0.27,680.3,682.2,677.4,6.2,,,无
1981-08-13,52645.0,青海,野牛沟,38.41666666666666,99.58333333333331,3180.0,1981,8,13,8.2,normal,6.5,14.8,1.5,0.86,0.45,679.3,679.7,677.9,2.5,,5.2331351942127435,Rain
1981-08-14,52645.0,青海,野牛沟,38.41666666666666,99.58333333333331,3180.0,1981,8,14,4.9,normal,9.7,17.4,3.6,0.73,0.4,681.4,682.6,679.6,6.1,,6.929935867923631,Rain
1981-08-15,52645.0,青海,野牛沟,38.41666666666666,99.58333333333331,3180.0,1981,8,15,12.1,normal,9.2,14.2,7.2,0.85,0.64,682.0,683.2,680.8,3.1,,7.71865278957415,Rain
1981-08-16,52645.0,青海,野牛沟,38.41666666666666,99.58333333333331,3180.0,1981,8,16,6.7,normal,9.2,15.5,6.1,0.82,0.53,682.7,683.5,681.1,4.2,,7.413418751364129,Rain
1981-08-17,52645.0,青海,野牛沟,38.41666666666666,99.58333333333331,3180.0,1981,8,17,13.5,normal,8.6,11.7,6.0,0.88,0.7,682.7,683.8,681.7,2.2,,7.4435078825617085,Rain
1981-08-18,52645.0,青海,野牛沟,38.41666666666666,99.58333333333331,3180.0,1981,8,18,2.3,normal,8.7,14.3,4.0,0.85,0.6,682.3,683.7,680.7,3.1,,7.241855918329825,Rain
1981-08-19,52645.0,青海,野牛沟,38.41666666666666,99.58333333333331,3180.0,1981,8,19,4.8,normal,8.2,14.1,4.3,0.77,0.47,682.7,683.8,680.9,4.1,,5.9692016749798915,Rain
1981-08-20,52645.0,青海,野牛沟,38.41666666666666,99.58333333333331,3180.0,1981,8,20,1.8,normal,7.8,16.9,2.5,0.85,0.3,682.0,683.2,679.1,5.0,,6.382968222219998,Rain
1981-08-21,52645.0,青海,野牛沟,38.41666666666666,99.58333333333331,3180.0,1981,8,21,4.5,normal,10.0,16.9,6.4,0.74,0.45,680.3,682.7,678.5,5.2,,7.310817712092583,Rain
1981-08-22,52645.0,青海,野牛沟,38.41666666666666,99.58333333333331,3180.0,1981,8,22,2.5,normal,10.4,14.0,7.2,0.81,0.59,678.1,680.6,675.4,3.8,,8.434868461487227,Rain
1981-08-23,52645.0,青海,野牛沟,38.41666666666666,99.58333333333331,3180.0,1981,8,23,7.4,normal,7.6,12.0,5.3,0.83,0.64,678.7,679.8,676.1,2.0,,5.995925539674549,Rain
1981-08-24,52645.0,青海,野牛沟,38.41666666666666,99.58333333333331,3180.0,1981,8,24,3.5,normal,5.5,8.7,3.6,0.8,0.6,681.4,681.9,679.8,2.2,,3.7377122584548017,Rain
1981-08-25,52645.0,青海,野牛沟,38.41666666666666,99.58333333333331,3180.0,1981,8,25,2.6,normal,7.0,14.6,1.9,0.75,0.29,683.2,684.6,681.7,6.4,,4.66339961483182,Rain
1981-08-26,52645.0,青海,野牛沟,38.41666666666666,99.58333333333331,3180.0,1981,8,26,4.3,normal,6.8,15.6,0.3,0.79,0.47,683.9,685.3,682.1,3.3,,4.864150571324468,Rain
1981-08-27,52645.0,青海,野牛沟,38.41666666666666,99.58333333333331,3180.0,1981,8,27,3.1,normal,9.2,17.0,3.8,0.79,0.39,682.0,684.6,678.7,4.8,,7.1034044531050755,Rain
1981-08-28,52645.0,青海,野牛沟,38.41666666666666,99.58333333333331,3180.0,1981,8,28,7.2,normal,5.8,9.8,2.9,0.85,0.68,681.8,683.2,679.7,1.7,,4.474769148158528,Rain
1981-08-29,52645.0,青海,野牛沟,38.41666666666666,99.58333333333331,3180.0,1981,8,29,3.5,normal,6.5,13.4,2.1,0.77,0.47,681.7,684.7,678.4,4.8,,4.3918080820720595,Rain
1981-08-30,52645.0,青海,野牛沟,38.41666666666666,99.58333333333331,3180.0,1981,8,30,0.5,normal,7.6,13.9,1.3,0.75,0.47,679.8,681.0,678.6,3.4,,5.210444552066078,Rain
1981-08-31,52645.0,青海,野牛沟,38.41666666666666,99.58333333333331,3180.0,1981,8,31,7.1,normal,6.5,11.3,3.0,0.84,0.61,682.5,683.5,680.1,0.4,,5.05042962885804,Rain
1981-09-01,52645.0,青海,野牛沟,38.41666666666666,99.58333333333331,3180.0,1981,9,1,6.5,normal,5.1,8.8,4.0,0.9,0.67,684.2,685.0,683.1,1.9,,4.245542664014796,Rain
1981-09-02,52645.0,青海,野牛沟,38.41666666666666,99.58333333333331,3180.0,1981,9,2,0.2,normal,6.8,13.7,1.7,0.77,0.41,685.3,686.2,683.6,4.8,,4.674763782496929,Rain
1981-09-03,52645.0,青海,野牛沟,38.41666666666666,99.58333333333331,3180.0,1981,9,3,11.6,normal,4.7,9.7,0.5,0.82,0.58,685.6,687.2,683.1,4.0,,3.1675354300802328,Snow
1981-09-04,52645.0,青海,野牛沟,38.41666666666666,99.58333333333331,3180.0,1981,9,4,9.7,normal,5.6,9.7,3.8,0.86,0.67,684.3,685.3,682.8,2.5,,4.375490508842126,Rain
1981-09-05,52645.0,青海,野牛沟,38.41666666666666,99.58333333333331,3180.0,1981,9,5,6.4,normal,5.6,12.7,2.3,0.83,0.49,684.9,685.9,683.2,3.2,,4.10693361991084,Rain
1981-09-06,52645.0,青海,野牛沟,38.41666666666666,99.58333333333331,3180.0,1981,9,6,5.4,normal,4.5,6.5,3.5,0.91,0.76,685.7,686.3,684.6,2.6,,3.7489817993049668,Rain
1981-09-07,52645.0,青海,野牛沟,38.41666666666666,99.58333333333331,3180.0,1981,9,7,0.7,normal,5.6,11.8,0.4,0.76,0.34,686.0,687.6,684.0,4.3,,3.471186415326586,Rain
1981-09-08,52645.0,青海,野牛沟,38.41666666666666,99.58333333333331,3180.0,1981,9,8,3.6,normal,5.7,12.7,2.8,0.79,0.46,685.1,685.9,683.0,3.3,,3.838089887145908,Rain
1981-09-09,52645.0,青海,野牛沟,38.41666666666666,99.58333333333331,3180.0,1981,9,9,5.2,normal,5.5,10.7,2.0,0.77,0.5,685.3,686.6,683.1,3.1,,3.4693166933921615,Rain
1981-09-10,52645.0,青海,野牛沟,38.41666666666666,99.58333333333331,3180.0,1981,9,10,0.9,normal,6.0,8.7,4.3,0.77,0.54,684.5,685.4,683.8,1.7,,3.9319270323916777,Rain
1981-09-11,52645.0,青海,野牛沟,38.41666666666666,99.58333333333331,3180.0,1981,9,11,0.0,无,5.5,13.0,0.0,0.73,0.42,684.2,685.3,682.1,4.5,,,无
1981-09-12,52645.0,青海,野牛沟,38.41666666666666,99.58333333333331,3180.0,1981,9,12,5.8,normal,4.1,8.3,2.2,0.84,0.56,682.6,683.8,681.2,0.7,,2.7684379480105337,Snow
1981-09-13,52645.0,青海,野牛沟,38.41666666666666,99.58333333333331,3180.0,1981,9,13,2.6,normal,2.9,9.0,-2.3,0.75,0.45,686.3,687.3,683.2,3.1,,0.892823736337296,Snow
1981-09-14,52645.0,青海,野牛沟,38.41666666666666,99.58333333333331,3180.0,1981,9,14,0.3,normal,3.1,9.1,0.0,0.76,0.34,688.2,689.3,686.7,3.2,,1.16321388662461,Snow
1981-09-15,52645.0,青海,野牛沟,38.41666666666666,99.58333333333331,3180.0,1981,9,15,4.6,normal,1.6,8.6,-2.5,0.81,0.39,689.0,690.5,687.1,2.5,,0.16469548360603437,Snow
1981-09-16,52645.0,青海,野牛沟,38.41666666666666,99.58333333333331,3180.0,1981,9,16,0.0,无,2.1,10.3,-4.5,0.71,0.29,688.1,689.3,686.2,3.4,,,无
1981-09-17,52645.0,青海,野牛沟,38.41666666666666,99.58333333333331,3180.0,1981,9,17,0.0,无,2.2,10.2,-4.5,0.65,0.25,686.7,688.1,684.5,3.1,,,无
1981-09-18,52645.0,青海,野牛沟,38.41666666666666,99.58333333333331,3180.0,1981,9,18,0.1,normal,1.6,9.4,-4.5,0.69,0.34,685.1,686.6,683.8,2.6,,-0.7825644698423639,Snow
1981-09-19,52645.0,青海,野牛沟,38.41666666666666,99.58333333333331,3180.0,1981,9,19,0.0,无,2.5,10.8,-4.4,0.73,0.29,685.3,686.4,683.3,2.8,,,无
1981-09-20,52645.0,青海,野牛沟,38.41666666666666,99.58333333333331,3180.0,1981,9,20,0.0,无,3.3,13.0,-4.7,0.63,0.22,686.2,687.7,683.6,3.9,,,无
1981-09-21,52645.0,青海,野牛沟,38.41666666666666,99.58333333333331,3180.0,1981,9,21,0.1,normal,3.3,8.2,-0.5,0.76,0.43,687.4,688.3,685.3,2.6,,1.3471041831728803,Rain
1981-09-22,52645.0,青海,野牛沟,38.41666666666666,99.58333333333331,3180.0,1981,9,22,0.0,无,4.3,11.0,0.0,0.65,0.25,687.9,688.9,685.8,4.3,,,无
1981-09-23,52645.0,青海,野牛沟,38.41666666666666,99.58333333333331,3180.0,1981,9,23,0.0,无,1.9,12.0,-5.1,0.7,0.32,686.7,688.0,684.8,3.7,,,无
1981-09-24,52645.0,青海,野牛沟,38.41666666666666,99.58333333333331,3180.0,1981,9,24,0.0,无,3.6,15.8,-5.4,0.61,0.19,683.3,685.8,680.9,4.7,,,无
1981-09-25,52645.0,青海,野牛沟,38.41666666666666,99.58333333333331,3180.0,1981,9,25,0.0,无,5.7,18.5,-3.3,0.64,0.26,681.3,682.9,678.2,5.5,,,无
1981-09-26,52645.0,青海,野牛沟,38.41666666666666,99.58333333333331,3180.0,1981,9,26,0.0,无,5.6,13.0,-1.3,0.67,0.46,684.1,685.7,679.8,5.3,,,无
1981-09-27,52645.0,青海,野牛沟,38.41666666666666,99.58333333333331,3180.0,1981,9,27,1.7,normal,3.6,9.4,0.3,0.74,0.48,684.5,686.8,682.2,2.1,,1.4497550647322255,Rain
1981-09-28,52645.0,青海,野牛沟,38.41666666666666,99.58333333333331,3180.0,1981,9,28,0.6,normal,0.8,10.4,-7.4,0.66,0.25,682.4,685.1,679.4,3.7,,-1.7416422145289667,Snow
1981-09-29,52645.0,青海,野牛沟,38.41666666666666,99.58333333333331,3180.0,1981,9,29,0.2,normal,3.7,11.3,-0.7,0.61,0.15,681.0,683.3,678.3,5.2,,0.39534719310006405,Snow
1981-09-30,52645.0,青海,野牛沟,38.41666666666666,99.58333333333331,3180.0,1981,9,30,0.0,无,1.2,8.7,-5.0,0.71,0.35,681.0,682.2,679.4,3.7,,,无
1981-10-01,52645.0,青海,野牛沟,38.41666666666666,99.58333333333331,3180.0,1981,10,1,0.0,无,1.1,10.2,-5.3,0.73,0.27,679.6,681.3,676.3,2.4,,,无
1981-10-02,52645.0,青海,野牛沟,38.41666666666666,99.58333333333331,3180.0,1981,10,2,1.7,normal,2.5,7.0,0.2,0.79,0.54,679.2,679.9,677.8,1.6,,0.8402302956564744,Snow
1981-10-03,52645.0,青海,野牛沟,38.41666666666666,99.58333333333331,3180.0,1981,10,3,8.3,normal,-1.9,3.2,-7.0,0.95,0.77,682.0,683.4,679.9,1.9,,-2.223020979212227,Snow
1981-10-04,52645.0,青海,野牛沟,38.41666666666666,99.58333333333331,3180.0,1981,10,4,0.4,normal,-6.2,0.5,-14.7,0.75,0.51,684.1,685.9,681.8,3.2,,-7.535712220420305,Snow
1981-10-05,52645.0,青海,野牛沟,38.41666666666666,99.58333333333331,3180.0,1981,10,5,0.0,无,-2.6,7.3,-9.4,0.63,0.22,681.1,682.9,678.4,4.1,,,无
1981-10-06,52645.0,青海,野牛沟,38.41666666666666,99.58333333333331,3180.0,1981,10,6,0.0,无,-2.0,6.5,-8.3,0.61,0.22,680.1,681.3,678.4,2.7,,,无
1981-10-07,52645.0,青海,野牛沟,38.41666666666666,99.58333333333331,3180.0,1981,10,7,0.0,无,-3.2,4.3,-8.5,0.61,0.23,682.1,683.4,679.9,4.0,,,无
1981-10-08,52645.0,青海,野牛沟,38.41666666666666,99.58333333333331,3180.0,1981,10,8,0.0,无,-5.4,3.7,-11.9,0.58,0.22,686.2,688.0,683.4,3.6,,,无
1981-10-09,52645.0,青海,野牛沟,38.41666666666666,99.58333333333331,3180.0,1981,10,9,0.0,无,-3.5,7.0,-11.0,0.55,0.17,684.6,686.6,682.0,3.0,,,无
1981-10-10,52645.0,青海,野牛沟,38.41666666666666,99.58333333333331,3180.0,1981,10,10,0.0,无,-2.5,8.2,-10.2,0.6,0.25,682.2,684.1,679.9,4.1,,,无
1981-10-11,52645.0,青海,野牛沟,38.41666666666666,99.58333333333331,3180.0,1981,10,11,0.0,无,-2.8,8.7,-9.2,0.61,0.12,680.1,683.6,676.9,3.2,,,无
1981-10-12,52645.0,青海,野牛沟,38.41666666666666,99.58333333333331,3180.0,1981,10,12,0.0,无,-4.1,7.5,-12.2,0.59,0.15,684.9,686.7,683.6,2.9,,,无
1981-10-13,52645.0,青海,野牛沟,38.41666666666666,99.58333333333331,3180.0,1981,10,13,0.0,无,-1.4,7.0,-6.4,0.64,0.38,684.5,685.7,683.0,1.9,,,无
1981-10-14,52645.0,青海,野牛沟,38.41666666666666,99.58333333333331,3180.0,1981,10,14,0.0,无,-0.9,8.3,-7.7,0.62,0.21,683.4,685.4,680.7,2.5,,,无
1981-10-15,52645.0,青海,野牛沟,38.41666666666666,99.58333333333331,3180.0,1981,10,15,0.0,无,-0.2,9.7,-8.0,0.54,0.16,681.2,683.0,678.5,3.5,,,无
1981-10-16,52645.0,青海,野牛沟,38.41666666666666,99.58333333333331,3180.0,1981,10,16,0.4,normal,-2.0,4.2,-5.2,0.73,0.32,679.6,682.1,676.9,1.7,,-3.7764420720959224,Snow
1981-10-17,52645.0,青海,野牛沟,38.41666666666666,99.58333333333331,3180.0,1981,10,17,0.4,normal,-5.7,6.4,-13.1,0.75,0.23,682.6,684.5,680.5,2.2,,-7.071973388436876,Snow
1981-10-18,52645.0,青海,野牛沟,38.41666666666666,99.58333333333331,3180.0,1981,10,18,0.6,normal,-1.3,6.5,-6.3,0.68,0.28,678.4,680.7,676.0,1.9,,-3.4856056145197334,Snow
1981-10-19,52645.0,青海,野牛沟,38.41666666666666,99.58333333333331,3180.0,1981,10,19,0.0,无,-1.8,7.4,-9.2,0.54,0.22,678.4,679.6,676.8,3.1,,,无
1981-10-20,52645.0,青海,野牛沟,38.41666666666666,99.58333333333331,3180.0,1981,10,20,0.0,无,-2.0,9.9,-9.5,0.56,0.11,678.2,679.8,675.3,3.4,,,无
1981-10-21,52645.0,青海,野牛沟,38.41666666666666,99.58333333333331,3180.0,1981,10,21,0.0,无,-6.6,0.3,-9.3,0.64,0.38,681.2,685.1,679.0,2.8,,,无
1981-10-22,52645.0,青海,野牛沟,38.41666666666666,99.58333333333331,3180.0,1981,10,22,0.0,无,-9.7,0.4,-16.7,0.5,0.09,686.9,688.3,684.6,2.7,,,无
1981-10-23,52645.0,青海,野牛沟,38.41666666666666,99.58333333333331,3180.0,1981,10,23,0.0,无,-8.1,2.9,-16.5,0.47,0.13,685.8,688.3,681.6,2.2,,,无
1981-10-24,52645.0,青海,野牛沟,38.41666666666666,99.58333333333331,3180.0,1981,10,24,0.0,无,-7.1,5.6,-15.3,0.59,0.2,684.0,685.3,681.6,2.7,,,无
1981-10-25,52645.0,青海,野牛沟,38.41666666666666,99.58333333333331,3180.0,1981,10,25,0.0,无,-5.0,8.1,-14.9,0.54,0.14,683.2,685.5,680.0,2.8,,,无
1981-10-26,52645.0,青海,野牛沟,38.41666666666666,99.58333333333331,3180.0,1981,10,26,0.0,无,-4.3,4.7,-10.4,0.51,0.17,683.2,685.2,680.6,2.7,,,无
1981-10-27,52645.0,青海,野牛沟,38.41666666666666,99.58333333333331,3180.0,1981,10,27,0.0,无,-6.8,0.2,-13.2,0.51,0.13,683.7,685.2,682.5,3.3,,,无
1981-10-28,52645.0,青海,野牛沟,38.41666666666666,99.58333333333331,3180.0,1981,10,28,0.0,无,-6.7,4.9,-14.7,0.49,0.15,684.5,686.9,680.9,2.2,,,无
1981-10-29,52645.0,青海,野牛沟,38.41666666666666,99.58333333333331,3180.0,1981,10,29,0.0,无,-6.6,5.0,-15.4,0.48,0.06,680.4,682.2,677.8,3.0,,,无
1981-10-30,52645.0,青海,野牛沟,38.41666666666666,99.58333333333331,3180.0,1981,10,30,0.0,无,-7.4,3.0,-15.7,0.55,0.16,680.7,681.9,678.2,2.2,,,无
1981-10-31,52645.0,青海,野牛沟,38.41666666666666,99.58333333333331,3180.0,1981,10,31,0.4,normal,-7.9,1.8,-15.4,0.72,0.27,679.8,681.2,677.8,1.8,,-9.2763650815875,Snow
1981-11-01,52645.0,青海,野牛沟,38.41666666666666,99.58333333333331,3180.0,1981,11,1,0.7,normal,-7.8,-0.5,-14.6,0.57,0.26,680.5,681.8,678.8,2.3,,-9.942423731100213,Snow
1981-11-02,52645.0,青海,野牛沟,38.41666666666666,99.58333333333331,3180.0,1981,11,2,0.0,无,-9.0,1.6,-16.5,0.53,0.16,678.4,681.0,676.0,2.6,,,无
1981-11-03,52645.0,青海,野牛沟,38.41666666666666,99.58333333333331,3180.0,1981,11,3,0.0,无,-9.3,2.1,-17.7,0.51,0.1,677.6,679.7,674.5,2.1,,,无
1981-11-04,52645.0,青海,野牛沟,38.41666666666666,99.58333333333331,3180.0,1981,11,4,0.0,无,-7.6,0.2,-12.5,0.57,0.16,676.6,677.6,674.9,1.7,,,无
1981-11-05,52645.0,青海,野牛沟,38.41666666666666,99.58333333333331,3180.0,1981,11,5,0.0,无,-10.6,-2.2,-17.6,0.58,0.21,679.9,681.6,677.5,1.9,,,无
1981-11-06,52645.0,青海,野牛沟,38.41666666666666,99.58333333333331,3180.0,1981,11,6,0.0,无,-12.8,-2.8,-20.4,0.64,0.19,682.0,683.2,679.4,1.1,,,无
1981-11-07,52645.0,青海,野牛沟,38.41666666666666,99.58333333333331,3180.0,1981,11,7,0.3,normal,-13.0,-7.4,-14.8,0.75,0.4,685.2,687.3,683.0,0.7,,-13.909936760040814,Snow
1981-11-08,52645.0,青海,野牛沟,38.41666666666666,99.58333333333331,3180.0,1981,11,8,0.0,无,-15.7,-4.2,-23.7,0.52,0.11,687.2,688.7,685.3,1.0,,,无
1981-11-09,52645.0,青海,野牛沟,38.41666666666666,99.58333333333331,3180.0,1981,11,9,0.0,无,-14.5,-1.7,-22.3,0.5,0.13,683.7,686.0,680.6,1.3,,,无
1981-11-10,52645.0,青海,野牛沟,38.41666666666666,99.58333333333331,3180.0,1981,11,10,0.0,无,-12.4,0.0,-21.4,0.49,0.17,681.3,683.3,679.1,1.1,,,无
1981-11-11,52645.0,青海,野牛沟,38.41666666666666,99.58333333333331,3180.0,1981,11,11,0.0,无,-10.7,2.5,-20.2,0.52,0.2,680.6,682.4,678.2,1.4,,,无
1981-11-12,52645.0,青海,野牛沟,38.41666666666666,99.58333333333331,3180.0,1981,11,12,0.0,无,-10.8,3.3,-19.9,0.48,0.15,682.4,683.7,679.8,1.6,,,无
1981-11-13,52645.0,青海,野牛沟,38.41666666666666,99.58333333333331,3180.0,1981,11,13,0.0,无,-9.6,2.5,-20.0,0.5,0.29,681.2,683.7,677.0,1.9,,,无
1981-11-14,52645.0,青海,野牛沟,38.41666666666666,99.58333333333331,3180.0,1981,11,14,0.0,无,-8.4,0.2,-16.3,0.44,0.09,680.8,682.7,679.4,2.3,,,无
1981-11-15,52645.0,青海,野牛沟,38.41666666666666,99.58333333333331,3180.0,1981,11,15,0.0,无,-10.3,2.2,-20.6,0.36,0.14,682.9,685.0,681.0,2.6,,,无
1981-11-16,52645.0,青海,野牛沟,38.41666666666666,99.58333333333331,3180.0,1981,11,16,0.0,无,-10.2,3.8,-20.3,0.42,0.2,682.6,685.2,679.7,1.6,,,无
1981-11-17,52645.0,青海,野牛沟,38.41666666666666,99.58333333333331,3180.0,1981,11,17,0.0,无,-9.6,4.3,-19.4,0.41,0.14,679.6,681.1,677.2,1.8,,,无
1981-11-18,52645.0,青海,野牛沟,38.41666666666666,99.58333333333331,3180.0,1981,11,18,0.0,无,-8.5,4.0,-18.4,0.37,0.08,677.7,679.8,675.5,1.9,,,无
1981-11-19,52645.0,青海,野牛沟,38.41666666666666,99.58333333333331,3180.0,1981,11,19,0.0,无,-9.5,2.7,-18.8,0.4,0.09,678.1,679.4,676.5,2.3,,,无
1981-11-20,52645.0,青海,野牛沟,38.41666666666666,99.58333333333331,3180.0,1981,11,20,0.0,无,-9.4,5.1,-20.0,0.38,0.09,678.2,680.6,674.4,2.2,,,无
1981-11-21,52645.0,青海,野牛沟,38.41666666666666,99.58333333333331,3180.0,1981,11,21,0.0,无,-7.1,4.0,-17.2,0.37,0.16,676.9,679.3,675.1,2.5,,,无
1981-11-22,52645.0,青海,野牛沟,38.41666666666666,99.58333333333331,3180.0,1981,11,22,0.0,无,-9.8,-0.5,-20.0,0.4,0.17,677.6,679.2,675.0,2.6,,,无
1981-11-23,52645.0,青海,野牛沟,38.41666666666666,99.58333333333331,3180.0,1981,11,23,0.0,无,-8.2,-0.7,-17.4,0.27,0.12,675.3,677.4,673.4,1.9,,,无
1981-11-24,52645.0,青海,野牛沟,38.41666666666666,99.58333333333331,3180.0,1981,11,24,0.0,无,-3.7,1.6,-15.4,0.28,0.12,672.0,676.2,670.4,3.7,,,无
1981-11-25,52645.0,青海,野牛沟,38.41666666666666,99.58333333333331,3180.0,1981,11,25,0.0,无,-8.5,0.4,-16.2,0.52,0.15,674.5,677.8,670.8,1.7,,,无
1981-11-26,52645.0,青海,野牛沟,38.41666666666666,99.58333333333331,3180.0,1981,11,26,0.0,无,-10.8,-2.3,-14.7,0.63,0.28,680.4,681.7,677.8,1.0,,,无
1981-11-27,52645.0,青海,野牛沟,38.41666666666666,99.58333333333331,3180.0,1981,11,27,0.0,无,-13.3,-2.1,-22.7,0.52,0.17,682.2,684.3,679.7,0.9,,,无
1981-11-28,52645.0,青海,野牛沟,38.41666666666666,99.58333333333331,3180.0,1981,11,28,0.0,无,-11.5,-0.4,-18.4,0.53,0.24,680.4,682.1,678.9,2.0,,,无
1981-11-29,52645.0,青海,野牛沟,38.41666666666666,99.58333333333331,3180.0,1981,11,29,0.4,normal,-14.4,-6.5,-19.7,0.5,0.25,680.7,685.0,676.8,1.3,,-16.08819468908957,Snow
1981-11-30,52645.0,青海,野牛沟,38.41666666666666,99.58333333333331,3180.0,1981,11,30,0.0,无,-19.0,-5.1,-28.1,0.53,0.23,685.6,687.3,682.7,1.0,,,无
1981-12-01,52645.0,青海,野牛沟,38.41666666666666,99.58333333333331,3180.0,1981,12,1,0.0,无,-18.0,-4.0,-27.0,0.5,0.21,684.9,687.1,682.4,0.9,,,无
1981-12-02,52645.0,青海,野牛沟,38.41666666666666,99.58333333333331,3180.0,1981,12,2,0.0,无,-17.0,0.3,-26.0,0.46,0.17,681.8,684.1,678.6,1.5,,,无
1981-12-03,52645.0,青海,野牛沟,38.41666666666666,99.58333333333331,3180.0,1981,12,3,0.0,无,-13.1,1.0,-23.3,0.4,0.17,678.7,680.8,675.0,1.0,,,无
1981-12-04,52645.0,青海,野牛沟,38.41666666666666,99.58333333333331,3180.0,1981,12,4,0.0,无,-13.5,-5.4,-22.0,0.44,0.24,680.5,681.6,678.2,1.1,,,无
1981-12-05,52645.0,青海,野牛沟,38.41666666666666,99.58333333333331,3180.0,1981,12,5,0.0,无,-13.7,-2.7,-21.0,0.43,0.09,680.5,681.4,677.8,1.7,,,无
1981-12-06,52645.0,青海,野牛沟,38.41666666666666,99.58333333333331,3180.0,1981,12,6,0.0,无,-15.1,-3.0,-24.7,0.37,0.12,684.3,687.2,681.4,1.1,,,无
1981-12-07,52645.0,青海,野牛沟,38.41666666666666,99.58333333333331,3180.0,1981,12,7,0.0,无,-15.8,-2.4,-23.7,0.43,0.23,679.3,683.0,675.3,1.1,,,无
1981-12-08,52645.0,青海,野牛沟,38.41666666666666,99.58333333333331,3180.0,1981,12,8,0.0,无,-11.2,-3.6,-17.4,0.34,0.16,678.0,679.8,676.7,1.0,,,无
1981-12-09,52645.0,青海,野牛沟,38.41666666666666,99.58333333333331,3180.0,1981,12,9,0.0,无,-11.4,-0.4,-20.4,0.47,0.29,681.7,683.5,679.8,1.4,,,无
1981-12-10,52645.0,青海,野牛沟,38.41666666666666,99.58333333333331,3180.0,1981,12,10,0.0,无,-13.8,-0.8,-23.0,0.4,0.07,684.2,686.1,681.5,1.4,,,无
1981-12-11,52645.0,青海,野牛沟,38.41666666666666,99.58333333333331,3180.0,1981,12,11,0.0,无,-16.0,-1.8,-24.8,0.42,0.18,683.5,685.7,680.1,1.0,,,无
1981-12-12,52645.0,青海,野牛沟,38.41666666666666,99.58333333333331,3180.0,1981,12,12,0.0,无,-13.9,-2.0,-22.9,0.41,0.24,681.5,682.6,679.0,1.4,,,无
1981-12-13,52645.0,青海,野牛沟,38.41666666666666,99.58333333333331,3180.0,1981,12,13,0.0,无,-11.8,-2.5,-20.7,0.43,0.26,683.6,685.4,682.0,1.0,,,无
1981-12-14,52645.0,青海,野牛沟,38.41666666666666,99.58333333333331,3180.0,1981,12,14,0.4,normal,-13.2,-9.1,-17.3,0.68,0.38,682.4,683.5,680.7,0.2,,-14.356665354315453,Snow
1981-12-15,52645.0,青海,野牛沟,38.41666666666666,99.58333333333331,3180.0,1981,12,15,0.0,无,-20.5,-9.5,-27.5,0.61,0.35,681.5,683.9,678.6,0.6,,,无
1981-12-16,52645.0,青海,野牛沟,38.41666666666666,99.58333333333331,3180.0,1981,12,16,0.0,无,-20.6,-10.8,-28.0,0.55,0.37,675.7,679.1,672.2,0.6,,,无
1981-12-17,52645.0,青海,野牛沟,38.41666666666666,99.58333333333331,3180.0,1981,12,17,0.5,normal,-22.9,-14.5,-30.0,0.64,0.34,682.5,684.9,677.2,0.5,,-23.564186034334853,Snow
1981-12-18,52645.0,青海,野牛沟,38.41666666666666,99.58333333333331,3180.0,1981,12,18,0.0,无,-23.7,-9.3,-31.8,0.54,0.22,685.3,686.9,683.1,0.9,,,无
1981-12-19,52645.0,青海,野牛沟,38.41666666666666,99.58333333333331,3180.0,1981,12,19,0.0,无,-22.8,-9.8,-31.3,0.57,0.3,683.0,685.1,680.1,0.7,,,无
1981-12-20,52645.0,青海,野牛沟,38.41666666666666,99.58333333333331,3180.0,1981,12,20,0.0,无,-21.8,-8.0,-29.3,0.45,0.14,680.7,681.8,679.1,0.7,,,无
1981-12-21,52645.0,青海,野牛沟,38.41666666666666,99.58333333333331,3180.0,1981,12,21,0.0,无,-21.2,-7.0,-30.4,0.4,0.16,682.4,684.0,681.0,0.8,,,无
1981-12-22,52645.0,青海,野牛沟,38.41666666666666,99.58333333333331,3180.0,1981,12,22,0.0,无,-20.0,-6.2,-28.9,0.37,0.1,681.6,683.7,678.6,1.0,,,无
1981-12-23,52645.0,青海,野牛沟,38.41666666666666,99.58333333333331,3180.0,1981,12,23,0.0,无,-18.4,-5.0,-27.4,0.39,0.16,678.5,680.2,676.2,0.8,,,无
1981-12-24,52645.0,青海,野牛沟,38.41666666666666,99.58333333333331,3180.0,1981,12,24,0.0,无,-16.0,-5.0,-25.5,0.5,0.23,677.6,679.1,674.8,1.0,,,无
1981-12-25,52645.0,青海,野牛沟,38.41666666666666,99.58333333333331,3180.0,1981,12,25,0.0,无,-15.4,-5.4,-25.3,0.41,0.11,678.2,680.9,675.7,1.2,,,无
1981-12-26,52645.0,青海,野牛沟,38.41666666666666,99.58333333333331,3180.0,1981,12,26,0.0,无,-12.4,-1.3,-26.5,0.27,0.06,673.4,675.7,671.1,1.9,,,无
1981-12-27,52645.0,青海,野牛沟,38.41666666666666,99.58333333333331,3180.0,1981,12,27,0.0,无,-5.2,-3.0,-13.2,0.19,0.06,672.2,673.1,671.1,3.2,,,无
1981-12-28,52645.0,青海,野牛沟,38.41666666666666,99.58333333333331,3180.0,1981,12,28,0.0,无,-11.1,-2.1,-18.7,0.37,0.12,673.6,675.7,671.6,2.2,,,无
1981-12-29,52645.0,青海,野牛沟,38.41666666666666,99.58333333333331,3180.0,1981,12,29,0.0,无,-17.6,-7.5,-25.8,0.51,0.24,675.6,677.0,673.6,0.9,,,无
1981-12-30,52645.0,青海,野牛沟,38.41666666666666,99.58333333333331,3180.0,1981,12,30,0.0,无,-17.9,-5.2,-24.9,0.52,0.14,677.0,678.5,675.2,1.1,,,无
1981-12-31,52645.0,青海,野牛沟,38.41666666666666,99.58333333333331,3180.0,1981,12,31,0.0,无,-16.8,-4.5,-26.4,0.45,0.19,677.9,679.6,675.6,1.0,,,无
1982-01-01,52645.0,青海,野牛沟,38.41666666666666,99.58333333333331,3180.0,1982,1,1,0.0,无,-15.9,-2.5,-24.5,0.57,0.14,676.5,678.4,674.2,0.9,,,无
1982-01-02,52645.0,青海,野牛沟,38.41666666666666,99.58333333333331,3180.0,1982,1,2,0.0,无,-8.8,-1.7,-18.9,0.24,0.09,672.0,675.4,669.8,2.9,,,无
1982-01-03,52645.0,青海,野牛沟,38.41666666666666,99.58333333333331,3180.0,1982,1,3,0.0,无,-17.8,-4.7,-26.8,0.36,0.06,677.8,679.6,675.4,1.3,,,无
1982-01-04,52645.0,青海,野牛沟,38.41666666666666,99.58333333333331,3180.0,1982,1,4,0.0,无,-18.3,-4.5,-27.7,0.37,0.11,678.2,679.9,676.3,1.2,,,无
1982-01-05,52645.0,青海,野牛沟,38.41666666666666,99.58333333333331,3180.0,1982,1,5,0.0,无,-14.3,-2.2,-23.1,0.43,0.19,677.2,678.5,675.0,1.2,,,无
1982-01-06,52645.0,青海,野牛沟,38.41666666666666,99.58333333333331,3180.0,1982,1,6,0.0,无,-14.5,-2.0,-22.9,0.61,0.28,682.0,684.4,678.5,1.2,,,无
1982-01-07,52645.0,青海,野牛沟,38.41666666666666,99.58333333333331,3180.0,1982,1,7,0.0,无,-15.3,-2.3,-23.8,0.42,0.18,682.6,684.8,681.2,0.8,,,无
1982-01-08,52645.0,青海,野牛沟,38.41666666666666,99.58333333333331,3180.0,1982,1,8,0.0,无,-15.8,-1.7,-24.9,0.43,0.11,681.5,683.8,679.1,1.3,,,无
1982-01-09,52645.0,青海,野牛沟,38.41666666666666,99.58333333333331,3180.0,1982,1,9,0.0,无,-14.2,0.0,-24.4,0.44,0.26,678.3,680.2,675.6,1.3,,,无
1982-01-10,52645.0,青海,野牛沟,38.41666666666666,99.58333333333331,3180.0,1982,1,10,0.0,无,-12.5,0.6,-22.4,0.5,0.22,676.4,677.8,674.3,1.4,,,无
1982-01-11,52645.0,青海,野牛沟,38.41666666666666,99.58333333333331,3180.0,1982,1,11,0.0,无,-14.0,-1.0,-21.4,0.56,0.3,678.5,680.2,675.8,0.5,,,无
1982-01-12,52645.0,青海,野牛沟,38.41666666666666,99.58333333333331,3180.0,1982,1,12,0.0,无,-14.3,-2.9,-21.5,0.63,0.38,679.6,681.1,678.2,0.5,,,无
1982-01-13,52645.0,青海,野牛沟,38.41666666666666,99.58333333333331,3180.0,1982,1,13,0.0,无,-15.4,-3.4,-24.4,0.6,0.21,679.3,680.8,677.1,1.0,,,无
1982-01-14,52645.0,青海,野牛沟,38.41666666666666,99.58333333333331,3180.0,1982,1,14,0.0,无,-17.4,-4.0,-25.8,0.45,0.09,679.0,680.3,677.6,1.0,,,无
1982-01-15,52645.0,青海,野牛沟,38.41666666666666,99.58333333333331,3180.0,1982,1,15,0.0,无,-16.8,-4.5,-25.8,0.37,0.09,680.6,682.3,678.5,0.8,,,无
1982-01-16,52645.0,青海,野牛沟,38.41666666666666,99.58333333333331,3180.0,1982,1,16,0.0,无,-16.2,-4.6,-24.4,0.39,0.12,679.7,681.1,677.8,1.2,,,无
1982-01-17,52645.0,青海,野牛沟,38.41666666666666,99.58333333333331,3180.0,1982,1,17,0.0,无,-16.2,-3.5,-23.9,0.36,0.16,680.5,682.4,679.2,1.2,,,无
1982-01-18,52645.0,青海,野牛沟,38.41666666666666,99.58333333333331,3180.0,1982,1,18,0.0,无,-17.4,-3.7,-27.0,0.39,0.12,678.6,681.2,675.4,1.2,,,无
1982-01-19,52645.0,青海,野牛沟,38.41666666666666,99.58333333333331,3180.0,1982,1,19,0.0,无,-15.5,-2.6,-24.6,0.34,0.12,675.6,676.9,674.7,1.3,,,无
1982-01-20,52645.0,青海,野牛沟,38.41666666666666,99.58333333333331,3180.0,1982,1,20,0.0,无,-18.3,-5.0,-27.3,0.36,0.09,675.8,677.3,674.1,1.2,,,无
1982-01-21,52645.0,青海,野牛沟,38.41666666666666,99.58333333333331,3180.0,1982,1,21,0.0,无,-17.0,-1.0,-26.8,0.31,0.08,674.7,676.2,672.8,1.1,,,无
1982-01-22,52645.0,青海,野牛沟,38.41666666666666,99.58333333333331,3180.0,1982,1,22,0.0,无,-13.4,-1.5,-22.6,0.28,0.1,671.4,674.5,669.1,1.4,,,无
1982-01-23,52645.0,青海,野牛沟,38.41666666666666,99.58333333333331,3180.0,1982,1,23,0.0,无,-11.5,-3.2,-17.7,0.33,0.15,672.1,673.8,670.6,1.0,,,无
1982-01-24,52645.0,青海,野牛沟,38.41666666666666,99.58333333333331,3180.0,1982,1,24,0.0,无,-11.1,1.7,-20.8,0.36,0.1,675.2,677.6,672.5,2.0,,,无
1982-01-25,52645.0,青海,野牛沟,38.41666666666666,99.58333333333331,3180.0,1982,1,25,0.0,无,-12.1,-0.2,-20.7,0.5,0.21,680.7,681.7,677.6,1.3,,,无
1982-01-26,52645.0,青海,野牛沟,38.41666666666666,99.58333333333331,3180.0,1982,1,26,0.0,无,-12.7,0.8,-21.8,0.5,0.25,680.8,684.1,677.6,0.9,,,无
1982-01-27,52645.0,青海,野牛沟,38.41666666666666,99.58333333333331,3180.0,1982,1,27,0.0,无,-10.2,1.0,-17.9,0.4,0.21,677.9,679.2,675.3,1.4,,,无
1982-01-28,52645.0,青海,野牛沟,38.41666666666666,99.58333333333331,3180.0,1982,1,28,0.0,无,-8.0,-1.5,-12.3,0.38,0.22,674.4,678.3,672.4,1.9,,,无
1982-01-29,52645.0,青海,野牛沟,38.41666666666666,99.58333333333331,3180.0,1982,1,29,0.0,无,-12.9,-3.7,-22.6,0.55,0.25,676.8,678.7,674.2,1.1,,,无
1982-01-30,52645.0,青海,野牛沟,38.41666666666666,99.58333333333331,3180.0,1982,1,30,0.0,无,-12.0,-4.0,-20.4,0.51,0.25,674.8,677.2,672.9,1.4,,,无
1982-01-31,52645.0,青海,野牛沟,38.41666666666666,99.58333333333331,3180.0,1982,1,31,0.0,无,-10.6,0.7,-21.2,0.49,0.25,675.3,677.0,673.9,1.6,,,无
1982-02-01,52645.0,青海,野牛沟,38.41666666666666,99.58333333333331,3180.0,1982,2,1,0.0,无,-11.8,-0.7,-20.3,0.52,0.35,676.6,679.2,673.2,1.3,,,无
1982-02-02,52645.0,青海,野牛沟,38.41666666666666,99.58333333333331,3180.0,1982,2,2,0.1,normal,-11.0,-4.6,-15.7,0.59,0.34,672.5,674.2,670.1,1.7,,-12.716298555346114,Snow
1982-02-03,52645.0,青海,野牛沟,38.41666666666666,99.58333333333331,3180.0,1982,2,3,0.4,normal,-14.7,-3.7,-25.1,0.67,0.36,671.5,672.5,669.6,1.5,,-15.79856612449596,Snow
1982-02-04,52645.0,青海,野牛沟,38.41666666666666,99.58333333333331,3180.0,1982,2,4,0.0,无,-15.5,-3.5,-25.6,0.53,0.13,674.1,676.2,671.6,1.6,,,无
1982-02-05,52645.0,青海,野牛沟,38.41666666666666,99.58333333333331,3180.0,1982,2,5,0.0,无,-15.5,-3.5,-25.3,0.44,0.12,675.6,677.6,673.2,,,,无
1982-02-06,52645.0,青海,野牛沟,38.41666666666666,99.58333333333331,3180.0,1982,2,6,1.1,normal,-14.5,-6.3,-19.9,0.61,0.25,673.4,675.0,671.2,0.9,,-15.814634925998913,Snow
1982-02-07,52645.0,青海,野牛沟,38.41666666666666,99.58333333333331,3180.0,1982,2,7,0.0,无,-19.4,-7.3,-25.6,0.75,0.36,673.2,674.6,671.7,0.5,,,无
1982-02-08,52645.0,青海,野牛沟,38.41666666666666,99.58333333333331,3180.0,1982,2,8,0.0,无,-18.6,-5.2,-28.6,0.5,0.23,674.5,675.7,672.6,1.5,,,无
1982-02-09,52645.0,青海,野牛沟,38.41666666666666,99.58333333333331,3180.0,1982,2,9,0.0,无,-17.5,-4.9,-27.6,0.44,0.2,677.7,679.7,675.7,1.2,,,无
1982-02-10,52645.0,青海,野牛沟,38.41666666666666,99.58333333333331,3180.0,1982,2,10,0.0,无,-17.2,-4.1,-27.8,0.39,0.1,676.5,678.1,674.0,1.3,,,无
1982-02-11,52645.0,青海,野牛沟,38.41666666666666,99.58333333333331,3180.0,1982,2,11,0.0,无,-14.5,-2.2,-25.8,0.4,0.11,673.6,676.1,670.3,1.5,,,无
1982-02-12,52645.0,青海,野牛沟,38.41666666666666,99.58333333333331,3180.0,1982,2,12,0.0,无,-14.6,-2.0,-24.5,0.38,0.18,674.3,676.4,671.9,1.4,,,无
1982-02-13,52645.0,青海,野牛沟,38.41666666666666,99.58333333333331,3180.0,1982,2,13,0.0,无,-12.7,1.1,-23.6,0.4,0.11,676.1,678.7,673.8,2.0,,,无
1982-02-14,52645.0,青海,野牛沟,38.41666666666666,99.58333333333331,3180.0,1982,2,14,0.3,normal,-13.2,-5.5,-20.9,0.73,0.27,677.0,678.2,674.8,0.7,,-14.17989551960115,Snow
1982-02-15,52645.0,青海,野牛沟,38.41666666666666,99.58333333333331,3180.0,1982,2,15,0.2,normal,-14.8,-9.2,-21.7,0.76,0.56,675.5,678.4,673.6,0.6,,-15.588243530790816,Snow
1982-02-16,52645.0,青海,野牛沟,38.41666666666666,99.58333333333331,3180.0,1982,2,16,0.0,无,-15.0,0.7,-26.0,0.56,0.19,671.5,674.0,668.2,1.4,,,无
1982-02-17,52645.0,青海,野牛沟,38.41666666666666,99.58333333333331,3180.0,1982,2,17,0.3,normal,-10.4,-2.2,-16.9,0.61,0.24,669.3,671.5,666.8,1.3,,-12.094790830132705,Snow
1982-02-18,52645.0,青海,野牛沟,38.41666666666666,99.58333333333331,3180.0,1982,2,18,0.2,normal,-14.5,-4.3,-22.4,0.74,0.32,672.6,673.8,669.9,1.0,,-15.373735696932812,Snow
1982-02-19,52645.0,青海,野牛沟,38.41666666666666,99.58333333333331,3180.0,1982,2,19,0.1,normal,-14.1,-3.5,-21.1,0.68,0.23,672.5,674.1,670.0,0.9,,-15.20514750776361,Snow
1982-02-20,52645.0,青海,野牛沟,38.41666666666666,99.58333333333331,3180.0,1982,2,20,0.0,无,-15.6,-1.2,-26.8,0.41,0.15,673.1,675.4,670.5,1.9,,,无
1982-02-21,52645.0,青海,野牛沟,38.41666666666666,99.58333333333331,3180.0,1982,2,21,1.0,normal,-13.5,-1.0,-22.1,0.58,0.23,670.9,673.4,668.1,1.4,,-15.013851898726397,Snow
1982-02-22,52645.0,青海,野牛沟,38.41666666666666,99.58333333333331,3180.0,1982,2,22,1.3,normal,-13.6,-7.5,-17.0,0.7,0.45,675.3,679.0,671.2,1.3,,-14.665137334180823,Snow
1982-02-23,52645.0,青海,野牛沟,38.41666666666666,99.58333333333331,3180.0,1982,2,23,0.0,无,-18.5,-7.9,-27.1,0.67,0.4,677.0,679.3,674.9,1.2,,,无
1982-02-24,52645.0,青海,野牛沟,38.41666666666666,99.58333333333331,3180.0,1982,2,24,0.0,无,-17.2,-3.5,-25.8,0.6,0.37,674.3,677.9,671.7,1.3,,,无
1982-02-25,52645.0,青海,野牛沟,38.41666666666666,99.58333333333331,3180.0,1982,2,25,0.0,无,-12.4,-2.6,-22.0,0.52,0.2,675.5,676.8,673.1,1.8,,,无
1982-02-26,52645.0,青海,野牛沟,38.41666666666666,99.58333333333331,3180.0,1982,2,26,0.0,无,-13.7,-1.4,-25.4,0.45,0.14,675.8,678.1,672.8,1.8,,,无
1982-02-27,52645.0,青海,野牛沟,38.41666666666666,99.58333333333331,3180.0,1982,2,27,0.0,无,-10.9,-4.0,-18.3,0.32,0.02,676.1,678.5,673.8,2.5,,,无
1982-02-28,52645.0,青海,野牛沟,38.41666666666666,99.58333333333331,3180.0,1982,2,28,0.0,无,-13.9,1.9,-25.0,0.31,0.07,678.2,680.4,674.2,2.4,,,无
1982-03-01,52645.0,青海,野牛沟,38.41666666666666,99.58333333333331,3180.0,1982,3,1,0.0,无,-10.3,2.8,-20.4,0.46,0.11,675.9,678.2,672.7,2.5,,,无
1982-03-02,52645.0,青海,野牛沟,38.41666666666666,99.58333333333331,3180.0,1982,3,2,0.5,normal,-8.2,-1.8,-12.9,0.64,0.41,674.3,675.5,672.9,1.9,,-9.95849954390517,Snow
1982-03-03,52645.0,青海,野牛沟,38.41666666666666,99.58333333333331,3180.0,1982,3,3,0.9,normal,-10.1,-2.0,-14.5,0.83,0.42,671.4,674.0,668.4,1.3,,-10.842083172894391,Snow
1982-03-04,52645.0,青海,野牛沟,38.41666666666666,99.58333333333331,3180.0,1982,3,4,2.1,normal,-12.2,-7.0,-16.7,0.81,0.63,671.0,673.2,669.7,0.4,,-12.93519003065201,Snow
1982-03-05,52645.0,青海,野牛沟,38.41666666666666,99.58333333333331,3180.0,1982,3,5,0.2,normal,-17.4,-7.9,-26.5,0.75,0.48,672.6,673.8,670.9,1.4,,-18.09405544462254,Snow
1982-03-06,52645.0,青海,野牛沟,38.41666666666666,99.58333333333331,3180.0,1982,3,6,2.4,normal,-19.7,-9.0,-27.6,0.77,0.52,674.7,675.9,672.9,0.9,,-20.242289068635465,Snow
1982-03-07,52645.0,青海,野牛沟,38.41666666666666,99.58333333333331,3180.0,1982,3,7,0.4,normal,-21.0,-9.4,-30.5,0.71,0.45,677.0,678.7,674.9,1.3,,-21.620967549005464,Snow
1982-03-08,52645.0,青海,野牛沟,38.41666666666666,99.58333333333331,3180.0,1982,3,8,0.0,无,-20.6,-7.4,-30.3,0.56,0.31,678.5,681.6,676.6,1.8,,,无
1982-03-09,52645.0,青海,野牛沟,38.41666666666666,99.58333333333331,3180.0,1982,3,9,0.0,无,-17.9,-4.0,-29.4,0.58,0.3,675.8,677.8,673.2,1.5,,,无
1982-03-10,52645.0,青海,野牛沟,38.41666666666666,99.58333333333331,3180.0,1982,3,10,0.0,无,-14.4,-2.8,-26.0,0.64,0.33,676.1,677.7,673.6,1.6,,,无
1982-03-11,52645.0,青海,野牛沟,38.41666666666666,99.58333333333331,3180.0,1982,3,11,0.0,无,-9.9,1.0,-21.7,0.57,0.28,676.0,677.3,673.5,2.8,,,无
1982-03-12,52645.0,青海,野牛沟,38.41666666666666,99.58333333333331,3180.0,1982,3,12,0.0,无,-10.9,1.3,-20.7,0.52,0.2,677.6,679.5,674.5,2.9,,,无
1982-03-13,52645.0,青海,野牛沟,38.41666666666666,99.58333333333331,3180.0,1982,3,13,0.4,normal,-10.9,-2.1,-19.9,0.7,0.39,677.2,679.0,674.7,0.8,,-12.151012075578663,Snow
1982-03-14,52645.0,青海,野牛沟,38.41666666666666,99.58333333333331,3180.0,1982,3,14,0.1,normal,-10.7,-1.8,-18.2,0.62,0.16,675.8,679.0,671.7,1.5,,-12.311235388913001,Snow
1982-03-15,52645.0,青海,野牛沟,38.41666666666666,99.58333333333331,3180.0,1982,3,15,0.0,无,-7.9,0.4,-14.7,0.46,0.22,673.1,674.4,672.1,2.6,,,无
1982-03-16,52645.0,青海,野牛沟,38.41666666666666,99.58333333333331,3180.0,1982,3,16,0.3,normal,-10.6,-2.5,-17.4,0.7,0.38,673.5,674.5,672.1,1.5,,-11.877817736289543,Snow
1982-03-17,52645.0,青海,野牛沟,38.41666666666666,99.58333333333331,3180.0,1982,3,17,0.0,无,-9.5,3.1,-20.4,0.57,0.23,673.3,675.9,668.9,2.3,,,无
1982-03-18,52645.0,青海,野牛沟,38.41666666666666,99.58333333333331,3180.0,1982,3,18,1.6,normal,-5.7,0.5,-8.5,0.72,0.33,672.7,674.9,670.3,2.4,,-7.253813196399972,Snow
1982-03-19,52645.0,青海,野牛沟,38.41666666666666,99.58333333333331,3180.0,1982,3,19,0.0,无,-8.7,0.7,-17.2,0.54,0.24,676.0,677.4,673.7,2.2,,,无
1982-03-20,52645.0,青海,野牛沟,38.41666666666666,99.58333333333331,3180.0,1982,3,20,0.0,无,-8.0,5.4,-19.4,0.5,0.01,676.0,679.0,672.7,3.4,,,无
1982-03-21,52645.0,青海,野牛沟,38.41666666666666,99.58333333333331,3180.0,1982,3,21,0.0,无,-3.8,9.5,-14.9,0.47,0.15,674.5,676.5,672.1,4.0,,,无
1982-03-22,52645.0,青海,野牛沟,38.41666666666666,99.58333333333331,3180.0,1982,3,22,0.0,无,-3.2,10.1,-13.0,0.5,0.15,674.6,675.8,671.8,4.5,,,无
1982-03-23,52645.0,青海,野牛沟,38.41666666666666,99.58333333333331,3180.0,1982,3,23,1.4,normal,-4.1,3.7,-10.5,0.8,0.33,677.8,679.3,674.8,2.0,,-5.287870019598961,Snow
1982-03-24,52645.0,青海,野牛沟,38.41666666666666,99.58333333333331,3180.0,1982,3,24,1.5,normal,-4.6,4.5,-11.2,0.67,0.28,680.0,682.0,676.7,3.2,,-6.529002277638747,Snow
1982-03-25,52645.0,青海,野牛沟,38.41666666666666,99.58333333333331,3180.0,1982,3,25,0.0,无,-3.7,4.8,-10.1,0.61,0.28,678.3,680.4,675.3,2.1,,,无
1982-03-26,52645.0,青海,野牛沟,38.41666666666666,99.58333333333331,3180.0,1982,3,26,0.2,normal,-2.2,4.4,-7.5,0.71,0.34,678.5,679.4,676.8,2.4,,-4.096018077372192,Snow
1982-03-27,52645.0,青海,野牛沟,38.41666666666666,99.58333333333331,3180.0,1982,3,27,0.1,normal,-1.8,4.5,-5.5,0.81,0.52,677.5,679.1,675.9,2.2,,-3.0539410566455105,Snow
1982-03-28,52645.0,青海,野牛沟,38.41666666666666,99.58333333333331,3180.0,1982,3,28,4.2,normal,-4.2,3.8,-10.0,0.81,0.47,678.3,679.1,677.1,3.0,,-5.321706615148156,Snow
1982-03-29,52645.0,青海,野牛沟,38.41666666666666,99.58333333333331,3180.0,1982,3,29,0.0,无,-1.5,9.5,-10.4,0.54,0.13,678.9,681.4,676.4,4.0,,,无
1982-03-30,52645.0,青海,野牛沟,38.41666666666666,99.58333333333331,3180.0,1982,3,30,0.0,无,0.7,8.5,-7.8,0.43,0.01,678.3,679.8,675.2,3.8,,,无
1982-03-31,52645.0,青海,野牛沟,38.41666666666666,99.58333333333331,3180.0,1982,3,31,0.0,无,-0.6,9.9,-8.4,0.46,0.13,677.5,679.4,673.7,5.2,,,无
1982-04-01,52645.0,青海,野牛沟,38.41666666666666,99.58333333333331,3180.0,1982,4,1,1.6,normal,-6.0,2.4,-8.5,0.63,0.36,680.4,681.3,676.1,2.8,,-8.020494767797523,Snow
1982-04-02,52645.0,青海,野牛沟,38.41666666666666,99.58333333333331,3180.0,1982,4,2,0.0,无,-5.8,0.6,-9.3,0.65,0.36,681.7,682.6,680.4,2.0,,,无
1982-04-03,52645.0,青海,野牛沟,38.41666666666666,99.58333333333331,3180.0,1982,4,3,0.4,normal,-4.3,4.7,-10.5,0.65,0.32,682.8,684.1,680.8,3.9,,-6.374419494282777,Snow
1982-04-04,52645.0,青海,野牛沟,38.41666666666666,99.58333333333331,3180.0,1982,4,4,0.0,无,-2.9,7.4,-12.0,0.4,0.08,679.8,682.4,677.0,4.1,,,无
1982-04-05,52645.0,青海,野牛沟,38.41666666666666,99.58333333333331,3180.0,1982,4,5,0.0,无,-2.0,9.7,-11.5,0.43,0.06,677.8,678.8,676.0,4.8,,,无
1982-04-06,52645.0,青海,野牛沟,38.41666666666666,99.58333333333331,3180.0,1982,4,6,0.0,无,-1.9,6.6,-9.0,0.67,0.2,680.8,682.4,677.5,3.2,,,无
1982-04-07,52645.0,青海,野牛沟,38.41666666666666,99.58333333333331,3180.0,1982,4,7,0.2,normal,-4.2,0.2,-7.0,0.78,0.53,683.0,685.3,680.7,1.8,,-5.49664340413361,Snow
1982-04-08,52645.0,青海,野牛沟,38.41666666666666,99.58333333333331,3180.0,1982,4,8,0.0,无,-5.0,1.5,-11.3,0.77,0.47,684.4,687.6,681.6,2.3,,,无
1982-04-09,52645.0,青海,野牛沟,38.41666666666666,99.58333333333331,3180.0,1982,4,9,0.9,normal,-4.1,-1.0,-5.3,0.81,0.64,680.8,682.1,679.9,2.0,,-5.224653240392443,Snow
1982-04-10,52645.0,青海,野牛沟,38.41666666666666,99.58333333333331,3180.0,1982,4,10,0.0,无,-5.1,2.3,-11.6,0.58,0.19,679.4,681.8,677.7,4.7,,,无
1982-04-11,52645.0,青海,野牛沟,38.41666666666666,99.58333333333331,3180.0,1982,4,11,0.0,无,-4.8,3.3,-11.3,0.51,0.21,680.1,680.8,678.6,3.6,,,无
1982-04-12,52645.0,青海,野牛沟,38.41666666666666,99.58333333333331,3180.0,1982,4,12,0.2,normal,-5.9,-0.9,-8.5,0.65,0.36,683.7,684.7,680.8,2.8,,-7.81266073580944,Snow
1982-04-13,52645.0,青海,野牛沟,38.41666666666666,99.58333333333331,3180.0,1982,4,13,0.0,无,-4.0,6.0,-11.6,0.57,0.11,683.3,686.4,679.6,3.7,,,无
1982-04-14,52645.0,青海,野牛沟,38.41666666666666,99.58333333333331,3180.0,1982,4,14,0.0,无,-2.2,6.2,-10.1,0.42,0.13,681.6,683.3,680.0,4.4,,,无
1982-04-15,52645.0,青海,野牛沟,38.41666666666666,99.58333333333331,3180.0,1982,4,15,0.0,无,-2.2,6.1,-9.5,0.46,0.21,680.8,682.6,678.3,3.6,,,无
1982-04-16,52645.0,青海,野牛沟,38.41666666666666,99.58333333333331,3180.0,1982,4,16,0.4,normal,-3.1,3.5,-8.8,0.79,0.25,680.0,681.5,677.2,2.2,,-4.406074608464077,Snow
1982-04-17,52645.0,青海,野牛沟,38.41666666666666,99.58333333333331,3180.0,1982,4,17,0.0,无,-3.0,8.0,-11.0,0.61,0.11,678.8,680.8,676.3,3.8,,,无
1982-04-18,52645.0,青海,野牛沟,38.41666666666666,99.58333333333331,3180.0,1982,4,18,0.0,无,-0.8,7.6,-7.9,0.54,0.17,676.9,678.5,675.2,4.9,,,无
1982-04-19,52645.0,青海,野牛沟,38.41666666666666,99.58333333333331,3180.0,1982,4,19,0.0,无,-2.1,7.1,-11.0,0.43,0.07,678.5,679.7,676.6,5.6,,,无
1982-04-20,52645.0,青海,野牛沟,38.41666666666666,99.58333333333331,3180.0,1982,4,20,0.0,无,-1.3,11.0,-10.5,0.38,0.01,678.6,680.5,675.8,5.7,,,无
1982-04-21,52645.0,青海,野牛沟,38.41666666666666,99.58333333333331,3180.0,1982,4,21,0.0,无,-0.2,7.5,-7.5,0.41,0.08,680.2,681.1,677.4,4.7,,,无
1982-04-22,52645.0,青海,野牛沟,38.41666666666666,99.58333333333331,3180.0,1982,4,22,0.1,normal,-0.5,6.8,-8.5,0.61,0.22,682.5,684.0,680.6,4.3,,-3.270900490154296,Snow
1982-04-23,52645.0,青海,野牛沟,38.41666666666666,99.58333333333331,3180.0,1982,4,23,0.0,无,-1.0,7.9,-9.0,0.48,0.15,681.3,683.9,677.8,4.5,,,无
1982-04-24,52645.0,青海,野牛沟,38.41666666666666,99.58333333333331,3180.0,1982,4,24,0.0,无,-0.3,8.2,-7.8,0.57,0.16,678.2,680.3,676.1,4.4,,,无
1982-04-25,52645.0,青海,野牛沟,38.41666666666666,99.58333333333331,3180.0,1982,4,25,2.1,normal,0.3,9.5,-9.2,0.55,0.12,676.5,678.6,674.3,5.5,,-3.0496515162180904,Snow
1982-04-26,52645.0,青海,野牛沟,38.41666666666666,99.58333333333331,3180.0,1982,4,26,0.0,无,0.8,9.5,-6.2,0.5,0.21,675.5,677.0,674.1,5.3,,,无
1982-04-27,52645.0,青海,野牛沟,38.41666666666666,99.58333333333331,3180.0,1982,4,27,0.0,无,-1.7,6.9,-10.6,0.42,0.06,681.2,683.6,677.0,4.3,,,无
1982-04-28,52645.0,青海,野牛沟,38.41666666666666,99.58333333333331,3180.0,1982,4,28,0.0,无,-1.9,7.8,-9.5,0.51,0.11,680.2,681.5,677.6,5.0,,,无
1982-04-29,52645.0,青海,野牛沟,38.41666666666666,99.58333333333331,3180.0,1982,4,29,0.2,normal,-2.7,2.0,-6.0,0.77,0.45,680.9,682.4,679.5,2.9,,-4.158653785472812,Snow
1982-04-30,52645.0,青海,野牛沟,38.41666666666666,99.58333333333331,3180.0,1982,4,30,0.0,无,-1.0,7.0,-8.9,0.46,0.17,684.2,686.1,682.2,5.1,,,无
1982-05-01,52645.0,青海,野牛沟,38.41666666666666,99.58333333333331,3180.0,1982,5,1,0.0,无,0.0,9.9,-9.3,0.42,0.11,681.4,683.9,678.9,5.6,,,无
1982-05-02,52645.0,青海,野牛沟,38.41666666666666,99.58333333333331,3180.0,1982,5,2,0.0,无,2.7,9.3,-3.3,0.31,0.07,681.6,682.9,679.6,9.6,,,无
1982-05-03,52645.0,青海,野牛沟,38.41666666666666,99.58333333333331,3180.0,1982,5,3,0.0,无,0.5,11.2,-8.0,0.35,0.04,680.0,682.4,677.5,6.6,,,无
1982-05-04,52645.0,青海,野牛沟,38.41666666666666,99.58333333333331,3180.0,1982,5,4,0.0,无,0.5,9.0,-6.7,0.47,0.2,678.2,680.1,675.4,5.5,,,无
1982-05-05,52645.0,青海,野牛沟,38.41666666666666,99.58333333333331,3180.0,1982,5,5,0.4,normal,-0.5,6.0,-4.7,0.58,0.28,681.0,681.9,678.6,4.1,,-3.4971728725425555,Snow
1982-05-06,52645.0,青海,野牛沟,38.41666666666666,99.58333333333331,3180.0,1982,5,6,0.0,无,1.2,13.8,-10.6,0.47,0.09,679.8,684.3,675.2,7.0,,,无
1982-05-07,52645.0,青海,野牛沟,38.41666666666666,99.58333333333331,3180.0,1982,5,7,1.9,normal,1.9,9.8,-2.0,0.56,0.17,677.4,678.8,675.4,5.0,,-1.599632143296641,Snow
1982-05-08,52645.0,青海,野牛沟,38.41666666666666,99.58333333333331,3180.0,1982,5,8,0.0,无,2.9,10.9,-3.3,0.53,0.15,678.8,680.3,676.5,6.2,,,无
1982-05-09,52645.0,青海,野牛沟,38.41666666666666,99.58333333333331,3180.0,1982,5,9,0.0,无,2.3,11.7,-6.8,0.49,0.15,678.3,680.6,676.4,6.1,,,无
1982-05-10,52645.0,青海,野牛沟,38.41666666666666,99.58333333333331,3180.0,1982,5,10,0.0,无,4.7,15.5,-3.5,0.53,0.2,676.8,678.8,672.7,6.6,,,无
1982-05-11,52645.0,青海,野牛沟,38.41666666666666,99.58333333333331,3180.0,1982,5,11,8.8,normal,-3.8,8.0,-6.5,0.82,0.52,679.9,683.6,676.2,2.3,,-4.880711117589027,Snow
1982-05-12,52645.0,青海,野牛沟,38.41666666666666,99.58333333333331,3180.0,1982,5,12,0.1,normal,-6.7,-1.5,-11.0,0.75,0.51,685.9,687.0,683.5,3.7,,-7.999537842138529,Snow
1982-05-13,52645.0,青海,野牛沟,38.41666666666666,99.58333333333331,3180.0,1982,5,13,0.8,normal,-2.8,4.6,-8.8,0.56,0.15,684.2,686.6,681.6,4.3,,-5.621910927481131,Snow
1982-05-14,52645.0,青海,野牛沟,38.41666666666666,99.58333333333331,3180.0,1982,5,14,0.0,无,-2.2,4.4,-8.6,0.53,0.15,683.6,685.0,681.8,3.5,,,无
1982-05-15,52645.0,青海,野牛沟,38.41666666666666,99.58333333333331,3180.0,1982,5,15,0.0,无,0.4,5.0,-3.5,0.63,0.43,681.9,684.0,680.5,3.3,,,无
1982-05-16,52645.0,青海,野牛沟,38.41666666666666,99.58333333333331,3180.0,1982,5,16,1.3,normal,1.2,5.3,-3.3,0.68,0.48,682.9,683.8,681.1,2.3,,-1.2260064700780182,Snow
1982-05-17,52645.0,青海,野牛沟,38.41666666666666,99.58333333333331,3180.0,1982,5,17,0.1,normal,1.6,5.5,-1.5,0.55,0.34,685.9,686.8,682.7,4.0,,-1.9155483558875863,Snow
1982-05-18,52645.0,青海,野牛沟,38.41666666666666,99.58333333333331,3180.0,1982,5,18,0.0,无,1.7,9.3,-6.0,0.59,0.27,687.5,688.9,686.4,4.8,,,无
1982-05-19,52645.0,青海,野牛沟,38.41666666666666,99.58333333333331,3180.0,1982,5,19,0.0,无,3.0,11.4,-5.0,0.53,0.24,687.2,688.5,684.3,6.0,,,无
1982-05-20,52645.0,青海,野牛沟,38.41666666666666,99.58333333333331,3180.0,1982,5,20,0.0,无,2.8,7.8,-3.1,0.7,0.44,686.4,687.2,685.7,3.9,,,无
1982-05-21,52645.0,青海,野牛沟,38.41666666666666,99.58333333333331,3180.0,1982,5,21,0.0,无,4.2,13.7,-5.0,0.53,0.2,687.0,688.7,684.7,6.0,,,无
1982-05-22,52645.0,青海,野牛沟,38.41666666666666,99.58333333333331,3180.0,1982,5,22,0.0,无,5.6,13.7,-3.6,0.47,0.18,685.4,686.6,683.6,6.0,,,无
1982-05-23,52645.0,青海,野牛沟,38.41666666666666,99.58333333333331,3180.0,1982,5,23,0.0,无,6.7,15.9,-3.6,0.49,0.19,684.1,685.7,681.6,7.4,,,无
1982-05-24,52645.0,青海,野牛沟,38.41666666666666,99.58333333333331,3180.0,1982,5,24,2.4,normal,5.9,15.7,-0.4,0.62,0.28,684.6,685.8,682.5,4.9,,2.4146438881682064,Rain
1982-05-25,52645.0,青海,野牛沟,38.41666666666666,99.58333333333331,3180.0,1982,5,25,2.0,normal,4.6,10.1,1.6,0.79,0.47,685.7,686.5,684.7,2.9,,2.811065032234654,Snow
1982-05-26,52645.0,青海,野牛沟,38.41666666666666,99.58333333333331,3180.0,1982,5,26,0.0,无,6.9,13.3,1.0,0.69,0.4,685.9,686.9,685.1,4.3,,,无
1982-05-27,52645.0,青海,野牛沟,38.41666666666666,99.58333333333331,3180.0,1982,5,27,0.0,无,6.6,16.3,-2.6,0.65,0.23,683.5,685.9,680.1,6.5,,,无
1982-05-28,52645.0,青海,野牛沟,38.41666666666666,99.58333333333331,3180.0,1982,5,28,0.0,无,9.0,20.0,-2.3,0.49,0.1,680.3,682.1,678.2,9.0,,,无
1982-05-29,52645.0,青海,野牛沟,38.41666666666666,99.58333333333331,3180.0,1982,5,29,0.0,无,9.6,20.6,-0.9,0.48,0.17,679.3,681.4,677.1,9.9,,,无
1982-05-30,52645.0,青海,野牛沟,38.41666666666666,99.58333333333331,3180.0,1982,5,30,2.4,normal,8.0,14.6,3.9,0.62,0.31,680.3,680.9,677.7,4.6,,4.235185948140754,Rain
1982-05-31,52645.0,青海,野牛沟,38.41666666666666,99.58333333333331,3180.0,1982,5,31,15.5,normal,4.7,10.7,0.8,0.86,0.65,680.6,681.2,678.9,2.3,,3.511013128439262,Snow
1982-06-01,52645.0,青海,野牛沟,38.41666666666666,99.58333333333331,3180.0,1982,6,1,0.8,normal,6.9,15.2,1.5,0.76,0.41,680.0,682.4,677.9,6.1,,4.663697059721579,Rain
1982-06-02,52645.0,青海,野牛沟,38.41666666666666,99.58333333333331,3180.0,1982,6,2,0.0,无,8.9,14.9,5.0,0.69,0.42,678.7,680.0,676.6,6.6,,,无
1982-06-03,52645.0,青海,野牛沟,38.41666666666666,99.58333333333331,3180.0,1982,6,3,2.0,normal,7.6,13.4,5.0,0.73,0.47,679.7,682.3,677.0,5.0,,5.010280232700013,Rain
1982-06-04,52645.0,青海,野牛沟,38.41666666666666,99.58333333333331,3180.0,1982,6,4,4.8,normal,5.5,10.0,3.7,0.82,0.57,684.7,686.2,682.3,1.9,,3.922088902083094,Rain
1982-06-05,52645.0,青海,野牛沟,38.41666666666666,99.58333333333331,3180.0,1982,6,5,0.6,normal,4.4,13.1,0.5,0.72,0.3,686.7,688.0,683.6,6.8,,2.010161796664076,Rain
1982-06-06,52645.0,青海,野牛沟,38.41666666666666,99.58333333333331,3180.0,1982,6,6,0.2,normal,4.2,13.0,-1.7,0.68,0.25,687.5,688.3,686.6,6.1,,1.4753667204731569,Rain
1982-06-07,52645.0,青海,野牛沟,38.41666666666666,99.58333333333331,3180.0,1982,6,7,0.0,无,4.8,12.3,-1.6,0.65,0.26,685.7,687.7,683.4,5.1,,,无
1982-06-08,52645.0,青海,野牛沟,38.41666666666666,99.58333333333331,3180.0,1982,6,8,0.0,无,5.3,11.0,-1.0,0.62,0.36,684.6,685.6,684.2,4.6,,,无
1982-06-09,52645.0,青海,野牛沟,38.41666666666666,99.58333333333331,3180.0,1982,6,9,0.0,无,5.8,12.9,-1.7,0.66,0.34,684.9,686.6,682.0,6.6,,,无
1982-06-10,52645.0,青海,野牛沟,38.41666666666666,99.58333333333331,3180.0,1982,6,10,0.7,normal,4.4,7.8,2.0,0.71,0.38,681.9,683.8,679.8,3.9,,1.9130615297107978,Rain
1982-06-11,52645.0,青海,野牛沟,38.41666666666666,99.58333333333331,3180.0,1982,6,11,0.0,无,3.3,11.0,-5.9,0.48,0.18,682.6,683.9,680.7,5.8,,,无
1982-06-12,52645.0,青海,野牛沟,38.41666666666666,99.58333333333331,3180.0,1982,6,12,0.5,normal,3.7,12.6,-5.0,0.54,0.24,680.7,682.4,678.4,4.8,,-0.2370654094236313,Snow
1982-06-13,52645.0,青海,野牛沟,38.41666666666666,99.58333333333331,3180.0,1982,6,13,0.0,无,4.5,12.7,-3.2,0.63,0.28,680.8,682.4,678.0,4.7,,,无
1982-06-14,52645.0,青海,野牛沟,38.41666666666666,99.58333333333331,3180.0,1982,6,14,1.5,normal,4.4,13.4,-2.9,0.65,0.17,682.5,683.7,680.1,5.9,,1.3736995644827532,Rain
1982-06-15,52645.0,青海,野牛沟,38.41666666666666,99.58333333333331,3180.0,1982,6,15,0.0,无,6.2,13.7,-1.1,0.52,0.26,681.5,682.7,679.9,6.6,,,无
1982-06-16,52645.0,青海,野牛沟,38.41666666666666,99.58333333333331,3180.0,1982,6,16,0.0,无,6.7,15.0,-3.4,0.56,0.2,682.3,683.5,681.1,7.4,,,无
1982-06-17,52645.0,青海,野牛沟,38.41666666666666,99.58333333333331,3180.0,1982,6,17,0.0,无,7.6,16.3,-1.1,0.51,0.21,682.1,683.4,680.5,7.0,,,无
1982-06-18,52645.0,青海,野牛沟,38.41666666666666,99.58333333333331,3180.0,1982,6,18,0.1,normal,9.2,19.0,0.5,0.62,0.2,679.0,682.3,676.3,7.6,,5.277216221631105,Rain
1982-06-19,52645.0,青海,野牛沟,38.41666666666666,99.58333333333331,3180.0,1982,6,19,3.3,normal,7.7,17.1,0.5,0.7,0.29,678.6,679.7,677.1,5.8,,4.795866614303033,Rain
1982-06-20,52645.0,青海,野牛沟,38.41666666666666,99.58333333333331,3180.0,1982,6,20,17.5,normal,3.3,7.7,0.0,0.78,0.35,682.5,684.7,678.3,2.5,,1.5084737566924078,Rain
1982-06-21,52645.0,青海,野牛沟,38.41666666666666,99.58333333333331,3180.0,1982,6,21,0.0,无,6.3,14.5,-2.1,0.53,0.17,685.4,686.7,683.0,6.5,,,无
1982-06-22,52645.0,青海,野牛沟,38.41666666666666,99.58333333333331,3180.0,1982,6,22,0.0,无,6.8,14.1,-1.0,0.49,0.17,684.7,685.2,682.5,7.9,,,无
1982-06-23,52645.0,青海,野牛沟,38.41666666666666,99.58333333333331,3180.0,1982,6,23,0.0,无,6.8,17.3,-3.4,0.49,0.09,682.9,685.7,679.8,7.9,,,无
1982-06-24,52645.0,青海,野牛沟,38.41666666666666,99.58333333333331,3180.0,1982,6,24,0.0,无,8.5,17.5,-1.5,0.45,0.19,680.5,682.0,678.8,8.5,,,无
1982-06-25,52645.0,青海,野牛沟,38.41666666666666,99.58333333333331,3180.0,1982,6,25,0.3,normal,7.6,13.5,4.6,0.64,0.22,680.9,681.5,679.2,5.4,,4.09568135867135,Rain
1982-06-26,52645.0,青海,野牛沟,38.41666666666666,99.58333333333331,3180.0,1982,6,26,0.2,normal,8.0,11.7,2.6,0.69,0.45,681.6,681.9,681.0,3.4,,4.9689695233686715,Rain
1982-06-27,52645.0,青海,野牛沟,38.41666666666666,99.58333333333331,3180.0,1982,6,27,3.9,normal,5.4,14.5,-1.3,0.73,0.31,682.3,683.0,680.8,4.6,,3.005536947918297,Rain
1982-06-28,52645.0,青海,野牛沟,38.41666666666666,99.58333333333331,3180.0,1982,6,28,3.7,normal,6.4,14.0,2.2,0.77,0.4,682.9,684.1,681.6,5.4,,4.300692250443476,Rain
1982-06-29,52645.0,青海,野牛沟,38.41666666666666,99.58333333333331,3180.0,1982,6,29,0.4,normal,9.0,18.0,-0.5,0.6,0.16,682.5,683.7,680.8,6.7,,4.891464246875663,Rain
1982-06-30,52645.0,青海,野牛沟,38.41666666666666,99.58333333333331,3180.0,1982,6,30,0.0,无,10.8,19.9,1.8,0.52,0.2,681.2,682.9,679.2,7.8,,,无
1982-07-01,52645.0,青海,野牛沟,38.41666666666666,99.58333333333331,3180.0,1982,7,1,1.0,normal,10.9,15.8,5.1,0.57,0.26,680.5,682.0,678.5,6.7,,6.167620948373398,Rain
1982-07-02,52645.0,青海,野牛沟,38.41666666666666,99.58333333333331,3180.0,1982,7,2,1.6,normal,8.9,16.4,3.0,0.65,0.33,680.4,681.3,679.1,6.8,,5.345594814378374,Rain
1982-07-03,52645.0,青海,野牛沟,38.41666666666666,99.58333333333331,3180.0,1982,7,3,0.0,无,8.7,19.0,-1.6,0.54,0.16,681.2,682.9,678.4,8.2,,,无
1982-07-04,52645.0,青海,野牛沟,38.41666666666666,99.58333333333331,3180.0,1982,7,4,4.6,normal,9.5,18.0,5.1,0.7,0.36,680.9,682.1,678.9,5.7,,6.423302232125949,Rain
1982-07-05,52645.0,青海,野牛沟,38.41666666666666,99.58333333333331,3180.0,1982,7,5,0.2,normal,9.2,20.3,0.7,0.7,0.35,680.7,682.0,678.1,5.6,,6.152415338624242,Rain
1982-07-06,52645.0,青海,野牛沟,38.41666666666666,99.58333333333331,3180.0,1982,7,6,6.5,normal,9.1,13.7,5.6,0.82,0.55,681.1,682.2,679.7,2.5,,7.317370940103118,Rain
1982-07-07,52645.0,青海,野牛沟,38.41666666666666,99.58333333333331,3180.0,1982,7,7,8.1,normal,8.9,13.0,6.0,0.87,0.67,679.3,680.5,677.7,2.8,,7.6306719891473085,Rain
1982-07-08,52645.0,青海,野牛沟,38.41666666666666,99.58333333333331,3180.0,1982,7,8,10.8,normal,9.3,18.9,1.9,0.79,0.46,681.2,682.5,679.7,4.4,,7.1958401345471446,Rain
1982-07-09,52645.0,青海,野牛沟,38.41666666666666,99.58333333333331,3180.0,1982,7,9,5.0,normal,8.1,11.1,5.5,0.75,0.65,683.8,684.7,682.5,2.4,,5.676337173893731,Rain
1982-07-10,52645.0,青海,野牛沟,38.41666666666666,99.58333333333331,3180.0,1982,7,10,1.7,normal,9.1,16.0,4.0,0.65,0.38,683.9,686.0,681.8,6.6,,5.52974959563135,Rain
1982-07-11,52645.0,青海,野牛沟,38.41666666666666,99.58333333333331,3180.0,1982,7,11,0.0,无,9.6,14.5,6.0,0.7,0.45,681.0,683.1,679.4,4.8,,,无
1982-07-12,52645.0,青海,野牛沟,38.41666666666666,99.58333333333331,3180.0,1982,7,12,0.2,normal,8.4,14.5,4.0,0.73,0.47,681.0,682.5,679.3,4.2,,5.7426514919127625,Rain
1982-07-13,52645.0,青海,野牛沟,38.41666666666666,99.58333333333331,3180.0,1982,7,13,1.4,normal,10.0,18.9,2.5,0.65,0.26,681.5,682.7,679.5,6.7,,6.318881698141472,Rain
1982-07-14,52645.0,青海,野牛沟,38.41666666666666,99.58333333333331,3180.0,1982,7,14,0.0,无,10.3,19.4,2.2,0.55,0.2,681.2,681.9,680.1,8.6,,,无
1982-07-15,52645.0,青海,野牛沟,38.41666666666666,99.58333333333331,3180.0,1982,7,15,5.9,normal,9.1,16.0,4.0,0.71,0.4,682.0,683.0,680.5,5.7,,6.171198745080262,Rain
1982-07-16,52645.0,青海,野牛沟,38.41666666666666,99.58333333333331,3180.0,1982,7,16,1.7,normal,10.1,15.7,4.6,0.66,0.33,682.6,683.9,681.2,6.4,,6.5219877755754,Rain
1982-07-17,52645.0,青海,野牛沟,38.41666666666666,99.58333333333331,3180.0,1982,7,17,8.2,normal,8.4,14.4,3.7,0.71,0.35,683.9,684.7,682.0,5.1,,5.540664899182048,Rain
1982-07-18,52645.0,青海,野牛沟,38.41666666666666,99.58333333333331,3180.0,1982,7,18,1.7,normal,8.5,15.5,3.7,0.73,0.39,682.7,684.0,680.3,5.5,,5.836662406549844,Rain
1982-07-19,52645.0,青海,野牛沟,38.41666666666666,99.58333333333331,3180.0,1982,7,19,0.1,normal,10.6,18.4,2.8,0.65,0.28,682.4,683.7,680.6,7.4,,6.8503699292082,Rain
1982-07-20,52645.0,青海,野牛沟,38.41666666666666,99.58333333333331,3180.0,1982,7,20,17.9,normal,6.0,14.5,3.3,0.88,0.41,682.8,684.3,681.7,1.1,,4.938041864213294,Rain
1982-07-21,52645.0,青海,野牛沟,38.41666666666666,99.58333333333331,3180.0,1982,7,21,7.5,normal,6.5,13.8,2.7,0.79,0.39,683.0,684.0,680.7,4.9,,4.582852753940814,Rain
1982-07-22,52645.0,青海,野牛沟,38.41666666666666,99.58333333333331,3180.0,1982,7,22,18.2,normal,4.8,11.6,1.6,0.84,0.55,683.5,684.3,680.9,2.8,,3.434929326500824,Snow
1982-07-23,52645.0,青海,野牛沟,38.41666666666666,99.58333333333331,3180.0,1982,7,23,1.9,normal,4.8,13.5,-1.4,0.72,0.28,684.2,685.5,681.7,5.6,,2.3701828525449775,Rain
1982-07-24,52645.0,青海,野牛沟,38.41666666666666,99.58333333333331,3180.0,1982,7,24,0.0,无,8.4,16.6,-0.5,0.6,0.25,681.9,683.9,679.9,6.6,,,无
1982-07-25,52645.0,青海,野牛沟,38.41666666666666,99.58333333333331,3180.0,1982,7,25,0.0,无,9.2,18.0,0.5,0.6,0.26,680.3,681.3,678.9,5.9,,,无
1982-07-26,52645.0,青海,野牛沟,38.41666666666666,99.58333333333331,3180.0,1982,7,26,0.3,normal,8.6,18.5,1.0,0.69,0.32,681.8,683.0,680.1,6.2,,5.508211197592794,Rain
1982-07-27,52645.0,青海,野牛沟,38.41666666666666,99.58333333333331,3180.0,1982,7,27,0.1,normal,8.6,15.4,2.0,0.68,0.42,682.5,683.6,680.5,4.4,,5.404059217452919,Rain
1982-07-28,52645.0,青海,野牛沟,38.41666666666666,99.58333333333331,3180.0,1982,7,28,4.9,normal,8.2,16.0,1.7,0.7,0.3,684.1,685.0,682.6,6.5,,5.2567859041029985,Rain
1982-07-29,52645.0,青海,野牛沟,38.41666666666666,99.58333333333331,3180.0,1982,7,29,1.3,normal,7.3,14.2,2.1,0.7,0.4,683.9,684.4,682.8,5.1,,4.4446780476459,Rain
1982-07-30,52645.0,青海,野牛沟,38.41666666666666,99.58333333333331,3180.0,1982,7,30,0.0,无,8.3,17.4,-1.0,0.63,0.28,682.9,684.0,681.1,5.8,,,无
1982-07-31,52645.0,青海,野牛沟,38.41666666666666,99.58333333333331,3180.0,1982,7,31,0.0,无,9.2,18.4,1.0,0.62,0.3,682.1,683.2,679.8,6.6,,,无
1982-08-01,52645.0,青海,野牛沟,38.41666666666666,99.58333333333331,3180.0,1982,8,1,4.4,normal,9.0,17.9,2.5,0.72,0.44,682.0,683.5,679.8,4.7,,6.186489496733301,Rain
1982-08-02,52645.0,青海,野牛沟,38.41666666666666,99.58333333333331,3180.0,1982,8,2,3.1,normal,8.6,17.0,1.8,0.75,0.4,681.7,682.8,677.6,4.1,,6.133247110822926,Rain
1982-08-03,52645.0,青海,野牛沟,38.41666666666666,99.58333333333331,3180.0,1982,8,3,5.5,normal,7.9,17.0,0.6,0.67,0.37,681.7,683.4,679.6,5.1,,4.6731858535812565,Rain
1982-08-04,52645.0,青海,野牛沟,38.41666666666666,99.58333333333331,3180.0,1982,8,4,0.2,normal,7.9,14.5,0.4,0.62,0.34,682.6,683.7,680.7,5.4,,4.153576455312629,Rain
1982-08-05,52645.0,青海,野牛沟,38.41666666666666,99.58333333333331,3180.0,1982,8,5,2.3,normal,5.8,17.1,-1.5,0.78,0.42,680.8,682.6,677.5,3.9,,3.834069519826797,Rain
1982-08-06,52645.0,青海,野牛沟,38.41666666666666,99.58333333333331,3180.0,1982,8,6,1.5,normal,7.5,13.4,1.0,0.71,0.41,680.4,682.1,678.7,4.5,,4.719545971799888,Rain
1982-08-07,52645.0,青海,野牛沟,38.41666666666666,99.58333333333331,3180.0,1982,8,7,0.6,normal,6.0,14.6,-1.0,0.73,0.31,681.2,682.2,678.1,4.6,,3.5518004200218867,Rain
1982-08-08,52645.0,青海,野牛沟,38.41666666666666,99.58333333333331,3180.0,1982,8,8,2.5,normal,7.2,13.5,2.0,0.73,0.43,681.8,682.7,680.4,4.5,,4.648482753792398,Rain
1982-08-09,52645.0,青海,野牛沟,38.41666666666666,99.58333333333331,3180.0,1982,8,9,0.1,normal,6.0,13.0,1.3,0.72,0.37,684.2,685.4,682.5,4.3,,3.462121291035616,Rain
1982-08-10,52645.0,青海,野牛沟,38.41666666666666,99.58333333333331,3180.0,1982,8,10,1.1,normal,5.5,15.0,-2.4,0.69,0.31,685.9,687.1,684.2,4.9,,2.7306170496958737,Rain
1982-08-11,52645.0,青海,野牛沟,38.41666666666666,99.58333333333331,3180.0,1982,8,11,0.0,无,8.1,18.0,-1.5,0.61,0.14,685.0,687.1,682.9,6.0,,,无
1982-08-12,52645.0,青海,野牛沟,38.41666666666666,99.58333333333331,3180.0,1982,8,12,0.0,无,9.5,21.1,-0.3,0.59,0.14,683.7,685.0,681.6,7.5,,,无
1982-08-13,52645.0,青海,野牛沟,38.41666666666666,99.58333333333331,3180.0,1982,8,13,0.0,无,10.2,22.1,-1.2,0.53,0.16,682.4,683.9,681.3,8.4,,,无
1982-08-14,52645.0,青海,野牛沟,38.41666666666666,99.58333333333331,3180.0,1982,8,14,0.0,无,9.5,19.4,0.9,0.57,0.26,682.4,683.2,680.8,7.0,,,无
1982-08-15,52645.0,青海,野牛沟,38.41666666666666,99.58333333333331,3180.0,1982,8,15,10.8,normal,6.6,12.9,3.6,0.77,0.43,684.6,685.7,682.6,3.8,,4.488398426440301,Rain
1982-08-16,52645.0,青海,野牛沟,38.41666666666666,99.58333333333331,3180.0,1982,8,16,0.7,normal,6.7,14.2,1.3,0.68,0.36,684.6,686.0,682.6,5.7,,3.708544461007315,Rain
1982-08-17,52645.0,青海,野牛沟,38.41666666666666,99.58333333333331,3180.0,1982,8,17,0.0,无,6.8,17.2,-2.6,0.6,0.24,683.8,685.3,682.1,6.2,,,无
1982-08-18,52645.0,青海,野牛沟,38.41666666666666,99.58333333333331,3180.0,1982,8,18,5.2,normal,7.1,12.4,3.9,0.67,0.41,684.9,685.9,683.1,4.2,,3.9670159215054257,Rain
1982-08-19,52645.0,青海,野牛沟,38.41666666666666,99.58333333333331,3180.0,1982,8,19,0.1,normal,6.5,13.6,1.7,0.68,0.38,685.3,686.3,683.7,4.6,,3.5309235249446447,Rain
1982-08-20,52645.0,青海,野牛沟,38.41666666666666,99.58333333333331,3180.0,1982,8,20,0.2,normal,5.9,17.6,-2.0,0.72,0.21,683.8,684.9,681.2,4.6,,3.3704846243636633,Rain
1982-08-21,52645.0,青海,野牛沟,38.41666666666666,99.58333333333331,3180.0,1982,8,21,0.8,normal,8.8,16.9,1.3,0.59,0.24,681.9,683.6,680.7,7.1,,4.607512583902653,Rain
1982-08-22,52645.0,青海,野牛沟,38.41666666666666,99.58333333333331,3180.0,1982,8,22,0.0,无,7.3,13.1,1.7,0.69,0.41,681.8,682.6,680.6,3.5,,,无
1982-08-23,52645.0,青海,野牛沟,38.41666666666666,99.58333333333331,3180.0,1982,8,23,1.5,normal,8.9,16.5,4.5,0.72,0.33,680.9,682.0,679.5,4.3,,6.093731957786521,Rain
1982-08-24,52645.0,青海,野牛沟,38.41666666666666,99.58333333333331,3180.0,1982,8,24,0.0,无,9.2,20.0,-1.2,0.62,0.18,681.2,682.4,678.8,6.5,,,无
1982-08-25,52645.0,青海,野牛沟,38.41666666666666,99.58333333333331,3180.0,1982,8,25,1.6,normal,11.3,19.8,5.9,0.7,0.35,681.3,682.2,679.3,7.7,,8.047244160242077,Rain
1982-08-26,52645.0,青海,野牛沟,38.41666666666666,99.58333333333331,3180.0,1982,8,26,6.9,normal,12.7,20.5,7.2,0.75,0.43,680.3,681.7,678.2,6.0,,9.904031144523632,Rain
1982-08-27,52645.0,青海,野牛沟,38.41666666666666,99.58333333333331,3180.0,1982,8,27,16.8,normal,9.6,15.0,7.9,0.82,0.66,680.9,681.6,679.7,1.9,,7.789276850705122,Rain
1982-08-28,52645.0,青海,野牛沟,38.41666666666666,99.58333333333331,3180.0,1982,8,28,7.0,normal,9.1,12.8,7.6,0.9,0.76,679.7,681.7,678.0,1.6,,8.12300395826172,Rain
1982-08-29,52645.0,青海,野牛沟,38.41666666666666,99.58333333333331,3180.0,1982,8,29,6.2,normal,7.4,10.4,5.9,0.83,0.65,681.0,682.0,679.3,1.6,,5.808650282401104,Rain
1982-08-30,52645.0,青海,野牛沟,38.41666666666666,99.58333333333331,3180.0,1982,8,30,3.7,normal,6.4,11.3,3.4,0.81,0.57,682.2,683.2,680.7,2.0,,4.676008584690483,Rain
1982-08-31,52645.0,青海,野牛沟,38.41666666666666,99.58333333333331,3180.0,1982,8,31,3.4,normal,7.0,11.7,4.1,0.83,0.69,681.6,683.0,679.8,3.0,,5.430250235058467,Rain
1982-09-01,52645.0,青海,野牛沟,38.41666666666666,99.58333333333331,3180.0,1982,9,1,16.8,normal,7.5,11.4,4.4,0.79,0.61,683.9,685.2,680.3,3.6,,5.517946402925209,Rain
1982-09-02,52645.0,青海,野牛沟,38.41666666666666,99.58333333333331,3180.0,1982,9,2,3.4,normal,7.6,13.6,4.4,0.78,0.56,686.9,688.0,684.7,3.4,,5.516932111846695,Rain
1982-09-03,52645.0,青海,野牛沟,38.41666666666666,99.58333333333331,3180.0,1982,9,3,0.0,无,8.4,16.7,3.5,0.69,0.25,686.8,687.9,684.1,5.9,,,无
1982-09-04,52645.0,青海,野牛沟,38.41666666666666,99.58333333333331,3180.0,1982,9,4,0.0,无,8.3,14.8,2.8,0.64,0.44,686.0,687.0,684.1,5.2,,,无
1982-09-05,52645.0,青海,野牛沟,38.41666666666666,99.58333333333331,3180.0,1982,9,5,4.3,normal,7.9,14.2,4.0,0.78,0.53,685.2,686.2,682.6,4.2,,5.793934150537106,Rain
1982-09-06,52645.0,青海,野牛沟,38.41666666666666,99.58333333333331,3180.0,1982,9,6,2.1,normal,6.8,12.8,4.5,0.8,0.51,685.0,685.7,683.9,2.7,,4.960570676756038,Rain
1982-09-07,52645.0,青海,野牛沟,38.41666666666666,99.58333333333331,3180.0,1982,9,7,0.0,无,5.7,11.6,1.3,0.72,0.46,686.0,686.9,684.3,4.1,,,无
1982-09-08,52645.0,青海,野牛沟,38.41666666666666,99.58333333333331,3180.0,1982,9,8,0.0,无,4.7,13.9,-1.0,0.72,0.28,686.5,687.9,684.0,5.2,,,无
1982-09-09,52645.0,青海,野牛沟,38.41666666666666,99.58333333333331,3180.0,1982,9,9,0.4,normal,4.3,13.2,-1.5,0.74,0.39,685.8,686.7,683.8,5.9,,2.0940750838361977,Rain
1982-09-10,52645.0,青海,野牛沟,38.41666666666666,99.58333333333331,3180.0,1982,9,10,4.4,normal,4.0,7.9,-0.1,0.81,0.58,686.1,687.5,684.1,1.7,,2.4217714661365575,Snow
1982-09-11,52645.0,青海,野牛沟,38.41666666666666,99.58333333333331,3180.0,1982,9,11,3.3,normal,3.1,8.6,-0.3,0.81,0.44,685.2,686.8,683.4,2.1,,1.5735276600797166,Snow
1982-09-12,52645.0,青海,野牛沟,38.41666666666666,99.58333333333331,3180.0,1982,9,12,0.0,无,3.7,10.7,-0.4,0.74,0.36,683.4,685.2,681.4,4.1,,,无
1982-09-13,52645.0,青海,野牛沟,38.41666666666666,99.58333333333331,3180.0,1982,9,13,0.0,无,3.1,10.6,-2.5,0.69,0.32,682.7,684.1,681.5,3.3,,,无
1982-09-14,52645.0,青海,野牛沟,38.41666666666666,99.58333333333331,3180.0,1982,9,14,0.0,无,3.0,11.7,-4.0,0.71,0.36,683.7,684.8,681.9,3.0,,,无
1982-09-15,52645.0,青海,野牛沟,38.41666666666666,99.58333333333331,3180.0,1982,9,15,2.4,normal,4.6,17.3,-0.2,0.75,0.24,684.5,685.8,682.5,3.8,,2.456300531955633,Rain
1982-09-16,52645.0,青海,野牛沟,38.41666666666666,99.58333333333331,3180.0,1982,9,16,1.0,normal,3.5,16.1,0.1,0.79,0.49,684.6,685.5,683.3,2.9,,1.7816599930746646,Snow
1982-09-17,52645.0,青海,野牛沟,38.41666666666666,99.58333333333331,3180.0,1982,9,17,0.0,无,3.1,10.7,-3.1,0.74,0.33,684.7,686.7,682.0,3.4,,,无
1982-09-18,52645.0,青海,野牛沟,38.41666666666666,99.58333333333331,3180.0,1982,9,18,0.0,无,4.1,13.5,-4.0,0.64,0.28,684.0,684.8,682.7,4.2,,,无
1982-09-19,52645.0,青海,野牛沟,38.41666666666666,99.58333333333331,3180.0,1982,9,19,5.9,normal,2.8,11.8,-1.2,0.78,0.23,687.2,688.2,684.3,3.4,,1.048493071881622,Snow
1982-09-20,52645.0,青海,野牛沟,38.41666666666666,99.58333333333331,3180.0,1982,9,20,0.9,normal,2.9,9.7,-1.5,0.81,0.48,684.8,687.6,682.5,1.4,,1.3847803982779228,Snow
1982-09-21,52645.0,青海,野牛沟,38.41666666666666,99.58333333333331,3180.0,1982,9,21,0.0,无,5.5,12.8,1.2,0.68,0.27,682.8,684.4,680.8,4.6,,,无
1982-09-22,52645.0,青海,野牛沟,38.41666666666666,99.58333333333331,3180.0,1982,9,22,0.0,无,4.6,14.0,-2.5,0.7,0.28,680.5,682.0,678.2,4.6,,,无
1982-09-23,52645.0,青海,野牛沟,38.41666666666666,99.58333333333331,3180.0,1982,9,23,4.9,normal,6.4,13.5,1.8,0.73,0.45,679.7,680.5,677.2,3.4,,3.9146759393719632,Rain
1982-09-24,52645.0,青海,野牛沟,38.41666666666666,99.58333333333331,3180.0,1982,9,24,9.1,normal,0.8,4.5,-1.3,0.84,0.71,682.4,683.5,679.9,0.1,,-0.371684327585764,Snow
1982-09-25,52645.0,青海,野牛沟,38.41666666666666,99.58333333333331,3180.0,1982,9,25,2.2,normal,0.7,6.3,-3.4,0.72,0.38,685.3,686.3,682.6,2.7,,-1.3654626363115208,Snow
1982-09-26,52645.0,青海,野牛沟,38.41666666666666,99.58333333333331,3180.0,1982,9,26,0.0,无,1.0,6.7,-2.3,0.69,0.39,686.5,687.7,684.2,2.8,,,无
1982-09-27,52645.0,青海,野牛沟,38.41666666666666,99.58333333333331,3180.0,1982,9,27,0.0,无,1.7,7.6,-2.1,0.71,0.38,683.8,685.9,681.3,2.7,,,无
1982-09-28,52645.0,青海,野牛沟,38.41666666666666,99.58333333333331,3180.0,1982,9,28,2.3,normal,2.1,8.0,-1.6,0.81,0.5,682.5,683.6,680.5,2.8,,0.6289043422326079,Snow
1982-09-29,52645.0,青海,野牛沟,38.41666666666666,99.58333333333331,3180.0,1982,9,29,0.0,无,2.1,6.0,-0.2,0.76,0.51,682.2,683.4,681.1,1.8,,,无
1982-09-30,52645.0,青海,野牛沟,38.41666666666666,99.58333333333331,3180.0,1982,9,30,1.6,normal,0.8,6.7,-1.3,0.84,0.57,682.4,683.1,680.3,1.8,,-0.371684327585764,Snow
1982-10-01,52645.0,青海,野牛沟,38.41666666666666,99.58333333333331,3180.0,1982,10,1,0.0,无,0.5,6.3,-3.1,0.77,0.37,684.6,686.1,682.3,2.5,,,无
1982-10-02,52645.0,青海,野牛沟,38.41666666666666,99.58333333333331,3180.0,1982,10,2,0.0,无,2.4,11.3,-3.5,0.66,0.25,686.5,687.7,684.9,2.9,,,无
1982-10-03,52645.0,青海,野牛沟,38.41666666666666,99.58333333333331,3180.0,1982,10,3,4.0,normal,1.8,8.0,-0.5,0.84,0.47,688.2,689.1,686.4,1.7,,0.5852764526945586,Snow
1982-10-04,52645.0,青海,野牛沟,38.41666666666666,99.58333333333331,3180.0,1982,10,4,0.0,无,2.6,10.0,-1.5,0.69,0.23,689.1,690.5,687.6,3.5,,,无
1982-10-05,52645.0,青海,野牛沟,38.41666666666666,99.58333333333331,3180.0,1982,10,5,0.0,无,1.3,11.7,-6.5,0.6,0.19,687.8,689.8,685.5,3.4,,,无
1982-10-06,52645.0,青海,野牛沟,38.41666666666666,99.58333333333331,3180.0,1982,10,6,0.0,无,2.3,11.8,-5.5,0.57,0.17,686.8,688.4,685.2,3.5,,,无
1982-10-07,52645.0,青海,野牛沟,38.41666666666666,99.58333333333331,3180.0,1982,10,7,0.0,无,1.9,11.7,-5.8,0.55,0.15,684.4,686.5,682.0,3.4,,,无
1982-10-08,52645.0,青海,野牛沟,38.41666666666666,99.58333333333331,3180.0,1982,10,8,0.0,无,1.8,13.4,-6.6,0.56,0.15,683.0,684.8,680.9,3.5,,,无
1982-10-09,52645.0,青海,野牛沟,38.41666666666666,99.58333333333331,3180.0,1982,10,9,0.0,无,2.1,14.1,-5.8,0.67,0.2,683.0,684.1,680.6,3.9,,,无
1982-10-10,52645.0,青海,野牛沟,38.41666666666666,99.58333333333331,3180.0,1982,10,10,0.1,normal,3.3,9.4,-0.1,0.67,0.41,686.2,687.8,682.9,3.9,,0.5799558059735821,Snow
1982-10-11,52645.0,青海,野牛沟,38.41666666666666,99.58333333333331,3180.0,1982,10,11,0.0,无,3.0,10.8,-2.3,0.62,0.31,686.2,688.2,683.4,4.0,,,无
1982-10-12,52645.0,青海,野牛沟,38.41666666666666,99.58333333333331,3180.0,1982,10,12,3.3,normal,1.1,6.2,-0.5,0.83,0.52,684.4,685.7,683.5,1.2,,-0.15981010124149098,Snow
1982-10-13,52645.0,青海,野牛沟,38.41666666666666,99.58333333333331,3180.0,1982,10,13,2.6,normal,-2.1,6.4,-10.0,0.75,0.42,687.4,688.9,685.7,2.2,,-3.7238716570556774,Snow
1982-10-14,52645.0,青海,野牛沟,38.41666666666666,99.58333333333331,3180.0,1982,10,14,0.3,normal,0.0,9.0,-6.2,0.71,0.36,687.2,689.2,685.4,2.5,,-2.0757690650423966,Snow
1982-10-15,52645.0,青海,野牛沟,38.41666666666666,99.58333333333331,3180.0,1982,10,15,2.4,normal,0.6,5.5,-4.0,0.76,0.35,687.5,688.5,685.8,2.4,,-1.1521209648436281,Snow
1982-10-16,52645.0,青海,野牛沟,38.41666666666666,99.58333333333331,3180.0,1982,10,16,0.5,normal,0.1,7.7,-4.6,0.65,0.14,686.9,688.7,684.7,3.7,,-2.433089017616674,Snow
1982-10-17,52645.0,青海,野牛沟,38.41666666666666,99.58333333333331,3180.0,1982,10,17,0.0,无,-0.8,9.1,-7.6,0.55,0.17,684.0,686.3,681.3,4.0,,,无
1982-10-18,52645.0,青海,野牛沟,38.41666666666666,99.58333333333331,3180.0,1982,10,18,0.0,无,-0.3,10.7,-7.1,0.49,0.15,685.7,687.8,682.2,3.2,,,无
1982-10-19,52645.0,青海,野牛沟,38.41666666666666,99.58333333333331,3180.0,1982,10,19,0.0,无,-1.5,9.7,-8.2,0.6,0.18,683.9,685.7,681.5,2.8,,,无
1982-10-20,52645.0,青海,野牛沟,38.41666666666666,99.58333333333331,3180.0,1982,10,20,0.0,无,-1.4,8.9,-8.9,0.55,0.12,683.2,684.9,681.3,2.8,,,无
1982-10-21,52645.0,青海,野牛沟,38.41666666666666,99.58333333333331,3180.0,1982,10,21,0.0,无,-0.9,10.1,-9.8,0.53,0.1,681.8,683.6,679.1,3.7,,,无
1982-10-22,52645.0,青海,野牛沟,38.41666666666666,99.58333333333331,3180.0,1982,10,22,0.1,normal,-1.3,3.8,-3.7,0.7,0.33,683.8,685.6,681.2,2.1,,-3.3359367964508158,Snow
1982-10-23,52645.0,青海,野牛沟,38.41666666666666,99.58333333333331,3180.0,1982,10,23,0.0,无,-2.7,4.2,-8.6,0.69,0.29,686.3,687.7,684.6,2.0,,,无
1982-10-24,52645.0,青海,野牛沟,38.41666666666666,99.58333333333331,3180.0,1982,10,24,0.0,无,-3.4,6.0,-9.8,0.61,0.16,683.5,685.5,681.3,2.7,,,无
1982-10-25,52645.0,青海,野牛沟,38.41666666666666,99.58333333333331,3180.0,1982,10,25,0.0,无,-3.0,6.7,-11.1,0.55,0.15,679.9,682.9,676.8,2.5,,,无
1982-10-26,52645.0,青海,野牛沟,38.41666666666666,99.58333333333331,3180.0,1982,10,26,0.0,无,-0.8,9.3,-9.0,0.49,0.19,675.6,677.4,673.3,3.3,,,无
1982-10-27,52645.0,青海,野牛沟,38.41666666666666,99.58333333333331,3180.0,1982,10,27,0.0,无,-1.5,9.8,-9.4,0.59,0.24,677.5,679.0,674.7,1.6,,,无
1982-10-28,52645.0,青海,野牛沟,38.41666666666666,99.58333333333331,3180.0,1982,10,28,0.0,无,1.5,10.6,-4.7,0.59,0.12,679.3,681.1,678.1,2.5,,,无
1982-10-29,52645.0,青海,野牛沟,38.41666666666666,99.58333333333331,3180.0,1982,10,29,0.0,无,-1.5,6.0,-4.5,0.68,0.23,681.4,682.8,679.2,2.6,,,无
1982-10-30,52645.0,青海,野牛沟,38.41666666666666,99.58333333333331,3180.0,1982,10,30,0.0,无,-3.8,2.7,-7.9,0.53,0.15,683.3,684.6,682.2,3.1,,,无
1982-10-31,52645.0,青海,野牛沟,38.41666666666666,99.58333333333331,3180.0,1982,10,31,0.0,无,-6.3,4.4,-13.2,0.44,0.08,684.7,686.2,683.3,2.5,,,无
1982-11-01,52645.0,青海,野牛沟,38.41666666666666,99.58333333333331,3180.0,1982,11,1,0.0,无,-6.4,5.7,-14.2,0.52,0.09,684.0,685.5,681.3,2.4,,,无
1982-11-02,52645.0,青海,野牛沟,38.41666666666666,99.58333333333331,3180.0,1982,11,2,0.0,无,-5.3,6.6,-14.2,0.52,0.15,682.4,684.1,680.4,2.0,,,无
1982-11-03,52645.0,青海,野牛沟,38.41666666666666,99.58333333333331,3180.0,1982,11,3,0.0,无,-3.1,9.0,-12.2,0.5,0.17,682.1,684.4,679.9,3.1,,,无
1982-11-04,52645.0,青海,野牛沟,38.41666666666666,99.58333333333331,3180.0,1982,11,4,0.0,无,-1.1,8.6,-10.4,0.45,0.15,680.9,682.3,678.8,2.8,,,无
1982-11-05,52645.0,青海,野牛沟,38.41666666666666,99.58333333333331,3180.0,1982,11,5,0.0,无,-3.6,3.2,-8.3,0.6,0.24,680.5,681.7,679.4,2.4,,,无
1982-11-06,52645.0,青海,野牛沟,38.41666666666666,99.58333333333331,3180.0,1982,11,6,0.0,无,-4.5,2.6,-10.2,0.67,0.37,683.3,684.8,681.7,2.4,,,无
1982-11-07,52645.0,青海,野牛沟,38.41666666666666,99.58333333333331,3180.0,1982,11,7,0.0,无,-6.0,2.6,-12.1,0.66,0.28,684.0,685.8,682.2,2.1,,,无
1982-11-08,52645.0,青海,野牛沟,38.41666666666666,99.58333333333331,3180.0,1982,11,8,0.4,normal,-7.8,0.4,-14.9,0.58,0.14,689.3,690.9,685.8,2.0,,-9.873662544301297,Snow
1982-11-09,52645.0,青海,野牛沟,38.41666666666666,99.58333333333331,3180.0,1982,11,9,0.0,无,-10.1,3.5,-17.9,0.52,0.18,687.7,691.0,684.2,1.2,,,无
1982-11-10,52645.0,青海,野牛沟,38.41666666666666,99.58333333333331,3180.0,1982,11,10,0.0,无,-8.1,4.2,-17.5,0.47,0.11,682.7,685.0,679.4,1.8,,,无
1982-11-11,52645.0,青海,野牛沟,38.41666666666666,99.58333333333331,3180.0,1982,11,11,0.0,无,-8.7,2.5,-17.4,0.48,0.12,678.5,681.1,675.5,1.7,,,无
1982-11-12,52645.0,青海,野牛沟,38.41666666666666,99.58333333333331,3180.0,1982,11,12,0.0,无,-8.1,2.4,-16.1,0.54,0.23,674.7,676.5,671.6,2.1,,,无
1982-11-13,52645.0,青海,野牛沟,38.41666666666666,99.58333333333331,3180.0,1982,11,13,1.5,normal,-8.9,-4.0,-11.0,0.66,0.24,677.9,678.5,675.3,1.4,,-10.490655379249564,Snow
1982-11-14,52645.0,青海,野牛沟,38.41666666666666,99.58333333333331,3180.0,1982,11,14,0.5,normal,-14.1,-7.5,-20.0,0.77,0.48,678.9,679.9,677.3,0.8,,-14.886549179022616,Snow
1982-11-15,52645.0,青海,野牛沟,38.41666666666666,99.58333333333331,3180.0,1982,11,15,0.5,normal,-18.0,-9.0,-24.9,0.77,0.59,682.9,684.7,679.7,0.5,,-18.60530052937589,Snow
1982-11-16,52645.0,青海,野牛沟,38.41666666666666,99.58333333333331,3180.0,1982,11,16,0.0,无,-16.7,-6.0,-24.1,0.68,0.46,680.7,684.3,677.3,1.1,,,无
1982-11-17,52645.0,青海,野牛沟,38.41666666666666,99.58333333333331,3180.0,1982,11,17,0.0,无,-11.9,-1.5,-19.0,0.65,0.45,681.4,683.3,678.5,1.1,,,无
1982-11-18,52645.0,青海,野牛沟,38.41666666666666,99.58333333333331,3180.0,1982,11,18,0.0,无,-10.9,0.3,-18.9,0.57,0.27,684.1,685.5,682.9,1.3,,,无
1982-11-19,52645.0,青海,野牛沟,38.41666666666666,99.58333333333331,3180.0,1982,11,19,0.0,无,-12.6,-1.4,-21.0,0.59,0.32,682.1,685.1,678.7,1.1,,,无
1982-11-20,52645.0,青海,野牛沟,38.41666666666666,99.58333333333331,3180.0,1982,11,20,0.0,无,-9.7,-0.5,-17.3,0.63,0.42,676.0,680.2,673.2,1.1,,,无
1982-11-21,52645.0,青海,野牛沟,38.41666666666666,99.58333333333331,3180.0,1982,11,21,0.0,无,-10.7,-1.6,-17.4,0.63,0.28,680.2,682.3,675.4,1.0,,,无
1982-11-22,52645.0,青海,野牛沟,38.41666666666666,99.58333333333331,3180.0,1982,11,22,0.0,无,-13.9,-2.6,-22.9,0.53,0.19,681.0,683.2,678.1,1.2,,,无
1982-11-23,52645.0,青海,野牛沟,38.41666666666666,99.58333333333331,3180.0,1982,11,23,0.0,无,-13.2,-1.9,-21.0,0.55,0.27,680.5,681.9,678.6,1.5,,,无
1982-11-24,52645.0,青海,野牛沟,38.41666666666666,99.58333333333331,3180.0,1982,11,24,0.0,无,-12.2,0.0,-21.1,0.56,0.32,679.1,680.8,676.1,1.1,,,无
1982-11-25,52645.0,青海,野牛沟,38.41666666666666,99.58333333333331,3180.0,1982,11,25,0.0,无,-12.8,-4.0,-20.8,0.56,0.34,678.8,680.8,675.7,1.3,,,无
1982-11-26,52645.0,青海,野牛沟,38.41666666666666,99.58333333333331,3180.0,1982,11,26,0.0,无,-11.0,-2.7,-17.9,0.67,0.43,676.9,678.7,674.5,0.8,,,无
1982-11-27,52645.0,青海,野牛沟,38.41666666666666,99.58333333333331,3180.0,1982,11,27,0.6,normal,-13.0,-6.6,-14.1,0.83,0.69,679.3,680.3,676.8,0.4,,-13.620870354653668,Snow
1982-11-28,52645.0,青海,野牛沟,38.41666666666666,99.58333333333331,3180.0,1982,11,28,0.0,无,-19.4,-9.9,-26.1,0.67,0.43,680.8,682.6,678.9,0.6,,,无
1982-11-29,52645.0,青海,野牛沟,38.41666666666666,99.58333333333331,3180.0,1982,11,29,0.0,无,-20.4,-9.4,-27.5,0.65,0.34,677.9,680.7,675.4,0.8,,,无
1982-11-30,52645.0,青海,野牛沟,38.41666666666666,99.58333333333331,3180.0,1982,11,30,0.0,无,-18.1,-6.7,-26.2,0.56,0.31,676.7,678.3,673.9,0.8,,,无
1982-12-01,52645.0,青海,野牛沟,38.41666666666666,99.58333333333331,3180.0,1982,12,1,0.0,无,-17.5,-6.5,-25.5,0.53,0.27,677.1,678.4,675.7,1.0,,,无
1982-12-02,52645.0,青海,野牛沟,38.41666666666666,99.58333333333331,3180.0,1982,12,2,0.0,无,-17.7,-4.6,-26.2,0.53,0.23,677.5,678.9,675.1,0.8,,,无
1982-12-03,52645.0,青海,野牛沟,38.41666666666666,99.58333333333331,3180.0,1982,12,3,0.0,无,-15.9,-3.7,-24.8,0.51,0.23,675.8,677.8,673.7,1.1,,,无
1982-12-04,52645.0,青海,野牛沟,38.41666666666666,99.58333333333331,3180.0,1982,12,4,0.0,无,-16.0,-7.7,-22.5,0.64,0.4,679.6,681.0,677.3,1.0,,,无
1982-12-05,52645.0,青海,野牛沟,38.41666666666666,99.58333333333331,3180.0,1982,12,5,0.0,无,-17.2,-6.2,-25.8,0.65,0.32,681.4,682.9,679.0,0.6,,,无
1982-12-06,52645.0,青海,野牛沟,38.41666666666666,99.58333333333331,3180.0,1982,12,6,0.0,无,-17.0,-8.1,-24.4,0.67,0.42,677.9,680.8,674.9,0.5,,,无
1982-12-07,52645.0,青海,野牛沟,38.41666666666666,99.58333333333331,3180.0,1982,12,7,0.0,无,-18.6,-7.7,-26.8,0.59,0.31,677.2,678.7,675.3,0.8,,,无
1982-12-08,52645.0,青海,野牛沟,38.41666666666666,99.58333333333331,3180.0,1982,12,8,0.0,无,-16.7,-4.7,-26.5,0.55,0.28,676.5,678.0,674.3,0.8,,,无
1982-12-09,52645.0,青海,野牛沟,38.41666666666666,99.58333333333331,3180.0,1982,12,9,0.0,无,-10.4,0.4,-16.1,0.43,0.2,672.9,675.6,669.9,1.7,,,无
1982-12-10,52645.0,青海,野牛沟,38.41666666666666,99.58333333333331,3180.0,1982,12,10,0.0,无,-14.2,-5.0,-23.4,0.34,0.15,677.4,681.0,672.5,1.1,,,无
1982-12-11,52645.0,青海,野牛沟,38.41666666666666,99.58333333333331,3180.0,1982,12,11,0.0,无,-18.3,-4.9,-27.3,0.46,0.17,681.9,683.8,679.3,0.8,,,无
1982-12-12,52645.0,青海,野牛沟,38.41666666666666,99.58333333333331,3180.0,1982,12,12,0.0,无,-17.7,-7.2,-24.3,0.5,0.27,681.4,683.0,680.0,1.4,,,无
1982-12-13,52645.0,青海,野牛沟,38.41666666666666,99.58333333333331,3180.0,1982,12,13,0.0,无,-17.1,-4.1,-25.3,0.49,0.19,680.6,682.7,677.7,1.1,,,无
1982-12-14,52645.0,青海,野牛沟,38.41666666666666,99.58333333333331,3180.0,1982,12,14,0.0,无,-16.2,-3.9,-25.0,0.49,0.23,677.7,678.9,675.4,1.2,,,无
1982-12-15,52645.0,青海,野牛沟,38.41666666666666,99.58333333333331,3180.0,1982,12,15,0.0,无,-16.1,-6.7,-23.9,0.47,0.23,682.1,683.4,678.9,1.1,,,无
1982-12-16,52645.0,青海,野牛沟,38.41666666666666,99.58333333333331,3180.0,1982,12,16,0.0,无,-19.0,-5.4,-27.3,0.46,0.23,684.4,686.7,682.0,0.7,,,无
1982-12-17,52645.0,青海,野牛沟,38.41666666666666,99.58333333333331,3180.0,1982,12,17,0.0,无,-19.4,-6.5,-27.4,0.51,0.28,682.3,683.5,680.3,1.0,,,无
1982-12-18,52645.0,青海,野牛沟,38.41666666666666,99.58333333333331,3180.0,1982,12,18,0.0,无,-19.0,-6.8,-27.2,0.51,0.27,681.8,682.9,679.9,0.8,,,无
1982-12-19,52645.0,青海,野牛沟,38.41666666666666,99.58333333333331,3180.0,1982,12,19,0.0,无,-19.1,-6.2,-27.3,0.47,0.19,682.3,684.0,680.8,0.9,,,无
1982-12-20,52645.0,青海,野牛沟,38.41666666666666,99.58333333333331,3180.0,1982,12,20,0.0,无,-17.6,-5.3,-25.4,0.48,0.28,681.9,684.5,680.1,1.0,,,无
1982-12-21,52645.0,青海,野牛沟,38.41666666666666,99.58333333333331,3180.0,1982,12,21,0.0,无,-9.4,-4.3,-19.0,0.42,0.33,678.9,680.5,677.9,2.2,,,无
1982-12-22,52645.0,青海,野牛沟,38.41666666666666,99.58333333333331,3180.0,1982,12,22,0.0,无,-15.0,-2.5,-21.4,0.54,0.2,676.3,680.6,673.1,1.6,,,无
1982-12-23,52645.0,青海,野牛沟,38.41666666666666,99.58333333333331,3180.0,1982,12,23,0.0,无,-15.4,-4.3,-24.4,0.49,0.25,672.0,674.0,669.3,1.2,,,无
1982-12-24,52645.0,青海,野牛沟,38.41666666666666,99.58333333333331,3180.0,1982,12,24,1.1,normal,-19.8,-12.6,-21.5,0.77,0.4,678.6,681.8,672.6,0.1,,-20.335916799444306,Snow
1982-12-25,52645.0,青海,野牛沟,38.41666666666666,99.58333333333331,3180.0,1982,12,25,0.0,无,-25.4,-16.3,-32.4,0.69,0.52,684.8,687.0,681.8,0.5,,,无
1982-12-26,52645.0,青海,野牛沟,38.41666666666666,99.58333333333331,3180.0,1982,12,26,0.0,无,-23.1,-11.2,-30.0,0.72,0.5,681.5,684.5,679.0,0.4,,,无
1982-12-27,52645.0,青海,野牛沟,38.41666666666666,99.58333333333331,3180.0,1982,12,27,0.0,无,-22.1,-8.5,-30.3,0.7,0.47,678.1,679.9,675.8,0.7,,,无
1982-12-28,52645.0,青海,野牛沟,38.41666666666666,99.58333333333331,3180.0,1982,12,28,0.0,无,-19.8,-7.0,-27.4,0.64,0.45,675.9,678.0,672.8,0.6,,,无
1982-12-29,52645.0,青海,野牛沟,38.41666666666666,99.58333333333331,3180.0,1982,12,29,0.0,无,-18.4,-7.0,-26.1,0.66,0.48,674.2,675.6,672.3,0.4,,,无
1982-12-30,52645.0,青海,野牛沟,38.41666666666666,99.58333333333331,3180.0,1982,12,30,0.0,无,-12.8,-5.0,-20.4,0.65,0.46,672.7,674.2,670.5,0.7,,,无
1982-12-31,52645.0,青海,野牛沟,38.41666666666666,99.58333333333331,3180.0,1982,12,31,0.0,无,-15.5,-4.1,-22.1,0.77,0.51,674.5,675.7,672.7,0.6,,,无
1983-01-01,52645.0,青海,野牛沟,38.41666666666666,99.58333333333331,3180.0,1983,1,1,0.0,无,-18.5,-7.7,-24.8,0.78,0.53,675.7,677.5,674.2,0.5,,,无
1983-01-02,52645.0,青海,野牛沟,38.41666666666666,99.58333333333331,3180.0,1983,1,2,0.5,normal,-18.5,-9.0,-25.8,0.8,0.63,677.1,678.1,676.1,0.8,,-19.011539107141544,Snow
1983-01-03,52645.0,青海,野牛沟,38.41666666666666,99.58333333333331,3180.0,1983,1,3,0.2,normal,-17.1,-13.1,-23.8,0.81,0.49,677.1,678.4,675.5,0.5,,-17.63481910861782,Snow
1983-01-04,52645.0,青海,野牛沟,38.41666666666666,99.58333333333331,3180.0,1983,1,4,0.0,无,-22.4,-12.5,-30.8,0.67,0.47,676.8,679.0,673.8,0.6,,,无
1983-01-05,52645.0,青海,野牛沟,38.41666666666666,99.58333333333331,3180.0,1983,1,5,0.0,无,-19.0,-8.3,-25.8,0.68,0.45,672.9,675.7,669.9,0.6,,,无
1983-01-06,52645.0,青海,野牛沟,38.41666666666666,99.58333333333331,3180.0,1983,1,6,0.0,无,-19.5,-10.8,-25.3,0.65,0.31,674.3,678.2,671.9,0.8,,,无
1983-01-07,52645.0,青海,野牛沟,38.41666666666666,99.58333333333331,3180.0,1983,1,7,0.0,无,-22.8,-11.6,-30.9,0.57,0.35,678.5,680.2,676.6,0.7,,,无
1983-01-08,52645.0,青海,野牛沟,38.41666666666666,99.58333333333331,3180.0,1983,1,8,0.0,无,-21.9,-7.6,-29.7,0.59,0.31,676.6,678.3,674.6,0.4,,,无
1983-01-09,52645.0,青海,野牛沟,38.41666666666666,99.58333333333331,3180.0,1983,1,9,0.0,无,-21.1,-9.0,-28.5,0.6,0.35,677.3,678.9,675.6,0.7,,,无
1983-01-10,52645.0,青海,野牛沟,38.41666666666666,99.58333333333331,3180.0,1983,1,10,0.0,无,-18.6,-12.5,-21.5,0.67,0.43,679.3,680.7,677.2,0.6,,,无
1983-01-11,52645.0,青海,野牛沟,38.41666666666666,99.58333333333331,3180.0,1983,1,11,0.5,normal,-20.1,-16.1,-22.9,0.81,0.68,678.2,680.9,675.9,0.1,,-20.533189527604975,Snow
1983-01-12,52645.0,青海,野牛沟,38.41666666666666,99.58333333333331,3180.0,1983,1,12,0.0,无,-24.8,-14.5,-31.6,0.72,0.49,679.0,681.1,677.4,0.8,,,无
1983-01-13,52645.0,青海,野牛沟,38.41666666666666,99.58333333333331,3180.0,1983,1,13,0.0,无,-24.1,-12.8,-32.2,0.67,0.46,676.8,679.7,673.7,0.6,,,无
1983-01-14,52645.0,青海,野牛沟,38.41666666666666,99.58333333333331,3180.0,1983,1,14,0.0,无,-20.2,-7.4,-29.3,0.65,0.29,673.6,675.4,671.0,0.7,,,无
1983-01-15,52645.0,青海,野牛沟,38.41666666666666,99.58333333333331,3180.0,1983,1,15,0.0,无,-19.3,-5.8,-29.4,0.59,0.29,675.5,678.3,671.8,1.0,,,无
1983-01-16,52645.0,青海,野牛沟,38.41666666666666,99.58333333333331,3180.0,1983,1,16,0.0,无,-19.8,-10.4,-26.1,0.64,0.43,677.7,680.0,675.3,0.7,,,无
1983-01-17,52645.0,青海,野牛沟,38.41666666666666,99.58333333333331,3180.0,1983,1,17,0.0,无,-16.0,-9.1,-20.5,0.5,0.36,673.9,676.7,670.9,1.3,,,无
1983-01-18,52645.0,青海,野牛沟,38.41666666666666,99.58333333333331,3180.0,1983,1,18,0.0,无,-22.6,-9.2,-30.8,0.61,0.24,680.1,681.8,675.1,0.7,,,无
1983-01-19,52645.0,青海,野牛沟,38.41666666666666,99.58333333333331,3180.0,1983,1,19,0.0,无,-22.5,-7.5,-31.0,0.5,0.22,680.8,682.9,677.3,0.7,,,无
1983-01-20,52645.0,青海,野牛沟,38.41666666666666,99.58333333333331,3180.0,1983,1,20,0.0,无,-18.1,-6.4,-26.3,0.53,0.31,680.1,681.5,678.6,0.9,,,无
1983-01-21,52645.0,青海,野牛沟,38.41666666666666,99.58333333333331,3180.0,1983,1,21,0.0,无,-19.4,-6.8,-28.0,0.57,0.23,681.9,683.3,679.9,1.1,,,无
1983-01-22,52645.0,青海,野牛沟,38.41666666666666,99.58333333333331,3180.0,1983,1,22,0.0,无,-17.8,-5.9,-27.9,0.43,0.27,682.3,683.6,680.7,1.4,,,无
1983-01-23,52645.0,青海,野牛沟,38.41666666666666,99.58333333333331,3180.0,1983,1,23,0.0,无,-16.9,-4.3,-26.5,0.55,0.3,681.8,683.3,679.6,1.1,,,无
1983-01-24,52645.0,青海,野牛沟,38.41666666666666,99.58333333333331,3180.0,1983,1,24,0.0,无,-13.9,0.1,-23.5,0.51,0.3,681.9,683.6,680.6,1.3,,,无
1983-01-25,52645.0,青海,野牛沟,38.41666666666666,99.58333333333331,3180.0,1983,1,25,0.0,无,-12.3,0.9,-22.1,0.5,0.24,681.3,683.0,677.8,1.5,,,无
1983-01-26,52645.0,青海,野牛沟,38.41666666666666,99.58333333333331,3180.0,1983,1,26,0.0,无,-12.9,3.4,-23.4,0.43,0.16,680.7,682.9,678.1,1.4,,,无
1983-01-27,52645.0,青海,野牛沟,38.41666666666666,99.58333333333331,3180.0,1983,1,27,0.0,无,-12.7,5.3,-23.6,0.4,0.12,678.9,681.2,676.0,1.3,,,无
1983-01-28,52645.0,青海,野牛沟,38.41666666666666,99.58333333333331,3180.0,1983,1,28,0.0,无,-9.1,3.0,-16.9,0.41,0.22,675.9,677.3,673.7,1.8,,,无
1983-01-29,52645.0,青海,野牛沟,38.41666666666666,99.58333333333331,3180.0,1983,1,29,0.0,无,-10.7,2.5,-20.9,0.56,0.29,673.9,675.6,671.0,1.8,,,无
1983-01-30,52645.0,青海,野牛沟,38.41666666666666,99.58333333333331,3180.0,1983,1,30,0.0,无,-8.1,1.5,-14.4,0.55,0.38,669.8,671.9,667.0,1.8,,,无
1983-01-31,52645.0,青海,野牛沟,38.41666666666666,99.58333333333331,3180.0,1983,1,31,0.4,normal,-10.4,-5.2,-13.0,0.76,0.6,670.8,672.4,669.0,1.1,,-11.434037961568869,Snow
1983-02-01,52645.0,青海,野牛沟,38.41666666666666,99.58333333333331,3180.0,1983,2,1,0.4,normal,-15.9,-7.5,-21.2,0.82,0.43,674.3,675.7,672.4,0.7,,-16.450360119854906,Snow
1983-02-02,52645.0,青海,野牛沟,38.41666666666666,99.58333333333331,3180.0,1983,2,2,0.0,无,-18.3,-8.2,-26.4,0.67,0.4,675.7,677.0,674.0,0.4,,,无
1983-02-03,52645.0,青海,野牛沟,38.41666666666666,99.58333333333331,3180.0,1983,2,3,0.0,无,-16.6,-6.9,-25.3,0.67,0.29,675.8,677.3,673.8,1.2,,,无
1983-02-04,52645.0,青海,野牛沟,38.41666666666666,99.58333333333331,3180.0,1983,2,4,0.0,无,-18.8,-7.5,-27.3,0.57,0.24,674.7,676.8,672.1,1.2,,,无
1983-02-05,52645.0,青海,野牛沟,38.41666666666666,99.58333333333331,3180.0,1983,2,5,0.0,无,-17.8,-8.0,-27.8,0.51,0.25,673.0,674.5,670.6,1.0,,,无
1983-02-06,52645.0,青海,野牛沟,38.41666666666666,99.58333333333331,3180.0,1983,2,6,0.0,无,-17.0,-10.8,-21.4,0.55,0.27,675.4,677.5,673.1,0.8,,,无
1983-02-07,52645.0,青海,野牛沟,38.41666666666666,99.58333333333331,3180.0,1983,2,7,0.1,normal,-18.9,-9.0,-27.6,0.59,0.23,679.4,681.7,677.5,1.1,,-19.92077480184581,Snow
1983-02-08,52645.0,青海,野牛沟,38.41666666666666,99.58333333333331,3180.0,1983,2,8,0.0,无,-18.7,-5.5,-28.4,0.4,0.14,677.2,679.8,673.6,0.8,,,无
1983-02-09,52645.0,青海,野牛沟,38.41666666666666,99.58333333333331,3180.0,1983,2,9,0.0,无,-18.3,-4.7,-28.8,0.35,0.1,675.5,677.4,673.0,1.6,,,无
1983-02-10,52645.0,青海,野牛沟,38.41666666666666,99.58333333333331,3180.0,1983,2,10,0.0,无,-18.1,-6.0,-27.8,0.36,0.16,677.2,678.6,674.2,1.7,,,无
1983-02-11,52645.0,青海,野牛沟,38.41666666666666,99.58333333333331,3180.0,1983,2,11,0.0,无,-17.4,-5.4,-27.5,0.34,0.15,677.7,680.0,674.6,1.1,,,无
1983-02-12,52645.0,青海,野牛沟,38.41666666666666,99.58333333333331,3180.0,1983,2,12,0.0,无,-16.3,-6.0,-25.8,0.39,0.17,676.8,679.2,674.8,2.0,,,无
1983-02-13,52645.0,青海,野牛沟,38.41666666666666,99.58333333333331,3180.0,1983,2,13,0.0,无,-16.1,-6.5,-23.8,0.28,0.14,674.6,676.6,673.4,2.2,,,无
1983-02-14,52645.0,青海,野牛沟,38.41666666666666,99.58333333333331,3180.0,1983,2,14,0.0,无,-16.7,1.4,-28.8,0.33,0.15,675.2,677.0,672.1,1.4,,,无
1983-02-15,52645.0,青海,野牛沟,38.41666666666666,99.58333333333331,3180.0,1983,2,15,0.0,无,-13.3,-6.5,-17.4,0.35,0.26,676.0,678.0,673.8,1.7,,,无
1983-02-16,52645.0,青海,野牛沟,38.41666666666666,99.58333333333331,3180.0,1983,2,16,0.0,无,-14.0,-3.6,-24.5,0.39,0.22,676.0,678.4,673.1,1.9,,,无
1983-02-17,52645.0,青海,野牛沟,38.41666666666666,99.58333333333331,3180.0,1983,2,17,0.0,无,-10.8,-0.2,-20.3,0.34,0.16,676.1,678.0,674.1,3.1,,,无
1983-02-18,52645.0,青海,野牛沟,38.41666666666666,99.58333333333331,3180.0,1983,2,18,0.0,无,-13.7,0.3,-25.2,0.32,0.12,676.2,677.8,672.7,2.2,,,无
1983-02-19,52645.0,青海,野牛沟,38.41666666666666,99.58333333333331,3180.0,1983,2,19,0.0,无,-13.6,-1.6,-24.2,0.33,0.16,675.9,677.3,673.4,1.8,,,无
1983-02-20,52645.0,青海,野牛沟,38.41666666666666,99.58333333333331,3180.0,1983,2,20,0.0,无,-13.6,-1.2,-24.2,0.37,0.17,675.4,677.5,671.9,1.9,,,无
1983-02-21,52645.0,青海,野牛沟,38.41666666666666,99.58333333333331,3180.0,1983,2,21,0.0,无,-12.3,-0.9,-23.5,0.39,0.16,674.3,676.4,671.1,1.9,,,无
1983-02-22,52645.0,青海,野牛沟,38.41666666666666,99.58333333333331,3180.0,1983,2,22,0.0,无,-13.4,-2.5,-20.4,0.49,0.26,674.8,676.1,672.1,2.1,,,无
1983-02-23,52645.0,青海,野牛沟,38.41666666666666,99.58333333333331,3180.0,1983,2,23,0.0,无,-14.9,-2.8,-24.8,0.54,0.16,677.2,678.8,674.7,1.9,,,无
1983-02-24,52645.0,青海,野牛沟,38.41666666666666,99.58333333333331,3180.0,1983,2,24,0.0,无,-14.6,-3.2,-25.3,0.4,0.18,677.4,679.4,674.4,1.5,,,无
1983-02-25,52645.0,青海,野牛沟,38.41666666666666,99.58333333333331,3180.0,1983,2,25,0.0,无,-13.2,-3.4,-21.7,0.45,0.3,674.5,675.7,673.7,1.9,,,无
1983-02-26,52645.0,青海,野牛沟,38.41666666666666,99.58333333333331,3180.0,1983,2,26,0.0,无,-14.2,-1.7,-24.7,0.5,0.27,675.4,677.7,672.3,2.0,,,无
1983-02-27,52645.0,青海,野牛沟,38.41666666666666,99.58333333333331,3180.0,1983,2,27,0.0,无,-10.0,-3.8,-14.5,0.54,0.29,673.7,675.5,672.5,1.5,,,无
1983-02-28,52645.0,青海,野牛沟,38.41666666666666,99.58333333333331,3180.0,1983,2,28,0.0,无,-13.3,-2.6,-23.4,0.55,0.11,676.1,677.9,674.0,1.9,,,无
1983-03-01,52645.0,青海,野牛沟,38.41666666666666,99.58333333333331,3180.0,1983,3,1,0.0,无,-13.1,-1.7,-22.9,0.39,0.16,673.4,675.9,669.7,2.1,,,无
1983-03-02,52645.0,青海,野牛沟,38.41666666666666,99.58333333333331,3180.0,1983,3,2,0.0,无,-14.0,-1.2,-24.8,0.41,0.19,675.1,677.3,672.3,2.4,,,无
1983-03-03,52645.0,青海,野牛沟,38.41666666666666,99.58333333333331,3180.0,1983,3,3,0.0,无,-12.7,-0.8,-23.1,0.43,0.21,680.8,682.2,677.3,2.1,,,无
1983-03-04,52645.0,青海,野牛沟,38.41666666666666,99.58333333333331,3180.0,1983,3,4,0.0,无,-13.7,0.5,-24.8,0.36,0.13,682.2,684.5,679.7,2.2,,,无
1983-03-05,52645.0,青海,野牛沟,38.41666666666666,99.58333333333331,3180.0,1983,3,5,0.0,无,-13.4,1.2,-25.4,0.29,0.12,680.4,682.5,677.4,2.7,,,无
1983-03-06,52645.0,青海,野牛沟,38.41666666666666,99.58333333333331,3180.0,1983,3,6,0.0,无,-11.0,-1.8,-18.9,0.37,0.18,676.4,678.7,673.2,2.2,,,无
1983-03-07,52645.0,青海,野牛沟,38.41666666666666,99.58333333333331,3180.0,1983,3,7,0.0,无,-10.6,-3.5,-18.1,0.52,0.28,673.7,675.3,671.5,1.5,,,无
1983-03-08,52645.0,青海,野牛沟,38.41666666666666,99.58333333333331,3180.0,1983,3,8,0.1,normal,-10.3,-3.3,-15.1,0.65,0.15,674.1,675.7,672.4,1.5,,-11.819383688914723,Snow
1983-03-09,52645.0,青海,野牛沟,38.41666666666666,99.58333333333331,3180.0,1983,3,9,0.0,无,-13.5,0.7,-24.5,0.42,0.14,677.0,678.6,674.9,2.6,,,无
1983-03-10,52645.0,青海,野牛沟,38.41666666666666,99.58333333333331,3180.0,1983,3,10,0.0,无,-8.9,4.9,-20.4,0.45,0.26,675.7,678.6,672.0,2.7,,,无
1983-03-11,52645.0,青海,野牛沟,38.41666666666666,99.58333333333331,3180.0,1983,3,11,0.0,无,-7.0,2.6,-16.4,0.41,0.18,674.8,677.0,673.1,3.7,,,无
1983-03-12,52645.0,青海,野牛沟,38.41666666666666,99.58333333333331,3180.0,1983,3,12,0.0,无,-9.7,4.0,-21.7,0.32,0.07,680.2,682.6,677.0,2.9,,,无
1983-03-13,52645.0,青海,野牛沟,38.41666666666666,99.58333333333331,3180.0,1983,3,13,0.0,无,-10.8,-1.5,-18.5,0.38,0.14,679.8,681.2,677.9,2.6,,,无
1983-03-14,52645.0,青海,野牛沟,38.41666666666666,99.58333333333331,3180.0,1983,3,14,0.0,无,-9.3,-1.7,-14.5,0.5,0.33,677.9,680.7,675.6,1.8,,,无
1983-03-15,52645.0,青海,野牛沟,38.41666666666666,99.58333333333331,3180.0,1983,3,15,0.0,无,-13.7,-5.1,-20.8,0.49,0.33,679.4,682.1,677.0,1.6,,,无
1983-03-16,52645.0,青海,野牛沟,38.41666666666666,99.58333333333331,3180.0,1983,3,16,0.0,无,-12.9,1.4,-25.3,0.36,0.08,682.7,685.7,678.6,2.7,,,无
1983-03-17,52645.0,青海,野牛沟,38.41666666666666,99.58333333333331,3180.0,1983,3,17,0.0,无,-9.5,4.0,-21.9,0.29,0.08,676.0,679.2,672.6,3.3,,,无
1983-03-18,52645.0,青海,野牛沟,38.41666666666666,99.58333333333331,3180.0,1983,3,18,0.0,无,-7.8,6.0,-18.9,0.3,0.1,673.2,675.2,669.4,3.9,,,无
1983-03-19,52645.0,青海,野牛沟,38.41666666666666,99.58333333333331,3180.0,1983,3,19,0.0,无,-6.1,6.7,-17.9,0.36,0.21,673.1,675.4,669.1,4.0,,,无
1983-03-20,52645.0,青海,野牛沟,38.41666666666666,99.58333333333331,3180.0,1983,3,20,0.0,无,-4.7,6.3,-14.0,0.52,0.28,671.4,674.2,666.9,2.8,,,无
1983-03-21,52645.0,青海,野牛沟,38.41666666666666,99.58333333333331,3180.0,1983,3,21,0.0,无,-7.3,-2.2,-9.6,0.68,0.51,672.3,673.5,670.8,2.0,,,无
1983-03-22,52645.0,青海,野牛沟,38.41666666666666,99.58333333333331,3180.0,1983,3,22,1.3,normal,-11.8,-6.8,-15.4,0.86,0.71,674.7,675.5,672.9,0.4,,-12.351483764920367,Snow
1983-03-23,52645.0,青海,野牛沟,38.41666666666666,99.58333333333331,3180.0,1983,3,23,0.1,normal,-12.2,-1.6,-20.4,0.75,0.46,676.4,677.7,674.7,1.9,,-13.164141570194761,Snow
1983-03-24,52645.0,青海,野牛沟,38.41666666666666,99.58333333333331,3180.0,1983,3,24,0.0,无,-10.6,-0.1,-17.8,0.61,0.27,675.7,677.2,672.9,2.2,,,无
1983-03-25,52645.0,青海,野牛沟,38.41666666666666,99.58333333333331,3180.0,1983,3,25,0.2,normal,-9.6,-1.7,-16.0,0.64,0.23,673.6,676.7,670.6,2.4,,-11.228088249057674,Snow
1983-03-26,52645.0,青海,野牛沟,38.41666666666666,99.58333333333331,3180.0,1983,3,26,0.0,无,-9.2,2.0,-20.0,0.56,0.13,673.4,675.7,671.9,2.9,,,无
1983-03-27,52645.0,青海,野牛沟,38.41666666666666,99.58333333333331,3180.0,1983,3,27,0.0,无,-9.3,1.9,-18.0,0.47,0.23,674.8,675.8,672.8,3.0,,,无
1983-03-28,52645.0,青海,野牛沟,38.41666666666666,99.58333333333331,3180.0,1983,3,28,1.1,normal,-7.2,-2.7,-13.0,0.84,0.38,676.5,677.8,674.8,0.4,,-8.01279727920608,Snow
1983-03-29,52645.0,青海,野牛沟,38.41666666666666,99.58333333333331,3180.0,1983,3,29,2.9,normal,-8.5,0.5,-17.7,0.7,0.34,677.4,678.6,676.1,2.8,,-9.932393324297987,Snow
1983-03-30,52645.0,青海,野牛沟,38.41666666666666,99.58333333333331,3180.0,1983,3,30,0.9,normal,-6.8,1.2,-14.5,0.62,0.26,678.7,679.4,677.1,2.9,,-8.79483762806466,Snow
1983-03-31,52645.0,青海,野牛沟,38.41666666666666,99.58333333333331,3180.0,1983,3,31,0.0,无,-7.1,2.5,-15.7,0.48,0.15,679.6,680.1,677.1,3.4,,,无
1983-04-01,52645.0,青海,野牛沟,38.41666666666666,99.58333333333331,3180.0,1983,4,1,0.0,无,-7.2,1.8,-15.0,0.57,0.18,682.0,682.9,680.0,3.1,,,无
1983-04-02,52645.0,青海,野牛沟,38.41666666666666,99.58333333333331,3180.0,1983,4,2,0.1,normal,-7.4,1.6,-15.5,0.57,0.16,680.1,682.7,677.5,3.3,,-9.590189118704874,Snow
1983-04-03,52645.0,青海,野牛沟,38.41666666666666,99.58333333333331,3180.0,1983,4,3,0.0,无,-6.4,3.9,-15.5,0.4,0.06,679.0,680.6,676.4,3.8,,,无
1983-04-04,52645.0,青海,野牛沟,38.41666666666666,99.58333333333331,3180.0,1983,4,4,0.0,无,-4.4,7.3,-15.0,0.33,0.06,677.4,679.9,674.0,4.6,,,无
1983-04-05,52645.0,青海,野牛沟,38.41666666666666,99.58333333333331,3180.0,1983,4,5,0.0,无,-2.5,8.0,-11.6,0.34,0.12,676.6,678.0,674.0,4.7,,,无
1983-04-06,52645.0,青海,野牛沟,38.41666666666666,99.58333333333331,3180.0,1983,4,6,0.0,无,-3.0,6.8,-12.6,0.44,0.12,676.6,679.4,673.4,3.9,,,无
1983-04-07,52645.0,青海,野牛沟,38.41666666666666,99.58333333333331,3180.0,1983,4,7,0.0,无,-2.6,10.5,-13.7,0.39,0.07,673.4,676.2,669.1,4.7,,,无
1983-04-08,52645.0,青海,野牛沟,38.41666666666666,99.58333333333331,3180.0,1983,4,8,0.0,无,-0.9,7.9,-8.5,0.46,0.23,672.3,674.1,670.4,4.3,,,无
1983-04-09,52645.0,青海,野牛沟,38.41666666666666,99.58333333333331,3180.0,1983,4,9,0.0,无,-2.0,6.5,-9.6,0.5,0.24,673.8,675.4,671.3,3.1,,,无
1983-04-10,52645.0,青海,野牛沟,38.41666666666666,99.58333333333331,3180.0,1983,4,10,0.0,无,-3.9,6.9,-11.8,0.57,0.21,677.2,679.0,674.9,3.2,,,无
1983-04-11,52645.0,青海,野牛沟,38.41666666666666,99.58333333333331,3180.0,1983,4,11,0.1,normal,-2.8,10.0,-12.0,0.52,0.04,677.7,680.5,673.3,3.4,,-5.907013969131731,Snow
1983-04-12,52645.0,青海,野牛沟,38.41666666666666,99.58333333333331,3180.0,1983,4,12,0.0,无,-1.9,9.2,-11.3,0.4,0.12,674.6,676.8,671.0,4.3,,,无
1983-04-13,52645.0,青海,野牛沟,38.41666666666666,99.58333333333331,3180.0,1983,4,13,0.0,无,-2.9,4.8,-9.5,0.71,0.25,672.7,674.2,670.4,2.9,,,无
1983-04-14,52645.0,青海,野牛沟,38.41666666666666,99.58333333333331,3180.0,1983,4,14,0.0,无,-6.9,3.5,-15.1,0.31,0.03,676.2,678.5,673.6,5.4,,,无
1983-04-15,52645.0,青海,野牛沟,38.41666666666666,99.58333333333331,3180.0,1983,4,15,0.0,无,-6.6,7.4,-18.8,0.28,0.0,679.9,681.7,677.3,4.8,,,无
1983-04-16,52645.0,青海,野牛沟,38.41666666666666,99.58333333333331,3180.0,1983,4,16,0.0,无,-2.6,10.5,-14.7,0.26,0.02,676.4,680.2,671.5,5.8,,,无
1983-04-17,52645.0,青海,野牛沟,38.41666666666666,99.58333333333331,3180.0,1983,4,17,0.0,无,-2.3,5.8,-8.6,0.3,0.08,676.9,678.4,672.9,4.9,,,无
1983-04-18,52645.0,青海,野牛沟,38.41666666666666,99.58333333333331,3180.0,1983,4,18,0.4,normal,-2.2,6.3,-5.5,0.68,0.36,681.2,682.8,678.0,3.4,,-4.293284628484453,Snow
1983-04-19,52645.0,青海,野牛沟,38.41666666666666,99.58333333333331,3180.0,1983,4,19,2.7,normal,-4.2,-0.2,-7.6,0.86,0.69,681.9,683.9,679.8,0.4,,-5.020684908534245,Snow
1983-04-20,52645.0,青海,野牛沟,38.41666666666666,99.58333333333331,3180.0,1983,4,20,1.6,normal,-2.9,1.9,-6.2,0.57,0.13,680.2,681.9,678.4,4.8,,-5.651772509110455,Snow
1983-04-21,52645.0,青海,野牛沟,38.41666666666666,99.58333333333331,3180.0,1983,4,21,0.0,无,-4.7,5.5,-13.9,0.36,0.07,680.2,681.7,678.0,4.8,,,无
1983-04-22,52645.0,青海,野牛沟,38.41666666666666,99.58333333333331,3180.0,1983,4,22,0.0,无,-2.8,6.9,-12.1,0.35,0.07,678.0,679.6,675.4,4.6,,,无
1983-04-23,52645.0,青海,野牛沟,38.41666666666666,99.58333333333331,3180.0,1983,4,23,0.0,无,-3.0,4.7,-9.1,0.55,0.21,678.5,679.5,677.3,4.0,,,无
1983-04-24,52645.0,青海,野牛沟,38.41666666666666,99.58333333333331,3180.0,1983,4,24,0.2,normal,-4.3,-0.6,-7.2,0.79,0.59,678.2,679.7,677.1,1.5,,-5.5359225421981195,Snow
1983-04-25,52645.0,青海,野牛沟,38.41666666666666,99.58333333333331,3180.0,1983,4,25,0.4,normal,-3.2,4.1,-8.2,0.55,0.13,677.4,678.6,675.9,3.2,,-6.050625938352252,Snow
1983-04-26,52645.0,青海,野牛沟,38.41666666666666,99.58333333333331,3180.0,1983,4,26,0.0,无,-2.1,6.7,-11.6,0.42,0.08,678.0,680.5,674.2,4.6,,,无
1983-04-27,52645.0,青海,野牛沟,38.41666666666666,99.58333333333331,3180.0,1983,4,27,0.0,无,-0.9,5.8,-8.0,0.23,0.08,672.1,674.8,669.6,5.5,,,无
1983-04-28,52645.0,青海,野牛沟,38.41666666666666,99.58333333333331,3180.0,1983,4,28,0.0,无,-4.4,4.2,-10.7,0.14,0.03,682.1,684.5,672.7,6.6,,,无
1983-04-29,52645.0,青海,野牛沟,38.41666666666666,99.58333333333331,3180.0,1983,4,29,0.0,无,-2.5,5.2,-8.1,0.23,0.05,680.8,683.6,677.8,3.6,,,无
1983-04-30,52645.0,青海,野牛沟,38.41666666666666,99.58333333333331,3180.0,1983,4,30,0.1,normal,-3.3,2.7,-9.1,0.55,0.16,678.4,681.0,676.3,3.3,,-6.134403881350701,Snow
1983-05-01,52645.0,青海,野牛沟,38.41666666666666,99.58333333333331,3180.0,1983,5,1,0.0,无,-2.0,8.9,-11.7,0.36,0.04,679.6,681.6,677.9,6.1,,,无
1983-05-02,52645.0,青海,野牛沟,38.41666666666666,99.58333333333331,3180.0,1983,5,2,0.0,无,0.6,10.9,-7.9,0.4,0.11,680.5,681.8,678.6,5.9,,,无
1983-05-03,52645.0,青海,野牛沟,38.41666666666666,99.58333333333331,3180.0,1983,5,3,0.0,无,0.7,6.1,-4.0,0.59,0.33,681.9,682.6,680.5,5.0,,,无
1983-05-04,52645.0,青海,野牛沟,38.41666666666666,99.58333333333331,3180.0,1983,5,4,0.6,normal,0.8,7.2,-3.7,0.6,0.26,684.3,685.7,682.6,3.8,,-2.20642383342613,Snow
1983-05-05,52645.0,青海,野牛沟,38.41666666666666,99.58333333333331,3180.0,1983,5,5,0.3,normal,-1.8,7.0,-8.0,0.63,0.24,683.6,685.1,681.8,2.7,,-4.271933331513362,Snow
1983-05-06,52645.0,青海,野牛沟,38.41666666666666,99.58333333333331,3180.0,1983,5,6,0.0,无,0.8,10.5,-9.2,0.46,0.14,686.1,688.1,683.3,5.2,,,无
1983-05-07,52645.0,青海,野牛沟,38.41666666666666,99.58333333333331,3180.0,1983,5,7,0.0,无,2.3,13.3,-8.1,0.39,0.13,684.7,686.2,682.6,6.2,,,无
1983-05-08,52645.0,青海,野牛沟,38.41666666666666,99.58333333333331,3180.0,1983,5,8,0.0,无,4.5,12.8,-4.5,0.48,0.13,683.9,685.4,681.1,6.0,,,无
1983-05-09,52645.0,青海,野牛沟,38.41666666666666,99.58333333333331,3180.0,1983,5,9,0.0,无,6.0,18.0,-5.4,0.39,0.11,680.6,682.9,677.7,8.2,,,无
1983-05-10,52645.0,青海,野牛沟,38.41666666666666,99.58333333333331,3180.0,1983,5,10,0.0,无,6.0,15.5,-3.1,0.47,0.16,678.6,681.2,675.4,6.9,,,无
1983-05-11,52645.0,青海,野牛沟,38.41666666666666,99.58333333333331,3180.0,1983,5,11,0.0,无,4.2,14.0,-4.6,0.6,0.21,679.4,680.5,677.2,6.1,,,无
1983-05-12,52645.0,青海,野牛沟,38.41666666666666,99.58333333333331,3180.0,1983,5,12,0.0,无,4.2,14.9,-4.2,0.64,0.18,680.0,681.0,677.6,6.7,,,无
1983-05-13,52645.0,青海,野牛沟,38.41666666666666,99.58333333333331,3180.0,1983,5,13,6.8,normal,1.6,5.3,-0.1,0.88,0.67,680.4,682.0,678.8,1.1,,0.6954150302379825,Snow
1983-05-14,52645.0,青海,野牛沟,38.41666666666666,99.58333333333331,3180.0,1983,5,14,0.0,无,2.2,9.1,-4.2,0.56,0.17,683.1,684.2,681.8,5.6,,,无
1983-05-15,52645.0,青海,野牛沟,38.41666666666666,99.58333333333331,3180.0,1983,5,15,0.0,无,2.9,11.8,-5.2,0.49,0.09,683.5,684.5,682.4,6.0,,,无
1983-05-16,52645.0,青海,野牛沟,38.41666666666666,99.58333333333331,3180.0,1983,5,16,0.0,无,5.4,12.8,-4.0,0.5,0.18,684.4,686.4,681.8,7.1,,,无
1983-05-17,52645.0,青海,野牛沟,38.41666666666666,99.58333333333331,3180.0,1983,5,17,0.0,无,5.3,13.5,-2.5,0.47,0.17,682.4,683.7,680.8,6.4,,,无
1983-05-18,52645.0,青海,野牛沟,38.41666666666666,99.58333333333331,3180.0,1983,5,18,0.1,normal,4.6,15.9,-4.0,0.63,0.15,681.1,683.1,677.7,5.7,,1.3638068408820248,Rain
1983-05-19,52645.0,青海,野牛沟,38.41666666666666,99.58333333333331,3180.0,1983,5,19,0.2,normal,7.3,17.4,-3.6,0.5,0.13,677.2,680.0,674.1,7.5,,2.3527800694806666,Rain
1983-05-20,52645.0,青海,野牛沟,38.41666666666666,99.58333333333331,3180.0,1983,5,20,4.3,normal,2.2,15.4,-2.8,0.66,0.17,679.5,682.3,674.1,2.1,,-0.4991028958758337,Snow
1983-05-21,52645.0,青海,野牛沟,38.41666666666666,99.58333333333331,3180.0,1983,5,21,0.0,无,-0.5,7.5,-8.0,0.63,0.32,683.4,684.8,681.6,4.3,,,无
1983-05-22,52645.0,青海,野牛沟,38.41666666666666,99.58333333333331,3180.0,1983,5,22,0.0,无,5.6,14.4,-3.9,0.45,0.2,679.4,681.6,676.4,6.8,,,无
1983-05-23,52645.0,青海,野牛沟,38.41666666666666,99.58333333333331,3180.0,1983,5,23,0.1,normal,7.1,12.0,4.6,0.56,0.24,678.2,679.3,676.9,7.0,,2.8252674602131345,Rain
1983-05-24,52645.0,青海,野牛沟,38.41666666666666,99.58333333333331,3180.0,1983,5,24,2.7,normal,2.1,5.6,0.3,0.79,0.52,682.0,682.7,679.3,2.2,,0.4694264474995036,Snow
1983-05-25,52645.0,青海,野牛沟,38.41666666666666,99.58333333333331,3180.0,1983,5,25,5.7,normal,1.4,7.2,-3.6,0.67,0.25,684.9,685.7,682.7,2.8,,-1.1218451343956515,Snow
1983-05-26,52645.0,青海,野牛沟,38.41666666666666,99.58333333333331,3180.0,1983,5,26,0.0,无,4.4,12.3,-3.3,0.5,0.12,686.4,687.6,685.0,6.6,,,无
1983-05-27,52645.0,青海,野牛沟,38.41666666666666,99.58333333333331,3180.0,1983,5,27,0.0,无,5.7,14.6,-3.0,0.57,0.15,683.9,686.3,681.4,6.4,,,无
1983-05-28,52645.0,青海,野牛沟,38.41666666666666,99.58333333333331,3180.0,1983,5,28,0.0,无,7.9,16.5,1.2,0.51,0.16,680.5,682.6,677.7,7.5,,,无
1983-05-29,52645.0,青海,野牛沟,38.41666666666666,99.58333333333331,3180.0,1983,5,29,0.2,normal,8.8,17.7,0.5,0.59,0.2,680.2,682.7,677.9,7.9,,4.603025775450926,Rain
1983-05-30,52645.0,青海,野牛沟,38.41666666666666,99.58333333333331,3180.0,1983,5,30,2.1,normal,5.6,15.0,1.3,0.65,0.23,680.0,681.8,677.9,3.3,,2.429847324891461,Rain
1983-05-31,52645.0,青海,野牛沟,38.41666666666666,99.58333333333331,3180.0,1983,5,31,0.0,无,5.6,14.9,-0.1,0.71,0.31,683.1,683.7,680.9,4.8,,,无
1983-06-01,52645.0,青海,野牛沟,38.41666666666666,99.58333333333331,3180.0,1983,6,1,0.0,无,9.1,18.7,-1.5,0.59,0.21,681.9,683.7,679.9,7.3,,,无
1983-06-02,52645.0,青海,野牛沟,38.41666666666666,99.58333333333331,3180.0,1983,6,2,0.0,无,9.9,21.6,-0.8,0.49,0.11,680.5,681.5,677.5,8.2,,,无
1983-06-03,52645.0,青海,野牛沟,38.41666666666666,99.58333333333331,3180.0,1983,6,3,8.0,normal,5.7,14.1,1.8,0.79,0.36,682.3,683.0,678.7,1.8,,3.834718195066853,Rain
1983-06-04,52645.0,青海,野牛沟,38.41666666666666,99.58333333333331,3180.0,1983,6,4,7.8,normal,0.5,4.2,-3.0,0.87,0.61,684.6,685.2,683.0,2.7,,-0.43565621559210843,Snow
1983-06-05,52645.0,青海,野牛沟,38.41666666666666,99.58333333333331,3180.0,1983,6,5,1.1,normal,1.3,6.0,-2.6,0.67,0.27,685.2,686.6,683.6,4.2,,-1.2108156477034582,Snow
1983-06-06,52645.0,青海,野牛沟,38.41666666666666,99.58333333333331,3180.0,1983,6,6,0.0,无,3.1,11.2,-3.7,0.51,0.18,683.1,684.4,681.2,6.2,,,无
1983-06-07,52645.0,青海,野牛沟,38.41666666666666,99.58333333333331,3180.0,1983,6,7,2.8,normal,2.3,9.3,-2.5,0.62,0.25,683.0,683.8,681.7,4.1,,-0.7363658734929812,Snow
1983-06-08,52645.0,青海,野牛沟,38.41666666666666,99.58333333333331,3180.0,1983,6,8,6.6,normal,2.7,10.4,-4.2,0.7,0.33,683.0,684.4,681.4,6.0,,0.28895808112252563,Snow
1983-06-09,52645.0,青海,野牛沟,38.41666666666666,99.58333333333331,3180.0,1983,6,9,0.0,无,7.3,16.5,-2.4,0.69,0.27,680.8,682.8,678.4,6.4,,,无
1983-06-10,52645.0,青海,野牛沟,38.41666666666666,99.58333333333331,3180.0,1983,6,10,1.9,normal,4.0,13.8,0.4,0.67,0.27,680.2,682.6,678.3,2.7,,1.193267666179394,Rain
1983-06-11,52645.0,青海,野牛沟,38.41666666666666,99.58333333333331,3180.0,1983,6,11,1.0,normal,3.8,10.9,-1.2,0.73,0.34,684.4,685.4,682.6,3.6,,1.5467144129401822,Rain
1983-06-12,52645.0,青海,野牛沟,38.41666666666666,99.58333333333331,3180.0,1983,6,12,0.0,无,6.3,14.9,-2.5,0.56,0.21,685.0,686.0,683.5,7.1,,,无
1983-06-13,52645.0,青海,野牛沟,38.41666666666666,99.58333333333331,3180.0,1983,6,13,0.9,normal,4.4,17.1,-1.2,0.73,0.27,684.7,685.1,683.2,4.2,,2.095644636945724,Rain
1983-06-14,52645.0,青海,野牛沟,38.41666666666666,99.58333333333331,3180.0,1983,6,14,0.4,normal,5.7,12.9,1.3,0.76,0.35,684.3,685.7,682.1,4.4,,3.5612111120463608,Rain
1983-06-15,52645.0,青海,野牛沟,38.41666666666666,99.58333333333331,3180.0,1983,6,15,5.8,normal,4.3,12.4,0.0,0.83,0.44,683.5,684.6,682.1,3.8,,2.873658886279302,Snow
1983-06-16,52645.0,青海,野牛沟,38.41666666666666,99.58333333333331,3180.0,1983,6,16,0.4,normal,7.9,16.3,-0.1,0.63,0.24,681.7,683.1,679.2,6.6,,4.2565105742780895,Rain
1983-06-17,52645.0,青海,野牛沟,38.41666666666666,99.58333333333331,3180.0,1983,6,17,7.5,normal,5.8,14.0,0.5,0.79,0.45,679.8,681.9,677.1,4.2,,3.9251130893161745,Rain
1983-06-18,52645.0,青海,野牛沟,38.41666666666666,99.58333333333331,3180.0,1983,6,18,11.3,normal,3.6,8.3,-0.1,0.84,0.59,680.3,681.3,679.0,1.3,,2.2908364328613517,Snow
1983-06-19,52645.0,青海,野牛沟,38.41666666666666,99.58333333333331,3180.0,1983,6,19,0.0,无,6.0,14.2,-1.0,0.72,0.45,681.3,682.2,679.8,5.8,,,无
1983-06-20,52645.0,青海,野牛沟,38.41666666666666,99.58333333333331,3180.0,1983,6,20,3.3,normal,6.4,11.7,2.8,0.8,0.58,681.2,681.7,680.3,3.0,,4.581246945908748,Rain
1983-06-21,52645.0,青海,野牛沟,38.41666666666666,99.58333333333331,3180.0,1983,6,21,6.2,normal,8.0,14.1,2.6,0.7,0.36,681.9,682.6,680.3,5.5,,5.072430305908777,Rain
1983-06-22,52645.0,青海,野牛沟,38.41666666666666,99.58333333333331,3180.0,1983,6,22,3.5,normal,6.3,12.2,0.0,0.78,0.5,682.5,683.7,680.1,4.7,,4.301584683593487,Rain
1983-06-23,52645.0,青海,野牛沟,38.41666666666666,99.58333333333331,3180.0,1983,6,23,4.5,normal,6.4,10.8,3.6,0.81,0.54,683.3,684.4,682.0,2.8,,4.677198964406402,Rain
1983-06-24,52645.0,青海,野牛沟,38.41666666666666,99.58333333333331,3180.0,1983,6,24,0.0,无,6.6,11.6,2.0,0.78,0.43,685.3,686.2,684.1,3.0,,,无
1983-06-25,52645.0,青海,野牛沟,38.41666666666666,99.58333333333331,3180.0,1983,6,25,1.5,normal,6.5,11.4,3.4,0.74,0.4,686.3,687.1,685.2,3.7,,4.1123469212374575,Rain
1983-06-26,52645.0,青海,野牛沟,38.41666666666666,99.58333333333331,3180.0,1983,6,26,0.0,无,8.9,14.7,2.0,0.56,0.25,685.8,687.6,683.9,7.2,,,无
1983-06-27,52645.0,青海,野牛沟,38.41666666666666,99.58333333333331,3180.0,1983,6,27,0.0,无,8.4,17.2,0.4,0.57,0.22,683.0,684.7,681.0,6.9,,,无
1983-06-28,52645.0,青海,野牛沟,38.41666666666666,99.58333333333331,3180.0,1983,6,28,0.4,normal,8.1,15.5,0.8,0.67,0.33,682.1,682.8,680.4,5.1,,4.8521218880128325,Rain
1983-06-29,52645.0,青海,野牛沟,38.41666666666666,99.58333333333331,3180.0,1983,6,29,2.6,normal,7.1,15.8,0.9,0.75,0.35,682.4,683.2,680.3,4.3,,4.7542366484489,Rain
1983-06-30,52645.0,青海,野牛沟,38.41666666666666,99.58333333333331,3180.0,1983,6,30,8.8,normal,6.9,12.5,4.3,0.81,0.6,682.5,684.2,680.6,3.9,,5.146733844216738,Rain
1983-07-01,52645.0,青海,野牛沟,38.41666666666666,99.58333333333331,3180.0,1983,7,1,6.9,normal,3.9,8.7,0.9,0.84,0.61,681.0,682.7,680.3,1.7,,2.5767953321338988,Snow
1983-07-02,52645.0,青海,野牛沟,38.41666666666666,99.58333333333331,3180.0,1983,7,2,0.0,无,4.5,12.6,-2.8,0.7,0.3,679.7,681.8,677.1,4.5,,,无
1983-07-03,52645.0,青海,野牛沟,38.41666666666666,99.58333333333331,3180.0,1983,7,3,0.0,无,5.3,11.4,-1.2,0.75,0.49,678.4,679.2,677.4,4.0,,,无
1983-07-04,52645.0,青海,野牛沟,38.41666666666666,99.58333333333331,3180.0,1983,7,4,0.7,normal,8.6,14.4,4.3,0.75,0.47,678.5,679.2,677.1,4.4,,6.128530915508619,Rain
1983-07-05,52645.0,青海,野牛沟,38.41666666666666,99.58333333333331,3180.0,1983,7,5,10.7,normal,8.0,13.9,4.7,0.82,0.63,680.0,681.9,678.1,3.5,,6.277680575807154,Rain
1983-07-06,52645.0,青海,野牛沟,38.41666666666666,99.58333333333331,3180.0,1983,7,6,2.2,normal,8.1,13.9,3.8,0.77,0.56,682.0,682.6,680.7,4.3,,5.875561125869111,Rain
1983-07-07,52645.0,青海,野牛沟,38.41666666666666,99.58333333333331,3180.0,1983,7,7,3.3,normal,7.8,10.6,6.3,0.85,0.68,681.5,682.6,680.6,1.6,,6.382549214665736,Rain
1983-07-08,52645.0,青海,野牛沟,38.41666666666666,99.58333333333331,3180.0,1983,7,8,8.1,normal,7.5,12.0,4.1,0.88,0.67,680.9,681.7,680.5,2.7,,6.3822612785633615,Rain
1983-07-09,52645.0,青海,野牛沟,38.41666666666666,99.58333333333331,3180.0,1983,7,9,5.1,normal,9.5,15.2,5.3,0.77,0.54,682.8,683.2,681.4,3.9,,7.174500235203598,Rain
1983-07-10,52645.0,青海,野牛沟,38.41666666666666,99.58333333333331,3180.0,1983,7,10,8.1,normal,7.6,11.6,5.7,0.85,0.56,684.2,684.9,682.4,2.4,,6.194006789680144,Rain
1983-07-11,52645.0,青海,野牛沟,38.41666666666666,99.58333333333331,3180.0,1983,7,11,10.8,normal,8.3,13.4,4.8,0.87,0.65,683.9,685.1,682.3,3.8,,7.057649412462426,Rain
1983-07-12,52645.0,青海,野牛沟,38.41666666666666,99.58333333333331,3180.0,1983,7,12,5.3,normal,7.7,13.1,4.6,0.79,0.5,684.2,685.7,682.4,4.0,,5.705101964217403,Rain
1983-07-13,52645.0,青海,野牛沟,38.41666666666666,99.58333333333331,3180.0,1983,7,13,1.6,normal,8.7,15.4,2.3,0.66,0.28,684.9,685.8,683.5,6.9,,5.285663361748312,Rain
1983-07-14,52645.0,青海,野牛沟,38.41666666666666,99.58333333333331,3180.0,1983,7,14,0.1,normal,6.8,13.5,3.5,0.7,0.41,685.0,685.6,682.7,3.5,,3.99560230751955,Rain
1983-07-15,52645.0,青海,野牛沟,38.41666666666666,99.58333333333331,3180.0,1983,7,15,0.0,无,7.9,16.1,-0.8,0.59,0.24,684.2,685.6,681.5,6.3,,,无
1983-07-16,52645.0,青海,野牛沟,38.41666666666666,99.58333333333331,3180.0,1983,7,16,0.0,无,8.6,16.9,0.6,0.61,0.24,682.9,684.1,681.0,6.2,,,无
1983-07-17,52645.0,青海,野牛沟,38.41666666666666,99.58333333333331,3180.0,1983,7,17,4.3,normal,6.7,12.9,1.7,0.82,0.52,682.7,683.2,681.5,1.7,,5.05308303068055,Rain
1983-07-18,52645.0,青海,野牛沟,38.41666666666666,99.58333333333331,3180.0,1983,7,18,13.2,normal,6.3,11.5,0.8,0.85,0.6,682.4,683.5,681.3,1.4,,4.952290002329964,Rain
1983-07-19,52645.0,青海,野牛沟,38.41666666666666,99.58333333333331,3180.0,1983,7,19,1.5,normal,8.4,17.2,1.0,0.71,0.31,682.1,683.3,679.9,4.8,,5.537531365734041,Rain
1983-07-20,52645.0,青海,野牛沟,38.41666666666666,99.58333333333331,3180.0,1983,7,20,0.0,无,10.0,17.5,2.4,0.7,0.42,681.8,682.6,679.9,4.7,,,无
1983-07-21,52645.0,青海,野牛沟,38.41666666666666,99.58333333333331,3180.0,1983,7,21,0.6,normal,10.4,14.8,6.4,0.66,0.42,683.6,684.1,682.6,5.2,,6.790026140719632,Rain
1983-07-22,52645.0,青海,野牛沟,38.41666666666666,99.58333333333331,3180.0,1983,7,22,7.1,normal,6.6,14.6,3.4,0.82,0.45,685.3,685.8,683.6,4.4,,4.961317781413164,Rain
1983-07-23,52645.0,青海,野牛沟,38.41666666666666,99.58333333333331,3180.0,1983,7,23,1.6,normal,6.7,14.2,1.7,0.76,0.5,684.5,686.5,681.7,4.4,,4.48527570588777,Rain
1983-07-24,52645.0,青海,野牛沟,38.41666666666666,99.58333333333331,3180.0,1983,7,24,5.8,normal,7.8,15.5,2.8,0.74,0.39,682.2,684.1,680.2,5.2,,5.297602293337644,Rain
1983-07-25,52645.0,青海,野牛沟,38.41666666666666,99.58333333333331,3180.0,1983,7,25,0.5,normal,10.2,17.8,2.7,0.68,0.25,681.0,682.7,679.4,6.3,,6.831868100256595,Rain
1983-07-26,52645.0,青海,野牛沟,38.41666666666666,99.58333333333331,3180.0,1983,7,26,2.9,normal,9.4,19.8,2.6,0.75,0.38,681.5,682.3,679.1,6.0,,6.868944947751303,Rain
1983-07-27,52645.0,青海,野牛沟,38.41666666666666,99.58333333333331,3180.0,1983,7,27,4.9,normal,9.1,13.3,6.0,0.79,0.63,682.2,683.2,681.0,3.7,,7.010245308020253,Rain
1983-07-28,52645.0,青海,野牛沟,38.41666666666666,99.58333333333331,3180.0,1983,7,28,0.0,无,9.9,18.8,4.4,0.73,0.3,683.1,683.9,680.9,6.3,,,无
1983-07-29,52645.0,青海,野牛沟,38.41666666666666,99.58333333333331,3180.0,1983,7,29,0.0,无,9.0,14.4,3.8,0.73,0.46,683.4,684.3,682.1,4.1,,,无
1983-07-30,52645.0,青海,野牛沟,38.41666666666666,99.58333333333331,3180.0,1983,7,30,12.5,normal,7.0,12.9,3.3,0.81,0.47,684.7,686.0,682.6,3.7,,5.243191106061809,Rain
1983-07-31,52645.0,青海,野牛沟,38.41666666666666,99.58333333333331,3180.0,1983,7,31,5.7,normal,7.0,14.0,0.5,0.69,0.38,687.0,687.8,685.7,4.8,,4.080794924029347,Rain
1983-08-01,52645.0,青海,野牛沟,38.41666666666666,99.58333333333331,3180.0,1983,8,1,3.3,normal,8.0,17.6,0.2,0.73,0.39,686.5,687.9,684.1,6.0,,5.386327758186256,Rain
1983-08-02,52645.0,青海,野牛沟,38.41666666666666,99.58333333333331,3180.0,1983,8,2,0.3,normal,11.1,19.9,2.4,0.7,0.32,683.1,685.8,680.3,6.4,,7.870123128377178,Rain
1983-08-03,52645.0,青海,野牛沟,38.41666666666666,99.58333333333331,3180.0,1983,8,3,14.6,normal,9.5,17.0,5.2,0.83,0.6,681.0,683.1,678.8,7.0,,7.798369365922988,Rain
1983-08-04,52645.0,青海,野牛沟,38.41666666666666,99.58333333333331,3180.0,1983,8,4,19.0,normal,4.6,9.1,1.0,0.92,0.7,683.2,685.2,681.1,1.8,,3.9299041578533567,Rain
1983-08-05,52645.0,青海,野牛沟,38.41666666666666,99.58333333333331,3180.0,1983,8,5,3.4,normal,5.5,14.4,-0.5,0.78,0.35,685.5,686.4,684.0,4.0,,3.560792686499812,Rain
1983-08-06,52645.0,青海,野牛沟,38.41666666666666,99.58333333333331,3180.0,1983,8,6,0.0,无,9.1,18.2,0.0,0.68,0.29,685.8,686.8,683.4,6.3,,,无
1983-08-07,52645.0,青海,野牛沟,38.41666666666666,99.58333333333331,3180.0,1983,8,7,0.0,无,11.1,21.8,1.4,0.68,0.27,685.6,687.3,683.9,6.3,,,无
1983-08-08,52645.0,青海,野牛沟,38.41666666666666,99.58333333333331,3180.0,1983,8,8,0.4,normal,11.9,20.0,4.0,0.67,0.29,684.2,685.3,682.1,5.4,,8.239931952295954,Rain
1983-08-09,52645.0,青海,野牛沟,38.41666666666666,99.58333333333331,3180.0,1983,8,9,0.5,normal,12.1,19.6,5.6,0.71,0.4,683.2,683.8,681.3,5.6,,8.889962455676471,Rain
1983-08-10,52645.0,青海,野牛沟,38.41666666666666,99.58333333333331,3180.0,1983,8,10,7.9,normal,9.1,19.5,2.3,0.81,0.45,682.9,684.0,679.7,5.4,,7.2168707710966595,Rain
1983-08-11,52645.0,青海,野牛沟,38.41666666666666,99.58333333333331,3180.0,1983,8,11,2.0,normal,11.9,18.7,6.6,0.68,0.36,683.1,683.7,682.0,6.0,,8.356193874438432,Rain
1983-08-12,52645.0,青海,野牛沟,38.41666666666666,99.58333333333331,3180.0,1983,8,12,18.7,normal,8.4,14.7,4.1,0.83,0.36,683.1,684.1,681.5,1.8,,6.7581128787783795,Rain
1983-08-13,52645.0,青海,野牛沟,38.41666666666666,99.58333333333331,3180.0,1983,8,13,1.9,normal,7.1,10.5,4.0,0.86,0.7,684.9,685.4,684.0,1.5,,5.8118451113565195,Rain
1983-08-14,52645.0,青海,野牛沟,38.41666666666666,99.58333333333331,3180.0,1983,8,14,0.1,normal,9.0,14.4,6.2,0.85,0.68,684.5,685.5,683.5,4.0,,7.529914566466265,Rain
1983-08-15,52645.0,青海,野牛沟,38.41666666666666,99.58333333333331,3180.0,1983,8,15,15.2,normal,8.9,13.8,4.9,0.76,0.54,684.8,686.0,683.6,3.1,,6.517548984217245,Rain
1983-08-16,52645.0,青海,野牛沟,38.41666666666666,99.58333333333331,3180.0,1983,8,16,8.9,normal,8.0,12.3,4.5,0.82,0.59,683.7,684.6,682.0,3.1,,6.281457686684067,Rain
1983-08-17,52645.0,青海,野牛沟,38.41666666666666,99.58333333333331,3180.0,1983,8,17,5.6,normal,8.3,14.7,4.5,0.75,0.51,683.6,684.1,682.5,4.1,,5.8600427510842,Rain
1983-08-18,52645.0,青海,野牛沟,38.41666666666666,99.58333333333331,3180.0,1983,8,18,10.0,normal,5.0,12.7,1.2,0.82,0.49,685.1,685.6,683.3,4.3,,3.450342367616339,Rain
1983-08-19,52645.0,青海,野牛沟,38.41666666666666,99.58333333333331,3180.0,1983,8,19,0.6,normal,6.7,15.6,0.8,0.75,0.32,685.9,687.7,683.6,5.0,,4.3913065723534705,Rain
1983-08-20,52645.0,青海,野牛沟,38.41666666666666,99.58333333333331,3180.0,1983,8,20,0.7,normal,7.3,13.6,0.5,0.73,0.47,684.7,685.4,683.8,3.2,,4.744421654931901,Rain
1983-08-21,52645.0,青海,野牛沟,38.41666666666666,99.58333333333331,3180.0,1983,8,21,2.0,normal,5.4,12.6,0.8,0.8,0.4,684.4,685.9,682.3,4.4,,3.6473779381429194,Rain
1983-08-22,52645.0,青海,野牛沟,38.41666666666666,99.58333333333331,3180.0,1983,8,22,5.1,normal,5.8,14.5,0.0,0.77,0.38,682.8,685.1,680.9,4.2,,3.7442010477339993,Rain
1983-08-23,52645.0,青海,野牛沟,38.41666666666666,99.58333333333331,3180.0,1983,8,23,1.9,normal,5.7,13.5,0.2,0.7,0.37,682.2,683.1,681.0,4.4,,2.997939984041662,Rain
1983-08-24,52645.0,青海,野牛沟,38.41666666666666,99.58333333333331,3180.0,1983,8,24,0.5,normal,3.8,12.7,-2.7,0.7,0.31,684.6,685.4,683.1,4.1,,1.286299185631834,Rain
1983-08-25,52645.0,青海,野牛沟,38.41666666666666,99.58333333333331,3180.0,1983,8,25,2.1,normal,3.4,11.4,-2.8,0.75,0.41,684.1,684.9,682.4,3.5,,1.350429354595204,Rain
1983-08-26,52645.0,青海,野牛沟,38.41666666666666,99.58333333333331,3180.0,1983,8,26,0.1,normal,5.5,14.9,-1.2,0.73,0.33,682.3,683.5,680.9,4.4,,3.096882787841122,Rain
1983-08-27,52645.0,青海,野牛沟,38.41666666666666,99.58333333333331,3180.0,1983,8,27,0.0,无,6.7,14.7,-1.4,0.69,0.36,682.1,682.5,681.0,4.6,,,无
1983-08-28,52645.0,青海,野牛沟,38.41666666666666,99.58333333333331,3180.0,1983,8,28,0.8,normal,8.0,17.0,0.8,0.7,0.28,684.1,685.4,682.0,5.3,,5.076411826421023,Rain
1983-08-29,52645.0,青海,野牛沟,38.41666666666666,99.58333333333331,3180.0,1983,8,29,0.0,无,8.0,18.5,0.6,0.69,0.29,684.4,685.7,682.2,5.1,,,无
1983-08-30,52645.0,青海,野牛沟,38.41666666666666,99.58333333333331,3180.0,1983,8,30,3.7,normal,7.4,15.6,-0.1,0.66,0.31,686.3,687.6,683.4,6.1,,4.13571110126862,Rain
1983-08-31,52645.0,青海,野牛沟,38.41666666666666,99.58333333333331,3180.0,1983,8,31,1.9,normal,5.1,10.6,1.8,0.76,0.42,687.3,689.0,685.6,2.9,,3.010982482706539,Rain
1983-09-01,52645.0,青海,野牛沟,38.41666666666666,99.58333333333331,3180.0,1983,9,1,1.7,normal,4.4,11.8,-1.5,0.7,0.33,688.4,689.4,686.7,4.5,,1.8351418759554905,Rain
1983-09-02,52645.0,青海,野牛沟,38.41666666666666,99.58333333333331,3180.0,1983,9,2,0.0,无,5.0,15.3,-3.0,0.66,0.31,686.0,688.0,683.3,4.3,,,无
1983-09-03,52645.0,青海,野牛沟,38.41666666666666,99.58333333333331,3180.0,1983,9,3,2.1,normal,5.4,16.0,-2.2,0.73,0.3,683.0,684.0,679.6,5.2,,3.0066514603281957,Rain
1983-09-04,52645.0,青海,野牛沟,38.41666666666666,99.58333333333331,3180.0,1983,9,4,0.7,normal,6.3,13.6,1.5,0.71,0.32,683.9,685.7,682.5,3.2,,3.6386553001326005,Rain
1983-09-05,52645.0,青海,野牛沟,38.41666666666666,99.58333333333331,3180.0,1983,9,5,0.0,无,6.0,17.9,-3.5,0.69,0.31,682.7,683.9,681.0,5.1,,,无
1983-09-06,52645.0,青海,野牛沟,38.41666666666666,99.58333333333331,3180.0,1983,9,6,3.9,normal,5.1,12.3,0.9,0.78,0.43,682.5,683.6,680.9,1.2,,3.1846473353952343,Rain
1983-09-07,52645.0,青海,野牛沟,38.41666666666666,99.58333333333331,3180.0,1983,9,7,0.0,无,4.6,12.1,0.7,0.79,0.43,684.4,685.3,682.3,3.2,,,无
1983-09-08,52645.0,青海,野牛沟,38.41666666666666,99.58333333333331,3180.0,1983,9,8,3.3,normal,3.3,13.8,-3.2,0.82,0.33,684.6,685.7,681.7,3.4,,1.8441195007893407,Snow
1983-09-09,52645.0,青海,野牛沟,38.41666666666666,99.58333333333331,3180.0,1983,9,9,10.6,normal,3.1,9.4,0.0,0.91,0.5,684.1,685.0,683.0,1.8,,2.3857732698283174,Snow
1983-09-10,52645.0,青海,野牛沟,38.41666666666666,99.58333333333331,3180.0,1983,9,10,0.3,normal,1.8,10.1,-2.9,0.81,0.38,684.9,686.0,683.0,2.5,,0.34883100887781016,Snow
1983-09-11,52645.0,青海,野牛沟,38.41666666666666,99.58333333333331,3180.0,1983,9,11,0.1,normal,3.1,13.6,-4.1,0.74,0.24,684.5,685.2,682.3,3.2,,0.9907661182258609,Snow
1983-09-12,52645.0,青海,野牛沟,38.41666666666666,99.58333333333331,3180.0,1983,9,12,1.3,normal,5.2,12.9,0.5,0.76,0.4,685.7,686.5,683.3,4.3,,3.1011710689585614,Rain
1983-09-13,52645.0,青海,野牛沟,38.41666666666666,99.58333333333331,3180.0,1983,9,13,0.6,normal,5.5,15.0,-0.5,0.76,0.28,685.4,686.4,683.4,4.3,,3.377956766407322,Rain
1983-09-14,52645.0,青海,野牛沟,38.41666666666666,99.58333333333331,3180.0,1983,9,14,0.4,normal,5.4,16.1,-2.4,0.75,0.27,682.5,683.9,679.8,4.0,,3.189908080888082,Rain
1983-09-15,52645.0,青海,野牛沟,38.41666666666666,99.58333333333331,3180.0,1983,9,15,2.8,normal,5.3,15.0,-1.6,0.75,0.34,681.9,682.9,679.4,3.2,,3.0969795859558102,Rain
1983-09-16,52645.0,青海,野牛沟,38.41666666666666,99.58333333333331,3180.0,1983,9,16,0.3,normal,6.4,15.2,-0.1,0.77,0.44,681.9,683.4,679.9,4.3,,4.299356123468674,Rain
1983-09-17,52645.0,青海,野牛沟,38.41666666666666,99.58333333333331,3180.0,1983,9,17,15.5,normal,3.0,11.4,-0.2,0.89,0.55,684.7,686.0,680.1,1.8,,2.1284322858581417,Snow
1983-09-18,52645.0,青海,野牛沟,38.41666666666666,99.58333333333331,3180.0,1983,9,18,0.0,无,5.0,11.7,0.0,0.73,0.43,685.7,687.0,683.3,3.8,,,无
1983-09-19,52645.0,青海,野牛沟,38.41666666666666,99.58333333333331,3180.0,1983,9,19,0.0,无,6.3,11.4,3.3,0.77,0.57,683.6,684.8,682.1,2.6,,,无
1983-09-20,52645.0,青海,野牛沟,38.41666666666666,99.58333333333331,3180.0,1983,9,20,4.0,normal,6.2,13.2,2.3,0.78,0.49,682.9,683.4,681.2,4.0,,4.209025737685068,Rain
1983-09-21,52645.0,青海,野牛沟,38.41666666666666,99.58333333333331,3180.0,1983,9,21,8.1,normal,3.8,13.1,0.3,0.85,0.63,684.7,686.1,682.6,2.8,,2.5688529689562545,Snow
1983-09-22,52645.0,青海,野牛沟,38.41666666666666,99.58333333333331,3180.0,1983,9,22,2.5,normal,3.4,8.9,-0.4,0.82,0.55,685.1,685.8,683.7,1.7,,1.9390978953881932,Snow
1983-09-23,52645.0,青海,野牛沟,38.41666666666666,99.58333333333331,3180.0,1983,9,23,0.0,无,4.5,12.4,-0.5,0.73,0.31,686.3,688.0,683.7,3.9,,,无
1983-09-24,52645.0,青海,野牛沟,38.41666666666666,99.58333333333331,3180.0,1983,9,24,0.0,无,3.9,13.8,-3.5,0.69,0.32,684.7,686.1,682.0,3.5,,,无
1983-09-25,52645.0,青海,野牛沟,38.41666666666666,99.58333333333331,3180.0,1983,9,25,0.2,normal,3.2,8.7,0.4,0.76,0.38,683.5,684.4,682.5,1.8,,1.2492656447158135,Snow
1983-09-26,52645.0,青海,野牛沟,38.41666666666666,99.58333333333331,3180.0,1983,9,26,0.3,normal,2.4,7.5,-0.4,0.74,0.43,685.3,686.0,683.9,2.9,,0.3491127237268943,Snow
1983-09-27,52645.0,青海,野牛沟,38.41666666666666,99.58333333333331,3180.0,1983,9,27,6.5,normal,0.3,7.1,-4.9,0.81,0.43,686.2,687.2,684.7,3.1,,-1.06356210299428,Snow
1983-09-28,52645.0,青海,野牛沟,38.41666666666666,99.58333333333331,3180.0,1983,9,28,0.1,normal,1.2,8.1,-5.0,0.7,0.28,685.6,686.8,684.3,2.9,,-1.0643814674683894,Snow
1983-09-29,52645.0,青海,野牛沟,38.41666666666666,99.58333333333331,3180.0,1983,9,29,0.0,无,1.3,11.3,-5.7,0.62,0.22,685.2,686.3,683.6,3.2,,,无
1983-09-30,52645.0,青海,野牛沟,38.41666666666666,99.58333333333331,3180.0,1983,9,30,0.0,无,2.4,13.0,-5.0,0.62,0.2,685.4,686.3,683.0,3.6,,,无
1983-10-01,52645.0,青海,野牛沟,38.41666666666666,99.58333333333331,3180.0,1983,10,1,0.0,无,2.3,11.1,-5.4,0.64,0.28,686.5,687.5,684.3,3.0,,,无
1983-10-02,52645.0,青海,野牛沟,38.41666666666666,99.58333333333331,3180.0,1983,10,2,0.0,无,2.0,8.4,-2.5,0.71,0.42,687.4,688.4,685.9,2.4,,,无
1983-10-03,52645.0,青海,野牛沟,38.41666666666666,99.58333333333331,3180.0,1983,10,3,0.0,无,2.8,13.3,-4.7,0.65,0.23,685.6,687.3,683.1,3.4,,,无
1983-10-04,52645.0,青海,野牛沟,38.41666666666666,99.58333333333331,3180.0,1983,10,4,2.5,normal,2.5,12.6,-3.8,0.76,0.34,685.3,686.8,683.1,3.0,,0.604180718331464,Snow
1983-10-05,52645.0,青海,野牛沟,38.41666666666666,99.58333333333331,3180.0,1983,10,5,5.3,normal,2.8,9.4,-0.6,0.84,0.48,685.8,687.2,683.4,2.8,,1.5347184328944552,Snow
1983-10-06,52645.0,青海,野牛沟,38.41666666666666,99.58333333333331,3180.0,1983,10,6,0.5,normal,1.8,7.8,-3.2,0.62,0.33,687.7,689.1,685.5,3.6,,-1.164081052189645,Snow
1983-10-07,52645.0,青海,野牛沟,38.41666666666666,99.58333333333331,3180.0,1983,10,7,0.0,无,0.8,12.4,-6.7,0.64,0.19,686.2,687.7,683.9,3.2,,,无
1983-10-08,52645.0,青海,野牛沟,38.41666666666666,99.58333333333331,3180.0,1983,10,8,0.0,无,2.8,15.6,-6.5,0.55,0.16,682.0,684.9,678.2,4.0,,,无
1983-10-09,52645.0,青海,野牛沟,38.41666666666666,99.58333333333331,3180.0,1983,10,9,0.0,无,1.8,11.5,-3.9,0.63,0.26,683.0,684.3,680.3,3.6,,,无
1983-10-10,52645.0,青海,野牛沟,38.41666666666666,99.58333333333331,3180.0,1983,10,10,0.0,无,-0.2,7.8,-4.8,0.65,0.37,686.9,688.0,684.3,2.8,,,无
1983-10-11,52645.0,青海,野牛沟,38.41666666666666,99.58333333333331,3180.0,1983,10,11,0.0,无,-1.5,9.1,-8.6,0.53,0.15,685.8,688.4,682.8,2.7,,,无
1983-10-12,52645.0,青海,野牛沟,38.41666666666666,99.58333333333331,3180.0,1983,10,12,0.0,无,-2.0,7.2,-9.3,0.58,0.32,683.4,685.1,681.6,2.4,,,无
1983-10-13,52645.0,青海,野牛沟,38.41666666666666,99.58333333333331,3180.0,1983,10,13,0.0,无,-1.0,4.1,-5.2,0.7,0.45,682.2,683.4,681.1,1.1,,,无
1983-10-14,52645.0,青海,野牛沟,38.41666666666666,99.58333333333331,3180.0,1983,10,14,0.0,无,1.2,10.2,-4.6,0.66,0.22,681.3,682.6,679.7,3.0,,,无
1983-10-15,52645.0,青海,野牛沟,38.41666666666666,99.58333333333331,3180.0,1983,10,15,1.9,normal,-0.4,7.0,-5.4,0.75,0.39,681.4,682.4,679.7,2.3,,-2.159384910263955,Snow
1983-10-16,52645.0,青海,野牛沟,38.41666666666666,99.58333333333331,3180.0,1983,10,16,1.9,normal,-1.5,0.5,-3.2,0.85,0.77,680.6,682.6,679.4,0.9,,-2.4967969594619044,Snow
1983-10-17,52645.0,青海,野牛沟,38.41666666666666,99.58333333333331,3180.0,1983,10,17,0.3,normal,-0.5,6.0,-4.7,0.75,0.41,681.0,681.5,680.1,2.5,,-2.252357555711515,Snow
1983-10-18,52645.0,青海,野牛沟,38.41666666666666,99.58333333333331,3180.0,1983,10,18,0.2,normal,-0.2,4.1,-2.7,0.8,0.51,682.9,683.7,681.2,1.4,,-1.6104483182893015,Snow
1983-10-19,52645.0,青海,野牛沟,38.41666666666666,99.58333333333331,3180.0,1983,10,19,1.3,normal,-0.8,4.7,-3.4,0.84,0.44,682.3,683.7,681.1,1.8,,-1.895702690883465,Snow
1983-10-20,52645.0,青海,野牛沟,38.41666666666666,99.58333333333331,3180.0,1983,10,20,0.0,无,-1.6,5.0,-8.0,0.7,0.37,683.0,684.8,681.3,2.0,,,无
1983-10-21,52645.0,青海,野牛沟,38.41666666666666,99.58333333333331,3180.0,1983,10,21,0.0,无,-0.1,6.6,-6.7,0.61,0.31,683.2,683.9,682.1,2.0,,,无
1983-10-22,52645.0,青海,野牛沟,38.41666666666666,99.58333333333331,3180.0,1983,10,22,0.1,normal,0.6,7.1,-4.7,0.67,0.34,683.9,685.0,682.3,1.4,,-1.840438782708973,Snow
1983-10-23,52645.0,青海,野牛沟,38.41666666666666,99.58333333333331,3180.0,1983,10,23,2.2,normal,0.9,7.1,-1.7,0.77,0.39,682.3,685.1,678.8,2.6,,-0.8049578578584748,Snow
1983-10-24,52645.0,青海,野牛沟,38.41666666666666,99.58333333333331,3180.0,1983,10,24,0.0,无,-5.0,2.2,-9.9,0.6,0.17,683.0,684.3,680.1,2.6,,,无
1983-10-25,52645.0,青海,野牛沟,38.41666666666666,99.58333333333331,3180.0,1983,10,25,0.0,无,-5.7,3.0,-12.1,0.46,0.14,686.7,687.8,683.3,2.3,,,无
1983-10-26,52645.0,青海,野牛沟,38.41666666666666,99.58333333333331,3180.0,1983,10,26,0.0,无,-5.3,5.0,-12.9,0.67,0.39,685.5,687.3,683.1,1.5,,,无
1983-10-27,52645.0,青海,野牛沟,38.41666666666666,99.58333333333331,3180.0,1983,10,27,0.0,无,-3.9,4.1,-9.8,0.58,0.23,685.2,686.4,684.2,2.3,,,无
1983-10-28,52645.0,青海,野牛沟,38.41666666666666,99.58333333333331,3180.0,1983,10,28,0.0,无,-4.8,4.0,-12.3,0.54,0.13,686.5,687.9,684.8,2.0,,,无
1983-10-29,52645.0,青海,野牛沟,38.41666666666666,99.58333333333331,3180.0,1983,10,29,0.0,无,-6.1,4.5,-13.6,0.55,0.18,687.1,688.5,685.6,2.1,,,无
1983-10-30,52645.0,青海,野牛沟,38.41666666666666,99.58333333333331,3180.0,1983,10,30,0.0,无,-5.1,6.6,-13.1,0.49,0.09,688.4,689.1,686.6,2.6,,,无
1983-10-31,52645.0,青海,野牛沟,38.41666666666666,99.58333333333331,3180.0,1983,10,31,0.0,无,-5.7,5.4,-13.2,0.54,0.19,689.3,691.5,686.6,2.0,,,无
1983-11-01,52645.0,青海,野牛沟,38.41666666666666,99.58333333333331,3180.0,1983,11,1,0.0,无,-5.6,1.9,-11.8,0.63,0.34,685.3,687.0,683.4,1.3,,,无
1983-11-02,52645.0,青海,野牛沟,38.41666666666666,99.58333333333331,3180.0,1983,11,2,0.0,无,-5.2,1.1,-12.2,0.7,0.37,684.1,685.7,681.8,1.8,,,无
1983-11-03,52645.0,青海,野牛沟,38.41666666666666,99.58333333333331,3180.0,1983,11,3,0.0,无,-5.7,2.4,-11.7,0.59,0.11,682.4,683.4,680.4,2.0,,,无
1983-11-04,52645.0,青海,野牛沟,38.41666666666666,99.58333333333331,3180.0,1983,11,4,0.0,无,-6.9,4.1,-14.7,0.53,0.08,683.0,684.3,682.0,1.6,,,无
1983-11-05,52645.0,青海,野牛沟,38.41666666666666,99.58333333333331,3180.0,1983,11,5,0.0,无,-6.5,5.8,-15.3,0.56,0.09,684.2,686.1,681.8,2.3,,,无
1983-11-06,52645.0,青海,野牛沟,38.41666666666666,99.58333333333331,3180.0,1983,11,6,0.0,无,-4.7,7.8,-15.1,0.52,0.15,681.0,683.0,678.7,1.9,,,无
1983-11-07,52645.0,青海,野牛沟,38.41666666666666,99.58333333333331,3180.0,1983,11,7,0.0,无,-3.5,2.7,-10.1,0.54,0.27,680.7,682.3,679.3,2.2,,,无
1983-11-08,52645.0,青海,野牛沟,38.41666666666666,99.58333333333331,3180.0,1983,11,8,0.0,无,-6.5,4.5,-14.9,0.53,0.09,681.2,683.4,677.6,2.2,,,无
1983-11-09,52645.0,青海,野牛沟,38.41666666666666,99.58333333333331,3180.0,1983,11,9,0.0,无,-6.8,0.8,-13.2,0.28,0.04,682.2,683.1,680.0,3.1,,,无
1983-11-10,52645.0,青海,野牛沟,38.41666666666666,99.58333333333331,3180.0,1983,11,10,0.0,无,-9.2,3.7,-18.9,0.39,0.1,682.3,683.9,680.0,2.2,,,无
1983-11-11,52645.0,青海,野牛沟,38.41666666666666,99.58333333333331,3180.0,1983,11,11,0.0,无,-9.5,1.1,-17.2,0.47,0.14,683.8,685.1,682.3,1.4,,,无
1983-11-12,52645.0,青海,野牛沟,38.41666666666666,99.58333333333331,3180.0,1983,11,12,0.0,无,-10.6,1.8,-18.7,0.59,0.16,684.8,686.4,683.1,1.5,,,无
1983-11-13,52645.0,青海,野牛沟,38.41666666666666,99.58333333333331,3180.0,1983,11,13,0.0,无,-7.5,1.4,-15.5,0.48,0.19,684.3,685.9,682.5,1.3,,,无
1983-11-14,52645.0,青海,野牛沟,38.41666666666666,99.58333333333331,3180.0,1983,11,14,0.0,无,-10.1,1.4,-18.3,0.48,0.15,685.7,686.4,683.7,1.9,,,无
1983-11-15,52645.0,青海,野牛沟,38.41666666666666,99.58333333333331,3180.0,1983,11,15,0.0,无,-10.6,0.6,-18.6,0.51,0.2,687.0,687.9,685.1,1.6,,,无
1983-11-16,52645.0,青海,野牛沟,38.41666666666666,99.58333333333331,3180.0,1983,11,16,0.0,无,-10.2,0.7,-18.9,0.51,0.2,687.4,688.8,685.7,1.2,,,无
1983-11-17,52645.0,青海,野牛沟,38.41666666666666,99.58333333333331,3180.0,1983,11,17,0.0,无,-11.2,1.5,-19.9,0.49,0.18,684.1,686.8,681.5,0.6,,,无
1983-11-18,52645.0,青海,野牛沟,38.41666666666666,99.58333333333331,3180.0,1983,11,18,0.0,无,-10.9,2.9,-19.5,0.49,0.16,683.2,684.2,681.8,1.2,,,无
1983-11-19,52645.0,青海,野牛沟,38.41666666666666,99.58333333333331,3180.0,1983,11,19,0.0,无,-9.9,2.5,-19.3,0.51,0.23,684.9,686.1,682.9,1.4,,,无
1983-11-20,52645.0,青海,野牛沟,38.41666666666666,99.58333333333331,3180.0,1983,11,20,0.0,无,-10.9,1.0,-18.9,0.49,0.18,686.4,687.5,684.5,1.2,,,无
1983-11-21,52645.0,青海,野牛沟,38.41666666666666,99.58333333333331,3180.0,1983,11,21,0.0,无,-11.2,1.7,-20.4,0.4,0.13,686.4,688.1,684.1,1.4,,,无
1983-11-22,52645.0,青海,野牛沟,38.41666666666666,99.58333333333331,3180.0,1983,11,22,0.0,无,-11.3,2.2,-20.6,0.41,0.12,685.2,686.4,683.3,1.7,,,无
1983-11-23,52645.0,青海,野牛沟,38.41666666666666,99.58333333333331,3180.0,1983,11,23,0.0,无,-11.0,1.4,-19.6,0.44,0.13,686.2,688.0,684.7,1.4,,,无
1983-11-24,52645.0,青海,野牛沟,38.41666666666666,99.58333333333331,3180.0,1983,11,24,0.0,无,-10.0,-0.8,-18.0,0.44,0.15,685.2,686.2,683.7,1.8,,,无
1983-11-25,52645.0,青海,野牛沟,38.41666666666666,99.58333333333331,3180.0,1983,11,25,0.0,无,-13.3,-1.0,-21.3,0.49,0.21,687.8,689.4,684.0,1.1,,,无
1983-11-26,52645.0,青海,野牛沟,38.41666666666666,99.58333333333331,3180.0,1983,11,26,0.0,无,-14.4,0.2,-23.1,0.45,0.11,687.7,689.3,685.9,1.0,,,无
1983-11-27,52645.0,青海,野牛沟,38.41666666666666,99.58333333333331,3180.0,1983,11,27,0.0,无,-13.5,2.0,-22.5,0.44,0.09,686.2,687.3,684.8,1.1,,,无
1983-11-28,52645.0,青海,野牛沟,38.41666666666666,99.58333333333331,3180.0,1983,11,28,0.0,无,-12.4,-1.5,-20.7,0.44,0.16,685.8,686.7,684.1,1.4,,,无
1983-11-29,52645.0,青海,野牛沟,38.41666666666666,99.58333333333331,3180.0,1983,11,29,0.0,无,-13.6,-2.4,-21.3,0.59,0.24,688.8,690.6,686.7,0.6,,,无
1983-11-30,52645.0,青海,野牛沟,38.41666666666666,99.58333333333331,3180.0,1983,11,30,0.0,无,-14.5,-3.0,-23.3,0.45,0.18,686.8,689.0,684.0,1.1,,,无
1983-12-01,52645.0,青海,野牛沟,38.41666666666666,99.58333333333331,3180.0,1983,12,1,0.0,无,-12.7,-1.7,-22.4,0.45,0.16,683.0,684.6,680.6,1.2,,,无
1983-12-02,52645.0,青海,野牛沟,38.41666666666666,99.58333333333331,3180.0,1983,12,2,0.0,无,-13.8,-2.5,-21.1,0.51,0.19,683.4,684.8,681.9,1.6,,,无
1983-12-03,52645.0,青海,野牛沟,38.41666666666666,99.58333333333331,3180.0,1983,12,3,0.0,无,-12.9,-0.9,-22.1,0.49,0.19,683.0,684.8,680.5,0.8,,,无
1983-12-04,52645.0,青海,野牛沟,38.41666666666666,99.58333333333331,3180.0,1983,12,4,0.0,无,-12.5,0.4,-21.3,0.5,0.12,682.9,684.3,681.7,1.5,,,无
1983-12-05,52645.0,青海,野牛沟,38.41666666666666,99.58333333333331,3180.0,1983,12,5,0.0,无,-14.1,-1.4,-22.3,0.45,0.07,685.8,687.3,683.9,1.1,,,无
1983-12-06,52645.0,青海,野牛沟,38.41666666666666,99.58333333333331,3180.0,1983,12,6,0.0,无,-14.9,-1.3,-24.1,0.39,0.07,685.3,687.0,683.3,1.0,,,无
1983-12-07,52645.0,青海,野牛沟,38.41666666666666,99.58333333333331,3180.0,1983,12,7,0.0,无,-13.3,-2.5,-21.7,0.39,0.14,684.7,686.0,683.5,1.1,,,无
1983-12-08,52645.0,青海,野牛沟,38.41666666666666,99.58333333333331,3180.0,1983,12,8,0.0,无,-14.6,-1.1,-23.3,0.41,0.03,682.9,684.3,680.8,1.0,,,无
1983-12-09,52645.0,青海,野牛沟,38.41666666666666,99.58333333333331,3180.0,1983,12,9,0.0,无,-14.9,-1.6,-23.6,0.35,0.01,681.1,682.1,679.4,1.7,,,无
1983-12-10,52645.0,青海,野牛沟,38.41666666666666,99.58333333333331,3180.0,1983,12,10,0.0,无,-16.6,-2.6,-25.6,0.31,0.02,683.4,685.0,681.6,1.0,,,无
1983-12-11,52645.0,青海,野牛沟,38.41666666666666,99.58333333333331,3180.0,1983,12,11,0.0,无,-14.4,-0.8,-24.4,0.35,0.09,681.6,683.3,677.7,1.3,,,无
1983-12-12,52645.0,青海,野牛沟,38.41666666666666,99.58333333333331,3180.0,1983,12,12,0.0,无,-14.5,-1.2,-23.8,0.39,0.08,680.0,682.3,677.2,1.8,,,无
1983-12-13,52645.0,青海,野牛沟,38.41666666666666,99.58333333333331,3180.0,1983,12,13,0.0,无,-13.5,-2.2,-23.3,0.39,0.09,679.3,680.6,677.4,1.2,,,无
1983-12-14,52645.0,青海,野牛沟,38.41666666666666,99.58333333333331,3180.0,1983,12,14,0.0,无,-12.2,-2.0,-21.1,0.44,0.05,679.9,681.5,678.9,1.4,,,无
1983-12-15,52645.0,青海,野牛沟,38.41666666666666,99.58333333333331,3180.0,1983,12,15,0.0,无,-13.8,-0.6,-22.6,0.37,0.08,679.9,681.7,677.4,1.3,,,无
1983-12-16,52645.0,青海,野牛沟,38.41666666666666,99.58333333333331,3180.0,1983,12,16,0.0,无,-14.9,-1.2,-23.1,0.43,0.05,680.1,681.5,678.4,1.2,,,无
1983-12-17,52645.0,青海,野牛沟,38.41666666666666,99.58333333333331,3180.0,1983,12,17,0.0,无,-15.8,-2.0,-23.9,0.42,0.16,678.3,681.0,675.4,1.0,,,无
1983-12-18,52645.0,青海,野牛沟,38.41666666666666,99.58333333333331,3180.0,1983,12,18,0.0,无,-15.4,-0.6,-23.4,0.46,0.09,675.7,677.3,674.5,1.0,,,无
1983-12-19,52645.0,青海,野牛沟,38.41666666666666,99.58333333333331,3180.0,1983,12,19,0.0,无,-12.7,-2.2,-22.7,0.42,0.16,673.8,676.1,670.8,1.3,,,无
1983-12-20,52645.0,青海,野牛沟,38.41666666666666,99.58333333333331,3180.0,1983,12,20,0.0,无,-15.3,-6.5,-20.5,0.71,0.22,676.1,677.8,671.3,0.9,,,无
1983-12-21,52645.0,青海,野牛沟,38.41666666666666,99.58333333333331,3180.0,1983,12,21,0.1,normal,-19.2,-10.6,-27.5,0.77,0.36,677.2,678.6,675.7,0.6,,-19.76027671878021,Snow
1983-12-22,52645.0,青海,野牛沟,38.41666666666666,99.58333333333331,3180.0,1983,12,22,0.0,无,-21.9,-9.8,-29.6,0.55,0.13,678.7,680.5,677.1,0.9,,,无
1983-12-23,52645.0,青海,野牛沟,38.41666666666666,99.58333333333331,3180.0,1983,12,23,0.0,无,-22.7,-9.7,-30.6,0.41,0.04,678.6,679.9,677.0,0.7,,,无
1983-12-24,52645.0,青海,野牛沟,38.41666666666666,99.58333333333331,3180.0,1983,12,24,0.0,无,-21.4,-10.4,-31.0,0.42,0.13,679.5,681.0,678.1,0.8,,,无
1983-12-25,52645.0,青海,野牛沟,38.41666666666666,99.58333333333331,3180.0,1983,12,25,0.0,无,-20.6,-9.1,-28.8,0.44,0.08,679.9,681.5,677.5,1.0,,,无
1983-12-26,52645.0,青海,野牛沟,38.41666666666666,99.58333333333331,3180.0,1983,12,26,0.0,无,-20.5,-6.1,-29.5,0.4,0.07,678.2,680.1,675.8,0.9,,,无
1983-12-27,52645.0,青海,野牛沟,38.41666666666666,99.58333333333331,3180.0,1983,12,27,0.0,无,-20.3,-11.2,-27.0,0.49,0.16,678.7,680.0,677.2,0.8,,,无
1983-12-28,52645.0,青海,野牛沟,38.41666666666666,99.58333333333331,3180.0,1983,12,28,0.0,无,-15.7,-8.5,-20.7,0.57,0.34,676.8,678.7,674.7,0.7,,,无
1983-12-29,52645.0,青海,野牛沟,38.41666666666666,99.58333333333331,3180.0,1983,12,29,0.0,无,-20.4,-6.0,-28.5,0.52,0.12,675.2,677.1,673.1,0.7,,,无
1983-12-30,52645.0,青海,野牛沟,38.41666666666666,99.58333333333331,3180.0,1983,12,30,0.0,无,-19.6,-5.9,-27.9,0.41,0.07,674.5,675.6,672.9,0.7,,,无
1983-12-31,52645.0,青海,野牛沟,38.41666666666666,99.58333333333331,3180.0,1983,12,31,0.0,无,-18.5,-4.9,-28.0,0.41,0.09,676.5,677.5,674.5,1.0,,,无
1984-01-01,52645.0,青海,野牛沟,38.41666666666666,99.58333333333331,3180.0,1984,1,1,0.0,无,-16.4,-3.6,-25.1,0.42,0.12,676.9,679.0,672.6,1.1,,,无
1984-01-02,52645.0,青海,野牛沟,38.41666666666666,99.58333333333331,3180.0,1984,1,2,0.0,无,-18.7,-5.4,-26.4,0.46,0.15,679.5,681.9,675.9,1.0,,,无
1984-01-03,52645.0,青海,野牛沟,38.41666666666666,99.58333333333331,3180.0,1984,1,3,0.0,无,-16.3,-4.0,-23.9,0.37,0.12,678.4,679.5,677.3,0.9,,,无
1984-01-04,52645.0,青海,野牛沟,38.41666666666666,99.58333333333331,3180.0,1984,1,4,0.0,无,-17.7,-3.4,-25.8,0.41,0.12,678.4,679.6,675.7,0.8,,,无
1984-01-05,52645.0,青海,野牛沟,38.41666666666666,99.58333333333331,3180.0,1984,1,5,0.0,无,-17.2,-4.5,-25.7,0.39,0.08,679.5,681.1,677.0,0.9,,,无
1984-01-06,52645.0,青海,野牛沟,38.41666666666666,99.58333333333331,3180.0,1984,1,6,0.0,无,-18.2,-5.4,-26.7,0.34,0.11,682.1,683.9,680.3,1.1,,,无
1984-01-07,52645.0,青海,野牛沟,38.41666666666666,99.58333333333331,3180.0,1984,1,7,0.0,无,-18.2,-6.1,-25.2,0.36,0.12,683.7,685.2,682.2,0.9,,,无
1984-01-08,52645.0,青海,野牛沟,38.41666666666666,99.58333333333331,3180.0,1984,1,8,0.0,无,-19.9,-5.5,-28.7,0.37,0.13,682.4,685.6,678.7,0.9,,,无
1984-01-09,52645.0,青海,野牛沟,38.41666666666666,99.58333333333331,3180.0,1984,1,9,0.0,无,-17.2,-4.5,-26.5,0.37,0.09,677.6,679.1,675.9,1.0,,,无
1984-01-10,52645.0,青海,野牛沟,38.41666666666666,99.58333333333331,3180.0,1984,1,10,0.0,无,-16.2,-4.9,-25.9,0.37,0.12,678.4,680.3,676.6,1.0,,,无
1984-01-11,52645.0,青海,野牛沟,38.41666666666666,99.58333333333331,3180.0,1984,1,11,0.0,无,-17.5,-4.5,-25.6,0.31,0.11,679.3,680.6,677.6,1.1,,,无
1984-01-12,52645.0,青海,野牛沟,38.41666666666666,99.58333333333331,3180.0,1984,1,12,0.0,无,-17.0,-2.7,-26.0,0.36,0.11,680.8,682.8,677.9,1.5,,,无
1984-01-13,52645.0,青海,野牛沟,38.41666666666666,99.58333333333331,3180.0,1984,1,13,0.0,无,-15.6,-4.5,-25.8,0.41,0.11,673.9,679.6,670.1,1.1,,,无
1984-01-14,52645.0,青海,野牛沟,38.41666666666666,99.58333333333331,3180.0,1984,1,14,0.0,无,-16.0,-8.9,-23.4,0.45,0.18,672.8,675.1,671.3,0.6,,,无
1984-01-15,52645.0,青海,野牛沟,38.41666666666666,99.58333333333331,3180.0,1984,1,15,0.0,无,-18.0,-5.0,-27.5,0.56,0.15,675.2,677.0,672.7,1.0,,,无
1984-01-16,52645.0,青海,野牛沟,38.41666666666666,99.58333333333331,3180.0,1984,1,16,0.0,无,-16.4,-4.1,-26.5,0.33,0.07,673.0,675.2,670.7,1.2,,,无
1984-01-17,52645.0,青海,野牛沟,38.41666666666666,99.58333333333331,3180.0,1984,1,17,0.0,无,-17.6,-5.9,-27.3,0.45,0.14,670.9,672.4,668.6,1.2,,,无
1984-01-18,52645.0,青海,野牛沟,38.41666666666666,99.58333333333331,3180.0,1984,1,18,0.7,normal,-17.9,-10.1,-25.1,0.67,0.44,669.8,672.0,667.4,0.0,,-18.789725267570134,Snow
1984-01-19,52645.0,青海,野牛沟,38.41666666666666,99.58333333333331,3180.0,1984,1,19,0.5,normal,-18.1,-13.7,-25.6,0.81,0.6,670.7,672.0,668.7,0.8,,-18.603275509955218,Snow
1984-01-20,52645.0,青海,野牛沟,38.41666666666666,99.58333333333331,3180.0,1984,1,20,0.8,normal,-21.7,-12.0,-30.3,0.76,0.51,673.3,674.7,671.5,0.1,,-22.189785239471767,Snow
1984-01-21,52645.0,青海,野牛沟,38.41666666666666,99.58333333333331,3180.0,1984,1,21,1.2,normal,-20.8,-15.9,-26.8,0.82,0.66,672.7,673.9,671.9,1.1,,-21.192573457906512,Snow
1984-01-22,52645.0,青海,野牛沟,38.41666666666666,99.58333333333331,3180.0,1984,1,22,0.0,无,-28.2,-17.9,-35.0,0.77,0.58,671.0,672.6,668.9,0.7,,,无
1984-01-23,52645.0,青海,野牛沟,38.41666666666666,99.58333333333331,3180.0,1984,1,23,0.0,无,-26.4,-15.4,-35.5,0.74,0.53,671.1,672.7,669.6,0.8,,,无
1984-01-24,52645.0,青海,野牛沟,38.41666666666666,99.58333333333331,3180.0,1984,1,24,0.0,无,-26.2,-13.9,-34.6,0.74,0.39,673.7,675.3,671.8,0.6,,,无
1984-01-25,52645.0,青海,野牛沟,38.41666666666666,99.58333333333331,3180.0,1984,1,25,0.0,无,-24.5,-11.9,-32.5,0.66,0.33,674.5,676.0,672.0,0.8,,,无
1984-01-26,52645.0,青海,野牛沟,38.41666666666666,99.58333333333331,3180.0,1984,1,26,0.0,无,-23.9,-11.8,-33.2,0.64,0.41,672.9,675.2,669.9,0.4,,,无
1984-01-27,52645.0,青海,野牛沟,38.41666666666666,99.58333333333331,3180.0,1984,1,27,0.0,无,-22.9,-13.0,-31.8,0.66,0.4,672.3,674.2,668.9,0.4,,,无
1984-01-28,52645.0,青海,野牛沟,38.41666666666666,99.58333333333331,3180.0,1984,1,28,0.0,无,-20.1,-13.6,-26.0,0.64,0.47,670.5,671.8,668.9,0.5,,,无
1984-01-29,52645.0,青海,野牛沟,38.41666666666666,99.58333333333331,3180.0,1984,1,29,0.0,无,-19.0,-12.4,-27.0,0.56,0.22,671.4,672.8,670.1,0.9,,,无
1984-01-30,52645.0,青海,野牛沟,38.41666666666666,99.58333333333331,3180.0,1984,1,30,0.0,无,-18.9,-13.9,-23.7,0.44,0.19,672.8,674.5,670.9,0.9,,,无
1984-01-31,52645.0,青海,野牛沟,38.41666666666666,99.58333333333331,3180.0,1984,1,31,0.0,无,-22.3,-8.0,-32.3,0.44,0.13,672.5,675.4,670.0,1.1,,,无
1984-02-01,52645.0,青海,野牛沟,38.41666666666666,99.58333333333331,3180.0,1984,2,1,0.0,无,-18.0,-1.8,-28.2,0.35,0.14,671.6,672.3,669.8,1.6,,,无
1984-02-02,52645.0,青海,野牛沟,38.41666666666666,99.58333333333331,3180.0,1984,2,2,0.0,无,-13.9,-0.5,-23.9,0.41,0.16,673.2,674.5,671.6,1.5,,,无
1984-02-03,52645.0,青海,野牛沟,38.41666666666666,99.58333333333331,3180.0,1984,2,3,0.0,无,-10.2,0.8,-16.6,0.37,0.12,672.2,673.7,669.8,1.4,,,无
1984-02-04,52645.0,青海,野牛沟,38.41666666666666,99.58333333333331,3180.0,1984,2,4,0.0,无,-12.6,-5.6,-17.7,0.43,0.18,672.0,673.8,670.0,1.0,,,无
1984-02-05,52645.0,青海,野牛沟,38.41666666666666,99.58333333333331,3180.0,1984,2,5,0.6,normal,-13.8,-9.4,-17.1,0.7,0.38,673.2,675.7,671.5,0.7,,-14.854312901971497,Snow
1984-02-06,52645.0,青海,野牛沟,38.41666666666666,99.58333333333331,3180.0,1984,2,6,0.9,normal,-18.8,-10.3,-26.6,0.79,0.52,677.9,679.8,675.7,0.4,,-19.325570013234085,Snow
1984-02-07,52645.0,青海,野牛沟,38.41666666666666,99.58333333333331,3180.0,1984,2,7,0.0,无,-19.7,-9.3,-29.1,0.57,0.33,678.0,680.1,675.3,0.6,,,无
1984-02-08,52645.0,青海,野牛沟,38.41666666666666,99.58333333333331,3180.0,1984,2,8,0.0,无,-17.2,-4.8,-27.0,0.57,0.21,672.7,676.6,669.4,1.2,,,无
1984-02-09,52645.0,青海,野牛沟,38.41666666666666,99.58333333333331,3180.0,1984,2,9,0.0,无,-9.8,-3.2,-17.6,0.46,0.25,668.9,671.1,667.4,1.5,,,无
1984-02-10,52645.0,青海,野牛沟,38.41666666666666,99.58333333333331,3180.0,1984,2,10,0.0,无,-13.5,-3.0,-23.1,0.37,0.16,669.1,670.6,668.0,1.6,,,无
1984-02-11,52645.0,青海,野牛沟,38.41666666666666,99.58333333333331,3180.0,1984,2,11,0.0,无,-15.0,-3.8,-25.0,0.41,0.11,672.9,674.1,669.8,1.7,,,无
1984-02-12,52645.0,青海,野牛沟,38.41666666666666,99.58333333333331,3180.0,1984,2,12,0.0,无,-13.9,-3.8,-24.5,0.38,0.14,673.4,674.5,671.2,1.6,,,无
1984-02-13,52645.0,青海,野牛沟,38.41666666666666,99.58333333333331,3180.0,1984,2,13,0.0,无,-12.4,-4.3,-20.3,0.46,0.16,675.4,677.0,673.5,1.5,,,无
1984-02-14,52645.0,青海,野牛沟,38.41666666666666,99.58333333333331,3180.0,1984,2,14,0.0,无,-9.4,0.5,-21.8,0.27,0.04,675.7,677.4,674.4,2.6,,,无
1984-02-15,52645.0,青海,野牛沟,38.41666666666666,99.58333333333331,3180.0,1984,2,15,0.0,无,-4.3,6.1,-12.6,0.15,0.01,671.8,674.8,669.1,5.0,,,无
1984-02-16,52645.0,青海,野牛沟,38.41666666666666,99.58333333333331,3180.0,1984,2,16,0.0,无,-4.7,3.2,-14.0,0.13,0.02,672.6,674.1,670.6,4.1,,,无
1984-02-17,52645.0,青海,野牛沟,38.41666666666666,99.58333333333331,3180.0,1984,2,17,0.0,无,-10.5,4.2,-21.9,0.39,0.09,675.9,678.2,672.6,2.0,,,无
1984-02-18,52645.0,青海,野牛沟,38.41666666666666,99.58333333333331,3180.0,1984,2,18,0.0,无,-5.2,4.5,-15.5,0.25,0.03,671.8,673.4,669.5,2.9,,,无
1984-02-19,52645.0,青海,野牛沟,38.41666666666666,99.58333333333331,3180.0,1984,2,19,0.0,无,-5.4,2.8,-15.9,0.46,0.06,673.4,674.9,672.4,1.6,,,无
1984-02-20,52645.0,青海,野牛沟,38.41666666666666,99.58333333333331,3180.0,1984,2,20,0.0,无,-6.6,5.9,-17.4,0.32,0.11,671.4,674.8,667.6,2.6,,,无
1984-02-21,52645.0,青海,野牛沟,38.41666666666666,99.58333333333331,3180.0,1984,2,21,0.0,无,-9.4,1.3,-14.2,0.35,0.23,667.3,669.7,664.8,2.8,,,无
1984-02-22,52645.0,青海,野牛沟,38.41666666666666,99.58333333333331,3180.0,1984,2,22,0.0,无,-12.4,-6.5,-18.2,0.41,0.29,672.5,674.6,669.9,2.3,,,无
1984-02-23,52645.0,青海,野牛沟,38.41666666666666,99.58333333333331,3180.0,1984,2,23,0.0,无,-9.8,-3.4,-14.9,0.46,0.3,670.4,673.0,667.2,1.5,,,无
1984-02-24,52645.0,青海,野牛沟,38.41666666666666,99.58333333333331,3180.0,1984,2,24,0.0,无,-12.9,-5.8,-14.5,0.46,0.35,674.0,677.0,665.8,1.4,,,无
1984-02-25,52645.0,青海,野牛沟,38.41666666666666,99.58333333333331,3180.0,1984,2,25,0.4,normal,-14.3,-8.8,-20.1,0.54,0.12,677.4,677.9,675.9,2.2,,-15.866958904805916,Snow
1984-02-26,52645.0,青海,野牛沟,38.41666666666666,99.58333333333331,3180.0,1984,2,26,0.0,无,-17.0,-5.3,-27.2,0.28,0.12,676.0,677.8,673.7,1.6,,,无
1984-02-27,52645.0,青海,野牛沟,38.41666666666666,99.58333333333331,3180.0,1984,2,27,0.0,无,-15.1,-5.6,-22.4,0.32,0.14,676.3,679.6,673.7,1.8,,,无
1984-02-28,52645.0,青海,野牛沟,38.41666666666666,99.58333333333331,3180.0,1984,2,28,0.0,无,-18.3,-6.9,-28.5,0.37,0.08,680.1,681.8,677.3,2.1,,,无
1984-02-29,52645.0,青海,野牛沟,38.41666666666666,99.58333333333331,3180.0,1984,2,29,0.0,无,-17.6,-6.8,-28.0,0.25,0.08,680.0,681.7,678.4,2.1,,,无
1984-03-01,52645.0,青海,野牛沟,38.41666666666666,99.58333333333331,3180.0,1984,3,1,0.0,无,-15.7,-2.3,-26.8,0.27,0.07,681.2,682.7,679.2,2.4,,,无
1984-03-02,52645.0,青海,野牛沟,38.41666666666666,99.58333333333331,3180.0,1984,3,2,0.0,无,-14.4,-1.1,-24.6,0.3,0.08,681.7,683.5,679.0,3.0,,,无
1984-03-03,52645.0,青海,野牛沟,38.41666666666666,99.58333333333331,3180.0,1984,3,3,0.0,无,-13.2,-1.2,-24.6,0.25,0.04,680.9,683.8,678.2,3.5,,,无
1984-03-04,52645.0,青海,野牛沟,38.41666666666666,99.58333333333331,3180.0,1984,3,4,0.0,无,-13.2,0.0,-24.7,0.23,0.05,680.5,682.0,678.4,2.7,,,无
1984-03-05,52645.0,青海,野牛沟,38.41666666666666,99.58333333333331,3180.0,1984,3,5,0.0,无,-12.3,1.1,-24.3,0.21,0.05,677.1,679.3,674.1,2.4,,,无
1984-03-06,52645.0,青海,野牛沟,38.41666666666666,99.58333333333331,3180.0,1984,3,6,0.0,无,-11.1,-0.6,-20.5,0.25,0.08,676.9,678.4,674.8,2.9,,,无
1984-03-07,52645.0,青海,野牛沟,38.41666666666666,99.58333333333331,3180.0,1984,3,7,0.0,无,-11.6,-2.0,-21.2,0.33,0.12,676.0,678.3,672.8,2.3,,,无
1984-03-08,52645.0,青海,野牛沟,38.41666666666666,99.58333333333331,3180.0,1984,3,8,0.1,normal,-12.6,-4.2,-18.9,0.51,0.23,674.7,676.1,672.6,1.5,,-14.464501422702561,Snow
1984-03-09,52645.0,青海,野牛沟,38.41666666666666,99.58333333333331,3180.0,1984,3,9,0.0,无,-13.6,-4.0,-22.3,0.46,0.1,674.3,675.7,672.0,2.6,,,无
1984-03-10,52645.0,青海,野牛沟,38.41666666666666,99.58333333333331,3180.0,1984,3,10,0.0,无,-13.2,-1.8,-21.5,0.38,0.06,673.5,674.8,672.2,2.5,,,无
1984-03-11,52645.0,青海,野牛沟,38.41666666666666,99.58333333333331,3180.0,1984,3,11,0.0,无,-12.6,-0.4,-23.6,0.26,0.08,671.5,674.1,669.1,1.7,,,无
1984-03-12,52645.0,青海,野牛沟,38.41666666666666,99.58333333333331,3180.0,1984,3,12,0.0,无,-9.1,-3.9,-13.4,0.38,0.13,670.6,671.6,668.6,2.0,,,无
1984-03-13,52645.0,青海,野牛沟,38.41666666666666,99.58333333333331,3180.0,1984,3,13,0.7,normal,-8.0,-2.5,-13.1,0.64,0.21,669.2,672.3,667.5,1.4,,-9.786606814093112,Snow
1984-03-14,52645.0,青海,野牛沟,38.41666666666666,99.58333333333331,3180.0,1984,3,14,0.0,无,-6.4,0.1,-11.3,0.34,0.08,672.0,674.4,668.5,3.5,,,无
1984-03-15,52645.0,青海,野牛沟,38.41666666666666,99.58333333333331,3180.0,1984,3,15,0.0,无,-7.1,7.4,-18.4,0.29,0.09,674.3,675.6,672.6,4.5,,,无
1984-03-16,52645.0,青海,野牛沟,38.41666666666666,99.58333333333331,3180.0,1984,3,16,0.0,无,-3.7,10.3,-15.0,0.46,0.07,677.5,678.9,674.8,4.7,,,无
1984-03-17,52645.0,青海,野牛沟,38.41666666666666,99.58333333333331,3180.0,1984,3,17,0.0,无,-3.4,11.4,-14.5,0.37,0.05,675.4,677.4,671.6,5.1,,,无
1984-03-18,52645.0,青海,野牛沟,38.41666666666666,99.58333333333331,3180.0,1984,3,18,0.0,无,-3.9,6.8,-14.3,0.34,0.06,675.5,677.5,673.1,5.9,,,无
1984-03-19,52645.0,青海,野牛沟,38.41666666666666,99.58333333333331,3180.0,1984,3,19,0.0,无,-6.8,5.5,-16.4,0.38,0.03,679.4,680.9,674.9,3.6,,,无
1984-03-20,52645.0,青海,野牛沟,38.41666666666666,99.58333333333331,3180.0,1984,3,20,0.0,无,-6.2,5.7,-15.0,0.27,0.07,678.9,680.6,675.7,3.0,,,无
1984-03-21,52645.0,青海,野牛沟,38.41666666666666,99.58333333333331,3180.0,1984,3,21,0.0,无,-5.5,3.1,-13.0,0.46,0.09,680.5,682.5,676.8,3.7,,,无
1984-03-22,52645.0,青海,野牛沟,38.41666666666666,99.58333333333331,3180.0,1984,3,22,0.0,无,-6.8,2.0,-14.0,0.36,0.11,677.1,678.9,675.6,4.3,,,无
1984-03-23,52645.0,青海,野牛沟,38.41666666666666,99.58333333333331,3180.0,1984,3,23,0.0,无,-8.7,-0.4,-17.5,0.4,0.14,680.0,681.5,678.1,3.0,,,无
1984-03-24,52645.0,青海,野牛沟,38.41666666666666,99.58333333333331,3180.0,1984,3,24,0.0,无,-10.1,-1.0,-18.1,0.47,0.14,677.8,680.6,675.0,2.3,,,无
1984-03-25,52645.0,青海,野牛沟,38.41666666666666,99.58333333333331,3180.0,1984,3,25,0.3,normal,-8.9,1.1,-19.4,0.5,0.02,675.6,677.4,673.0,3.9,,-11.26462683824823,Snow
1984-03-26,52645.0,青海,野牛沟,38.41666666666666,99.58333333333331,3180.0,1984,3,26,0.4,normal,-10.5,-0.4,-18.4,0.6,0.09,677.0,679.6,674.0,2.2,,-12.215337902339524,Snow
1984-03-27,52645.0,青海,野牛沟,38.41666666666666,99.58333333333331,3180.0,1984,3,27,1.8,normal,-10.5,4.8,-22.0,0.53,0.02,683.2,685.8,680.6,2.8,,-12.5090807650361,Snow
1984-03-28,52645.0,青海,野牛沟,38.41666666666666,99.58333333333331,3180.0,1984,3,28,0.0,无,-6.3,9.2,-19.8,0.29,0.02,679.8,682.3,676.0,4.2,,,无
1984-03-29,52645.0,青海,野牛沟,38.41666666666666,99.58333333333331,3180.0,1984,3,29,0.0,无,-2.3,11.1,-12.0,0.47,0.14,677.4,678.4,674.9,4.8,,,无
1984-03-30,52645.0,青海,野牛沟,38.41666666666666,99.58333333333331,3180.0,1984,3,30,1.2,normal,-1.1,6.5,-5.5,0.61,0.09,679.6,680.9,677.3,3.5,,-3.8040510993323506,Snow
1984-03-31,52645.0,青海,野牛沟,38.41666666666666,99.58333333333331,3180.0,1984,3,31,0.0,无,-4.2,5.6,-11.5,0.66,0.19,680.2,682.0,677.5,2.7,,,无
1984-04-01,52645.0,青海,野牛沟,38.41666666666666,99.58333333333331,3180.0,1984,4,1,0.0,无,-3.6,3.8,-12.6,0.59,0.33,676.7,679.2,676.1,2.3,,,无
1984-04-02,52645.0,青海,野牛沟,38.41666666666666,99.58333333333331,3180.0,1984,4,2,0.0,无,-1.0,8.5,-6.7,0.55,0.15,675.8,677.9,672.3,4.5,,,无
1984-04-03,52645.0,青海,野牛沟,38.41666666666666,99.58333333333331,3180.0,1984,4,3,0.4,normal,-4.2,2.3,-6.9,0.7,0.25,674.6,675.7,673.1,2.9,,-5.992626128638592,Snow
1984-04-04,52645.0,青海,野牛沟,38.41666666666666,99.58333333333331,3180.0,1984,4,4,0.2,normal,-4.7,3.5,-10.4,0.61,0.23,676.9,677.6,674.6,2.9,,-6.985349809941286,Snow
1984-04-05,52645.0,青海,野牛沟,38.41666666666666,99.58333333333331,3180.0,1984,4,5,0.0,无,-5.7,2.3,-12.5,0.5,0.26,676.9,678.0,675.0,2.9,,,无
1984-04-06,52645.0,青海,野牛沟,38.41666666666666,99.58333333333331,3180.0,1984,4,6,2.5,normal,-5.3,5.1,-12.6,0.62,0.2,676.6,679.0,673.2,2.6,,-7.459685630660267,Snow
1984-04-07,52645.0,青海,野牛沟,38.41666666666666,99.58333333333331,3180.0,1984,4,7,0.9,normal,-5.2,1.7,-9.1,0.63,0.32,675.9,677.7,673.9,1.1,,-7.313282388178357,Snow
1984-04-08,52645.0,青海,野牛沟,38.41666666666666,99.58333333333331,3180.0,1984,4,8,0.0,无,-4.2,5.4,-13.3,0.59,0.2,677.7,679.6,676.0,2.8,,,无
1984-04-09,52645.0,青海,野牛沟,38.41666666666666,99.58333333333331,3180.0,1984,4,9,0.0,无,-2.1,6.8,-10.8,0.46,0.22,678.0,679.4,676.0,4.7,,,无
1984-04-10,52645.0,青海,野牛沟,38.41666666666666,99.58333333333331,3180.0,1984,4,10,0.2,normal,-1.8,6.6,-7.2,0.55,0.32,679.5,680.9,677.3,2.7,,-4.84007920198922,Snow
1984-04-11,52645.0,青海,野牛沟,38.41666666666666,99.58333333333331,3180.0,1984,4,11,0.4,normal,-1.9,9.0,-12.0,0.6,0.05,681.5,682.7,678.8,5.1,,-4.572422852838529,Snow
1984-04-12,52645.0,青海,野牛沟,38.41666666666666,99.58333333333331,3180.0,1984,4,12,0.0,无,0.1,12.1,-11.0,0.31,0.1,682.4,684.5,679.8,5.5,,,无
1984-04-13,52645.0,青海,野牛沟,38.41666666666666,99.58333333333331,3180.0,1984,4,13,0.0,无,0.8,12.5,-9.2,0.35,0.05,680.8,682.2,678.6,4.7,,,无
1984-04-14,52645.0,青海,野牛沟,38.41666666666666,99.58333333333331,3180.0,1984,4,14,0.0,无,2.2,16.2,-9.6,0.31,0.02,678.9,681.4,674.7,6.9,,,无
1984-04-15,52645.0,青海,野牛沟,38.41666666666666,99.58333333333331,3180.0,1984,4,15,0.0,无,-0.4,8.8,-6.0,0.61,0.21,678.3,680.6,675.9,4.4,,,无
1984-04-16,52645.0,青海,野牛沟,38.41666666666666,99.58333333333331,3180.0,1984,4,16,0.0,无,-0.7,7.9,-6.3,0.56,0.15,681.8,683.1,679.3,4.2,,,无
1984-04-17,52645.0,青海,野牛沟,38.41666666666666,99.58333333333331,3180.0,1984,4,17,0.3,normal,-2.0,4.1,-5.7,0.61,0.15,681.1,682.8,679.1,3.7,,-4.592014879696316,Snow
1984-04-18,52645.0,青海,野牛沟,38.41666666666666,99.58333333333331,3180.0,1984,4,18,0.0,无,-0.5,10.5,-11.1,0.43,0.05,676.9,681.2,672.3,4.9,,,无
1984-04-19,52645.0,青海,野牛沟,38.41666666666666,99.58333333333331,3180.0,1984,4,19,0.0,无,-0.4,12.6,-7.3,0.39,0.08,673.4,676.8,670.2,6.0,,,无
1984-04-20,52645.0,青海,野牛沟,38.41666666666666,99.58333333333331,3180.0,1984,4,20,0.1,normal,-5.8,0.6,-10.0,0.6,0.41,679.2,681.5,676.8,2.1,,-8.013988779578526,Snow
1984-04-21,52645.0,青海,野牛沟,38.41666666666666,99.58333333333331,3180.0,1984,4,21,0.0,无,-1.8,9.4,-10.6,0.49,0.12,682.8,684.4,680.8,4.4,,,无
1984-04-22,52645.0,青海,野牛沟,38.41666666666666,99.58333333333331,3180.0,1984,4,22,0.0,无,2.1,9.7,-6.5,0.4,0.17,682.5,683.4,681.0,4.9,,,无
1984-04-23,52645.0,青海,野牛沟,38.41666666666666,99.58333333333331,3180.0,1984,4,23,0.3,normal,0.9,5.9,-4.7,0.64,0.3,683.6,684.5,681.8,3.7,,-1.8062794335132581,Snow
1984-04-24,52645.0,青海,野牛沟,38.41666666666666,99.58333333333331,3180.0,1984,4,24,0.0,无,2.0,14.6,-9.9,0.38,0.0,681.6,684.7,677.3,6.6,,,无
1984-04-25,52645.0,青海,野牛沟,38.41666666666666,99.58333333333331,3180.0,1984,4,25,0.0,无,2.4,17.6,-6.5,0.36,0.03,676.0,678.1,671.7,7.0,,,无
1984-04-26,52645.0,青海,野牛沟,38.41666666666666,99.58333333333331,3180.0,1984,4,26,0.0,无,-0.1,10.1,-5.5,0.36,0.04,680.4,682.5,677.7,6.6,,,无
1984-04-27,52645.0,青海,野牛沟,38.41666666666666,99.58333333333331,3180.0,1984,4,27,0.0,无,0.7,10.5,-8.6,0.26,0.05,680.0,682.2,676.5,6.6,,,无
1984-04-28,52645.0,青海,野牛沟,38.41666666666666,99.58333333333331,3180.0,1984,4,28,0.0,无,2.5,14.8,-8.4,0.32,0.08,679.3,680.8,676.8,7.1,,,无
1984-04-29,52645.0,青海,野牛沟,38.41666666666666,99.58333333333331,3180.0,1984,4,29,0.0,无,5.4,18.3,-7.3,0.31,0.08,677.6,679.7,675.0,7.9,,,无
1984-04-30,52645.0,青海,野牛沟,38.41666666666666,99.58333333333331,3180.0,1984,4,30,0.0,无,6.2,17.6,-3.6,0.33,0.13,676.5,678.1,672.4,8.7,,,无
1984-05-01,52645.0,青海,野牛沟,38.41666666666666,99.58333333333331,3180.0,1984,5,1,3.0,normal,0.7,6.3,-4.1,0.57,0.09,681.6,682.3,678.1,4.0,,-2.5360844666153204,Snow
1984-05-02,52645.0,青海,野牛沟,38.41666666666666,99.58333333333331,3180.0,1984,5,2,0.0,无,0.7,7.3,-6.3,0.45,0.25,683.9,685.3,682.8,3.8,,,无
1984-05-03,52645.0,青海,野牛沟,38.41666666666666,99.58333333333331,3180.0,1984,5,3,2.5,normal,-0.3,7.3,-5.6,0.66,0.32,683.3,684.7,681.3,3.2,,-2.7225725412719237,Snow
1984-05-04,52645.0,青海,野牛沟,38.41666666666666,99.58333333333331,3180.0,1984,5,4,0.2,normal,-0.6,6.7,-6.5,0.61,0.3,684.1,685.5,683.3,2.2,,-3.355044239156979,Snow
1984-05-05,52645.0,青海,野牛沟,38.41666666666666,99.58333333333331,3180.0,1984,5,5,3.5,normal,0.2,7.3,-4.1,0.73,0.48,685.9,686.9,684.6,4.2,,-1.7469607998518244,Snow
1984-05-06,52645.0,青海,野牛沟,38.41666666666666,99.58333333333331,3180.0,1984,5,6,0.0,无,4.1,12.7,-4.9,0.47,0.15,684.1,686.7,681.4,6.2,,,无
1984-05-07,52645.0,青海,野牛沟,38.41666666666666,99.58333333333331,3180.0,1984,5,7,0.0,无,5.3,13.8,-3.2,0.45,0.1,680.9,682.9,678.5,6.4,,,无
1984-05-08,52645.0,青海,野牛沟,38.41666666666666,99.58333333333331,3180.0,1984,5,8,0.0,无,5.7,16.0,-3.2,0.47,0.1,680.5,681.9,678.6,7.4,,,无
1984-05-09,52645.0,青海,野牛沟,38.41666666666666,99.58333333333331,3180.0,1984,5,9,0.0,无,7.0,17.6,-3.1,0.44,0.13,679.6,681.4,677.6,8.4,,,无
1984-05-10,52645.0,青海,野牛沟,38.41666666666666,99.58333333333331,3180.0,1984,5,10,0.0,无,7.4,14.4,1.8,0.47,0.2,680.1,681.0,678.3,8.5,,,无
1984-05-11,52645.0,青海,野牛沟,38.41666666666666,99.58333333333331,3180.0,1984,5,11,4.2,normal,2.8,8.9,-0.8,0.64,0.28,681.7,682.4,679.3,5.0,,-0.13041467713224453,Snow
1984-05-12,52645.0,青海,野牛沟,38.41666666666666,99.58333333333331,3180.0,1984,5,12,0.0,无,1.2,7.7,-3.3,0.77,0.48,682.6,684.3,680.5,2.7,,,无
1984-05-13,52645.0,青海,野牛沟,38.41666666666666,99.58333333333331,3180.0,1984,5,13,0.0,无,1.7,9.1,-4.2,0.79,0.45,680.2,681.4,678.5,3.1,,,无
1984-05-14,52645.0,青海,野牛沟,38.41666666666666,99.58333333333331,3180.0,1984,5,14,1.9,normal,1.9,9.5,-2.9,0.72,0.34,679.4,681.1,676.9,4.0,,-0.2797347488131541,Snow
1984-05-15,52645.0,青海,野牛沟,38.41666666666666,99.58333333333331,3180.0,1984,5,15,5.8,normal,0.4,10.9,-5.5,0.8,0.32,679.6,680.8,677.0,3.2,,-1.0501833694583995,Snow
1984-05-16,52645.0,青海,野牛沟,38.41666666666666,99.58333333333331,3180.0,1984,5,16,3.8,normal,2.6,10.2,-2.8,0.81,0.41,681.4,682.4,679.1,3.9,,1.09865482275318,Snow
1984-05-17,52645.0,青海,野牛沟,38.41666666666666,99.58333333333331,3180.0,1984,5,17,0.0,无,4.5,12.4,-0.9,0.73,0.28,682.2,683.5,680.2,4.7,,,无
1984-05-18,52645.0,青海,野牛沟,38.41666666666666,99.58333333333331,3180.0,1984,5,18,4.9,normal,3.4,8.1,0.3,0.81,0.56,682.0,682.9,680.5,2.1,,1.8525646125767237,Snow
1984-05-19,52645.0,青海,野牛沟,38.41666666666666,99.58333333333331,3180.0,1984,5,19,2.0,normal,2.8,9.4,-0.5,0.81,0.47,680.2,682.0,677.2,4.3,,1.2857114110132217,Snow
1984-05-20,52645.0,青海,野牛沟,38.41666666666666,99.58333333333331,3180.0,1984,5,20,0.0,无,3.8,12.7,-2.3,0.73,0.35,678.6,680.2,676.1,4.4,,,无
1984-05-21,52645.0,青海,野牛沟,38.41666666666666,99.58333333333331,3180.0,1984,5,21,0.6,normal,2.8,8.5,0.1,0.72,0.58,681.8,682.7,680.2,3.2,,0.5447107451583078,Snow
1984-05-22,52645.0,青海,野牛沟,38.41666666666666,99.58333333333331,3180.0,1984,5,22,0.0,无,3.4,10.4,-1.1,0.65,0.29,683.1,684.6,680.7,5.9,,,无
1984-05-23,52645.0,青海,野牛沟,38.41666666666666,99.58333333333331,3180.0,1984,5,23,4.0,normal,1.2,9.1,-3.2,0.83,0.32,681.9,683.2,679.4,2.8,,-0.06726135777285425,Snow
1984-05-24,52645.0,青海,野牛沟,38.41666666666666,99.58333333333331,3180.0,1984,5,24,1.1,normal,1.8,9.8,-5.7,0.61,0.27,682.0,682.6,680.8,3.8,,-1.2590741970277586,Snow
1984-05-25,52645.0,青海,野牛沟,38.41666666666666,99.58333333333331,3180.0,1984,5,25,0.0,无,3.4,11.0,-4.0,0.5,0.15,683.2,683.8,681.4,5.7,,,无
1984-05-26,52645.0,青海,野牛沟,38.41666666666666,99.58333333333331,3180.0,1984,5,26,0.0,无,3.9,12.4,-3.8,0.56,0.17,683.4,684.8,680.7,5.9,,,无
1984-05-27,52645.0,青海,野牛沟,38.41666666666666,99.58333333333331,3180.0,1984,5,27,0.3,normal,3.0,11.6,-3.4,0.71,0.31,682.6,683.7,680.6,5.6,,0.6440394135147587,Snow
1984-05-28,52645.0,青海,野牛沟,38.41666666666666,99.58333333333331,3180.0,1984,5,28,0.9,normal,3.8,11.4,-3.5,0.66,0.29,679.8,682.7,677.7,4.9,,0.9254717754701103,Snow
1984-05-29,52645.0,青海,野牛沟,38.41666666666666,99.58333333333331,3180.0,1984,5,29,0.0,无,5.1,12.5,-3.8,0.59,0.26,679.8,680.8,678.5,5.3,,,无
1984-05-30,52645.0,青海,野牛沟,38.41666666666666,99.58333333333331,3180.0,1984,5,30,4.8,normal,4.5,12.4,1.0,0.79,0.38,683.5,684.9,679.5,6.3,,2.714984630048334,Snow
1984-05-31,52645.0,青海,野牛沟,38.41666666666666,99.58333333333331,3180.0,1984,5,31,13.3,normal,4.1,9.5,-0.7,0.78,0.53,684.9,686.1,683.8,2.8,,2.2566000095079852,Rain
1984-06-01,52645.0,青海,野牛沟,38.41666666666666,99.58333333333331,3180.0,1984,6,1,0.0,无,6.8,15.3,-1.5,0.64,0.28,684.4,685.9,682.1,6.5,,,无
1984-06-02,52645.0,青海,野牛沟,38.41666666666666,99.58333333333331,3180.0,1984,6,2,0.0,无,9.2,18.6,-0.9,0.51,0.17,682.5,683.9,680.2,8.0,,,无
1984-06-03,52645.0,青海,野牛沟,38.41666666666666,99.58333333333331,3180.0,1984,6,3,0.0,无,10.0,19.2,-0.1,0.52,0.2,681.6,682.9,678.9,8.0,,,无
1984-06-04,52645.0,青海,野牛沟,38.41666666666666,99.58333333333331,3180.0,1984,6,4,0.0,无,9.0,17.0,0.0,0.54,0.32,679.8,681.2,677.6,7.1,,,无
1984-06-05,52645.0,青海,野牛沟,38.41666666666666,99.58333333333331,3180.0,1984,6,5,10.8,normal,4.0,10.3,0.1,0.84,0.44,682.0,682.6,680.4,2.1,,2.672796507443631,Snow
1984-06-06,52645.0,青海,野牛沟,38.41666666666666,99.58333333333331,3180.0,1984,6,6,0.0,无,6.4,17.2,-1.8,0.65,0.26,681.7,683.4,678.8,5.9,,,无
1984-06-07,52645.0,青海,野牛沟,38.41666666666666,99.58333333333331,3180.0,1984,6,7,14.3,normal,2.8,12.7,-0.2,0.87,0.39,683.5,684.8,679.6,0.2,,1.7742689644371579,Snow
1984-06-08,52645.0,青海,野牛沟,38.41666666666666,99.58333333333331,3180.0,1984,6,8,0.0,无,4.3,12.1,-1.0,0.67,0.29,686.2,686.8,684.8,5.9,,,无
1984-06-09,52645.0,青海,野牛沟,38.41666666666666,99.58333333333331,3180.0,1984,6,9,0.0,无,6.4,15.6,-2.4,0.52,0.17,685.3,687.3,682.5,6.9,,,无
1984-06-10,52645.0,青海,野牛沟,38.41666666666666,99.58333333333331,3180.0,1984,6,10,0.0,无,7.7,17.7,-2.3,0.51,0.18,682.6,684.6,679.6,7.9,,,无
1984-06-11,52645.0,青海,野牛沟,38.41666666666666,99.58333333333331,3180.0,1984,6,11,0.2,normal,8.1,17.5,-2.0,0.53,0.21,678.9,681.5,676.2,7.0,,3.3467285387388523,Rain
1984-06-12,52645.0,青海,野牛沟,38.41666666666666,99.58333333333331,3180.0,1984,6,12,7.7,normal,7.4,14.2,1.8,0.75,0.35,678.4,679.6,676.4,3.8,,5.0243691308270355,Rain
1984-06-13,52645.0,青海,野牛沟,38.41666666666666,99.58333333333331,3180.0,1984,6,13,4.2,normal,6.4,10.9,1.8,0.73,0.5,681.1,682.4,679.5,6.1,,3.916920924635021,Rain
1984-06-14,52645.0,青海,野牛沟,38.41666666666666,99.58333333333331,3180.0,1984,6,14,4.7,normal,5.6,12.5,0.1,0.66,0.25,683.3,684.6,680.9,6.2,,2.5320617630298736,Rain
1984-06-15,52645.0,青海,野牛沟,38.41666666666666,99.58333333333331,3180.0,1984,6,15,0.0,无,6.9,15.5,-1.7,0.57,0.21,680.6,682.2,678.0,6.9,,,无
1984-06-16,52645.0,青海,野牛沟,38.41666666666666,99.58333333333331,3180.0,1984,6,16,8.6,normal,2.5,11.6,0.0,0.9,0.33,679.4,681.4,677.6,1.4,,1.720717457206793,Snow
1984-06-17,52645.0,青海,野牛沟,38.41666666666666,99.58333333333331,3180.0,1984,6,17,3.4,normal,2.5,9.8,-4.7,0.69,0.4,678.3,680.9,676.4,6.4,,0.016568155024700992,Snow
1984-06-18,52645.0,青海,野牛沟,38.41666666666666,99.58333333333331,3180.0,1984,6,18,0.0,无,5.5,14.3,-3.1,0.64,0.21,679.1,680.6,677.5,6.9,,,无
1984-06-19,52645.0,青海,野牛沟,38.41666666666666,99.58333333333331,3180.0,1984,6,19,1.5,normal,7.1,12.6,2.0,0.75,0.45,678.4,679.5,677.6,3.1,,4.748346529542942,Rain
1984-06-20,52645.0,青海,野牛沟,38.41666666666666,99.58333333333331,3180.0,1984,6,20,0.9,normal,6.7,10.8,3.7,0.75,0.57,678.6,679.5,677.2,3.5,,4.380591202735382,Rain
1984-06-21,52645.0,青海,野牛沟,38.41666666666666,99.58333333333331,3180.0,1984,6,21,0.0,无,8.5,15.6,2.6,0.7,0.44,679.8,680.5,678.4,7.5,,,无
1984-06-22,52645.0,青海,野牛沟,38.41666666666666,99.58333333333331,3180.0,1984,6,22,3.8,normal,8.2,11.3,6.5,0.83,0.55,681.0,682.5,679.6,2.0,,6.566607876744324,Rain
1984-06-23,52645.0,青海,野牛沟,38.41666666666666,99.58333333333331,3180.0,1984,6,23,0.8,normal,6.9,14.4,1.7,0.76,0.38,683.7,684.2,681.9,4.8,,4.668889828098757,Rain
1984-06-24,52645.0,青海,野牛沟,38.41666666666666,99.58333333333331,3180.0,1984,6,24,12.0,normal,5.4,9.3,3.6,0.89,0.66,685.2,685.6,684.0,2.0,,4.449380886026648,Rain
1984-06-25,52645.0,青海,野牛沟,38.41666666666666,99.58333333333331,3180.0,1984,6,25,14.4,normal,5.3,12.1,0.3,0.87,0.66,684.2,685.8,683.1,2.2,,4.17643884010674,Rain
1984-06-26,52645.0,青海,野牛沟,38.41666666666666,99.58333333333331,3180.0,1984,6,26,5.3,normal,7.7,13.8,3.6,0.73,0.44,681.9,683.6,679.9,4.9,,5.105104862473548,Rain
1984-06-27,52645.0,青海,野牛沟,38.41666666666666,99.58333333333331,3180.0,1984,6,27,0.4,normal,10.6,16.6,4.7,0.66,0.37,681.4,682.3,680.4,7.3,,6.962696944798599,Rain
1984-06-28,52645.0,青海,野牛沟,38.41666666666666,99.58333333333331,3180.0,1984,6,28,0.0,无,9.8,18.5,0.7,0.62,0.3,680.9,682.0,679.4,7.2,,,无
1984-06-29,52645.0,青海,野牛沟,38.41666666666666,99.58333333333331,3180.0,1984,6,29,6.7,normal,11.4,20.2,3.3,0.63,0.29,679.9,681.5,677.6,8.9,,7.313950312599435,Rain
1984-06-30,52645.0,青海,野牛沟,38.41666666666666,99.58333333333331,3180.0,1984,6,30,11.9,normal,7.9,15.5,5.8,0.87,0.53,680.6,681.1,679.5,1.7,,6.671081543402253,Rain
1984-07-01,52645.0,青海,野牛沟,38.41666666666666,99.58333333333331,3180.0,1984,7,1,7.5,normal,6.2,9.4,3.5,0.83,0.69,683.6,684.9,680.4,1.5,,4.674199446259073,Rain
1984-07-02,52645.0,青海,野牛沟,38.41666666666666,99.58333333333331,3180.0,1984,7,2,5.0,normal,8.3,15.6,2.1,0.71,0.33,684.2,685.6,682.3,6.3,,5.450633880346918,Rain
1984-07-03,52645.0,青海,野牛沟,38.41666666666666,99.58333333333331,3180.0,1984,7,3,1.0,normal,9.2,17.1,2.3,0.77,0.46,682.4,684.0,680.4,4.9,,6.895844156942537,Rain
1984-07-04,52645.0,青海,野牛沟,38.41666666666666,99.58333333333331,3180.0,1984,7,4,7.4,normal,9.6,14.5,6.1,0.8,0.5,682.4,683.4,681.4,3.6,,7.582320790566128,Rain
1984-07-05,52645.0,青海,野牛沟,38.41666666666666,99.58333333333331,3180.0,1984,7,5,15.7,normal,6.9,9.3,4.1,0.82,0.64,683.4,683.8,682.3,1.7,,5.242623853316499,Rain
1984-07-06,52645.0,青海,野牛沟,38.41666666666666,99.58333333333331,3180.0,1984,7,6,7.1,normal,6.0,14.7,0.3,0.77,0.36,683.7,685.0,681.0,6.7,,3.9308616427459286,Rain
1984-07-07,52645.0,青海,野牛沟,38.41666666666666,99.58333333333331,3180.0,1984,7,7,0.0,无,7.5,14.9,0.7,0.71,0.36,681.9,683.5,680.0,4.6,,,无
1984-07-08,52645.0,青海,野牛沟,38.41666666666666,99.58333333333331,3180.0,1984,7,8,0.0,无,9.3,16.8,2.7,0.69,0.34,681.4,682.5,679.1,6.9,,,无
1984-07-09,52645.0,青海,野牛沟,38.41666666666666,99.58333333333331,3180.0,1984,7,9,1.7,normal,8.9,14.5,3.1,0.77,0.54,679.7,682.4,677.6,2.7,,6.61411244947645,Rain
1984-07-10,52645.0,青海,野牛沟,38.41666666666666,99.58333333333331,3180.0,1984,7,10,2.1,normal,8.9,13.3,7.1,0.83,0.62,679.7,680.8,678.4,3.5,,7.228599528815507,Rain
1984-07-11,52645.0,青海,野牛沟,38.41666666666666,99.58333333333331,3180.0,1984,7,11,7.1,normal,7.3,13.4,3.4,0.8,0.6,681.7,682.5,680.3,4.6,,5.425495274998142,Rain
1984-07-12,52645.0,青海,野牛沟,38.41666666666666,99.58333333333331,3180.0,1984,7,12,8.0,normal,7.9,13.5,4.4,0.8,0.56,683.5,684.5,681.3,4.3,,5.989984389791911,Rain
1984-07-13,52645.0,青海,野牛沟,38.41666666666666,99.58333333333331,3180.0,1984,7,13,5.9,normal,7.5,11.4,4.7,0.78,0.59,684.9,685.5,684.5,3.3,,5.421343342239955,Rain
1984-07-14,52645.0,青海,野牛沟,38.41666666666666,99.58333333333331,3180.0,1984,7,14,0.0,无,8.8,17.0,2.2,0.66,0.3,683.5,685.5,680.8,6.7,,,无
1984-07-15,52645.0,青海,野牛沟,38.41666666666666,99.58333333333331,3180.0,1984,7,15,0.0,无,9.8,16.4,1.7,0.68,0.43,680.3,682.1,678.5,6.2,,,无
1984-07-16,52645.0,青海,野牛沟,38.41666666666666,99.58333333333331,3180.0,1984,7,16,7.1,normal,9.4,13.4,7.2,0.82,0.49,680.8,681.7,678.7,2.8,,7.600327762831731,Rain
1984-07-17,52645.0,青海,野牛沟,38.41666666666666,99.58333333333331,3180.0,1984,7,17,1.1,normal,8.2,17.8,1.0,0.78,0.35,683.2,684.8,681.2,4.9,,6.070547807914868,Rain
1984-07-18,52645.0,青海,野牛沟,38.41666666666666,99.58333333333331,3180.0,1984,7,18,2.1,normal,8.5,12.6,4.8,0.8,0.57,684.1,685.3,682.9,3.2,,6.553096448171565,Rain
1984-07-19,52645.0,青海,野牛沟,38.41666666666666,99.58333333333331,3180.0,1984,7,19,0.0,无,8.3,17.3,0.6,0.69,0.33,682.4,684.5,679.9,5.8,,,无
1984-07-20,52645.0,青海,野牛沟,38.41666666666666,99.58333333333331,3180.0,1984,7,20,0.0,无,9.3,18.1,1.5,0.68,0.32,680.8,682.9,679.0,5.7,,,无
1984-07-21,52645.0,青海,野牛沟,38.41666666666666,99.58333333333331,3180.0,1984,7,21,0.0,无,9.7,18.5,1.3,0.68,0.41,680.1,681.1,678.8,6.0,,,无
1984-07-22,52645.0,青海,野牛沟,38.41666666666666,99.58333333333331,3180.0,1984,7,22,8.6,normal,9.5,14.2,4.6,0.83,0.5,681.3,682.0,679.9,3.3,,7.798655996544004,Rain
1984-07-23,52645.0,青海,野牛沟,38.41666666666666,99.58333333333331,3180.0,1984,7,23,2.9,normal,9.3,17.8,2.2,0.78,0.39,681.7,683.0,679.6,4.6,,7.092222039385496,Rain
1984-07-24,52645.0,青海,野牛沟,38.41666666666666,99.58333333333331,3180.0,1984,7,24,12.4,normal,7.8,13.9,4.4,0.8,0.47,680.9,682.4,678.7,4.9,,5.893267634234571,Rain
1984-07-25,52645.0,青海,野牛沟,38.41666666666666,99.58333333333331,3180.0,1984,7,25,0.1,normal,8.2,16.4,1.8,0.73,0.37,681.3,683.0,679.4,5.3,,5.560569126409853,Rain
1984-07-26,52645.0,青海,野牛沟,38.41666666666666,99.58333333333331,3180.0,1984,7,26,0.0,无,8.0,18.2,-0.5,0.62,0.29,681.2,682.3,678.6,6.5,,,无
1984-07-27,52645.0,青海,野牛沟,38.41666666666666,99.58333333333331,3180.0,1984,7,27,0.0,无,8.9,18.9,0.0,0.65,0.28,680.3,681.0,678.2,5.9,,,无
1984-07-28,52645.0,青海,野牛沟,38.41666666666666,99.58333333333331,3180.0,1984,7,28,10.3,normal,8.3,15.4,4.6,0.77,0.51,679.5,681.9,676.9,5.4,,6.057617302205922,Rain
1984-07-29,52645.0,青海,野牛沟,38.41666666666666,99.58333333333331,3180.0,1984,7,29,0.9,normal,9.0,14.6,3.8,0.69,0.44,681.3,682.8,679.0,5.8,,5.866483377514391,Rain
1984-07-30,52645.0,青海,野牛沟,38.41666666666666,99.58333333333331,3180.0,1984,7,30,0.0,无,9.0,19.1,-0.3,0.7,0.37,683.2,684.4,680.8,6.3,,,无
1984-07-31,52645.0,青海,野牛沟,38.41666666666666,99.58333333333331,3180.0,1984,7,31,0.0,无,11.2,21.0,2.0,0.64,0.25,682.1,683.5,679.9,6.9,,,无
1984-08-01,52645.0,青海,野牛沟,38.41666666666666,99.58333333333331,3180.0,1984,8,1,5.5,normal,10.5,15.6,7.7,0.77,0.5,681.8,682.7,680.6,2.2,,8.100310462021834,Rain
1984-08-02,52645.0,青海,野牛沟,38.41666666666666,99.58333333333331,3180.0,1984,8,2,6.8,normal,7.9,10.2,6.8,0.92,0.77,681.4,682.4,680.2,1.0,,7.150436675080862,Rain
1984-08-03,52645.0,青海,野牛沟,38.41666666666666,99.58333333333331,3180.0,1984,8,3,5.8,normal,7.2,13.2,3.0,0.77,0.44,683.8,684.8,681.4,5.1,,5.043611873807987,Rain
1984-08-04,52645.0,青海,野牛沟,38.41666666666666,99.58333333333331,3180.0,1984,8,4,5.5,normal,7.9,17.5,0.4,0.7,0.36,685.5,686.9,683.7,6.9,,4.988749447030023,Rain
1984-08-05,52645.0,青海,野牛沟,38.41666666666666,99.58333333333331,3180.0,1984,8,5,0.0,无,9.0,17.6,0.5,0.64,0.34,686.2,687.2,684.2,5.4,,,无
1984-08-06,52645.0,青海,野牛沟,38.41666666666666,99.58333333333331,3180.0,1984,8,6,1.5,normal,8.2,15.1,1.7,0.74,0.43,686.3,687.5,684.4,4.3,,5.670466241750254,Rain
1984-08-07,52645.0,青海,野牛沟,38.41666666666666,99.58333333333331,3180.0,1984,8,7,0.1,normal,9.6,19.7,0.8,0.66,0.26,683.9,685.7,681.5,6.4,,6.081476341475196,Rain
1984-08-08,52645.0,青海,野牛沟,38.41666666666666,99.58333333333331,3180.0,1984,8,8,1.4,normal,9.6,18.3,2.2,0.68,0.36,682.8,683.6,680.6,5.8,,6.298878732448547,Rain
1984-08-09,52645.0,青海,野牛沟,38.41666666666666,99.58333333333331,3180.0,1984,8,9,0.4,normal,10.6,18.2,3.8,0.7,0.29,683.2,684.2,681.7,6.0,,7.419398123144645,Rain
1984-08-10,52645.0,青海,野牛沟,38.41666666666666,99.58333333333331,3180.0,1984,8,10,0.0,无,9.8,19.2,0.6,0.62,0.18,683.9,684.9,682.5,7.4,,,无
1984-08-11,52645.0,青海,野牛沟,38.41666666666666,99.58333333333331,3180.0,1984,8,11,0.0,无,9.6,19.0,1.2,0.66,0.28,684.2,685.5,683.0,6.6,,,无
1984-08-12,52645.0,青海,野牛沟,38.41666666666666,99.58333333333331,3180.0,1984,8,12,0.0,无,8.7,16.6,0.5,0.58,0.3,684.9,685.6,683.1,5.2,,,无
1984-08-13,52645.0,青海,野牛沟,38.41666666666666,99.58333333333331,3180.0,1984,8,13,0.0,无,8.1,18.3,-1.2,0.63,0.28,686.2,687.4,685.1,6.4,,,无
1984-08-14,52645.0,青海,野牛沟,38.41666666666666,99.58333333333331,3180.0,1984,8,14,0.0,无,9.1,22.2,-1.5,0.66,0.26,684.3,686.3,681.5,6.1,,,无
1984-08-15,52645.0,青海,野牛沟,38.41666666666666,99.58333333333331,3180.0,1984,8,15,0.4,normal,9.1,17.1,2.0,0.67,0.37,682.5,683.4,681.4,3.8,,5.743431361446549,Rain
1984-08-16,52645.0,青海,野牛沟,38.41666666666666,99.58333333333331,3180.0,1984,8,16,12.1,normal,7.2,13.5,3.3,0.74,0.4,683.0,684.0,681.9,5.5,,4.748930616390878,Rain
1984-08-17,52645.0,青海,野牛沟,38.41666666666666,99.58333333333331,3180.0,1984,8,17,8.8,normal,4.8,8.9,2.2,0.88,0.68,683.7,684.7,682.4,0.9,,3.7822133799781854,Rain
1984-08-18,52645.0,青海,野牛沟,38.41666666666666,99.58333333333331,3180.0,1984,8,18,1.7,normal,3.9,11.7,-0.3,0.77,0.32,685.8,687.0,683.9,5.0,,1.985718674171033,Rain
1984-08-19,52645.0,青海,野牛沟,38.41666666666666,99.58333333333331,3180.0,1984,8,19,0.0,无,3.9,12.6,-2.6,0.71,0.31,684.8,685.8,682.7,3.7,,,无
1984-08-20,52645.0,青海,野牛沟,38.41666666666666,99.58333333333331,3180.0,1984,8,20,0.1,normal,5.7,13.6,-1.6,0.65,0.3,682.3,684.6,680.2,5.0,,2.5232035121778695,Rain
1984-08-21,52645.0,青海,野牛沟,38.41666666666666,99.58333333333331,3180.0,1984,8,21,7.0,normal,3.1,12.5,-2.7,0.79,0.32,681.6,682.5,679.0,4.0,,1.4041329475818864,Snow
1984-08-22,52645.0,青海,野牛沟,38.41666666666666,99.58333333333331,3180.0,1984,8,22,7.5,normal,3.4,9.5,-0.1,0.87,0.52,680.6,681.7,679.0,2.5,,2.348683757068266,Snow
1984-08-23,52645.0,青海,野牛沟,38.41666666666666,99.58333333333331,3180.0,1984,8,23,0.1,normal,4.8,13.4,-2.6,0.7,0.3,681.2,682.5,679.6,5.0,,2.183614202002704,Rain
1984-08-24,52645.0,青海,野牛沟,38.41666666666666,99.58333333333331,3180.0,1984,8,24,0.0,无,5.7,15.1,-3.2,0.6,0.22,681.7,683.0,680.3,5.4,,,无
1984-08-25,52645.0,青海,野牛沟,38.41666666666666,99.58333333333331,3180.0,1984,8,25,0.0,无,6.0,16.5,-2.8,0.67,0.28,681.3,682.6,679.2,4.7,,,无
1984-08-26,52645.0,青海,野牛沟,38.41666666666666,99.58333333333331,3180.0,1984,8,26,0.2,normal,6.3,13.7,2.6,0.63,0.16,682.0,683.1,680.2,5.8,,2.856238358954859,Rain
1984-08-27,52645.0,青海,野牛沟,38.41666666666666,99.58333333333331,3180.0,1984,8,27,0.0,无,3.4,11.7,-4.1,0.65,0.31,682.9,683.9,680.9,3.6,,,无
1984-08-28,52645.0,青海,野牛沟,38.41666666666666,99.58333333333331,3180.0,1984,8,28,0.0,无,2.9,13.4,-6.1,0.59,0.21,684.5,685.5,683.4,4.7,,,无
1984-08-29,52645.0,青海,野牛沟,38.41666666666666,99.58333333333331,3180.0,1984,8,29,0.0,无,4.6,16.5,-6.2,0.59,0.22,684.2,685.8,681.3,5.7,,,无
1984-08-30,52645.0,青海,野牛沟,38.41666666666666,99.58333333333331,3180.0,1984,8,30,0.0,无,5.9,14.4,-1.0,0.53,0.17,684.2,685.0,682.5,6.5,,,无
1984-08-31,52645.0,青海,野牛沟,38.41666666666666,99.58333333333331,3180.0,1984,8,31,0.0,无,4.1,13.3,-4.6,0.52,0.23,685.9,687.2,684.3,4.9,,,无
1984-09-01,52645.0,青海,野牛沟,38.41666666666666,99.58333333333331,3180.0,1984,9,1,0.0,无,3.9,14.4,-5.3,0.6,0.29,684.7,686.0,682.7,5.1,,,无
1984-09-02,52645.0,青海,野牛沟,38.41666666666666,99.58333333333331,3180.0,1984,9,2,0.0,无,4.6,15.9,-5.4,0.61,0.28,683.7,685.2,681.7,5.8,,,无
1984-09-03,52645.0,青海,野牛沟,38.41666666666666,99.58333333333331,3180.0,1984,9,3,3.5,normal,3.6,11.3,-2.0,0.79,0.46,682.5,683.8,681.5,1.1,,1.8726359920839863,Snow
1984-09-04,52645.0,青海,野牛沟,38.41666666666666,99.58333333333331,3180.0,1984,9,4,4.8,normal,4.6,12.8,-0.6,0.78,0.35,682.0,682.6,680.2,4.0,,2.7185207244477505,Rain
1984-09-05,52645.0,青海,野牛沟,38.41666666666666,99.58333333333331,3180.0,1984,9,5,1.8,normal,5.0,11.8,-0.5,0.74,0.35,682.2,683.8,680.8,4.3,,2.730732996238836,Rain
1984-09-06,52645.0,青海,野牛沟,38.41666666666666,99.58333333333331,3180.0,1984,9,6,0.1,normal,3.9,12.5,-3.2,0.74,0.44,681.8,683.2,680.0,3.3,,1.721000229025731,Rain
1984-09-07,52645.0,青海,野牛沟,38.41666666666666,99.58333333333331,3180.0,1984,9,7,6.3,normal,2.9,12.2,-2.3,0.82,0.52,681.7,682.3,679.5,3.3,,1.4632708381286053,Snow
1984-09-08,52645.0,青海,野牛沟,38.41666666666666,99.58333333333331,3180.0,1984,9,8,2.9,normal,4.3,9.6,-0.1,0.83,0.58,681.6,682.9,680.5,3.4,,2.8718458816499526,Snow
1984-09-09,52645.0,青海,野牛沟,38.41666666666666,99.58333333333331,3180.0,1984,9,9,4.1,normal,5.1,10.7,4.0,0.86,0.6,682.2,682.6,680.9,1.7,,3.8952009358152706,Rain
1984-09-10,52645.0,青海,野牛沟,38.41666666666666,99.58333333333331,3180.0,1984,9,10,2.1,normal,5.4,11.4,1.6,0.76,0.45,685.7,687.1,682.4,3.8,,3.2859760774794244,Rain
1984-09-11,52645.0,青海,野牛沟,38.41666666666666,99.58333333333331,3180.0,1984,9,11,0.3,normal,5.0,11.7,0.7,0.71,0.35,689.1,690.1,687.1,4.6,,2.469422885042607,Rain
1984-09-12,52645.0,青海,野牛沟,38.41666666666666,99.58333333333331,3180.0,1984,9,12,0.0,无,3.3,11.3,-3.0,0.68,0.3,689.0,690.4,687.1,4.1,,,无
1984-09-13,52645.0,青海,野牛沟,38.41666666666666,99.58333333333331,3180.0,1984,9,13,0.0,无,2.6,12.5,-5.2,0.66,0.23,686.5,688.2,683.9,4.4,,,无
1984-09-14,52645.0,青海,野牛沟,38.41666666666666,99.58333333333331,3180.0,1984,9,14,0.0,无,2.0,12.4,-4.7,0.75,0.34,684.2,685.1,682.2,2.9,,,无
1984-09-15,52645.0,青海,野牛沟,38.41666666666666,99.58333333333331,3180.0,1984,9,15,1.2,normal,2.6,8.2,0.2,0.84,0.54,685.2,686.4,684.1,3.1,,1.3439070091898087,Snow
1984-09-16,52645.0,青海,野牛沟,38.41666666666666,99.58333333333331,3180.0,1984,9,16,0.0,无,2.5,9.8,-3.2,0.73,0.43,686.8,687.9,684.8,3.0,,,无
1984-09-17,52645.0,青海,野牛沟,38.41666666666666,99.58333333333331,3180.0,1984,9,17,1.0,normal,2.5,8.7,-0.3,0.8,0.38,685.0,687.0,683.2,2.8,,0.927805105308761,Snow
1984-09-18,52645.0,青海,野牛沟,38.41666666666666,99.58333333333331,3180.0,1984,9,18,0.0,无,2.4,10.9,-2.2,0.68,0.19,683.0,685.3,680.4,3.7,,,无
1984-09-19,52645.0,青海,野牛沟,38.41666666666666,99.58333333333331,3180.0,1984,9,19,0.2,normal,2.7,13.2,-4.7,0.65,0.28,679.9,681.8,677.8,4.2,,-0.13770837694219384,Snow
1984-09-20,52645.0,青海,野牛沟,38.41666666666666,99.58333333333331,3180.0,1984,9,20,0.0,无,4.3,12.4,-2.6,0.65,0.47,680.0,681.0,678.1,3.1,,,无
1984-09-21,52645.0,青海,野牛沟,38.41666666666666,99.58333333333331,3180.0,1984,9,21,6.7,normal,4.0,7.5,1.7,0.84,0.57,684.9,687.1,681.0,1.1,,2.6753832365413066,Snow
1984-09-22,52645.0,青海,野牛沟,38.41666666666666,99.58333333333331,3180.0,1984,9,22,0.0,无,2.8,10.5,-1.4,0.69,0.24,686.7,688.5,683.5,3.6,,,无
1984-09-23,52645.0,青海,野牛沟,38.41666666666666,99.58333333333331,3180.0,1984,9,23,0.5,normal,3.1,9.9,-1.7,0.66,0.24,684.2,685.6,681.8,4.5,,0.3117355487783646,Snow
1984-09-24,52645.0,青海,野牛沟,38.41666666666666,99.58333333333331,3180.0,1984,9,24,4.0,normal,-1.1,5.7,-8.7,0.83,0.5,684.1,685.8,682.0,2.9,,-2.24870652710218,Snow
1984-09-25,52645.0,青海,野牛沟,38.41666666666666,99.58333333333331,3180.0,1984,9,25,0.0,无,2.6,11.5,-4.6,0.67,0.3,682.2,683.5,680.2,3.8,,,无
1984-09-26,52645.0,青海,野牛沟,38.41666666666666,99.58333333333331,3180.0,1984,9,26,2.6,normal,2.1,9.7,-2.3,0.75,0.35,682.6,684.0,680.1,3.2,,0.15001786113552296,Snow
1984-09-27,52645.0,青海,野牛沟,38.41666666666666,99.58333333333331,3180.0,1984,9,27,0.3,normal,2.7,9.1,-0.8,0.53,0.11,682.9,683.6,681.8,5.6,,-1.1624137091565379,Snow
1984-09-28,52645.0,青海,野牛沟,38.41666666666666,99.58333333333331,3180.0,1984,9,28,0.0,无,-0.9,10.3,-9.7,0.52,0.13,683.9,685.0,682.2,4.2,,,无
1984-09-29,52645.0,青海,野牛沟,38.41666666666666,99.58333333333331,3180.0,1984,9,29,0.0,无,1.3,10.8,-7.0,0.5,0.16,682.0,684.2,678.9,4.7,,,无
1984-09-30,52645.0,青海,野牛沟,38.41666666666666,99.58333333333331,3180.0,1984,9,30,0.0,无,1.1,10.8,-7.2,0.48,0.12,680.1,681.5,677.5,3.9,,,无
1984-10-01,52645.0,青海,野牛沟,38.41666666666666,99.58333333333331,3180.0,1984,10,1,0.0,无,-0.6,9.5,-7.8,0.57,0.18,680.9,682.5,679.0,3.4,,,无
1984-10-02,52645.0,青海,野牛沟,38.41666666666666,99.58333333333331,3180.0,1984,10,2,0.0,无,-1.8,7.1,-7.5,0.65,0.23,684.0,684.8,681.8,4.0,,,无
1984-10-03,52645.0,青海,野牛沟,38.41666666666666,99.58333333333331,3180.0,1984,10,3,0.0,无,-2.8,8.0,-11.6,0.55,0.07,685.8,686.8,683.6,3.2,,,无
1984-10-04,52645.0,青海,野牛沟,38.41666666666666,99.58333333333331,3180.0,1984,10,4,0.0,无,-2.8,9.6,-11.7,0.49,0.09,685.3,686.9,682.6,3.5,,,无
1984-10-05,52645.0,青海,野牛沟,38.41666666666666,99.58333333333331,3180.0,1984,10,5,0.0,无,-1.4,11.1,-11.5,0.46,0.09,684.3,685.7,681.9,4.3,,,无
1984-10-06,52645.0,青海,野牛沟,38.41666666666666,99.58333333333331,3180.0,1984,10,6,0.0,无,-0.3,10.8,-9.0,0.4,0.11,683.6,684.9,681.3,3.9,,,无
1984-10-07,52645.0,青海,野牛沟,38.41666666666666,99.58333333333331,3180.0,1984,10,7,0.0,无,1.4,10.5,-8.0,0.42,0.11,682.2,683.8,679.8,4.0,,,无
1984-10-08,52645.0,青海,野牛沟,38.41666666666666,99.58333333333331,3180.0,1984,10,8,0.0,无,0.8,11.7,-7.7,0.45,0.1,683.1,684.2,681.5,4.8,,,无
1984-10-09,52645.0,青海,野牛沟,38.41666666666666,99.58333333333331,3180.0,1984,10,9,0.0,无,-0.4,13.3,-11.0,0.52,0.14,683.1,685.1,680.4,3.8,,,无
1984-10-10,52645.0,青海,野牛沟,38.41666666666666,99.58333333333331,3180.0,1984,10,10,0.0,无,1.4,13.6,-6.7,0.61,0.29,680.6,683.1,678.1,4.5,,,无
1984-10-11,52645.0,青海,野牛沟,38.41666666666666,99.58333333333331,3180.0,1984,10,11,0.3,normal,-0.8,5.9,-4.0,0.58,0.15,686.2,687.8,683.2,3.4,,-3.7446302927474884,Snow
1984-10-12,52645.0,青海,野牛沟,38.41666666666666,99.58333333333331,3180.0,1984,10,12,0.0,无,-3.4,9.8,-13.7,0.49,0.08,687.6,689.5,684.4,3.9,,,无
1984-10-13,52645.0,青海,野牛沟,38.41666666666666,99.58333333333331,3180.0,1984,10,13,0.0,无,-1.8,11.7,-12.4,0.51,0.11,683.6,685.7,680.6,3.2,,,无
1984-10-14,52645.0,青海,野牛沟,38.41666666666666,99.58333333333331,3180.0,1984,10,14,0.0,无,-0.6,11.5,-10.3,0.46,0.1,683.3,684.3,682.0,4.2,,,无
1984-10-15,52645.0,青海,野牛沟,38.41666666666666,99.58333333333331,3180.0,1984,10,15,0.0,无,0.3,6.3,-3.1,0.5,0.25,686.4,687.4,684.1,3.0,,,无
1984-10-16,52645.0,青海,野牛沟,38.41666666666666,99.58333333333331,3180.0,1984,10,16,0.2,normal,-2.7,5.9,-9.2,0.67,0.26,687.0,688.2,684.7,4.0,,-4.800785986130189,Snow
1984-10-17,52645.0,青海,野牛沟,38.41666666666666,99.58333333333331,3180.0,1984,10,17,4.4,normal,-4.1,3.6,-7.6,0.75,0.27,685.8,687.2,684.3,4.4,,-5.580522014776048,Snow
1984-10-18,52645.0,青海,野牛沟,38.41666666666666,99.58333333333331,3180.0,1984,10,18,0.0,无,-6.0,5.5,-13.7,0.54,0.14,687.3,688.8,684.9,2.4,,,无
1984-10-19,52645.0,青海,野牛沟,38.41666666666666,99.58333333333331,3180.0,1984,10,19,0.0,无,-5.3,6.4,-13.6,0.54,0.08,689.2,689.6,688.0,3.0,,,无
1984-10-20,52645.0,青海,野牛沟,38.41666666666666,99.58333333333331,3180.0,1984,10,20,0.0,无,-5.5,5.9,-14.2,0.52,0.09,689.2,690.5,687.1,2.1,,,无
1984-10-21,52645.0,青海,野牛沟,38.41666666666666,99.58333333333331,3180.0,1984,10,21,0.0,无,-5.1,5.9,-14.0,0.49,0.11,688.3,689.5,686.1,2.6,,,无
1984-10-22,52645.0,青海,野牛沟,38.41666666666666,99.58333333333331,3180.0,1984,10,22,0.0,无,-5.6,8.5,-13.7,0.55,0.12,685.1,687.8,682.3,2.7,,,无
1984-10-23,52645.0,青海,野牛沟,38.41666666666666,99.58333333333331,3180.0,1984,10,23,0.0,无,-3.5,11.5,-13.8,0.51,0.07,682.0,683.5,680.2,2.8,,,无
1984-10-24,52645.0,青海,野牛沟,38.41666666666666,99.58333333333331,3180.0,1984,10,24,0.0,无,-2.1,8.4,-10.5,0.43,0.2,682.2,684.2,680.5,3.4,,,无
1984-10-25,52645.0,青海,野牛沟,38.41666666666666,99.58333333333331,3180.0,1984,10,25,0.0,无,-4.4,7.1,-11.5,0.52,0.08,684.2,685.2,681.4,3.3,,,无
1984-10-26,52645.0,青海,野牛沟,38.41666666666666,99.58333333333331,3180.0,1984,10,26,0.0,无,-7.7,4.9,-16.5,0.5,0.08,685.8,687.6,684.0,2.5,,,无
1984-10-27,52645.0,青海,野牛沟,38.41666666666666,99.58333333333331,3180.0,1984,10,27,0.0,无,-6.3,5.4,-13.0,0.44,0.1,684.4,686.0,682.1,2.7,,,无
1984-10-28,52645.0,青海,野牛沟,38.41666666666666,99.58333333333331,3180.0,1984,10,28,0.0,无,-5.4,5.1,-13.0,0.46,0.17,682.4,683.6,680.0,2.3,,,无
1984-10-29,52645.0,青海,野牛沟,38.41666666666666,99.58333333333331,3180.0,1984,10,29,0.0,无,-5.5,6.7,-14.3,0.5,0.23,681.9,683.0,680.3,2.3,,,无
1984-10-30,52645.0,青海,野牛沟,38.41666666666666,99.58333333333331,3180.0,1984,10,30,0.0,无,-4.7,0.5,-8.4,0.56,0.39,683.1,683.9,681.4,2.0,,,无
1984-10-31,52645.0,青海,野牛沟,38.41666666666666,99.58333333333331,3180.0,1984,10,31,0.3,normal,-5.0,1.1,-8.5,0.67,0.42,685.0,685.7,683.5,1.6,,-6.882614556427709,Snow
1984-11-01,52645.0,青海,野牛沟,38.41666666666666,99.58333333333331,3180.0,1984,11,1,0.0,无,-7.2,0.4,-13.0,0.63,0.3,686.3,687.9,685.0,0.8,,,无
1984-11-02,52645.0,青海,野牛沟,38.41666666666666,99.58333333333331,3180.0,1984,11,2,0.0,无,-6.0,4.9,-14.9,0.45,0.1,685.9,687.3,683.9,2.3,,,无
1984-11-03,52645.0,青海,野牛沟,38.41666666666666,99.58333333333331,3180.0,1984,11,3,0.0,无,-7.9,5.5,-16.7,0.45,0.08,684.1,685.4,682.0,2.6,,,无
1984-11-04,52645.0,青海,野牛沟,38.41666666666666,99.58333333333331,3180.0,1984,11,4,0.0,无,-7.4,7.7,-17.9,0.45,0.04,680.5,683.3,677.0,2.8,,,无
1984-11-05,52645.0,青海,野牛沟,38.41666666666666,99.58333333333331,3180.0,1984,11,5,0.0,无,-5.6,1.9,-12.5,0.47,0.16,681.8,684.8,678.2,2.1,,,无
1984-11-06,52645.0,青海,野牛沟,38.41666666666666,99.58333333333331,3180.0,1984,11,6,0.0,无,-6.1,3.8,-16.1,0.44,0.06,683.1,685.4,680.9,2.4,,,无
1984-11-07,52645.0,青海,野牛沟,38.41666666666666,99.58333333333331,3180.0,1984,11,7,0.0,无,-6.2,5.0,-13.4,0.34,0.07,680.6,682.1,678.9,2.5,,,无
1984-11-08,52645.0,青海,野牛沟,38.41666666666666,99.58333333333331,3180.0,1984,11,8,0.0,无,-7.8,3.3,-16.3,0.42,0.18,680.0,681.9,677.7,1.7,,,无
1984-11-09,52645.0,青海,野牛沟,38.41666666666666,99.58333333333331,3180.0,1984,11,9,0.0,无,-7.8,3.1,-17.3,0.51,0.19,679.0,680.1,676.1,2.0,,,无
1984-11-10,52645.0,青海,野牛沟,38.41666666666666,99.58333333333331,3180.0,1984,11,10,0.0,无,-8.9,-0.1,-17.6,0.52,0.17,681.3,682.9,679.9,1.5,,,无
1984-11-11,52645.0,青海,野牛沟,38.41666666666666,99.58333333333331,3180.0,1984,11,11,0.0,无,-9.6,2.6,-19.9,0.48,0.16,680.7,682.5,678.1,1.8,,,无
1984-11-12,52645.0,青海,野牛沟,38.41666666666666,99.58333333333331,3180.0,1984,11,12,0.0,无,-7.7,0.3,-17.4,0.44,0.17,680.4,682.0,678.8,1.6,,,无
1984-11-13,52645.0,青海,野牛沟,38.41666666666666,99.58333333333331,3180.0,1984,11,13,0.1,normal,-9.0,-2.3,-14.7,0.64,0.27,680.0,681.5,677.8,1.2,,-10.673170281355087,Snow
1984-11-14,52645.0,青海,野牛沟,38.41666666666666,99.58333333333331,3180.0,1984,11,14,0.0,无,-10.7,2.8,-20.6,0.49,0.12,679.0,680.6,676.6,1.5,,,无
1984-11-15,52645.0,青海,野牛沟,38.41666666666666,99.58333333333331,3180.0,1984,11,15,0.0,无,-7.4,5.4,-19.0,0.4,0.08,677.7,678.9,675.7,2.1,,,无
1984-11-16,52645.0,青海,野牛沟,38.41666666666666,99.58333333333331,3180.0,1984,11,16,0.0,无,-7.0,5.1,-17.4,0.42,0.14,679.5,681.2,677.9,2.0,,,无
1984-11-17,52645.0,青海,野牛沟,38.41666666666666,99.58333333333331,3180.0,1984,11,17,0.0,无,-2.1,7.5,-13.2,0.22,0.04,678.2,679.9,675.8,4.3,,,无
1984-11-18,52645.0,青海,野牛沟,38.41666666666666,99.58333333333331,3180.0,1984,11,18,0.0,无,-7.6,6.3,-16.7,0.41,0.16,682.8,684.6,679.2,1.9,,,无
1984-11-19,52645.0,青海,野牛沟,38.41666666666666,99.58333333333331,3180.0,1984,11,19,0.0,无,-7.1,6.1,-17.9,0.5,0.14,681.9,683.3,679.4,2.1,,,无
1984-11-20,52645.0,青海,野牛沟,38.41666666666666,99.58333333333331,3180.0,1984,11,20,0.0,无,-7.6,3.8,-16.4,0.4,0.15,681.3,682.5,679.6,1.6,,,无
1984-11-21,52645.0,青海,野牛沟,38.41666666666666,99.58333333333331,3180.0,1984,11,21,0.0,无,-9.7,3.6,-19.5,0.45,0.14,681.0,682.3,679.0,1.6,,,无
1984-11-22,52645.0,青海,野牛沟,38.41666666666666,99.58333333333331,3180.0,1984,11,22,0.0,无,-9.7,2.8,-18.1,0.46,0.23,681.0,682.1,680.3,2.0,,,无
1984-11-23,52645.0,青海,野牛沟,38.41666666666666,99.58333333333331,3180.0,1984,11,23,0.0,无,-11.4,1.4,-20.8,0.49,0.14,682.5,683.7,680.4,1.3,,,无
1984-11-24,52645.0,青海,野牛沟,38.41666666666666,99.58333333333331,3180.0,1984,11,24,0.0,无,-11.9,-0.1,-21.7,0.5,0.29,682.0,683.3,679.9,1.1,,,无
1984-11-25,52645.0,青海,野牛沟,38.41666666666666,99.58333333333331,3180.0,1984,11,25,0.0,无,-10.7,-1.7,-19.7,0.51,0.25,683.0,684.5,680.9,1.4,,,无
1984-11-26,52645.0,青海,野牛沟,38.41666666666666,99.58333333333331,3180.0,1984,11,26,0.4,normal,-10.7,-4.1,-16.9,0.66,0.37,685.6,687.5,684.3,1.1,,-12.124700469725308,Snow
1984-11-27,52645.0,青海,野牛沟,38.41666666666666,99.58333333333331,3180.0,1984,11,27,0.0,无,-14.0,-3.5,-23.5,0.6,0.21,682.0,685.5,679.5,1.1,,,无
1984-11-28,52645.0,青海,野牛沟,38.41666666666666,99.58333333333331,3180.0,1984,11,28,0.0,无,-12.0,0.4,-22.6,0.43,0.14,679.6,681.1,678.1,1.2,,,无
1984-11-29,52645.0,青海,野牛沟,38.41666666666666,99.58333333333331,3180.0,1984,11,29,0.0,无,-9.1,-1.3,-17.9,0.26,0.06,681.3,683.4,678.3,2.7,,,无
1984-11-30,52645.0,青海,野牛沟,38.41666666666666,99.58333333333331,3180.0,1984,11,30,0.0,无,-12.5,-0.2,-21.5,0.33,0.09,685.3,687.5,683.6,1.4,,,无
1984-12-01,52645.0,青海,野牛沟,38.41666666666666,99.58333333333331,3180.0,1984,12,1,0.0,无,-12.8,2.8,-22.7,0.41,0.11,680.5,685.1,677.1,1.3,,,无
1984-12-02,52645.0,青海,野牛沟,38.41666666666666,99.58333333333331,3180.0,1984,12,2,0.0,无,-9.2,5.3,-18.9,0.37,0.13,677.5,679.2,675.0,2.0,,,无
1984-12-03,52645.0,青海,野牛沟,38.41666666666666,99.58333333333331,3180.0,1984,12,3,0.0,无,-11.1,-0.9,-19.4,0.38,0.13,678.9,682.4,676.1,2.0,,,无
1984-12-04,52645.0,青海,野牛沟,38.41666666666666,99.58333333333331,3180.0,1984,12,4,0.0,无,-14.4,-2.0,-22.7,0.54,0.18,682.8,684.6,681.1,0.7,,,无
1984-12-05,52645.0,青海,野牛沟,38.41666666666666,99.58333333333331,3180.0,1984,12,5,0.0,无,-11.2,2.6,-20.2,0.45,0.16,678.0,681.1,675.4,1.3,,,无
1984-12-06,52645.0,青海,野牛沟,38.41666666666666,99.58333333333331,3180.0,1984,12,6,0.0,无,-12.5,0.3,-21.5,0.42,0.21,675.4,677.4,673.1,0.9,,,无
1984-12-07,52645.0,青海,野牛沟,38.41666666666666,99.58333333333331,3180.0,1984,12,7,0.0,无,-11.5,-0.2,-21.1,0.45,0.25,675.7,676.4,673.1,1.4,,,无
1984-12-08,52645.0,青海,野牛沟,38.41666666666666,99.58333333333331,3180.0,1984,12,8,0.0,无,-12.5,-1.3,-21.9,0.53,0.18,676.8,678.5,674.0,1.3,,,无
1984-12-09,52645.0,青海,野牛沟,38.41666666666666,99.58333333333331,3180.0,1984,12,9,0.0,无,-13.5,0.3,-23.0,0.43,0.12,675.5,677.3,673.0,1.4,,,无
1984-12-10,52645.0,青海,野牛沟,38.41666666666666,99.58333333333331,3180.0,1984,12,10,0.8,normal,-13.4,-4.6,-19.9,0.58,0.24,676.4,679.4,674.0,0.6,,-14.914228949784377,Snow
1984-12-11,52645.0,青海,野牛沟,38.41666666666666,99.58333333333331,3180.0,1984,12,11,0.1,normal,-17.1,-6.0,-23.7,0.76,0.43,678.0,679.8,675.5,0.4,,-17.77562554976673,Snow
1984-12-12,52645.0,青海,野牛沟,38.41666666666666,99.58333333333331,3180.0,1984,12,12,0.0,无,-13.6,-1.9,-22.8,0.5,0.16,674.4,676.3,671.6,1.5,,,无
1984-12-13,52645.0,青海,野牛沟,38.41666666666666,99.58333333333331,3180.0,1984,12,13,0.0,无,-17.3,-3.7,-26.7,0.41,0.18,672.9,674.1,671.0,0.8,,,无
1984-12-14,52645.0,青海,野牛沟,38.41666666666666,99.58333333333331,3180.0,1984,12,14,0.0,无,-14.4,-5.4,-23.2,0.45,0.31,672.5,673.7,670.4,1.1,,,无
1984-12-15,52645.0,青海,野牛沟,38.41666666666666,99.58333333333331,3180.0,1984,12,15,0.0,无,-15.2,-6.5,-24.6,0.65,0.21,673.5,675.2,671.5,0.6,,,无
1984-12-16,52645.0,青海,野牛沟,38.41666666666666,99.58333333333331,3180.0,1984,12,16,0.0,无,-7.0,-5.0,-9.7,0.21,0.09,670.6,672.7,668.6,3.0,,,无
1984-12-17,52645.0,青海,野牛沟,38.41666666666666,99.58333333333331,3180.0,1984,12,17,0.0,无,-17.2,-6.0,-24.5,0.34,0.09,674.6,676.9,671.2,1.5,,,无
1984-12-18,52645.0,青海,野牛沟,38.41666666666666,99.58333333333331,3180.0,1984,12,18,0.0,无,-17.8,-9.5,-25.8,0.44,0.26,673.0,676.5,669.3,0.9,,,无
1984-12-19,52645.0,青海,野牛沟,38.41666666666666,99.58333333333331,3180.0,1984,12,19,0.0,无,-16.6,-8.4,-27.0,0.3,0.14,671.4,672.8,669.3,1.5,,,无
1984-12-20,52645.0,青海,野牛沟,38.41666666666666,99.58333333333331,3180.0,1984,12,20,0.0,无,-17.3,-8.7,-23.0,0.29,0.13,671.9,674.2,669.7,1.2,,,无
1984-12-21,52645.0,青海,野牛沟,38.41666666666666,99.58333333333331,3180.0,1984,12,21,0.0,无,-20.5,-9.0,-29.8,0.48,0.14,673.6,675.2,671.3,0.7,,,无
1984-12-22,52645.0,青海,野牛沟,38.41666666666666,99.58333333333331,3180.0,1984,12,22,0.0,无,-18.4,-13.4,-23.1,0.37,0.25,674.9,676.5,672.3,1.3,,,无
1984-12-23,52645.0,青海,野牛沟,38.41666666666666,99.58333333333331,3180.0,1984,12,23,0.0,无,-20.0,-6.4,-29.2,0.44,0.19,676.6,678.8,674.9,1.1,,,无
1984-12-24,52645.0,青海,野牛沟,38.41666666666666,99.58333333333331,3180.0,1984,12,24,0.0,无,-17.5,-5.0,-27.5,0.46,0.21,675.6,677.1,673.2,1.0,,,无
1984-12-25,52645.0,青海,野牛沟,38.41666666666666,99.58333333333331,3180.0,1984,12,25,0.0,无,-15.0,-8.0,-21.4,0.43,0.3,674.0,675.4,671.6,0.8,,,无
1984-12-26,52645.0,青海,野牛沟,38.41666666666666,99.58333333333331,3180.0,1984,12,26,0.2,normal,-14.7,-9.6,-17.4,0.59,0.38,673.9,674.7,672.7,0.3,,-16.064481787382448,Snow
1984-12-27,52645.0,青海,野牛沟,38.41666666666666,99.58333333333331,3180.0,1984,12,27,0.0,无,-18.9,-9.7,-27.0,0.7,0.49,676.3,677.7,674.8,0.4,,,无
1984-12-28,52645.0,青海,野牛沟,38.41666666666666,99.58333333333331,3180.0,1984,12,28,0.0,无,-21.0,-8.3,-29.8,0.59,0.24,678.5,679.8,676.8,0.7,,,无
1984-12-29,52645.0,青海,野牛沟,38.41666666666666,99.58333333333331,3180.0,1984,12,29,0.0,无,-20.5,-7.7,-29.6,0.5,0.19,676.8,678.3,674.8,0.8,,,无
1984-12-30,52645.0,青海,野牛沟,38.41666666666666,99.58333333333331,3180.0,1984,12,30,0.0,无,-18.7,-5.2,-29.0,0.46,0.17,674.1,676.4,671.7,1.0,,,无
1984-12-31,52645.0,青海,野牛沟,38.41666666666666,99.58333333333331,3180.0,1984,12,31,0.0,无,-17.0,-6.1,-26.5,0.45,0.18,674.4,675.5,672.1,1.0,,,无
1985-01-01,52645.0,青海,野牛沟,38.41666666666666,99.58333333333331,3180.0,1985,1,1,0.0,无,-13.8,-2.6,-20.7,0.44,0.21,675.6,677.1,674.4,1.1,,,无
1985-01-02,52645.0,青海,野牛沟,38.41666666666666,99.58333333333331,3180.0,1985,1,2,0.0,无,-15.8,-5.3,-23.0,0.65,0.39,675.5,677.1,673.1,0.9,,,无
1985-01-03,52645.0,青海,野牛沟,38.41666666666666,99.58333333333331,3180.0,1985,1,3,0.0,无,-13.8,-3.1,-23.1,0.55,0.31,676.2,677.5,674.6,0.9,,,无
1985-01-04,52645.0,青海,野牛沟,38.41666666666666,99.58333333333331,3180.0,1985,1,4,0.1,normal,-15.5,-6.0,-21.9,0.71,0.46,677.0,678.7,675.6,0.6,,-16.410094870861634,Snow
1985-01-05,52645.0,青海,野牛沟,38.41666666666666,99.58333333333331,3180.0,1985,1,5,0.0,无,-17.8,-4.7,-27.3,0.69,0.32,675.9,677.5,673.5,0.6,,,无
1985-01-06,52645.0,青海,野牛沟,38.41666666666666,99.58333333333331,3180.0,1985,1,6,0.0,无,-16.7,-7.0,-26.0,0.55,0.33,675.4,677.1,673.7,0.9,,,无
1985-01-07,52645.0,青海,野牛沟,38.41666666666666,99.58333333333331,3180.0,1985,1,7,0.0,无,-17.3,-7.0,-25.9,0.55,0.29,676.3,678.2,675.3,0.9,,,无
1985-01-08,52645.0,青海,野牛沟,38.41666666666666,99.58333333333331,3180.0,1985,1,8,0.0,无,-17.4,-9.3,-25.1,0.53,0.29,675.5,676.3,673.5,1.0,,,无
1985-01-09,52645.0,青海,野牛沟,38.41666666666666,99.58333333333331,3180.0,1985,1,9,0.0,无,-21.4,-10.4,-28.9,0.53,0.29,678.9,681.7,676.9,0.7,,,无
1985-01-10,52645.0,青海,野牛沟,38.41666666666666,99.58333333333331,3180.0,1985,1,10,0.0,无,-22.0,-7.9,-31.5,0.4,0.23,674.4,677.2,671.3,1.1,,,无
1985-01-11,52645.0,青海,野牛沟,38.41666666666666,99.58333333333331,3180.0,1985,1,11,0.0,无,-19.6,-8.1,-27.6,0.36,0.26,672.2,673.5,670.1,1.4,,,无
1985-01-12,52645.0,青海,野牛沟,38.41666666666666,99.58333333333331,3180.0,1985,1,12,0.0,无,-20.8,-10.0,-29.6,0.45,0.29,675.2,677.7,673.1,1.5,,,无
1985-01-13,52645.0,青海,野牛沟,38.41666666666666,99.58333333333331,3180.0,1985,1,13,0.0,无,-20.3,-6.2,-30.2,0.43,0.25,678.6,680.3,676.9,1.3,,,无
1985-01-14,52645.0,青海,野牛沟,38.41666666666666,99.58333333333331,3180.0,1985,1,14,0.0,无,-20.7,-7.7,-30.5,0.41,0.25,677.9,679.4,675.9,1.2,,,无
1985-01-15,52645.0,青海,野牛沟,38.41666666666666,99.58333333333331,3180.0,1985,1,15,0.0,无,-20.3,-6.0,-30.6,0.41,0.28,675.4,676.9,673.8,0.9,,,无
1985-01-16,52645.0,青海,野牛沟,38.41666666666666,99.58333333333331,3180.0,1985,1,16,0.0,无,-18.5,-5.6,-28.1,0.42,0.19,675.3,676.3,674.0,1.1,,,无
1985-01-17,52645.0,青海,野牛沟,38.41666666666666,99.58333333333331,3180.0,1985,1,17,0.0,无,-16.3,-0.8,-26.4,0.35,0.13,675.6,676.8,673.2,1.8,,,无
1985-01-18,52645.0,青海,野牛沟,38.41666666666666,99.58333333333331,3180.0,1985,1,18,0.0,无,-13.5,0.9,-24.2,0.32,0.12,677.1,679.0,675.2,1.4,,,无
1985-01-19,52645.0,青海,野牛沟,38.41666666666666,99.58333333333331,3180.0,1985,1,19,0.0,无,-13.7,3.7,-25.0,0.29,0.13,677.4,679.6,675.0,1.5,,,无
1985-01-20,52645.0,青海,野牛沟,38.41666666666666,99.58333333333331,3180.0,1985,1,20,0.0,无,-9.9,4.3,-21.0,0.31,0.14,675.2,677.3,673.4,1.5,,,无
1985-01-21,52645.0,青海,野牛沟,38.41666666666666,99.58333333333331,3180.0,1985,1,21,0.0,无,-12.0,4.4,-23.0,0.35,0.13,674.9,676.1,673.2,1.6,,,无
1985-01-22,52645.0,青海,野牛沟,38.41666666666666,99.58333333333331,3180.0,1985,1,22,0.0,无,-10.6,-2.9,-18.9,0.37,0.15,675.6,676.6,673.3,2.0,,,无
1985-01-23,52645.0,青海,野牛沟,38.41666666666666,99.58333333333331,3180.0,1985,1,23,0.2,normal,-13.4,-5.2,-22.0,0.55,0.17,678.2,679.7,676.8,1.6,,-15.020856980023968,Snow
1985-01-24,52645.0,青海,野牛沟,38.41666666666666,99.58333333333331,3180.0,1985,1,24,0.0,无,-16.4,-4.1,-25.9,0.39,0.15,680.7,682.2,679.2,1.4,,,无
1985-01-25,52645.0,青海,野牛沟,38.41666666666666,99.58333333333331,3180.0,1985,1,25,0.0,无,-16.7,-5.6,-26.5,0.46,0.2,677.3,680.9,673.9,0.8,,,无
1985-01-26,52645.0,青海,野牛沟,38.41666666666666,99.58333333333331,3180.0,1985,1,26,0.8,normal,-15.5,-7.0,-25.2,0.73,0.32,678.3,679.5,675.1,1.5,,-16.3456441781358,Snow
1985-01-27,52645.0,青海,野牛沟,38.41666666666666,99.58333333333331,3180.0,1985,1,27,0.0,无,-18.0,-4.9,-27.2,0.52,0.29,681.4,682.7,679.5,1.0,,,无
1985-01-28,52645.0,青海,野牛沟,38.41666666666666,99.58333333333331,3180.0,1985,1,28,0.0,无,-18.5,-4.1,-29.3,0.35,0.07,682.5,684.0,681.0,1.0,,,无
1985-01-29,52645.0,青海,野牛沟,38.41666666666666,99.58333333333331,3180.0,1985,1,29,0.0,无,-18.9,-4.3,-29.0,0.35,0.08,680.9,683.3,677.7,1.2,,,无
1985-01-30,52645.0,青海,野牛沟,38.41666666666666,99.58333333333331,3180.0,1985,1,30,0.0,无,-17.1,-4.8,-27.5,0.4,0.26,677.2,678.5,674.8,1.3,,,无
1985-01-31,52645.0,青海,野牛沟,38.41666666666666,99.58333333333331,3180.0,1985,1,31,0.0,无,-13.9,-6.9,-22.0,0.42,0.27,677.5,678.8,676.0,1.4,,,无
1985-02-01,52645.0,青海,野牛沟,38.41666666666666,99.58333333333331,3180.0,1985,2,1,0.0,无,-17.7,-4.6,-28.4,0.31,0.06,678.1,679.8,675.6,1.4,,,无
1985-02-02,52645.0,青海,野牛沟,38.41666666666666,99.58333333333331,3180.0,1985,2,2,0.0,无,-16.3,-0.9,-27.1,0.21,0.04,676.0,678.0,673.0,1.5,,,无
1985-02-03,52645.0,青海,野牛沟,38.41666666666666,99.58333333333331,3180.0,1985,2,3,0.0,无,-15.9,-3.7,-27.0,0.24,0.07,670.8,673.6,668.5,1.7,,,无
1985-02-04,52645.0,青海,野牛沟,38.41666666666666,99.58333333333331,3180.0,1985,2,4,0.0,无,-14.5,-2.2,-26.0,0.26,0.08,669.4,670.6,667.3,1.7,,,无
1985-02-05,52645.0,青海,野牛沟,38.41666666666666,99.58333333333331,3180.0,1985,2,5,0.0,无,-14.7,-0.9,-24.8,0.35,0.11,670.7,671.7,668.2,1.7,,,无
1985-02-06,52645.0,青海,野牛沟,38.41666666666666,99.58333333333331,3180.0,1985,2,6,0.0,无,-15.3,-2.0,-25.4,0.39,0.13,673.7,675.8,671.7,1.2,,,无
1985-02-07,52645.0,青海,野牛沟,38.41666666666666,99.58333333333331,3180.0,1985,2,7,0.0,无,-13.8,-4.7,-20.0,0.34,0.19,671.4,673.3,669.5,1.0,,,无
1985-02-08,52645.0,青海,野牛沟,38.41666666666666,99.58333333333331,3180.0,1985,2,8,0.0,无,-15.6,-1.6,-27.6,0.3,0.04,670.7,671.7,668.4,1.5,,,无
1985-02-09,52645.0,青海,野牛沟,38.41666666666666,99.58333333333331,3180.0,1985,2,9,0.0,无,-14.2,-1.4,-26.0,0.24,0.06,672.5,673.5,670.3,1.7,,,无
1985-02-10,52645.0,青海,野牛沟,38.41666666666666,99.58333333333331,3180.0,1985,2,10,0.2,normal,-15.9,-6.3,-25.7,0.38,0.08,674.0,674.7,672.1,1.3,,-17.81797214816877,Snow
1985-02-11,52645.0,青海,野牛沟,38.41666666666666,99.58333333333331,3180.0,1985,2,11,0.7,normal,-17.5,-6.1,-27.7,0.47,0.25,675.5,677.3,672.9,0.8,,-18.965231056622272,Snow
1985-02-12,52645.0,青海,野牛沟,38.41666666666666,99.58333333333331,3180.0,1985,2,12,0.0,无,-16.5,-1.1,-27.8,0.3,0.06,675.0,677.2,673.3,0.3,,,无
1985-02-13,52645.0,青海,野牛沟,38.41666666666666,99.58333333333331,3180.0,1985,2,13,0.0,无,-12.9,0.4,-25.2,0.2,0.03,673.5,675.8,671.2,0.2,,,无
1985-02-14,52645.0,青海,野牛沟,38.41666666666666,99.58333333333331,3180.0,1985,2,14,0.0,无,-6.3,-3.5,-9.3,0.13,0.04,671.2,673.4,669.0,1.9,,,无
1985-02-15,52645.0,青海,野牛沟,38.41666666666666,99.58333333333331,3180.0,1985,2,15,0.0,无,-10.7,-3.0,-19.7,0.32,0.06,671.4,673.1,669.0,1.2,,,无
1985-02-16,52645.0,青海,野牛沟,38.41666666666666,99.58333333333331,3180.0,1985,2,16,0.0,无,-7.7,-4.9,-10.6,0.17,0.07,667.0,670.4,664.7,2.1,,,无
1985-02-17,52645.0,青海,野牛沟,38.41666666666666,99.58333333333331,3180.0,1985,2,17,0.0,无,-14.8,-2.9,-25.5,0.24,0.01,669.3,671.4,666.9,1.2,,,无
1985-02-18,52645.0,青海,野牛沟,38.41666666666666,99.58333333333331,3180.0,1985,2,18,0.0,无,-12.9,-2.2,-24.2,0.1,0.03,665.6,668.1,664.3,2.2,,,无
1985-02-19,52645.0,青海,野牛沟,38.41666666666666,99.58333333333331,3180.0,1985,2,19,0.0,无,-11.4,-2.2,-20.9,0.1,0.02,671.4,674.5,667.3,1.7,,,无
1985-02-20,52645.0,青海,野牛沟,38.41666666666666,99.58333333333331,3180.0,1985,2,20,0.0,无,-13.5,-0.8,-23.1,0.13,0.02,674.0,676.6,671.0,1.1,,,无
1985-02-21,52645.0,青海,野牛沟,38.41666666666666,99.58333333333331,3180.0,1985,2,21,0.0,无,-11.5,-0.6,-17.5,0.15,0.03,675.1,676.4,672.6,0.5,,,无
1985-02-22,52645.0,青海,野牛沟,38.41666666666666,99.58333333333331,3180.0,1985,2,22,0.0,无,-9.9,-1.4,-17.3,0.16,0.04,674.0,675.7,671.7,3.2,,,无
1985-02-23,52645.0,青海,野牛沟,38.41666666666666,99.58333333333331,3180.0,1985,2,23,0.0,无,-12.9,-2.4,-22.0,0.3,0.12,671.7,674.6,669.7,2.6,,,无
1985-02-24,52645.0,青海,野牛沟,38.41666666666666,99.58333333333331,3180.0,1985,2,24,0.0,无,-10.9,1.9,-20.1,0.28,0.05,672.5,673.9,670.4,2.5,,,无
1985-02-25,52645.0,青海,野牛沟,38.41666666666666,99.58333333333331,3180.0,1985,2,25,0.0,无,-10.9,1.3,-22.9,0.25,0.09,674.8,676.8,671.8,1.4,,,无
1985-02-26,52645.0,青海,野牛沟,38.41666666666666,99.58333333333331,3180.0,1985,2,26,0.0,无,-8.5,1.0,-18.4,0.37,0.03,672.8,674.3,671.0,2.3,,,无
1985-02-27,52645.0,青海,野牛沟,38.41666666666666,99.58333333333331,3180.0,1985,2,27,0.0,无,-4.3,-0.5,-8.4,0.17,0.08,669.5,673.5,668.0,3.8,,,无
1985-02-28,52645.0,青海,野牛沟,38.41666666666666,99.58333333333331,3180.0,1985,2,28,0.0,无,-2.7,5.1,-10.2,0.31,0.13,668.8,670.4,666.2,3.5,,,无
1985-03-01,52645.0,青海,野牛沟,38.41666666666666,99.58333333333331,3180.0,1985,3,1,0.0,无,-7.0,2.3,-14.0,0.5,0.28,672.0,674.2,670.4,2.5,,,无
1985-03-02,52645.0,青海,野牛沟,38.41666666666666,99.58333333333331,3180.0,1985,3,2,0.0,无,-7.5,2.6,-17.4,0.45,0.11,673.7,675.1,672.1,2.9,,,无
1985-03-03,52645.0,青海,野牛沟,38.41666666666666,99.58333333333331,3180.0,1985,3,3,0.0,无,-9.5,2.2,-18.5,0.39,0.13,676.8,678.1,673.7,3.7,,,无
1985-03-04,52645.0,青海,野牛沟,38.41666666666666,99.58333333333331,3180.0,1985,3,4,0.0,无,-10.7,1.1,-21.0,0.34,0.06,679.7,681.9,677.0,3.0,,,无
1985-03-05,52645.0,青海,野牛沟,38.41666666666666,99.58333333333331,3180.0,1985,3,5,0.0,无,-7.0,8.1,-17.0,0.26,0.09,674.3,679.5,669.8,3.5,,,无
1985-03-06,52645.0,青海,野牛沟,38.41666666666666,99.58333333333331,3180.0,1985,3,6,0.0,无,-7.7,5.9,-19.1,0.35,0.09,675.4,678.5,670.7,3.2,,,无
1985-03-07,52645.0,青海,野牛沟,38.41666666666666,99.58333333333331,3180.0,1985,3,7,0.1,normal,-10.8,-2.4,-13.6,0.44,0.17,675.3,679.3,672.5,2.0,,-13.180762011783468,Snow
1985-03-08,52645.0,青海,野牛沟,38.41666666666666,99.58333333333331,3180.0,1985,3,8,0.6,normal,-13.1,-6.9,-17.8,0.7,0.35,679.4,681.0,677.8,1.1,,-14.193842963453974,Snow
1985-03-09,52645.0,青海,野牛沟,38.41666666666666,99.58333333333331,3180.0,1985,3,9,0.0,无,-12.1,-1.5,-22.6,0.51,0.21,674.8,678.0,672.5,1.7,,,无
1985-03-10,52645.0,青海,野牛沟,38.41666666666666,99.58333333333331,3180.0,1985,3,10,0.0,无,-12.2,-5.5,-19.6,0.33,0.05,679.4,681.4,674.4,2.4,,,无
1985-03-11,52645.0,青海,野牛沟,38.41666666666666,99.58333333333331,3180.0,1985,3,11,0.0,无,-13.9,1.8,-27.1,0.27,0.04,680.3,683.0,676.9,2.6,,,无
1985-03-12,52645.0,青海,野牛沟,38.41666666666666,99.58333333333331,3180.0,1985,3,12,0.0,无,-10.7,1.8,-20.4,0.27,0.08,680.6,682.6,677.6,2.5,,,无
1985-03-13,52645.0,青海,野牛沟,38.41666666666666,99.58333333333331,3180.0,1985,3,13,0.0,无,-9.8,3.8,-22.4,0.25,0.08,679.0,681.6,674.8,2.8,,,无
1985-03-14,52645.0,青海,野牛沟,38.41666666666666,99.58333333333331,3180.0,1985,3,14,0.1,normal,-7.7,-1.3,-11.7,0.46,0.12,678.3,679.5,676.8,3.0,,-10.428641262988382,Snow
1985-03-15,52645.0,青海,野牛沟,38.41666666666666,99.58333333333331,3180.0,1985,3,15,0.0,无,-11.5,0.3,-22.0,0.52,0.12,679.9,682.0,676.5,1.3,,,无
1985-03-16,52645.0,青海,野牛沟,38.41666666666666,99.58333333333331,3180.0,1985,3,16,0.0,无,-10.9,2.3,-22.1,0.36,0.12,678.4,680.1,675.2,2.8,,,无
1985-03-17,52645.0,青海,野牛沟,38.41666666666666,99.58333333333331,3180.0,1985,3,17,0.1,normal,-12.2,-3.2,-19.3,0.51,0.22,679.3,680.4,677.3,1.4,,-14.101380050091933,Snow
1985-03-18,52645.0,青海,野牛沟,38.41666666666666,99.58333333333331,3180.0,1985,3,18,1.0,normal,-11.6,-2.0,-20.7,0.61,0.21,677.6,679.6,674.0,1.6,,-13.16582442979007,Snow
1985-03-19,52645.0,青海,野牛沟,38.41666666666666,99.58333333333331,3180.0,1985,3,19,0.6,normal,-11.1,2.2,-18.9,0.58,0.18,678.4,679.7,676.4,1.8,,-12.83786296575109,Snow
1985-03-20,52645.0,青海,野牛沟,38.41666666666666,99.58333333333331,3180.0,1985,3,20,0.0,无,-11.8,-1.8,-18.6,0.44,0.11,678.7,680.0,675.6,2.0,,,无
1985-03-21,52645.0,青海,野牛沟,38.41666666666666,99.58333333333331,3180.0,1985,3,21,0.0,无,-10.7,0.6,-21.6,0.43,0.09,676.0,678.8,672.4,2.5,,,无
1985-03-22,52645.0,青海,野牛沟,38.41666666666666,99.58333333333331,3180.0,1985,3,22,0.0,无,-7.5,6.6,-17.9,0.48,0.09,673.8,675.5,670.7,4.0,,,无
1985-03-23,52645.0,青海,野牛沟,38.41666666666666,99.58333333333331,3180.0,1985,3,23,0.0,无,-6.5,8.4,-16.1,0.47,0.17,671.2,673.3,668.1,1.1,,,无
1985-03-24,52645.0,青海,野牛沟,38.41666666666666,99.58333333333331,3180.0,1985,3,24,0.3,normal,-3.8,5.3,-8.9,0.51,0.03,674.3,675.9,670.6,2.0,,-6.833353679704142,Snow
1985-03-25,52645.0,青海,野牛沟,38.41666666666666,99.58333333333331,3180.0,1985,3,25,0.0,无,-6.0,7.8,-17.7,0.34,0.05,675.2,677.5,670.9,3.1,,,无
1985-03-26,52645.0,青海,野牛沟,38.41666666666666,99.58333333333331,3180.0,1985,3,26,0.0,无,-3.6,10.4,-15.4,0.37,0.07,673.9,676.1,671.3,4.6,,,无
1985-03-27,52645.0,青海,野牛沟,38.41666666666666,99.58333333333331,3180.0,1985,3,27,0.0,无,-3.9,5.6,-10.5,0.43,0.14,674.0,676.8,672.3,3.1,,,无
1985-03-28,52645.0,青海,野牛沟,38.41666666666666,99.58333333333331,3180.0,1985,3,28,2.7,normal,-6.4,-1.9,-9.3,0.73,0.41,678.8,679.5,676.8,1.4,,-7.8367177897881435,Snow
1985-03-29,52645.0,青海,野牛沟,38.41666666666666,99.58333333333331,3180.0,1985,3,29,0.1,normal,-7.4,3.6,-14.6,0.56,0.16,680.5,682.6,678.5,2.7,,-9.641618515852905,Snow
1985-03-30,52645.0,青海,野牛沟,38.41666666666666,99.58333333333331,3180.0,1985,3,30,0.0,无,-5.1,7.8,-17.0,0.45,0.05,679.5,681.8,675.9,3.7,,,无
1985-03-31,52645.0,青海,野牛沟,38.41666666666666,99.58333333333331,3180.0,1985,3,31,2.3,normal,-5.3,4.4,-11.5,0.58,0.11,678.6,679.4,676.4,1.6,,-7.689628170223117,Snow
1985-04-01,52645.0,青海,野牛沟,38.41666666666666,99.58333333333331,3180.0,1985,4,1,0.0,无,-4.7,2.1,-11.0,0.7,0.45,680.0,681.3,677.2,2.0,,,无
1985-04-02,52645.0,青海,野牛沟,38.41666666666666,99.58333333333331,3180.0,1985,4,2,0.0,无,-7.5,4.3,-18.4,0.39,0.03,681.0,682.6,679.7,5.2,,,无
1985-04-03,52645.0,青海,野牛沟,38.41666666666666,99.58333333333331,3180.0,1985,4,3,0.0,无,-5.5,8.3,-17.6,0.33,0.07,679.0,681.9,675.4,4.2,,,无
1985-04-04,52645.0,青海,野牛沟,38.41666666666666,99.58333333333331,3180.0,1985,4,4,0.0,无,-2.0,9.3,-9.3,0.38,0.18,677.2,678.8,674.8,4.3,,,无
1985-04-05,52645.0,青海,野牛沟,38.41666666666666,99.58333333333331,3180.0,1985,4,5,0.0,无,-2.5,4.4,-7.9,0.47,0.27,679.7,682.4,676.5,3.5,,,无
1985-04-06,52645.0,青海,野牛沟,38.41666666666666,99.58333333333331,3180.0,1985,4,6,0.0,无,-4.4,10.3,-15.0,0.47,0.02,681.6,684.1,678.0,4.0,,,无
1985-04-07,52645.0,青海,野牛沟,38.41666666666666,99.58333333333331,3180.0,1985,4,7,0.0,无,-2.5,12.7,-14.5,0.24,0.02,675.9,679.2,671.6,6.2,,,无
1985-04-08,52645.0,青海,野牛沟,38.41666666666666,99.58333333333331,3180.0,1985,4,8,0.0,无,-0.3,9.4,-9.4,0.27,0.12,673.3,674.4,671.6,5.4,,,无
1985-04-09,52645.0,青海,野牛沟,38.41666666666666,99.58333333333331,3180.0,1985,4,9,0.0,无,-2.0,12.0,-12.1,0.49,0.14,675.3,676.2,673.0,4.7,,,无
1985-04-10,52645.0,青海,野牛沟,38.41666666666666,99.58333333333331,3180.0,1985,4,10,0.0,无,1.4,10.8,-5.7,0.47,0.29,674.2,676.6,671.4,4.7,,,无
1985-04-11,52645.0,青海,野牛沟,38.41666666666666,99.58333333333331,3180.0,1985,4,11,0.9,normal,-1.3,4.7,-2.2,0.66,0.4,676.0,676.6,674.7,1.7,,-3.6314601206931796,Snow
1985-04-12,52645.0,青海,野牛沟,38.41666666666666,99.58333333333331,3180.0,1985,4,12,0.8,normal,-3.7,2.8,-10.4,0.69,0.39,676.5,677.7,674.5,2.1,,-5.595934774176645,Snow
1985-04-13,52645.0,青海,野牛沟,38.41666666666666,99.58333333333331,3180.0,1985,4,13,0.5,normal,-3.4,2.7,-9.7,0.61,0.25,677.5,678.3,675.7,3.0,,-5.834058946537142,Snow
1985-04-14,52645.0,青海,野牛沟,38.41666666666666,99.58333333333331,3180.0,1985,4,14,0.2,normal,-2.6,5.4,-8.5,0.51,0.1,678.7,679.4,676.6,4.9,,-5.8022687032331755,Snow
1985-04-15,52645.0,青海,野牛沟,38.41666666666666,99.58333333333331,3180.0,1985,4,15,0.0,无,-1.9,9.4,-12.7,0.36,0.03,682.4,684.1,679.4,6.2,,,无
1985-04-16,52645.0,青海,野牛沟,38.41666666666666,99.58333333333331,3180.0,1985,4,16,0.0,无,-1.1,9.3,-10.6,0.39,0.1,684.0,685.9,681.7,5.3,,,无
1985-04-17,52645.0,青海,野牛沟,38.41666666666666,99.58333333333331,3180.0,1985,4,17,0.0,无,0.8,10.4,-7.5,0.4,0.17,683.8,685.9,680.6,5.5,,,无
1985-04-18,52645.0,青海,野牛沟,38.41666666666666,99.58333333333331,3180.0,1985,4,18,0.0,无,1.4,12.3,-10.2,0.46,0.15,679.6,682.6,676.4,5.4,,,无
1985-04-19,52645.0,青海,野牛沟,38.41666666666666,99.58333333333331,3180.0,1985,4,19,0.0,无,1.3,13.8,-8.6,0.39,0.1,678.5,679.7,675.6,5.9,,,无
1985-04-20,52645.0,青海,野牛沟,38.41666666666666,99.58333333333331,3180.0,1985,4,20,6.0,normal,-0.1,9.3,-3.2,0.71,0.13,682.9,684.2,678.6,4.8,,-2.1738314985285934,Snow
1985-04-21,52645.0,青海,野牛沟,38.41666666666666,99.58333333333331,3180.0,1985,4,21,0.0,无,0.7,8.7,-7.4,0.44,0.07,683.2,684.7,681.2,5.0,,,无
1985-04-22,52645.0,青海,野牛沟,38.41666666666666,99.58333333333331,3180.0,1985,4,22,0.0,无,-0.3,10.8,-10.0,0.35,0.06,681.0,683.3,678.4,6.7,,,无
1985-04-23,52645.0,青海,野牛沟,38.41666666666666,99.58333333333331,3180.0,1985,4,23,0.0,无,-1.0,10.5,-9.9,0.49,0.14,677.9,681.0,673.4,4.7,,,无
1985-04-24,52645.0,青海,野牛沟,38.41666666666666,99.58333333333331,3180.0,1985,4,24,0.4,normal,-2.2,7.1,-7.1,0.68,0.35,677.6,680.3,675.1,2.6,,-4.299617760722749,Snow
1985-04-25,52645.0,青海,野牛沟,38.41666666666666,99.58333333333331,3180.0,1985,4,25,0.9,normal,-4.6,3.5,-10.2,0.51,0.14,683.0,684.0,680.3,4.2,,-7.49197057097827,Snow
1985-04-26,52645.0,青海,野牛沟,38.41666666666666,99.58333333333331,3180.0,1985,4,26,0.0,无,-3.5,4.7,-12.3,0.39,0.16,682.9,685.3,679.7,4.1,,,无
1985-04-27,52645.0,青海,野牛沟,38.41666666666666,99.58333333333331,3180.0,1985,4,27,0.0,无,1.3,10.2,-6.4,0.44,0.12,681.6,683.1,679.3,6.9,,,无
1985-04-28,52645.0,青海,野牛沟,38.41666666666666,99.58333333333331,3180.0,1985,4,28,0.0,无,2.3,14.4,-7.9,0.36,0.09,680.6,682.9,677.2,7.4,,,无
1985-04-29,52645.0,青海,野牛沟,38.41666666666666,99.58333333333331,3180.0,1985,4,29,0.0,无,2.4,13.9,-8.5,0.32,0.08,679.5,681.1,677.4,6.6,,,无
1985-04-30,52645.0,青海,野牛沟,38.41666666666666,99.58333333333331,3180.0,1985,4,30,0.0,无,3.6,14.5,-6.9,0.3,0.11,678.0,680.6,674.4,6.7,,,无
1985-05-01,52645.0,青海,野牛沟,38.41666666666666,99.58333333333331,3180.0,1985,5,1,0.0,无,6.4,16.0,-0.3,0.49,0.11,676.3,677.4,673.8,8.1,,,无
1985-05-02,52645.0,青海,野牛沟,38.41666666666666,99.58333333333331,3180.0,1985,5,2,0.0,无,4.1,18.0,-6.5,0.45,0.05,675.9,678.7,670.6,7.5,,,无
1985-05-03,52645.0,青海,野牛沟,38.41666666666666,99.58333333333331,3180.0,1985,5,3,0.1,normal,3.8,15.5,-4.3,0.49,0.22,674.4,675.4,671.2,6.1,,-0.6344618123779577,Snow
1985-05-04,52645.0,青海,野牛沟,38.41666666666666,99.58333333333331,3180.0,1985,5,4,3.3,normal,-1.5,4.1,-4.5,0.81,0.56,678.0,678.9,675.2,3.5,,-2.770196267094369,Snow
1985-05-05,52645.0,青海,野牛沟,38.41666666666666,99.58333333333331,3180.0,1985,5,5,4.2,normal,0.2,8.0,-6.4,0.52,0.11,679.7,680.8,678.1,6.4,,-3.3600561797922213,Snow
1985-05-06,52645.0,青海,野牛沟,38.41666666666666,99.58333333333331,3180.0,1985,5,6,0.0,无,0.2,10.1,-10.4,0.39,0.08,682.5,683.9,679.6,5.4,,,无
1985-05-07,52645.0,青海,野牛沟,38.41666666666666,99.58333333333331,3180.0,1985,5,7,0.0,无,2.1,11.2,-7.3,0.45,0.12,682.9,683.7,680.7,6.4,,,无
1985-05-08,52645.0,青海,野牛沟,38.41666666666666,99.58333333333331,3180.0,1985,5,8,0.0,无,2.8,13.3,-7.4,0.47,0.14,681.5,684.4,678.1,4.9,,,无
1985-05-09,52645.0,青海,野牛沟,38.41666666666666,99.58333333333331,3180.0,1985,5,9,0.0,无,5.4,17.6,-4.3,0.43,0.16,680.4,681.9,677.7,7.0,,,无
1985-05-10,52645.0,青海,野牛沟,38.41666666666666,99.58333333333331,3180.0,1985,5,10,0.0,无,6.5,17.9,-0.8,0.43,0.16,679.2,680.8,674.9,7.7,,,无
1985-05-11,52645.0,青海,野牛沟,38.41666666666666,99.58333333333331,3180.0,1985,5,11,5.8,normal,2.3,7.0,-2.3,0.76,0.51,679.9,680.7,678.9,1.3,,0.4117332490386927,Snow
1985-05-12,52645.0,青海,野牛沟,38.41666666666666,99.58333333333331,3180.0,1985,5,12,4.0,normal,2.2,6.0,-0.6,0.8,0.69,680.1,681.2,679.2,2.7,,0.6407318133325868,Snow
1985-05-13,52645.0,青海,野牛沟,38.41666666666666,99.58333333333331,3180.0,1985,5,13,0.2,normal,4.3,11.3,-0.5,0.73,0.39,678.5,680.4,676.5,4.6,,1.9944255708228598,Rain
1985-05-14,52645.0,青海,野牛沟,38.41666666666666,99.58333333333331,3180.0,1985,5,14,0.0,无,6.6,15.9,-1.5,0.56,0.2,678.4,680.0,676.0,7.9,,,无
1985-05-15,52645.0,青海,野牛沟,38.41666666666666,99.58333333333331,3180.0,1985,5,15,8.5,normal,3.5,11.8,-0.4,0.76,0.38,682.1,683.2,677.2,3.5,,1.5247718939010513,Rain
1985-05-16,52645.0,青海,野牛沟,38.41666666666666,99.58333333333331,3180.0,1985,5,16,0.0,无,2.8,8.0,-0.7,0.71,0.39,684.1,684.7,683.0,3.8,,,无
1985-05-17,52645.0,青海,野牛沟,38.41666666666666,99.58333333333331,3180.0,1985,5,17,0.0,无,4.6,14.4,-3.4,0.63,0.21,685.1,686.4,682.3,5.9,,,无
1985-05-18,52645.0,青海,野牛沟,38.41666666666666,99.58333333333331,3180.0,1985,5,18,0.4,normal,4.4,9.9,-0.1,0.57,0.29,686.3,687.2,683.9,5.3,,0.6487512525179229,Snow
1985-05-19,52645.0,青海,野牛沟,38.41666666666666,99.58333333333331,3180.0,1985,5,19,0.0,无,3.9,13.4,-5.1,0.45,0.1,685.9,688.1,683.6,6.3,,,无
1985-05-20,52645.0,青海,野牛沟,38.41666666666666,99.58333333333331,3180.0,1985,5,20,3.8,normal,1.8,9.3,-0.9,0.83,0.25,684.8,685.8,683.6,2.8,,0.5046305676722485,Snow
1985-05-21,52645.0,青海,野牛沟,38.41666666666666,99.58333333333331,3180.0,1985,5,21,0.0,无,4.1,13.6,-4.7,0.55,0.17,683.7,685.1,681.5,5.8,,,无
1985-05-22,52645.0,青海,野牛沟,38.41666666666666,99.58333333333331,3180.0,1985,5,22,0.0,无,6.3,17.5,-4.5,0.44,0.11,682.2,684.1,679.6,7.7,,,无
1985-05-23,52645.0,青海,野牛沟,38.41666666666666,99.58333333333331,3180.0,1985,5,23,0.0,无,6.7,16.4,-3.1,0.44,0.2,682.2,683.9,680.6,6.9,,,无
1985-05-24,52645.0,青海,野牛沟,38.41666666666666,99.58333333333331,3180.0,1985,5,24,0.6,normal,4.5,12.6,0.4,0.7,0.28,681.3,681.5,680.6,2.1,,1.9128545550279563,Rain
1985-05-25,52645.0,青海,野牛沟,38.41666666666666,99.58333333333331,3180.0,1985,5,25,2.5,normal,4.0,11.2,-0.8,0.83,0.57,680.9,682.8,679.3,2.6,,2.586842424051512,Snow
1985-05-26,52645.0,青海,野牛沟,38.41666666666666,99.58333333333331,3180.0,1985,5,26,0.0,无,5.7,15.6,-1.2,0.67,0.35,677.7,679.8,675.7,5.7,,,无
1985-05-27,52645.0,青海,野牛沟,38.41666666666666,99.58333333333331,3180.0,1985,5,27,5.4,normal,4.7,10.0,0.9,0.78,0.44,678.5,679.5,675.8,3.2,,2.8071861231806716,Rain
1985-05-28,52645.0,青海,野牛沟,38.41666666666666,99.58333333333331,3180.0,1985,5,28,3.2,normal,2.4,7.1,-0.5,0.84,0.57,680.2,681.6,678.3,2.0,,1.1491922038555247,Snow
1985-05-29,52645.0,青海,野牛沟,38.41666666666666,99.58333333333331,3180.0,1985,5,29,6.3,normal,3.1,9.0,-0.9,0.73,0.36,681.1,682.1,679.5,4.6,,0.9014171167643203,Snow
1985-05-30,52645.0,青海,野牛沟,38.41666666666666,99.58333333333331,3180.0,1985,5,30,0.0,无,4.1,10.5,-2.5,0.62,0.29,681.7,682.5,680.2,5.7,,,无
1985-05-31,52645.0,青海,野牛沟,38.41666666666666,99.58333333333331,3180.0,1985,5,31,0.0,无,4.1,13.3,-3.7,0.63,0.22,682.1,683.6,679.1,6.2,,,无
1985-06-01,52645.0,青海,野牛沟,38.41666666666666,99.58333333333331,3180.0,1985,6,1,0.3,normal,5.1,15.4,-3.5,0.6,0.25,679.9,681.5,677.4,6.4,,1.515748267625363,Rain
1985-06-02,52645.0,青海,野牛沟,38.41666666666666,99.58333333333331,3180.0,1985,6,2,1.8,normal,4.6,13.6,-1.4,0.71,0.29,677.6,680.0,674.8,5.1,,2.0870048606598557,Rain
1985-06-03,52645.0,青海,野牛沟,38.41666666666666,99.58333333333331,3180.0,1985,6,3,7.7,normal,4.6,10.3,0.3,0.78,0.54,680.1,681.8,676.7,3.9,,2.716114801161864,Rain
1985-06-04,52645.0,青海,野牛沟,38.41666666666666,99.58333333333331,3180.0,1985,6,4,0.0,无,4.0,9.5,0.5,0.79,0.47,680.8,681.6,679.5,3.4,,,无
1985-06-05,52645.0,青海,野牛沟,38.41666666666666,99.58333333333331,3180.0,1985,6,5,0.3,normal,5.8,10.8,0.2,0.44,0.24,682.1,682.8,680.4,7.2,,0.5245200221227586,Rain
1985-06-06,52645.0,青海,野牛沟,38.41666666666666,99.58333333333331,3180.0,1985,6,6,0.0,无,5.6,14.7,-4.9,0.48,0.13,681.4,684.2,678.7,7.5,,,无
1985-06-07,52645.0,青海,野牛沟,38.41666666666666,99.58333333333331,3180.0,1985,6,7,0.0,无,5.5,15.9,-3.6,0.5,0.15,679.4,680.0,677.4,7.1,,,无
1985-06-08,52645.0,青海,野牛沟,38.41666666666666,99.58333333333331,3180.0,1985,6,8,0.8,normal,3.8,12.7,-1.5,0.68,0.3,680.1,680.9,678.0,4.1,,1.1026902921755832,Snow
1985-06-09,52645.0,青海,野牛沟,38.41666666666666,99.58333333333331,3180.0,1985,6,9,0.1,normal,5.3,11.6,0.5,0.64,0.33,681.6,683.0,679.7,6.3,,2.0736020935604182,Rain
1985-06-10,52645.0,青海,野牛沟,38.41666666666666,99.58333333333331,3180.0,1985,6,10,0.8,normal,4.7,10.3,0.1,0.58,0.25,681.2,682.4,679.7,5.5,,0.9853785152741024,Rain
1985-06-11,52645.0,青海,野牛沟,38.41666666666666,99.58333333333331,3180.0,1985,6,11,2.0,normal,4.7,9.5,1.9,0.78,0.53,680.9,681.6,680.0,2.9,,2.810232360830338,Rain
1985-06-12,52645.0,青海,野牛沟,38.41666666666666,99.58333333333331,3180.0,1985,6,12,0.0,无,6.8,15.7,-2.4,0.62,0.27,682.3,683.5,680.7,6.7,,,无
1985-06-13,52645.0,青海,野牛沟,38.41666666666666,99.58333333333331,3180.0,1985,6,13,10.5,normal,6.1,13.8,0.9,0.77,0.37,683.3,685.0,681.2,3.0,,4.023055865688181,Rain
1985-06-14,52645.0,青海,野牛沟,38.41666666666666,99.58333333333331,3180.0,1985,6,14,3.4,normal,5.5,12.5,0.6,0.73,0.36,684.3,685.7,682.4,4.8,,3.100065802559029,Rain
1985-06-15,52645.0,青海,野牛沟,38.41666666666666,99.58333333333331,3180.0,1985,6,15,0.0,无,6.1,14.3,-1.2,0.66,0.34,682.7,684.5,680.3,5.4,,,无
1985-06-16,52645.0,青海,野牛沟,38.41666666666666,99.58333333333331,3180.0,1985,6,16,0.0,无,8.2,14.9,1.6,0.53,0.32,681.6,682.4,679.8,6.9,,,无
1985-06-17,52645.0,青海,野牛沟,38.41666666666666,99.58333333333331,3180.0,1985,6,17,0.0,无,7.4,16.9,-2.3,0.62,0.28,681.0,682.7,678.6,6.6,,,无
1985-06-18,52645.0,青海,野牛沟,38.41666666666666,99.58333333333331,3180.0,1985,6,18,1.7,normal,6.1,11.2,3.6,0.81,0.49,681.0,681.9,679.8,2.7,,4.3924576823684225,Rain
1985-06-19,52645.0,青海,野牛沟,38.41666666666666,99.58333333333331,3180.0,1985,6,19,0.0,无,8.2,16.2,2.4,0.63,0.31,681.2,682.8,679.0,6.0,,,无
1985-06-20,52645.0,青海,野牛沟,38.41666666666666,99.58333333333331,3180.0,1985,6,20,1.5,normal,8.3,15.4,2.7,0.67,0.33,681.8,683.5,680.0,5.3,,5.029629634852033,Rain
1985-06-21,52645.0,青海,野牛沟,38.41666666666666,99.58333333333331,3180.0,1985,6,21,3.2,normal,8.2,16.6,4.3,0.74,0.34,682.8,683.8,680.9,5.3,,5.665101941578912,Rain
1985-06-22,52645.0,青海,野牛沟,38.41666666666666,99.58333333333331,3180.0,1985,6,22,0.0,无,9.5,17.3,1.3,0.63,0.26,682.5,683.8,680.9,7.0,,,无
1985-06-23,52645.0,青海,野牛沟,38.41666666666666,99.58333333333331,3180.0,1985,6,23,0.0,无,10.4,20.5,-0.2,0.54,0.22,680.4,681.5,678.5,8.1,,,无
1985-06-24,52645.0,青海,野牛沟,38.41666666666666,99.58333333333331,3180.0,1985,6,24,4.5,normal,9.4,18.1,1.5,0.67,0.29,680.1,682.0,677.4,6.9,,6.005675904066892,Rain
1985-06-25,52645.0,青海,野牛沟,38.41666666666666,99.58333333333331,3180.0,1985,6,25,7.4,normal,9.3,16.6,3.4,0.73,0.39,682.2,683.0,680.2,4.8,,6.566098093435966,Rain
1985-06-26,52645.0,青海,野牛沟,38.41666666666666,99.58333333333331,3180.0,1985,6,26,2.6,normal,9.5,17.6,4.0,0.72,0.49,681.6,683.0,679.2,5.6,,6.640393539035538,Rain
1985-06-27,52645.0,青海,野牛沟,38.41666666666666,99.58333333333331,3180.0,1985,6,27,8.2,normal,6.8,11.0,5.6,0.84,0.63,681.1,682.8,679.6,1.7,,5.3343944115658415,Rain
1985-06-28,52645.0,青海,野牛沟,38.41666666666666,99.58333333333331,3180.0,1985,6,28,2.0,normal,6.9,10.3,3.4,0.8,0.57,680.0,681.4,678.6,3.0,,5.0485844365884835,Rain
1985-06-29,52645.0,青海,野牛沟,38.41666666666666,99.58333333333331,3180.0,1985,6,29,0.2,normal,8.7,14.6,3.3,0.68,0.43,680.3,681.4,678.9,6.1,,5.489181915986134,Rain
1985-06-30,52645.0,青海,野牛沟,38.41666666666666,99.58333333333331,3180.0,1985,6,30,8.1,normal,9.1,14.7,3.9,0.78,0.49,680.7,682.2,679.4,4.1,,6.904838342156414,Rain
1985-07-01,52645.0,青海,野牛沟,38.41666666666666,99.58333333333331,3180.0,1985,7,1,1.1,normal,10.4,17.4,5.2,0.62,0.26,682.4,684.0,680.1,7.5,,6.330189577929954,Rain
1985-07-02,52645.0,青海,野牛沟,38.41666666666666,99.58333333333331,3180.0,1985,7,2,0.0,无,10.4,17.6,2.7,0.57,0.25,682.6,683.6,680.6,7.7,,,无
1985-07-03,52645.0,青海,野牛沟,38.41666666666666,99.58333333333331,3180.0,1985,7,3,0.0,无,9.4,18.1,2.3,0.59,0.26,683.4,684.1,681.9,7.7,,,无
1985-07-04,52645.0,青海,野牛沟,38.41666666666666,99.58333333333331,3180.0,1985,7,4,3.1,normal,5.4,14.8,0.9,0.78,0.31,683.5,684.0,682.8,0.9,,3.465178736531791,Rain
1985-07-05,52645.0,青海,野牛沟,38.41666666666666,99.58333333333331,3180.0,1985,7,5,2.1,normal,6.8,14.5,1.7,0.75,0.36,682.4,683.6,680.4,4.4,,4.478198220025358,Rain
1985-07-06,52645.0,青海,野牛沟,38.41666666666666,99.58333333333331,3180.0,1985,7,6,10.2,normal,4.5,11.9,0.6,0.86,0.46,681.8,683.0,680.2,2.3,,3.320468574656794,Snow
1985-07-07,52645.0,青海,野牛沟,38.41666666666666,99.58333333333331,3180.0,1985,7,7,0.4,normal,6.7,14.1,1.4,0.74,0.42,680.1,682.2,677.9,4.6,,4.286182492776285,Rain
1985-07-08,52645.0,青海,野牛沟,38.41666666666666,99.58333333333331,3180.0,1985,7,8,0.0,无,8.4,17.7,-1.1,0.58,0.21,680.9,682.4,678.9,6.5,,,无
1985-07-09,52645.0,青海,野牛沟,38.41666666666666,99.58333333333331,3180.0,1985,7,9,0.0,无,7.6,15.3,0.8,0.68,0.37,681.0,682.1,679.7,3.6,,,无
1985-07-10,52645.0,青海,野牛沟,38.41666666666666,99.58333333333331,3180.0,1985,7,10,5.5,normal,6.7,12.2,3.2,0.84,0.52,682.0,683.0,680.0,4.5,,5.240129822845669,Rain
1985-07-11,52645.0,青海,野牛沟,38.41666666666666,99.58333333333331,3180.0,1985,7,11,5.9,normal,9.2,16.6,1.5,0.63,0.23,682.1,683.6,680.2,6.9,,5.394904903446194,Rain
1985-07-12,52645.0,青海,野牛沟,38.41666666666666,99.58333333333331,3180.0,1985,7,12,0.3,normal,9.4,17.1,0.4,0.58,0.27,680.9,683.0,679.9,5.9,,5.00720806842581,Rain
1985-07-13,52645.0,青海,野牛沟,38.41666666666666,99.58333333333331,3180.0,1985,7,13,3.8,normal,6.6,14.8,2.2,0.76,0.34,680.8,681.5,678.8,3.8,,4.38772202542673,Rain
1985-07-14,52645.0,青海,野牛沟,38.41666666666666,99.58333333333331,3180.0,1985,7,14,11.8,normal,5.4,11.3,2.0,0.83,0.56,683.0,683.6,681.5,2.5,,3.915604920515645,Rain
1985-07-15,52645.0,青海,野牛沟,38.41666666666666,99.58333333333331,3180.0,1985,7,15,2.9,normal,6.6,12.2,1.4,0.72,0.38,684.9,685.6,683.4,5.7,,4.00905227511593,Rain
1985-07-16,52645.0,青海,野牛沟,38.41666666666666,99.58333333333331,3180.0,1985,7,16,10.7,normal,5.6,14.2,-0.1,0.77,0.37,686.5,688.0,683.7,2.8,,3.5636485672442175,Rain
1985-07-17,52645.0,青海,野牛沟,38.41666666666666,99.58333333333331,3180.0,1985,7,17,0.0,无,9.6,20.0,-0.2,0.58,0.17,682.4,684.2,679.4,7.0,,,无
1985-07-18,52645.0,青海,野牛沟,38.41666666666666,99.58333333333331,3180.0,1985,7,18,0.0,无,12.3,20.6,2.5,0.55,0.26,679.5,680.9,677.8,7.7,,,无
1985-07-19,52645.0,青海,野牛沟,38.41666666666666,99.58333333333331,3180.0,1985,7,19,0.0,无,12.6,22.5,3.3,0.54,0.19,678.9,680.1,676.9,10.0,,,无
1985-07-20,52645.0,青海,野牛沟,38.41666666666666,99.58333333333331,3180.0,1985,7,20,5.8,normal,8.3,16.6,3.8,0.65,0.29,681.0,682.9,678.9,4.0,,4.817230450912011,Rain
1985-07-21,52645.0,青海,野牛沟,38.41666666666666,99.58333333333331,3180.0,1985,7,21,0.3,normal,8.7,16.2,3.6,0.74,0.44,684.3,685.9,682.5,5.8,,6.125611468564789,Rain
1985-07-22,52645.0,青海,野牛沟,38.41666666666666,99.58333333333331,3180.0,1985,7,22,0.0,无,10.2,20.1,1.5,0.63,0.23,684.5,685.8,682.2,6.9,,,无
1985-07-23,52645.0,青海,野牛沟,38.41666666666666,99.58333333333331,3180.0,1985,7,23,0.0,无,9.7,18.4,2.0,0.57,0.24,684.3,685.1,682.1,6.7,,,无
1985-07-24,52645.0,青海,野牛沟,38.41666666666666,99.58333333333331,3180.0,1985,7,24,0.0,无,8.1,18.9,-0.9,0.59,0.21,684.6,686.2,682.0,7.1,,,无
1985-07-25,52645.0,青海,野牛沟,38.41666666666666,99.58333333333331,3180.0,1985,7,25,0.1,normal,9.3,16.9,0.6,0.54,0.31,682.8,684.0,680.9,6.6,,4.473553972283546,Rain
1985-07-26,52645.0,青海,野牛沟,38.41666666666666,99.58333333333331,3180.0,1985,7,26,7.3,normal,7.9,15.9,1.5,0.78,0.32,682.2,684.1,678.8,5.0,,5.7901205134798195,Rain
1985-07-27,52645.0,青海,野牛沟,38.41666666666666,99.58333333333331,3180.0,1985,7,27,11.9,normal,7.3,13.6,2.4,0.65,0.34,683.2,683.9,681.7,6.0,,3.938964032257357,Rain
1985-07-28,52645.0,青海,野牛沟,38.41666666666666,99.58333333333331,3180.0,1985,7,28,0.2,normal,8.1,15.8,0.2,0.64,0.33,684.5,685.5,682.9,5.3,,4.543325913559957,Rain
1985-07-29,52645.0,青海,野牛沟,38.41666666666666,99.58333333333331,3180.0,1985,7,29,0.0,无,9.1,17.7,1.7,0.61,0.26,685.2,686.2,682.8,6.1,,,无
1985-07-30,52645.0,青海,野牛沟,38.41666666666666,99.58333333333331,3180.0,1985,7,30,10.3,normal,7.2,18.0,2.0,0.71,0.25,684.1,685.5,681.5,5.2,,4.4542757959621015,Rain
1985-07-31,52645.0,青海,野牛沟,38.41666666666666,99.58333333333331,3180.0,1985,7,31,4.0,normal,8.9,17.3,3.1,0.61,0.28,684.9,686.7,682.4,5.7,,4.920933536475416,Rain
1985-08-01,52645.0,青海,野牛沟,38.41666666666666,99.58333333333331,3180.0,1985,8,1,0.0,无,10.1,20.8,0.3,0.62,0.25,683.8,684.7,682.0,6.6,,,无
1985-08-02,52645.0,青海,野牛沟,38.41666666666666,99.58333333333331,3180.0,1985,8,2,0.0,无,11.0,22.6,0.8,0.54,0.24,683.4,684.8,681.3,7.6,,,无
1985-08-03,52645.0,青海,野牛沟,38.41666666666666,99.58333333333331,3180.0,1985,8,3,1.4,normal,12.1,21.9,4.7,0.58,0.31,682.5,683.7,680.2,7.5,,7.317330974033802,Rain
1985-08-04,52645.0,青海,野牛沟,38.41666666666666,99.58333333333331,3180.0,1985,8,4,1.2,normal,10.6,22.1,2.5,0.71,0.34,682.2,683.0,679.3,5.8,,7.5297652202336485,Rain
1985-08-05,52645.0,青海,野牛沟,38.41666666666666,99.58333333333331,3180.0,1985,8,5,2.6,normal,8.8,12.8,6.4,0.75,0.54,682.0,683.4,681.2,2.1,,6.317684987808083,Rain
1985-08-06,52645.0,青海,野牛沟,38.41666666666666,99.58333333333331,3180.0,1985,8,6,0.3,normal,10.4,16.8,5.6,0.69,0.34,681.9,683.0,680.2,5.6,,7.124800532707156,Rain
1985-08-07,52645.0,青海,野牛沟,38.41666666666666,99.58333333333331,3180.0,1985,8,7,0.0,无,10.0,20.0,2.4,0.64,0.19,681.0,682.6,679.2,7.1,,,无
1985-08-08,52645.0,青海,野牛沟,38.41666666666666,99.58333333333331,3180.0,1985,8,8,2.0,normal,10.5,17.3,7.2,0.74,0.43,682.0,682.8,679.7,4.8,,7.771672560030134,Rain
1985-08-09,52645.0,青海,野牛沟,38.41666666666666,99.58333333333331,3180.0,1985,8,9,3.6,normal,10.3,20.8,3.1,0.77,0.29,683.1,683.6,681.2,5.3,,7.916601572528461,Rain
1985-08-10,52645.0,青海,野牛沟,38.41666666666666,99.58333333333331,3180.0,1985,8,10,1.6,normal,11.6,18.8,5.0,0.7,0.41,683.0,684.8,681.3,5.5,,8.320884651656296,Rain
1985-08-11,52645.0,青海,野牛沟,38.41666666666666,99.58333333333331,3180.0,1985,8,11,1.2,normal,10.8,18.8,5.8,0.69,0.36,682.4,683.0,680.2,4.9,,7.484946196439313,Rain
1985-08-12,52645.0,青海,野牛沟,38.41666666666666,99.58333333333331,3180.0,1985,8,12,0.7,normal,9.7,18.6,2.1,0.69,0.36,682.9,684.0,681.2,5.3,,6.498093869496553,Rain
1985-08-13,52645.0,青海,野牛沟,38.41666666666666,99.58333333333331,3180.0,1985,8,13,0.0,无,10.7,22.0,1.3,0.59,0.26,683.1,684.5,680.7,7.4,,,无
1985-08-14,52645.0,青海,野牛沟,38.41666666666666,99.58333333333331,3180.0,1985,8,14,0.3,normal,11.0,20.2,2.0,0.62,0.37,682.2,683.7,680.3,7.4,,6.852026214261824,Rain
1985-08-15,52645.0,青海,野牛沟,38.41666666666666,99.58333333333331,3180.0,1985,8,15,5.0,normal,10.2,19.6,4.3,0.74,0.38,681.7,682.5,679.7,5.5,,7.496262450274274,Rain
1985-08-16,52645.0,青海,野牛沟,38.41666666666666,99.58333333333331,3180.0,1985,8,16,9.8,normal,7.9,12.9,6.0,0.83,0.61,683.4,684.6,681.8,1.7,,6.2846730345179,Rain
1985-08-17,52645.0,青海,野牛沟,38.41666666666666,99.58333333333331,3180.0,1985,8,17,1.5,normal,7.9,16.4,4.2,0.81,0.38,684.5,685.9,682.1,4.5,,6.089661899580228,Rain
1985-08-18,52645.0,青海,野牛沟,38.41666666666666,99.58333333333331,3180.0,1985,8,18,0.5,normal,8.0,15.9,2.8,0.7,0.37,684.5,685.3,682.0,5.4,,5.0771345162546,Rain
1985-08-19,52645.0,青海,野牛沟,38.41666666666666,99.58333333333331,3180.0,1985,8,19,0.0,无,8.9,17.4,1.0,0.59,0.18,683.7,685.3,681.6,7.0,,,无
1985-08-20,52645.0,青海,野牛沟,38.41666666666666,99.58333333333331,3180.0,1985,8,20,0.0,无,9.3,19.9,-0.9,0.59,0.2,682.2,683.7,680.0,6.8,,,无
1985-08-21,52645.0,青海,野牛沟,38.41666666666666,99.58333333333331,3180.0,1985,8,21,0.9,normal,8.9,15.8,3.6,0.6,0.35,682.5,683.6,680.9,4.2,,4.805186335349529,Rain
1985-08-22,52645.0,青海,野牛沟,38.41666666666666,99.58333333333331,3180.0,1985,8,22,2.4,normal,7.9,15.1,2.9,0.76,0.39,684.1,684.9,682.8,5.0,,5.59304032289091,Rain
1985-08-23,52645.0,青海,野牛沟,38.41666666666666,99.58333333333331,3180.0,1985,8,23,6.5,normal,7.7,12.8,3.8,0.81,0.55,683.3,684.7,681.6,3.4,,5.900213501566269,Rain
1985-08-24,52645.0,青海,野牛沟,38.41666666666666,99.58333333333331,3180.0,1985,8,24,21.4,normal,6.5,11.3,3.7,0.77,0.54,684.4,685.0,682.7,3.9,,4.395413318425008,Rain
1985-08-25,52645.0,青海,野牛沟,38.41666666666666,99.58333333333331,3180.0,1985,8,25,0.1,normal,7.6,15.0,3.1,0.76,0.4,684.5,686.0,682.0,5.3,,5.31653366354472,Rain
1985-08-26,52645.0,青海,野牛沟,38.41666666666666,99.58333333333331,3180.0,1985,8,26,5.7,normal,7.7,13.3,3.6,0.77,0.48,684.0,684.8,682.7,3.6,,5.5074165674388675,Rain
1985-08-27,52645.0,青海,野牛沟,38.41666666666666,99.58333333333331,3180.0,1985,8,27,0.0,无,7.5,16.9,-0.4,0.75,0.34,684.4,686.3,681.8,4.9,,,无
1985-08-28,52645.0,青海,野牛沟,38.41666666666666,99.58333333333331,3180.0,1985,8,28,0.7,normal,9.2,18.3,2.0,0.69,0.4,683.9,685.4,682.2,6.1,,6.050981035429834,Rain
1985-08-29,52645.0,青海,野牛沟,38.41666666666666,99.58333333333331,3180.0,1985,8,29,0.1,normal,8.5,16.8,2.5,0.62,0.26,685.9,687.2,684.0,6.1,,4.684154599227157,Rain
1985-08-30,52645.0,青海,野牛沟,38.41666666666666,99.58333333333331,3180.0,1985,8,30,0.0,无,6.5,18.2,-2.0,0.6,0.24,684.4,685.6,682.2,6.1,,,无
1985-08-31,52645.0,青海,野牛沟,38.41666666666666,99.58333333333331,3180.0,1985,8,31,0.0,无,6.5,17.2,-2.7,0.57,0.26,683.9,685.3,682.1,5.3,,,无
1985-09-01,52645.0,青海,野牛沟,38.41666666666666,99.58333333333331,3180.0,1985,9,1,0.9,normal,9.1,19.6,0.2,0.61,0.36,682.6,683.8,680.9,4.9,,5.088607421020943,Rain
1985-09-02,52645.0,青海,野牛沟,38.41666666666666,99.58333333333331,3180.0,1985,9,2,1.1,normal,7.6,16.0,2.6,0.74,0.43,682.9,683.4,681.2,3.6,,5.1153827906330696,Rain
1985-09-03,52645.0,青海,野牛沟,38.41666666666666,99.58333333333331,3180.0,1985,9,3,5.2,normal,5.4,12.7,2.2,0.81,0.43,683.8,684.4,682.6,1.6,,3.7368551871123534,Rain
1985-09-04,52645.0,青海,野牛沟,38.41666666666666,99.58333333333331,3180.0,1985,9,4,8.7,normal,5.1,12.8,0.0,0.77,0.4,683.5,685.2,681.1,4.3,,3.0959424598503515,Rain
1985-09-05,52645.0,青海,野牛沟,38.41666666666666,99.58333333333331,3180.0,1985,9,5,0.0,无,7.5,16.8,-1.2,0.63,0.18,680.7,682.4,678.2,5.0,,,无
1985-09-06,52645.0,青海,野牛沟,38.41666666666666,99.58333333333331,3180.0,1985,9,6,6.3,normal,6.5,12.0,3.6,0.79,0.4,680.2,681.8,678.8,2.5,,4.5794656967879055,Rain
1985-09-07,52645.0,青海,野牛沟,38.41666666666666,99.58333333333331,3180.0,1985,9,7,9.6,normal,3.8,12.2,-0.6,0.84,0.58,682.8,683.8,679.7,3.3,,2.4832938607078914,Snow
1985-09-08,52645.0,青海,野牛沟,38.41666666666666,99.58333333333331,3180.0,1985,9,8,9.0,normal,5.0,12.7,0.0,0.77,0.35,684.0,685.6,682.3,2.7,,3.003853453298766,Rain
1985-09-09,52645.0,青海,野牛沟,38.41666666666666,99.58333333333331,3180.0,1985,9,9,9.8,normal,6.1,13.2,2.3,0.76,0.5,683.8,685.6,681.4,3.3,,3.9300532528388787,Rain
1985-09-10,52645.0,青海,野牛沟,38.41666666666666,99.58333333333331,3180.0,1985,9,10,0.5,normal,5.9,15.0,0.8,0.79,0.55,687.0,688.6,684.4,3.5,,4.0272057078564805,Rain
1985-09-11,52645.0,青海,野牛沟,38.41666666666666,99.58333333333331,3180.0,1985,9,11,1.2,normal,3.9,8.4,1.2,0.82,0.65,685.9,686.9,684.4,1.5,,2.4122378201420824,Snow
1985-09-12,52645.0,青海,野牛沟,38.41666666666666,99.58333333333331,3180.0,1985,9,12,0.0,无,3.9,11.3,0.7,0.79,0.5,684.5,686.1,681.9,3.0,,,无
1985-09-13,52645.0,青海,野牛沟,38.41666666666666,99.58333333333331,3180.0,1985,9,13,1.3,normal,3.0,10.0,-0.7,0.84,0.37,684.0,685.0,681.9,2.0,,1.7233955724315075,Snow
1985-09-14,52645.0,青海,野牛沟,38.41666666666666,99.58333333333331,3180.0,1985,9,14,4.2,normal,3.9,9.5,-0.2,0.78,0.42,683.7,684.4,681.8,2.1,,2.068836328283905,Rain
1985-09-15,52645.0,青海,野牛沟,38.41666666666666,99.58333333333331,3180.0,1985,9,15,2.7,normal,2.9,9.0,0.1,0.86,0.58,684.4,684.9,682.8,1.9,,1.7904108097418847,Snow
1985-09-16,52645.0,青海,野牛沟,38.41666666666666,99.58333333333331,3180.0,1985,9,16,4.0,normal,2.2,8.7,-1.0,0.82,0.45,686.6,687.3,684.9,2.3,,0.8066623186949817,Snow
1985-09-17,52645.0,青海,野牛沟,38.41666666666666,99.58333333333331,3180.0,1985,9,17,2.0,normal,1.2,8.8,-1.7,0.82,0.54,686.6,688.2,684.3,1.5,,-0.1387278977433537,Snow
1985-09-18,52645.0,青海,野牛沟,38.41666666666666,99.58333333333331,3180.0,1985,9,18,2.7,normal,-1.7,6.9,-6.5,0.81,0.4,686.0,687.4,683.7,1.7,,-2.9509247069473643,Snow
1985-09-19,52645.0,青海,野牛沟,38.41666666666666,99.58333333333331,3180.0,1985,9,19,0.0,无,2.6,10.3,-2.2,0.63,0.23,684.1,685.0,682.4,3.5,,,无
1985-09-20,52645.0,青海,野牛沟,38.41666666666666,99.58333333333331,3180.0,1985,9,20,0.0,无,1.7,10.5,-4.9,0.64,0.32,684.3,685.5,683.1,3.7,,,无
1985-09-21,52645.0,青海,野牛沟,38.41666666666666,99.58333333333331,3180.0,1985,9,21,0.0,无,1.6,8.5,-0.6,0.79,0.3,686.7,688.0,684.6,3.1,,,无
1985-09-22,52645.0,青海,野牛沟,38.41666666666666,99.58333333333331,3180.0,1985,9,22,0.0,无,0.4,6.6,-3.8,0.71,0.29,687.6,688.4,685.2,2.2,,,无
1985-09-23,52645.0,青海,野牛沟,38.41666666666666,99.58333333333331,3180.0,1985,9,23,0.0,无,-1.0,6.3,-6.0,0.68,0.32,687.9,689.5,686.2,2.4,,,无
1985-09-24,52645.0,青海,野牛沟,38.41666666666666,99.58333333333331,3180.0,1985,9,24,0.0,无,-0.3,8.3,-7.3,0.64,0.29,686.0,687.5,684.2,2.2,,,无
1985-09-25,52645.0,青海,野牛沟,38.41666666666666,99.58333333333331,3180.0,1985,9,25,2.6,normal,1.7,8.5,-3.8,0.64,0.36,684.9,686.4,683.0,3.0,,-1.095590175694059,Snow
1985-09-26,52645.0,青海,野牛沟,38.41666666666666,99.58333333333331,3180.0,1985,9,26,0.0,无,-1.1,7.2,-6.3,0.64,0.23,686.6,687.3,683.9,2.5,,,无
1985-09-27,52645.0,青海,野牛沟,38.41666666666666,99.58333333333331,3180.0,1985,9,27,0.0,无,-0.1,10.6,-8.1,0.57,0.17,687.8,688.9,685.7,3.4,,,无
1985-09-28,52645.0,青海,野牛沟,38.41666666666666,99.58333333333331,3180.0,1985,9,28,0.0,无,0.5,11.8,-7.3,0.51,0.11,686.8,687.6,684.7,4.0,,,无
1985-09-29,52645.0,青海,野牛沟,38.41666666666666,99.58333333333331,3180.0,1985,9,29,0.0,无,-0.3,9.5,-7.8,0.57,0.15,688.5,689.4,686.1,3.4,,,无
1985-09-30,52645.0,青海,野牛沟,38.41666666666666,99.58333333333331,3180.0,1985,9,30,0.0,无,-0.6,8.5,-7.9,0.54,0.21,689.6,690.6,687.5,3.2,,,无
1985-10-01,52645.0,青海,野牛沟,38.41666666666666,99.58333333333331,3180.0,1985,10,1,0.0,无,-0.6,7.7,-6.8,0.61,0.27,689.4,691.0,686.9,2.7,,,无
1985-10-02,52645.0,青海,野牛沟,38.41666666666666,99.58333333333331,3180.0,1985,10,2,0.0,无,-0.5,8.9,-8.3,0.57,0.21,689.6,690.7,688.4,3.5,,,无
1985-10-03,52645.0,青海,野牛沟,38.41666666666666,99.58333333333331,3180.0,1985,10,3,0.0,无,-0.5,11.5,-8.6,0.54,0.15,687.7,690.4,684.3,2.8,,,无
1985-10-04,52645.0,青海,野牛沟,38.41666666666666,99.58333333333331,3180.0,1985,10,4,0.0,无,1.4,15.5,-9.3,0.49,0.07,684.1,685.5,681.6,4.2,,,无
1985-10-05,52645.0,青海,野牛沟,38.41666666666666,99.58333333333331,3180.0,1985,10,5,0.0,无,3.2,13.9,-4.7,0.44,0.06,684.1,685.3,682.4,4.8,,,无
1985-10-06,52645.0,青海,野牛沟,38.41666666666666,99.58333333333331,3180.0,1985,10,6,0.0,无,1.6,11.6,-4.9,0.63,0.26,683.0,685.2,680.4,2.7,,,无
1985-10-07,52645.0,青海,野牛沟,38.41666666666666,99.58333333333331,3180.0,1985,10,7,0.2,normal,1.6,7.5,-2.1,0.75,0.36,681.4,683.2,679.3,1.6,,-0.31284121557098477,Snow
1985-10-08,52645.0,青海,野牛沟,38.41666666666666,99.58333333333331,3180.0,1985,10,8,0.2,normal,1.6,7.7,-2.4,0.7,0.31,682.2,683.1,680.3,2.8,,-0.7079480497058777,Snow
1985-10-09,52645.0,青海,野牛沟,38.41666666666666,99.58333333333331,3180.0,1985,10,9,0.0,无,2.4,13.2,-3.6,0.55,0.02,682.0,684.0,679.3,3.6,,,无
1985-10-10,52645.0,青海,野牛沟,38.41666666666666,99.58333333333331,3180.0,1985,10,10,0.0,无,1.8,15.3,-8.0,0.61,0.13,680.2,682.3,676.6,4.7,,,无
1985-10-11,52645.0,青海,野牛沟,38.41666666666666,99.58333333333331,3180.0,1985,10,11,6.5,normal,0.5,7.9,-1.4,0.82,0.6,681.9,684.5,677.7,0.9,,-0.8053963506403461,Snow
1985-10-12,52645.0,青海,野牛沟,38.41666666666666,99.58333333333331,3180.0,1985,10,12,0.0,无,-0.1,7.0,-5.1,0.81,0.47,684.9,686.7,682.5,1.6,,,无
1985-10-13,52645.0,青海,野牛沟,38.41666666666666,99.58333333333331,3180.0,1985,10,13,0.0,无,2.8,8.4,-1.7,0.71,0.45,682.8,683.7,681.8,1.9,,,无
1985-10-14,52645.0,青海,野牛沟,38.41666666666666,99.58333333333331,3180.0,1985,10,14,3.1,normal,0.2,9.9,-4.6,0.79,0.43,680.6,683.2,677.9,0.4,,-1.310524643951534,Snow
1985-10-15,52645.0,青海,野牛沟,38.41666666666666,99.58333333333331,3180.0,1985,10,15,1.9,normal,-2.3,0.6,-4.1,0.8,0.7,682.4,683.7,679.5,1.3,,-3.5866883108236225,Snow
1985-10-16,52645.0,青海,野牛沟,38.41666666666666,99.58333333333331,3180.0,1985,10,16,0.8,normal,-1.7,2.6,-4.3,0.86,0.7,682.9,683.9,681.7,0.6,,-2.619617795624225,Snow
1985-10-17,52645.0,青海,野牛沟,38.41666666666666,99.58333333333331,3180.0,1985,10,17,0.3,normal,-0.6,4.1,-2.7,0.75,0.55,682.1,684.0,680.1,1.5,,-2.343268341030984,Snow
1985-10-18,52645.0,青海,野牛沟,38.41666666666666,99.58333333333331,3180.0,1985,10,18,1.9,normal,-2.0,0.6,-3.4,0.9,0.69,680.2,680.9,678.6,0.0,,-2.6471639764525756,Snow
1985-10-19,52645.0,青海,野牛沟,38.41666666666666,99.58333333333331,3180.0,1985,10,19,4.9,normal,-4.7,0.3,-7.4,0.8,0.47,682.9,684.6,679.7,1.4,,-5.848869442550639,Snow
1985-10-20,52645.0,青海,野牛沟,38.41666666666666,99.58333333333331,3180.0,1985,10,20,0.0,无,-7.3,2.1,-13.1,0.68,0.34,687.1,688.3,684.6,1.7,,,无
1985-10-21,52645.0,青海,野牛沟,38.41666666666666,99.58333333333331,3180.0,1985,10,21,0.0,无,-6.4,2.8,-12.7,0.62,0.31,689.7,691.4,687.7,1.6,,,无
1985-10-22,52645.0,青海,野牛沟,38.41666666666666,99.58333333333331,3180.0,1985,10,22,0.0,无,-5.4,5.0,-12.2,0.61,0.24,688.2,689.6,686.5,1.8,,,无
1985-10-23,52645.0,青海,野牛沟,38.41666666666666,99.58333333333331,3180.0,1985,10,23,0.0,无,-5.0,4.8,-11.5,0.65,0.26,684.9,687.3,682.2,1.9,,,无
1985-10-24,52645.0,青海,野牛沟,38.41666666666666,99.58333333333331,3180.0,1985,10,24,0.0,无,-3.9,6.5,-11.1,0.63,0.26,684.2,685.3,682.5,2.1,,,无
1985-10-25,52645.0,青海,野牛沟,38.41666666666666,99.58333333333331,3180.0,1985,10,25,0.0,无,-2.7,6.5,-8.8,0.59,0.23,683.5,685.3,681.6,2.0,,,无
1985-10-26,52645.0,青海,野牛沟,38.41666666666666,99.58333333333331,3180.0,1985,10,26,0.0,无,-3.5,7.9,-10.3,0.65,0.22,682.0,683.3,679.6,1.8,,,无
1985-10-27,52645.0,青海,野牛沟,38.41666666666666,99.58333333333331,3180.0,1985,10,27,0.0,无,-2.4,6.3,-9.2,0.61,0.27,682.3,683.8,681.0,1.8,,,无
1985-10-28,52645.0,青海,野牛沟,38.41666666666666,99.58333333333331,3180.0,1985,10,28,0.0,无,-3.7,2.1,-5.7,0.64,0.3,683.7,684.5,682.1,2.3,,,无
1985-10-29,52645.0,青海,野牛沟,38.41666666666666,99.58333333333331,3180.0,1985,10,29,0.0,无,-6.0,2.8,-12.7,0.64,0.2,684.3,685.6,682.7,1.5,,,无
1985-10-30,52645.0,青海,野牛沟,38.41666666666666,99.58333333333331,3180.0,1985,10,30,0.0,无,-6.8,1.2,-13.2,0.63,0.28,686.2,687.3,684.7,1.4,,,无
1985-10-31,52645.0,青海,野牛沟,38.41666666666666,99.58333333333331,3180.0,1985,10,31,0.0,无,-7.6,3.1,-14.6,0.62,0.25,685.4,687.4,682.9,1.6,,,无
1985-11-01,52645.0,青海,野牛沟,38.41666666666666,99.58333333333331,3180.0,1985,11,1,0.0,无,-6.5,3.9,-13.8,0.56,0.15,683.3,684.6,681.7,1.8,,,无
1985-11-02,52645.0,青海,野牛沟,38.41666666666666,99.58333333333331,3180.0,1985,11,2,0.0,无,-7.0,3.0,-14.7,0.57,0.21,685.5,686.6,683.2,2.3,,,无
1985-11-03,52645.0,青海,野牛沟,38.41666666666666,99.58333333333331,3180.0,1985,11,3,0.3,normal,-7.9,-1.5,-12.7,0.72,0.36,687.0,688.4,685.5,0.9,,-9.266940273649627,Snow
1985-11-04,52645.0,青海,野牛沟,38.41666666666666,99.58333333333331,3180.0,1985,11,4,0.0,无,-9.7,1.3,-17.3,0.59,0.17,683.9,686.3,681.3,1.5,,,无
1985-11-05,52645.0,青海,野牛沟,38.41666666666666,99.58333333333331,3180.0,1985,11,5,0.0,无,-7.7,3.6,-16.6,0.53,0.12,679.5,682.4,676.4,1.5,,,无
1985-11-06,52645.0,青海,野牛沟,38.41666666666666,99.58333333333331,3180.0,1985,11,6,0.0,无,-8.3,2.5,-16.1,0.53,0.19,678.9,680.7,676.3,2.2,,,无
1985-11-07,52645.0,青海,野牛沟,38.41666666666666,99.58333333333331,3180.0,1985,11,7,0.5,normal,-11.1,-4.0,-18.1,0.66,0.24,683.0,683.9,680.7,1.3,,-12.495391231988865,Snow
1985-11-08,52645.0,青海,野牛沟,38.41666666666666,99.58333333333331,3180.0,1985,11,8,0.0,无,-13.3,-3.5,-20.6,0.49,0.16,683.5,685.3,681.2,1.2,,,无
1985-11-09,52645.0,青海,野牛沟,38.41666666666666,99.58333333333331,3180.0,1985,11,9,0.0,无,-12.9,-2.0,-20.1,0.55,0.18,680.5,682.2,678.6,1.5,,,无
1985-11-10,52645.0,青海,野牛沟,38.41666666666666,99.58333333333331,3180.0,1985,11,10,0.0,无,-11.4,0.6,-20.1,0.51,0.19,678.5,680.6,676.3,1.6,,,无
1985-11-11,52645.0,青海,野牛沟,38.41666666666666,99.58333333333331,3180.0,1985,11,11,0.0,无,-11.7,-1.1,-19.8,0.49,0.13,681.3,683.0,678.2,1.2,,,无
1985-11-12,52645.0,青海,野牛沟,38.41666666666666,99.58333333333331,3180.0,1985,11,12,0.0,无,-11.8,-3.4,-18.3,0.54,0.25,682.3,683.1,680.3,1.5,,,无
1985-11-13,52645.0,青海,野牛沟,38.41666666666666,99.58333333333331,3180.0,1985,11,13,0.0,无,-11.9,0.9,-20.4,0.5,0.16,683.4,685.0,681.4,1.5,,,无
1985-11-14,52645.0,青海,野牛沟,38.41666666666666,99.58333333333331,3180.0,1985,11,14,0.0,无,-6.8,-0.5,-11.6,0.47,0.16,681.6,682.8,679.9,2.1,,,无
1985-11-15,52645.0,青海,野牛沟,38.41666666666666,99.58333333333331,3180.0,1985,11,15,0.0,无,-8.7,-3.7,-13.0,0.48,0.26,681.7,684.0,680.6,1.9,,,无
1985-11-16,52645.0,青海,野牛沟,38.41666666666666,99.58333333333331,3180.0,1985,11,16,0.0,无,-9.3,1.6,-17.0,0.52,0.17,683.8,684.6,682.5,1.7,,,无
1985-11-17,52645.0,青海,野牛沟,38.41666666666666,99.58333333333331,3180.0,1985,11,17,0.0,无,-11.0,2.0,-19.7,0.47,0.12,683.1,684.8,681.1,1.6,,,无
1985-11-18,52645.0,青海,野牛沟,38.41666666666666,99.58333333333331,3180.0,1985,11,18,0.0,无,-10.8,1.6,-18.4,0.48,0.17,682.1,682.8,680.9,1.8,,,无
1985-11-19,52645.0,青海,野牛沟,38.41666666666666,99.58333333333331,3180.0,1985,11,19,0.0,无,-11.6,1.3,-20.2,0.53,0.22,679.2,683.2,676.0,1.3,,,无
1985-11-20,52645.0,青海,野牛沟,38.41666666666666,99.58333333333331,3180.0,1985,11,20,0.0,无,-10.0,3.4,-19.4,0.52,0.16,675.2,677.6,672.4,1.6,,,无
1985-11-21,52645.0,青海,野牛沟,38.41666666666666,99.58333333333331,3180.0,1985,11,21,0.0,无,-5.5,2.4,-11.9,0.37,0.14,672.7,674.0,671.1,2.7,,,无
1985-11-22,52645.0,青海,野牛沟,38.41666666666666,99.58333333333331,3180.0,1985,11,22,0.0,无,-11.3,-4.8,-18.0,0.47,0.15,677.6,678.8,674.0,2.3,,,无
1985-11-23,52645.0,青海,野牛沟,38.41666666666666,99.58333333333331,3180.0,1985,11,23,0.0,无,-15.5,-5.5,-22.4,0.4,0.14,681.1,682.5,678.7,1.5,,,无
1985-11-24,52645.0,青海,野牛沟,38.41666666666666,99.58333333333331,3180.0,1985,11,24,0.0,无,-17.0,-4.2,-25.5,0.44,0.16,681.1,682.9,678.6,1.3,,,无
1985-11-25,52645.0,青海,野牛沟,38.41666666666666,99.58333333333331,3180.0,1985,11,25,0.0,无,-13.8,-1.1,-22.4,0.47,0.17,678.4,680.1,676.1,0.8,,,无
1985-11-26,52645.0,青海,野牛沟,38.41666666666666,99.58333333333331,3180.0,1985,11,26,0.3,normal,-11.4,-1.9,-20.3,0.61,0.27,678.1,679.8,674.4,0.9,,-12.983768344439163,Snow
1985-11-27,52645.0,青海,野牛沟,38.41666666666666,99.58333333333331,3180.0,1985,11,27,0.3,normal,-14.6,-6.4,-21.8,0.69,0.3,680.2,681.7,678.4,0.7,,-15.62806747441375,Snow
1985-11-28,52645.0,青海,野牛沟,38.41666666666666,99.58333333333331,3180.0,1985,11,28,0.0,无,-18.4,-7.4,-27.2,0.46,0.19,681.0,682.8,678.6,0.9,,,无
1985-11-29,52645.0,青海,野牛沟,38.41666666666666,99.58333333333331,3180.0,1985,11,29,0.0,无,-12.6,-4.6,-19.0,0.32,0.15,681.4,683.3,679.2,1.9,,,无
1985-11-30,52645.0,青海,野牛沟,38.41666666666666,99.58333333333331,3180.0,1985,11,30,0.0,无,-14.3,-1.1,-23.6,0.4,0.13,682.6,684.1,680.0,1.5,,,无
1985-12-01,52645.0,青海,野牛沟,38.41666666666666,99.58333333333331,3180.0,1985,12,1,0.0,无,-14.0,-2.1,-22.5,0.38,0.14,683.2,684.8,681.2,1.8,,,无
1985-12-02,52645.0,青海,野牛沟,38.41666666666666,99.58333333333331,3180.0,1985,12,2,0.0,无,-14.2,-3.5,-23.6,0.43,0.15,680.2,682.0,678.4,0.9,,,无
1985-12-03,52645.0,青海,野牛沟,38.41666666666666,99.58333333333331,3180.0,1985,12,3,0.0,无,-13.8,-2.6,-21.5,0.37,0.13,680.3,681.8,678.9,1.5,,,无
1985-12-04,52645.0,青海,野牛沟,38.41666666666666,99.58333333333331,3180.0,1985,12,4,0.0,无,-14.4,-4.5,-21.7,0.33,0.12,679.2,680.4,677.7,1.2,,,无
1985-12-05,52645.0,青海,野牛沟,38.41666666666666,99.58333333333331,3180.0,1985,12,5,0.0,无,-15.1,-3.3,-23.8,0.49,0.23,677.7,679.4,675.6,1.2,,,无
1985-12-06,52645.0,青海,野牛沟,38.41666666666666,99.58333333333331,3180.0,1985,12,6,0.0,无,-11.0,-0.3,-20.0,0.43,0.13,674.8,677.9,672.1,2.1,,,无
1985-12-07,52645.0,青海,野牛沟,38.41666666666666,99.58333333333331,3180.0,1985,12,7,0.0,无,-10.1,1.4,-18.7,0.26,0.1,676.5,677.9,674.7,2.0,,,无
1985-12-08,52645.0,青海,野牛沟,38.41666666666666,99.58333333333331,3180.0,1985,12,8,0.0,无,-12.4,2.8,-21.5,0.35,0.12,676.3,678.2,673.5,1.3,,,无
1985-12-09,52645.0,青海,野牛沟,38.41666666666666,99.58333333333331,3180.0,1985,12,9,0.0,无,-12.4,-1.9,-21.4,0.47,0.21,673.3,676.0,670.1,0.9,,,无
1985-12-10,52645.0,青海,野牛沟,38.41666666666666,99.58333333333331,3180.0,1985,12,10,0.0,无,-11.7,-4.4,-18.1,0.4,0.26,676.5,678.0,673.5,1.1,,,无
1985-12-11,52645.0,青海,野牛沟,38.41666666666666,99.58333333333331,3180.0,1985,12,11,0.0,无,-15.6,-5.0,-22.3,0.53,0.16,678.2,679.7,676.6,1.0,,,无
1985-12-12,52645.0,青海,野牛沟,38.41666666666666,99.58333333333331,3180.0,1985,12,12,0.0,无,-15.7,-1.9,-25.3,0.35,0.13,677.6,680.5,674.7,1.5,,,无
1985-12-13,52645.0,青海,野牛沟,38.41666666666666,99.58333333333331,3180.0,1985,12,13,0.0,无,-13.2,-7.9,-17.1,0.31,0.09,677.2,680.3,673.8,2.3,,,无
1985-12-14,52645.0,青海,野牛沟,38.41666666666666,99.58333333333331,3180.0,1985,12,14,0.0,无,-15.6,-2.0,-24.2,0.24,0.08,683.8,685.4,680.4,1.5,,,无
1985-12-15,52645.0,青海,野牛沟,38.41666666666666,99.58333333333331,3180.0,1985,12,15,0.0,无,-14.7,0.0,-23.7,0.34,0.13,684.5,686.2,682.6,1.2,,,无
1985-12-16,52645.0,青海,野牛沟,38.41666666666666,99.58333333333331,3180.0,1985,12,16,0.0,无,-13.3,1.3,-23.4,0.37,0.15,679.4,683.6,675.8,1.2,,,无
1985-12-17,52645.0,青海,野牛沟,38.41666666666666,99.58333333333331,3180.0,1985,12,17,0.0,无,-11.5,-0.6,-17.8,0.39,0.18,677.8,678.7,675.8,0.9,,,无
1985-12-18,52645.0,青海,野牛沟,38.41666666666666,99.58333333333331,3180.0,1985,12,18,0.0,无,-12.9,-2.5,-20.4,0.47,0.22,678.4,679.4,677.0,0.8,,,无
1985-12-19,52645.0,青海,野牛沟,38.41666666666666,99.58333333333331,3180.0,1985,12,19,0.0,无,-14.8,-2.7,-22.5,0.56,0.24,678.9,680.5,676.9,0.8,,,无
1985-12-20,52645.0,青海,野牛沟,38.41666666666666,99.58333333333331,3180.0,1985,12,20,0.0,无,-15.4,-3.4,-23.4,0.51,0.22,679.9,681.3,677.9,0.9,,,无
1985-12-21,52645.0,青海,野牛沟,38.41666666666666,99.58333333333331,3180.0,1985,12,21,0.0,无,-14.9,-2.5,-23.1,0.54,0.23,682.7,684.4,680.1,1.0,,,无
1985-12-22,52645.0,青海,野牛沟,38.41666666666666,99.58333333333331,3180.0,1985,12,22,0.0,无,-12.5,1.8,-21.6,0.46,0.2,684.4,686.7,683.6,1.4,,,无
1985-12-23,52645.0,青海,野牛沟,38.41666666666666,99.58333333333331,3180.0,1985,12,23,0.0,无,-11.0,1.8,-20.5,0.43,0.14,680.9,684.2,677.7,1.3,,,无
1985-12-24,52645.0,青海,野牛沟,38.41666666666666,99.58333333333331,3180.0,1985,12,24,0.0,无,-10.6,-2.2,-18.7,0.56,0.29,679.0,680.5,676.7,0.8,,,无
1985-12-25,52645.0,青海,野牛沟,38.41666666666666,99.58333333333331,3180.0,1985,12,25,1.3,normal,-11.5,-3.2,-18.0,0.75,0.42,679.2,681.0,678.2,0.5,,-12.502244395746501,Snow
1985-12-26,52645.0,青海,野牛沟,38.41666666666666,99.58333333333331,3180.0,1985,12,26,0.0,无,-16.1,-4.8,-24.4,0.6,0.34,678.0,679.6,676.3,0.6,,,无
1985-12-27,52645.0,青海,野牛沟,38.41666666666666,99.58333333333331,3180.0,1985,12,27,0.0,无,-15.5,-3.6,-24.1,0.59,0.26,676.1,679.1,673.3,0.7,,,无
1985-12-28,52645.0,青海,野牛沟,38.41666666666666,99.58333333333331,3180.0,1985,12,28,0.8,normal,-11.8,-9.0,-16.3,0.73,0.48,675.1,677.5,672.9,0.7,,-12.868763610939705,Snow
1985-12-29,52645.0,青海,野牛沟,38.41666666666666,99.58333333333331,3180.0,1985,12,29,0.8,normal,-16.8,-10.7,-22.8,0.75,0.48,675.9,677.4,674.8,0.7,,-17.52003771676489,Snow
1985-12-30,52645.0,青海,野牛沟,38.41666666666666,99.58333333333331,3180.0,1985,12,30,0.0,无,-21.7,-9.1,-28.8,0.63,0.3,677.5,679.6,676.4,0.6,,,无
1985-12-31,52645.0,青海,野牛沟,38.41666666666666,99.58333333333331,3180.0,1985,12,31,0.0,无,-22.6,-10.3,-30.5,0.57,0.26,680.7,682.9,678.6,0.4,,,无
1986-01-01,52645.0,青海,野牛沟,38.41666666666666,99.58333333333331,3180.0,1986,1,1,0.0,无,-22.1,-7.3,-29.7,0.52,0.22,676.1,678.9,673.1,0.6,,,无
1986-01-02,52645.0,青海,野牛沟,38.41666666666666,99.58333333333331,3180.0,1986,1,2,0.0,无,-19.0,-9.1,-26.0,0.51,0.23,678.0,680.6,674.4,0.8,,,无
1986-01-03,52645.0,青海,野牛沟,38.41666666666666,99.58333333333331,3180.0,1986,1,3,0.0,无,-21.0,-8.8,-29.2,0.49,0.2,681.9,683.5,680.7,0.7,,,无
1986-01-04,52645.0,青海,野牛沟,38.41666666666666,99.58333333333331,3180.0,1986,1,4,0.0,无,-20.7,-8.0,-28.9,0.48,0.16,682.1,683.7,680.1,0.6,,,无
1986-01-05,52645.0,青海,野牛沟,38.41666666666666,99.58333333333331,3180.0,1986,1,5,0.0,无,-19.1,-9.5,-28.2,0.51,0.23,679.1,681.7,675.9,0.5,,,无
1986-01-06,52645.0,青海,野牛沟,38.41666666666666,99.58333333333331,3180.0,1986,1,6,0.0,无,-18.1,-6.6,-26.5,0.4,0.11,678.9,680.1,676.0,1.0,,,无
1986-01-07,52645.0,青海,野牛沟,38.41666666666666,99.58333333333331,3180.0,1986,1,7,0.0,无,-16.7,-4.0,-25.9,0.28,0.08,679.7,681.1,678.1,1.0,,,无
1986-01-08,52645.0,青海,野牛沟,38.41666666666666,99.58333333333331,3180.0,1986,1,8,0.0,无,-15.9,-3.8,-25.9,0.41,0.12,681.6,683.2,679.9,1.2,,,无
1986-01-09,52645.0,青海,野牛沟,38.41666666666666,99.58333333333331,3180.0,1986,1,9,0.0,无,-14.8,-0.2,-24.1,0.34,0.08,683.4,685.7,681.7,1.0,,,无
1986-01-10,52645.0,青海,野牛沟,38.41666666666666,99.58333333333331,3180.0,1986,1,10,0.0,无,-17.1,-2.9,-26.2,0.35,0.09,681.2,683.1,679.0,1.0,,,无
1986-01-11,52645.0,青海,野牛沟,38.41666666666666,99.58333333333331,3180.0,1986,1,11,0.0,无,-17.5,-2.4,-26.9,0.35,0.1,680.3,681.9,677.9,1.0,,,无
1986-01-12,52645.0,青海,野牛沟,38.41666666666666,99.58333333333331,3180.0,1986,1,12,0.0,无,-17.5,-5.2,-26.6,0.37,0.14,680.5,682.8,677.7,1.4,,,无
1986-01-13,52645.0,青海,野牛沟,38.41666666666666,99.58333333333331,3180.0,1986,1,13,0.0,无,-17.6,-2.6,-25.9,0.44,0.14,677.7,678.9,675.7,0.7,,,无
1986-01-14,52645.0,青海,野牛沟,38.41666666666666,99.58333333333331,3180.0,1986,1,14,0.0,无,-14.2,-2.5,-24.1,0.32,0.12,678.1,680.0,675.8,1.5,,,无
1986-01-15,52645.0,青海,野牛沟,38.41666666666666,99.58333333333331,3180.0,1986,1,15,0.0,无,-16.8,-3.0,-25.2,0.3,0.09,678.4,680.4,675.3,0.9,,,无
1986-01-16,52645.0,青海,野牛沟,38.41666666666666,99.58333333333331,3180.0,1986,1,16,0.0,无,-15.2,-1.3,-24.5,0.28,0.1,675.2,677.2,671.8,1.4,,,无
1986-01-17,52645.0,青海,野牛沟,38.41666666666666,99.58333333333331,3180.0,1986,1,17,0.0,无,-13.8,-3.3,-24.0,0.32,0.12,675.6,677.7,673.2,1.2,,,无
1986-01-18,52645.0,青海,野牛沟,38.41666666666666,99.58333333333331,3180.0,1986,1,18,0.0,无,-16.0,-3.4,-25.0,0.37,0.12,675.5,677.1,674.4,1.1,,,无
1986-01-19,52645.0,青海,野牛沟,38.41666666666666,99.58333333333331,3180.0,1986,1,19,0.0,无,-15.9,-3.3,-24.7,0.33,0.11,676.5,677.2,674.9,1.1,,,无
1986-01-20,52645.0,青海,野牛沟,38.41666666666666,99.58333333333331,3180.0,1986,1,20,0.0,无,-12.5,-4.2,-21.6,0.36,0.09,677.6,678.7,676.2,1.8,,,无
1986-01-21,52645.0,青海,野牛沟,38.41666666666666,99.58333333333331,3180.0,1986,1,21,0.0,无,-16.8,-3.8,-26.6,0.31,0.1,677.8,678.7,675.5,1.2,,,无
1986-01-22,52645.0,青海,野牛沟,38.41666666666666,99.58333333333331,3180.0,1986,1,22,0.0,无,-13.5,-1.0,-22.7,0.32,0.08,676.6,679.2,673.9,1.8,,,无
1986-01-23,52645.0,青海,野牛沟,38.41666666666666,99.58333333333331,3180.0,1986,1,23,0.0,无,-15.4,-0.7,-25.2,0.27,0.1,674.8,676.6,671.9,1.5,,,无
1986-01-24,52645.0,青海,野牛沟,38.41666666666666,99.58333333333331,3180.0,1986,1,24,0.0,无,-18.6,-9.8,-25.5,0.4,0.16,679.2,681.2,674.3,0.7,,,无
1986-01-25,52645.0,青海,野牛沟,38.41666666666666,99.58333333333331,3180.0,1986,1,25,0.0,无,-18.6,-5.7,-28.3,0.3,0.08,681.8,682.9,679.7,1.0,,,无
1986-01-26,52645.0,青海,野牛沟,38.41666666666666,99.58333333333331,3180.0,1986,1,26,0.0,无,-18.3,-4.8,-29.3,0.22,0.08,681.5,684.6,677.6,1.4,,,无
1986-01-27,52645.0,青海,野牛沟,38.41666666666666,99.58333333333331,3180.0,1986,1,27,0.0,无,-15.5,-2.4,-25.6,0.27,0.1,676.3,677.9,673.5,1.2,,,无
1986-01-28,52645.0,青海,野牛沟,38.41666666666666,99.58333333333331,3180.0,1986,1,28,0.0,无,-11.8,-2.1,-23.1,0.31,0.12,675.2,676.9,672.3,1.5,,,无
1986-01-29,52645.0,青海,野牛沟,38.41666666666666,99.58333333333331,3180.0,1986,1,29,0.0,无,-13.2,-3.3,-22.2,0.38,0.14,674.6,676.1,672.3,1.5,,,无
1986-01-30,52645.0,青海,野牛沟,38.41666666666666,99.58333333333331,3180.0,1986,1,30,0.0,无,-15.6,-6.8,-24.0,0.38,0.2,674.6,676.2,672.8,1.1,,,无
1986-01-31,52645.0,青海,野牛沟,38.41666666666666,99.58333333333331,3180.0,1986,1,31,0.0,无,-17.7,-6.7,-26.3,0.4,0.14,673.5,675.1,670.7,1.0,,,无
1986-02-01,52645.0,青海,野牛沟,38.41666666666666,99.58333333333331,3180.0,1986,2,1,0.0,无,-12.4,-8.1,-17.3,0.25,0.13,671.3,673.5,669.5,1.7,,,无
1986-02-02,52645.0,青海,野牛沟,38.41666666666666,99.58333333333331,3180.0,1986,2,2,0.0,无,-15.8,-8.1,-24.4,0.37,0.14,673.1,674.4,670.8,2.5,,,无
1986-02-03,52645.0,青海,野牛沟,38.41666666666666,99.58333333333331,3180.0,1986,2,3,0.0,无,-18.0,-5.3,-27.9,0.39,0.14,672.3,674.2,669.5,1.5,,,无
1986-02-04,52645.0,青海,野牛沟,38.41666666666666,99.58333333333331,3180.0,1986,2,4,0.0,无,-15.2,-5.8,-22.5,0.33,0.16,670.7,671.9,668.2,1.8,,,无
1986-02-05,52645.0,青海,野牛沟,38.41666666666666,99.58333333333331,3180.0,1986,2,5,0.0,无,-17.9,-3.7,-27.5,0.36,0.07,674.9,677.2,671.9,1.2,,,无
1986-02-06,52645.0,青海,野牛沟,38.41666666666666,99.58333333333331,3180.0,1986,2,6,0.0,无,-16.1,-4.4,-26.1,0.33,0.11,676.0,677.4,673.6,1.3,,,无
1986-02-07,52645.0,青海,野牛沟,38.41666666666666,99.58333333333331,3180.0,1986,2,7,0.0,无,-13.6,0.3,-25.0,0.36,0.09,676.6,679.0,672.8,1.6,,,无
1986-02-08,52645.0,青海,野牛沟,38.41666666666666,99.58333333333331,3180.0,1986,2,8,0.0,无,-10.9,-1.9,-21.6,0.26,0.1,675.4,677.0,673.7,2.3,,,无
1986-02-09,52645.0,青海,野牛沟,38.41666666666666,99.58333333333331,3180.0,1986,2,9,0.0,无,-13.9,-0.1,-24.2,0.17,0.02,681.7,683.8,676.8,2.3,,,无
1986-02-10,52645.0,青海,野牛沟,38.41666666666666,99.58333333333331,3180.0,1986,2,10,0.0,无,-11.9,4.2,-24.2,0.17,0.0,680.8,683.3,677.4,1.6,,,无
1986-02-11,52645.0,青海,野牛沟,38.41666666666666,99.58333333333331,3180.0,1986,2,11,0.0,无,-10.0,2.8,-22.2,0.23,0.04,675.0,678.0,671.1,1.9,,,无
1986-02-12,52645.0,青海,野牛沟,38.41666666666666,99.58333333333331,3180.0,1986,2,12,0.0,无,-8.8,3.8,-19.5,0.26,0.07,675.5,677.4,672.1,2.5,,,无
1986-02-13,52645.0,青海,野牛沟,38.41666666666666,99.58333333333331,3180.0,1986,2,13,0.0,无,-9.8,2.3,-20.5,0.28,0.09,676.7,678.4,674.6,2.1,,,无
1986-02-14,52645.0,青海,野牛沟,38.41666666666666,99.58333333333331,3180.0,1986,2,14,0.0,无,-10.2,2.1,-18.3,0.35,0.12,676.0,678.6,673.3,1.7,,,无
1986-02-15,52645.0,青海,野牛沟,38.41666666666666,99.58333333333331,3180.0,1986,2,15,0.0,无,-9.0,1.9,-18.7,0.56,0.2,671.6,674.3,668.1,1.3,,,无
1986-02-16,52645.0,青海,野牛沟,38.41666666666666,99.58333333333331,3180.0,1986,2,16,0.5,normal,-9.9,-2.3,-14.1,0.66,0.26,672.0,673.9,668.7,1.0,,-11.412645990443483,Snow
1986-02-17,52645.0,青海,野牛沟,38.41666666666666,99.58333333333331,3180.0,1986,2,17,0.0,无,-11.4,-0.5,-21.2,0.52,0.05,674.7,676.1,673.9,1.3,,,无
1986-02-18,52645.0,青海,野牛沟,38.41666666666666,99.58333333333331,3180.0,1986,2,18,0.0,无,-10.4,1.4,-21.7,0.32,0.03,674.0,675.8,670.9,2.6,,,无
1986-02-19,52645.0,青海,野牛沟,38.41666666666666,99.58333333333331,3180.0,1986,2,19,0.0,无,-13.4,-1.2,-22.7,0.36,0.05,678.6,680.1,673.4,1.9,,,无
1986-02-20,52645.0,青海,野牛沟,38.41666666666666,99.58333333333331,3180.0,1986,2,20,0.0,无,-13.4,-2.0,-22.6,0.34,0.13,679.1,681.2,676.2,1.5,,,无
1986-02-21,52645.0,青海,野牛沟,38.41666666666666,99.58333333333331,3180.0,1986,2,21,0.0,无,-11.6,0.2,-21.9,0.34,0.09,678.2,679.8,674.8,1.8,,,无
1986-02-22,52645.0,青海,野牛沟,38.41666666666666,99.58333333333331,3180.0,1986,2,22,0.0,无,-10.9,0.9,-21.6,0.39,0.0,677.8,679.0,675.6,2.5,,,无
1986-02-23,52645.0,青海,野牛沟,38.41666666666666,99.58333333333331,3180.0,1986,2,23,0.0,无,-11.9,-2.2,-22.4,0.29,0.03,676.0,677.9,673.4,2.2,,,无
1986-02-24,52645.0,青海,野牛沟,38.41666666666666,99.58333333333331,3180.0,1986,2,24,1.5,normal,-11.9,-3.4,-22.5,0.74,0.23,676.4,678.2,674.5,1.0,,-12.92126973015581,Snow
1986-02-25,52645.0,青海,野牛沟,38.41666666666666,99.58333333333331,3180.0,1986,2,25,1.7,normal,-12.5,-7.1,-16.2,0.7,0.35,678.0,679.5,675.9,0.2,,-13.636446110682176,Snow
1986-02-26,52645.0,青海,野牛沟,38.41666666666666,99.58333333333331,3180.0,1986,2,26,0.0,无,-20.3,-12.8,-28.5,0.65,0.29,679.7,681.0,677.6,1.1,,,无
1986-02-27,52645.0,青海,野牛沟,38.41666666666666,99.58333333333331,3180.0,1986,2,27,0.0,无,-23.0,-15.4,-31.5,0.6,0.36,677.5,679.7,675.0,1.1,,,无
1986-02-28,52645.0,青海,野牛沟,38.41666666666666,99.58333333333331,3180.0,1986,2,28,0.5,normal,-19.1,-15.3,-22.6,0.52,0.32,679.8,681.9,678.0,1.1,,-20.27907568902149,Snow
1986-03-01,52645.0,青海,野牛沟,38.41666666666666,99.58333333333331,3180.0,1986,3,1,0.0,无,-20.5,-9.8,-29.0,0.57,0.34,684.7,686.0,681.9,1.2,,,无
1986-03-02,52645.0,青海,野牛沟,38.41666666666666,99.58333333333331,3180.0,1986,3,2,0.0,无,-20.2,-7.6,-29.2,0.5,0.2,685.6,687.3,683.6,1.5,,,无
1986-03-03,52645.0,青海,野牛沟,38.41666666666666,99.58333333333331,3180.0,1986,3,3,0.0,无,-18.4,-5.4,-28.2,0.46,0.15,683.4,684.5,681.1,1.6,,,无
1986-03-04,52645.0,青海,野牛沟,38.41666666666666,99.58333333333331,3180.0,1986,3,4,0.0,无,-15.3,0.5,-26.5,0.41,0.07,680.2,682.2,678.4,1.7,,,无
1986-03-05,52645.0,青海,野牛沟,38.41666666666666,99.58333333333331,3180.0,1986,3,5,0.0,无,-12.1,2.6,-23.0,0.41,0.11,679.3,680.9,676.5,2.1,,,无
1986-03-06,52645.0,青海,野牛沟,38.41666666666666,99.58333333333331,3180.0,1986,3,6,0.0,无,-10.9,4.5,-23.2,0.43,0.1,677.8,680.0,673.8,2.5,,,无
1986-03-07,52645.0,青海,野牛沟,38.41666666666666,99.58333333333331,3180.0,1986,3,7,0.4,normal,-7.0,-1.5,-10.7,0.49,0.17,677.4,678.6,674.7,2.3,,-9.674294253775276,Snow
1986-03-08,52645.0,青海,野牛沟,38.41666666666666,99.58333333333331,3180.0,1986,3,8,0.0,无,-13.1,-3.2,-23.2,0.39,0.12,679.2,681.4,676.2,2.3,,,无
1986-03-09,52645.0,青海,野牛沟,38.41666666666666,99.58333333333331,3180.0,1986,3,9,0.0,无,-11.7,0.3,-22.6,0.33,0.1,675.9,678.7,672.3,2.7,,,无
1986-03-10,52645.0,青海,野牛沟,38.41666666666666,99.58333333333331,3180.0,1986,3,10,0.0,无,-5.6,4.0,-14.1,0.32,0.12,674.1,675.1,673.1,4.0,,,无
1986-03-11,52645.0,青海,野牛沟,38.41666666666666,99.58333333333331,3180.0,1986,3,11,0.0,无,-5.6,9.0,-17.9,0.36,0.05,674.0,676.6,671.0,3.4,,,无
1986-03-12,52645.0,青海,野牛沟,38.41666666666666,99.58333333333331,3180.0,1986,3,12,0.0,无,-4.6,5.3,-11.8,0.36,0.09,674.2,675.9,671.4,2.7,,,无
1986-03-13,52645.0,青海,野牛沟,38.41666666666666,99.58333333333331,3180.0,1986,3,13,0.0,无,-4.6,9.5,-15.9,0.36,0.05,677.1,679.0,674.0,3.8,,,无
1986-03-14,52645.0,青海,野牛沟,38.41666666666666,99.58333333333331,3180.0,1986,3,14,0.0,无,-3.9,8.7,-14.1,0.36,0.09,675.1,676.6,671.8,3.8,,,无
1986-03-15,52645.0,青海,野牛沟,38.41666666666666,99.58333333333331,3180.0,1986,3,15,0.0,无,-2.9,8.5,-11.5,0.56,0.16,671.0,673.7,667.7,3.2,,,无
1986-03-16,52645.0,青海,野牛沟,38.41666666666666,99.58333333333331,3180.0,1986,3,16,0.2,normal,-4.0,8.4,-12.2,0.67,0.21,667.4,669.9,663.4,2.2,,-6.008724404575596,Snow
1986-03-17,52645.0,青海,野牛沟,38.41666666666666,99.58333333333331,3180.0,1986,3,17,0.0,无,-5.2,5.0,-13.7,0.55,0.11,670.4,672.7,667.3,2.9,,,无
1986-03-18,52645.0,青海,野牛沟,38.41666666666666,99.58333333333331,3180.0,1986,3,18,0.0,无,-6.3,4.8,-16.8,0.41,0.05,672.4,674.7,669.0,2.9,,,无
1986-03-19,52645.0,青海,野牛沟,38.41666666666666,99.58333333333331,3180.0,1986,3,19,0.0,无,-6.7,0.4,-10.0,0.41,0.13,668.3,670.3,665.6,2.3,,,无
1986-03-20,52645.0,青海,野牛沟,38.41666666666666,99.58333333333331,3180.0,1986,3,20,0.1,normal,-11.1,-5.9,-17.5,0.68,0.47,673.4,675.1,668.9,0.8,,-12.425244393135952,Snow
1986-03-21,52645.0,青海,野牛沟,38.41666666666666,99.58333333333331,3180.0,1986,3,21,0.0,无,-7.8,-0.5,-13.7,0.58,0.19,675.5,677.0,674.6,1.9,,,无
1986-03-22,52645.0,青海,野牛沟,38.41666666666666,99.58333333333331,3180.0,1986,3,22,0.0,无,-9.8,2.0,-19.2,0.43,0.05,675.3,676.2,672.4,3.5,,,无
1986-03-23,52645.0,青海,野牛沟,38.41666666666666,99.58333333333331,3180.0,1986,3,23,0.0,无,-8.1,3.2,-19.1,0.38,0.1,676.4,678.7,673.3,3.2,,,无
1986-03-24,52645.0,青海,野牛沟,38.41666666666666,99.58333333333331,3180.0,1986,3,24,0.1,normal,-6.0,3.0,-10.7,0.54,0.23,674.7,675.9,672.7,3.3,,-8.541134220792351,Snow
1986-03-25,52645.0,青海,野牛沟,38.41666666666666,99.58333333333331,3180.0,1986,3,25,2.4,normal,-7.1,4.7,-16.3,0.56,0.2,676.2,677.8,673.9,1.7,,-9.387470273495794,Snow
1986-03-26,52645.0,青海,野牛沟,38.41666666666666,99.58333333333331,3180.0,1986,3,26,0.5,normal,-5.7,2.7,-13.5,0.67,0.17,677.1,678.2,674.8,3.2,,-7.5304140388063745,Snow
1986-03-27,52645.0,青海,野牛沟,38.41666666666666,99.58333333333331,3180.0,1986,3,27,0.0,无,-5.7,5.3,-16.7,0.38,0.03,678.2,680.9,674.2,3.0,,,无
1986-03-28,52645.0,青海,野牛沟,38.41666666666666,99.58333333333331,3180.0,1986,3,28,0.0,无,-4.1,4.5,-10.0,0.39,0.07,675.1,677.1,673.5,4.3,,,无
1986-03-29,52645.0,青海,野牛沟,38.41666666666666,99.58333333333331,3180.0,1986,3,29,0.6,normal,-7.6,-3.4,-9.9,0.77,0.33,677.3,678.3,675.9,0.8,,-8.748174122864615,Snow
1986-03-30,52645.0,青海,野牛沟,38.41666666666666,99.58333333333331,3180.0,1986,3,30,0.9,normal,-7.1,3.1,-14.2,0.66,0.28,677.6,679.1,675.0,1.3,,-8.854174484950438,Snow
1986-03-31,52645.0,青海,野牛沟,38.41666666666666,99.58333333333331,3180.0,1986,3,31,0.0,无,-4.6,5.7,-11.9,0.52,0.15,676.8,678.2,674.1,3.7,,,无
1986-04-01,52645.0,青海,野牛沟,38.41666666666666,99.58333333333331,3180.0,1986,4,1,1.0,normal,-2.3,4.5,-5.6,0.6,0.2,674.9,676.7,671.3,2.4,,-4.938079336268095,Snow
1986-04-02,52645.0,青海,野牛沟,38.41666666666666,99.58333333333331,3180.0,1986,4,2,1.7,normal,-6.6,-0.7,-9.5,0.79,0.47,678.3,679.7,675.4,2.0,,-7.7021259015492705,Snow
1986-04-03,52645.0,青海,野牛沟,38.41666666666666,99.58333333333331,3180.0,1986,4,3,0.7,normal,-6.4,-0.2,-12.5,0.68,0.32,680.5,682.1,678.0,2.4,,-8.105762295697726,Snow
1986-04-04,52645.0,青海,野牛沟,38.41666666666666,99.58333333333331,3180.0,1986,4,4,0.0,无,-7.1,0.8,-13.3,0.53,0.12,682.3,683.2,680.1,3.1,,,无
1986-04-05,52645.0,青海,野牛沟,38.41666666666666,99.58333333333331,3180.0,1986,4,5,0.0,无,-6.9,2.0,-14.5,0.49,0.12,683.2,684.5,680.4,3.6,,,无
1986-04-06,52645.0,青海,野牛沟,38.41666666666666,99.58333333333331,3180.0,1986,4,6,0.0,无,-6.5,3.2,-14.2,0.43,0.09,682.4,683.9,679.8,3.6,,,无
1986-04-07,52645.0,青海,野牛沟,38.41666666666666,99.58333333333331,3180.0,1986,4,7,0.0,无,-5.7,5.6,-14.4,0.46,0.07,680.2,682.4,676.7,4.0,,,无
1986-04-08,52645.0,青海,野牛沟,38.41666666666666,99.58333333333331,3180.0,1986,4,8,0.0,无,-4.4,3.6,-11.9,0.52,0.17,677.2,680.2,674.2,2.7,,,无
1986-04-09,52645.0,青海,野牛沟,38.41666666666666,99.58333333333331,3180.0,1986,4,9,0.0,无,-4.3,3.7,-10.3,0.48,0.16,676.6,677.4,674.9,3.1,,,无
1986-04-10,52645.0,青海,野牛沟,38.41666666666666,99.58333333333331,3180.0,1986,4,10,0.2,normal,-6.4,2.3,-12.0,0.67,0.18,680.1,681.4,677.4,2.5,,-8.16089158746433,Snow
1986-04-11,52645.0,青海,野牛沟,38.41666666666666,99.58333333333331,3180.0,1986,4,11,0.3,normal,-3.9,7.0,-11.1,0.67,0.18,680.7,682.6,677.7,3.0,,-5.894882480441557,Snow
1986-04-12,52645.0,青海,野牛沟,38.41666666666666,99.58333333333331,3180.0,1986,4,12,3.9,normal,-3.4,3.3,-7.9,0.7,0.38,679.6,681.0,676.8,3.0,,-5.2546440596267585,Snow
1986-04-13,52645.0,青海,野牛沟,38.41666666666666,99.58333333333331,3180.0,1986,4,13,0.0,无,-3.8,4.0,-10.5,0.42,0.0,682.2,683.6,678.9,4.1,,,无
1986-04-14,52645.0,青海,野牛沟,38.41666666666666,99.58333333333331,3180.0,1986,4,14,0.0,无,-3.8,8.3,-13.4,0.4,0.01,683.8,685.5,681.2,4.7,,,无
1986-04-15,52645.0,青海,野牛沟,38.41666666666666,99.58333333333331,3180.0,1986,4,15,0.0,无,-1.8,10.2,-10.8,0.37,0.08,683.3,684.7,680.8,5.1,,,无
1986-04-16,52645.0,青海,野牛沟,38.41666666666666,99.58333333333331,3180.0,1986,4,16,0.6,normal,-0.6,4.7,-5.5,0.58,0.16,682.4,684.2,680.5,4.1,,-3.5804222201082725,Snow
1986-04-17,52645.0,青海,野牛沟,38.41666666666666,99.58333333333331,3180.0,1986,4,17,0.0,无,-2.2,9.6,-11.3,0.4,0.12,679.4,682.2,675.8,4.5,,,无
1986-04-18,52645.0,青海,野牛沟,38.41666666666666,99.58333333333331,3180.0,1986,4,18,0.0,无,-1.3,6.3,-9.5,0.29,0.11,679.2,680.5,677.0,4.3,,,无
1986-04-19,52645.0,青海,野牛沟,38.41666666666666,99.58333333333331,3180.0,1986,4,19,0.0,无,-1.1,8.9,-10.5,0.3,0.07,681.5,683.2,679.1,5.3,,,无
1986-04-20,52645.0,青海,野牛沟,38.41666666666666,99.58333333333331,3180.0,1986,4,20,0.0,无,-2.2,5.6,-6.3,0.49,0.17,681.7,682.8,679.7,2.4,,,无
1986-04-21,52645.0,青海,野牛沟,38.41666666666666,99.58333333333331,3180.0,1986,4,21,1.6,normal,-4.0,8.3,-15.6,0.61,0.22,684.0,686.1,681.6,3.4,,-6.350745411745344,Snow
1986-04-22,52645.0,青海,野牛沟,38.41666666666666,99.58333333333331,3180.0,1986,4,22,0.0,无,2.4,14.7,-8.4,0.5,0.04,678.0,682.5,673.6,4.7,,,无
1986-04-23,52645.0,青海,野牛沟,38.41666666666666,99.58333333333331,3180.0,1986,4,23,0.0,无,1.8,14.3,-6.7,0.47,0.09,672.8,675.3,669.5,5.2,,,无
1986-04-24,52645.0,青海,野牛沟,38.41666666666666,99.58333333333331,3180.0,1986,4,24,7.2,normal,-3.6,1.9,-7.4,0.73,0.38,676.2,677.3,673.0,1.6,,-5.254060072806923,Snow
1986-04-25,52645.0,青海,野牛沟,38.41666666666666,99.58333333333331,3180.0,1986,4,25,0.2,normal,-1.8,9.5,-6.9,0.6,0.09,675.9,678.5,671.8,5.1,,-4.4974940476044045,Snow
1986-04-26,52645.0,青海,野牛沟,38.41666666666666,99.58333333333331,3180.0,1986,4,26,0.0,无,-1.9,6.1,-6.7,0.56,0.33,677.6,679.2,673.1,4.4,,,无
1986-04-27,52645.0,青海,野牛沟,38.41666666666666,99.58333333333331,3180.0,1986,4,27,1.7,normal,-2.5,5.5,-7.3,0.77,0.35,677.7,679.7,675.3,2.4,,-3.976037707692277,Snow
1986-04-28,52645.0,青海,野牛沟,38.41666666666666,99.58333333333331,3180.0,1986,4,28,1.4,normal,-3.4,4.3,-10.4,0.69,0.39,677.6,679.2,675.4,2.3,,-5.321416289054022,Snow
1986-04-29,52645.0,青海,野牛沟,38.41666666666666,99.58333333333331,3180.0,1986,4,29,1.2,normal,-1.6,5.7,-3.6,0.8,0.4,678.6,679.8,676.2,2.2,,-2.93181055595801,Snow
1986-04-30,52645.0,青海,野牛沟,38.41666666666666,99.58333333333331,3180.0,1986,4,30,1.7,normal,-3.6,6.4,-11.4,0.7,0.15,681.8,683.1,679.7,3.8,,-5.433573061274042,Snow
1986-05-01,52645.0,青海,野牛沟,38.41666666666666,99.58333333333331,3180.0,1986,5,1,0.5,normal,-1.1,6.6,-8.4,0.6,0.2,682.6,684.0,681.1,4.3,,-3.8693164636711463,Snow
1986-05-02,52645.0,青海,野牛沟,38.41666666666666,99.58333333333331,3180.0,1986,5,2,0.0,无,0.6,8.8,-5.1,0.65,0.24,679.6,681.6,677.2,3.6,,,无
1986-05-03,52645.0,青海,野牛沟,38.41666666666666,99.58333333333331,3180.0,1986,5,3,0.0,无,0.4,9.4,-6.3,0.59,0.22,682.0,683.1,679.6,4.2,,,无
1986-05-04,52645.0,青海,野牛沟,38.41666666666666,99.58333333333331,3180.0,1986,5,4,0.0,无,1.6,10.4,-5.9,0.54,0.16,683.6,684.8,681.5,5.4,,,无
1986-05-05,52645.0,青海,野牛沟,38.41666666666666,99.58333333333331,3180.0,1986,5,5,0.0,无,1.7,7.8,-4.4,0.51,0.24,685.0,685.9,683.4,3.9,,,无
1986-05-06,52645.0,青海,野牛沟,38.41666666666666,99.58333333333331,3180.0,1986,5,6,0.0,无,0.8,9.7,-6.4,0.6,0.18,685.5,686.8,683.1,4.5,,,无
1986-05-07,52645.0,青海,野牛沟,38.41666666666666,99.58333333333331,3180.0,1986,5,7,0.0,无,4.6,16.9,-5.4,0.51,0.09,684.2,686.2,680.7,6.8,,,无
1986-05-08,52645.0,青海,野牛沟,38.41666666666666,99.58333333333331,3180.0,1986,5,8,0.0,无,6.7,18.6,-3.7,0.44,0.19,682.8,684.7,680.3,7.2,,,无
1986-05-09,52645.0,青海,野牛沟,38.41666666666666,99.58333333333331,3180.0,1986,5,9,0.3,normal,5.7,16.9,-2.1,0.64,0.22,680.9,682.2,677.9,6.1,,2.424222781356078,Rain
1986-05-10,52645.0,青海,野牛沟,38.41666666666666,99.58333333333331,3180.0,1986,5,10,7.5,normal,3.5,9.5,-0.6,0.81,0.52,682.1,684.0,680.1,3.0,,1.946814948790041,Snow
1986-05-11,52645.0,青海,野牛沟,38.41666666666666,99.58333333333331,3180.0,1986,5,11,0.8,normal,3.4,7.6,-0.3,0.69,0.36,681.9,682.8,680.1,2.9,,0.8338415256387721,Snow
1986-05-12,52645.0,青海,野牛沟,38.41666666666666,99.58333333333331,3180.0,1986,5,12,0.0,无,4.9,13.6,-2.5,0.55,0.24,683.4,684.4,681.2,6.4,,,无
1986-05-13,52645.0,青海,野牛沟,38.41666666666666,99.58333333333331,3180.0,1986,5,13,0.0,无,5.2,15.7,-4.2,0.57,0.17,684.6,685.7,682.3,5.8,,,无
1986-05-14,52645.0,青海,野牛沟,38.41666666666666,99.58333333333331,3180.0,1986,5,14,0.0,无,6.0,16.6,-4.2,0.58,0.22,683.2,684.5,680.7,6.2,,,无
1986-05-15,52645.0,青海,野牛沟,38.41666666666666,99.58333333333331,3180.0,1986,5,15,0.1,normal,5.5,14.7,-1.8,0.62,0.24,682.8,684.1,681.2,4.9,,2.0613275313523394,Rain
1986-05-16,52645.0,青海,野牛沟,38.41666666666666,99.58333333333331,3180.0,1986,5,16,0.9,normal,6.3,13.8,0.4,0.72,0.36,681.1,684.0,679.1,4.2,,3.729856265992031,Rain
1986-05-17,52645.0,青海,野牛沟,38.41666666666666,99.58333333333331,3180.0,1986,5,17,4.6,normal,4.0,6.5,1.5,0.86,0.7,679.9,680.9,678.4,1.1,,2.840272300360227,Snow
1986-05-18,52645.0,青海,野牛沟,38.41666666666666,99.58333333333331,3180.0,1986,5,18,13.0,normal,4.6,10.6,0.0,0.74,0.48,680.3,681.5,678.4,5.1,,2.3609473052224184,Rain
1986-05-19,52645.0,青海,野牛沟,38.41666666666666,99.58333333333331,3180.0,1986,5,19,1.6,normal,3.1,7.6,0.3,0.84,0.53,680.3,681.1,679.0,1.1,,1.81523546656853,Snow
1986-05-20,52645.0,青海,野牛沟,38.41666666666666,99.58333333333331,3180.0,1986,5,20,0.1,normal,6.8,12.2,1.7,0.54,0.35,680.8,682.3,679.7,6.5,,2.371614313896715,Rain
1986-05-21,52645.0,青海,野牛沟,38.41666666666666,99.58333333333331,3180.0,1986,5,21,0.0,无,8.0,14.9,2.7,0.6,0.36,679.7,681.2,677.3,5.3,,,无
1986-05-22,52645.0,青海,野牛沟,38.41666666666666,99.58333333333331,3180.0,1986,5,22,0.5,normal,6.7,12.3,3.4,0.73,0.52,677.9,678.9,675.7,5.2,,4.185710542888734,Rain
1986-05-23,52645.0,青海,野牛沟,38.41666666666666,99.58333333333331,3180.0,1986,5,23,11.1,normal,-0.1,6.8,-1.3,0.94,0.68,681.6,681.8,677.2,0.0,,-0.5190296705939401,Snow
1986-05-24,52645.0,青海,野牛沟,38.41666666666666,99.58333333333331,3180.0,1986,5,24,4.5,normal,0.2,3.5,-2.4,0.87,0.7,682.7,683.4,681.6,3.0,,-0.7254507625087347,Snow
1986-05-25,52645.0,青海,野牛沟,38.41666666666666,99.58333333333331,3180.0,1986,5,25,0.3,normal,3.1,7.4,-1.2,0.71,0.47,683.1,684.0,682.1,3.0,,0.7356622476286079,Snow
1986-05-26,52645.0,青海,野牛沟,38.41666666666666,99.58333333333331,3180.0,1986,5,26,0.0,无,4.2,9.7,-1.1,0.65,0.46,682.0,683.5,679.5,4.0,,,无
1986-05-27,52645.0,青海,野牛沟,38.41666666666666,99.58333333333331,3180.0,1986,5,27,4.3,normal,5.1,11.6,-1.0,0.66,0.26,682.5,683.0,680.4,5.0,,2.0863638772201165,Rain
1986-05-28,52645.0,青海,野牛沟,38.41666666666666,99.58333333333331,3180.0,1986,5,28,0.0,无,7.1,16.7,-2.5,0.53,0.23,682.2,684.3,678.7,7.2,,,无
1986-05-29,52645.0,青海,野牛沟,38.41666666666666,99.58333333333331,3180.0,1986,5,29,6.2,normal,4.5,14.0,1.0,0.75,0.27,679.5,682.1,677.1,2.9,,2.3569413650366178,Rain
1986-05-30,52645.0,青海,野牛沟,38.41666666666666,99.58333333333331,3180.0,1986,5,30,1.3,normal,6.4,14.1,0.4,0.67,0.36,681.2,683.0,679.0,5.8,,3.335814306933025,Rain
1986-05-31,52645.0,青海,野牛沟,38.41666666666666,99.58333333333331,3180.0,1986,5,31,5.3,normal,6.0,14.4,2.5,0.74,0.36,682.1,682.9,679.7,4.8,,3.64755189183422,Rain
1986-06-01,52645.0,青海,野牛沟,38.41666666666666,99.58333333333331,3180.0,1986,6,1,0.8,normal,5.4,12.1,1.3,0.71,0.42,684.6,685.5,682.9,4.9,,2.82430502835441,Rain
1986-06-02,52645.0,青海,野牛沟,38.41666666666666,99.58333333333331,3180.0,1986,6,2,0.1,normal,5.6,13.0,-1.3,0.71,0.38,682.9,685.8,680.4,5.0,,3.002636972645374,Rain
1986-06-03,52645.0,青海,野牛沟,38.41666666666666,99.58333333333331,3180.0,1986,6,3,0.0,无,7.1,12.6,1.7,0.63,0.35,680.0,681.6,678.2,4.8,,,无
1986-06-04,52645.0,青海,野牛沟,38.41666666666666,99.58333333333331,3180.0,1986,6,4,0.0,无,8.6,16.0,0.9,0.6,0.34,678.9,679.7,677.5,6.3,,,无
1986-06-05,52645.0,青海,野牛沟,38.41666666666666,99.58333333333331,3180.0,1986,6,5,15.6,normal,5.8,13.7,1.4,0.79,0.44,680.1,681.9,678.1,2.5,,3.9254762534828513,Rain
1986-06-06,52645.0,青海,野牛沟,38.41666666666666,99.58333333333331,3180.0,1986,6,6,3.0,normal,7.3,14.5,3.9,0.76,0.46,680.9,682.5,678.3,4.5,,5.034409370493829,Rain
1986-06-07,52645.0,青海,野牛沟,38.41666666666666,99.58333333333331,3180.0,1986,6,7,3.0,normal,8.9,16.5,2.6,0.71,0.36,680.1,681.5,677.8,7.0,,5.986788218355312,Rain
1986-06-08,52645.0,青海,野牛沟,38.41666666666666,99.58333333333331,3180.0,1986,6,8,18.8,normal,6.1,11.9,2.0,0.82,0.56,681.9,683.1,679.3,3.0,,4.485770215938039,Rain
1986-06-09,52645.0,青海,野牛沟,38.41666666666666,99.58333333333331,3180.0,1986,6,9,0.2,normal,6.7,16.1,-0.5,0.71,0.33,681.8,683.9,678.3,5.9,,3.9973846435744287,Rain
1986-06-10,52645.0,青海,野牛沟,38.41666666666666,99.58333333333331,3180.0,1986,6,10,0.8,normal,8.5,14.6,2.7,0.67,0.3,680.2,681.2,678.5,6.1,,5.204487918898217,Rain
1986-06-11,52645.0,青海,野牛沟,38.41666666666666,99.58333333333331,3180.0,1986,6,11,0.2,normal,7.4,14.1,0.4,0.68,0.39,681.5,683.9,678.7,5.0,,4.328802718811109,Rain
1986-06-12,52645.0,青海,野牛沟,38.41666666666666,99.58333333333331,3180.0,1986,6,12,0.1,normal,7.2,13.7,2.9,0.7,0.48,680.3,681.6,678.8,5.8,,4.347960706414278,Rain
1986-06-13,52645.0,青海,野牛沟,38.41666666666666,99.58333333333331,3180.0,1986,6,13,6.8,normal,4.7,11.6,-0.4,0.75,0.43,680.8,681.8,679.2,3.6,,2.5429937197939045,Rain
1986-06-14,52645.0,青海,野牛沟,38.41666666666666,99.58333333333331,3180.0,1986,6,14,0.0,无,6.5,15.1,-0.7,0.64,0.22,681.2,682.5,678.8,6.1,,,无
1986-06-15,52645.0,青海,野牛沟,38.41666666666666,99.58333333333331,3180.0,1986,6,15,0.0,无,7.6,14.7,1.2,0.63,0.36,680.9,681.4,679.3,6.3,,,无
1986-06-16,52645.0,青海,野牛沟,38.41666666666666,99.58333333333331,3180.0,1986,6,16,0.0,无,9.1,16.5,1.4,0.55,0.21,681.5,682.5,680.3,9.1,,,无
1986-06-17,52645.0,青海,野牛沟,38.41666666666666,99.58333333333331,3180.0,1986,6,17,0.0,无,6.8,15.5,0.3,0.67,0.32,681.5,682.1,680.5,5.0,,,无
1986-06-18,52645.0,青海,野牛沟,38.41666666666666,99.58333333333331,3180.0,1986,6,18,12.3,normal,5.7,10.4,0.3,0.76,0.46,681.4,682.7,680.7,3.5,,3.5571594179978794,Rain
1986-06-19,52645.0,青海,野牛沟,38.41666666666666,99.58333333333331,3180.0,1986,6,19,0.3,normal,4.9,14.2,-1.8,0.68,0.25,681.8,683.1,679.4,6.9,,2.0916668123712556,Rain
1986-06-20,52645.0,青海,野牛沟,38.41666666666666,99.58333333333331,3180.0,1986,6,20,0.1,normal,6.9,13.6,0.6,0.63,0.29,682.2,683.4,680.5,5.0,,3.382227260777504,Rain
1986-06-21,52645.0,青海,野牛沟,38.41666666666666,99.58333333333331,3180.0,1986,6,21,5.9,normal,6.3,12.0,1.1,0.74,0.34,683.3,685.1,681.2,4.8,,3.9244205006660993,Rain
1986-06-22,52645.0,青海,野牛沟,38.41666666666666,99.58333333333331,3180.0,1986,6,22,0.5,normal,7.0,15.6,-1.4,0.66,0.27,681.5,683.2,679.7,5.9,,3.770848764937207,Rain
1986-06-23,52645.0,青海,野牛沟,38.41666666666666,99.58333333333331,3180.0,1986,6,23,0.8,normal,6.8,15.9,-0.5,0.72,0.34,680.4,682.3,677.3,4.3,,4.183444634155227,Rain
1986-06-24,52645.0,青海,野牛沟,38.41666666666666,99.58333333333331,3180.0,1986,6,24,4.9,normal,7.3,13.1,0.0,0.68,0.33,676.8,680.1,675.5,3.3,,4.2301432555587715,Rain
1986-06-25,52645.0,青海,野牛沟,38.41666666666666,99.58333333333331,3180.0,1986,6,25,2.1,normal,6.0,10.9,0.7,0.74,0.45,676.8,678.2,675.5,3.7,,3.6394077023431715,Rain
1986-06-26,52645.0,青海,野牛沟,38.41666666666666,99.58333333333331,3180.0,1986,6,26,7.2,normal,5.5,14.6,0.0,0.78,0.36,678.7,679.9,676.7,4.7,,3.5521615976058873,Rain
1986-06-27,52645.0,青海,野牛沟,38.41666666666666,99.58333333333331,3180.0,1986,6,27,2.8,normal,8.3,15.5,3.5,0.73,0.39,680.1,681.9,678.3,6.3,,5.649922127117368,Rain
1986-06-28,52645.0,青海,野牛沟,38.41666666666666,99.58333333333331,3180.0,1986,6,28,0.4,normal,8.2,11.3,6.6,0.78,0.58,678.9,680.2,678.0,3.0,,6.065064661808814,Rain
1986-06-29,52645.0,青海,野牛沟,38.41666666666666,99.58333333333331,3180.0,1986,6,29,0.0,无,9.8,14.9,6.5,0.75,0.61,678.1,679.6,677.4,4.5,,,无
1986-06-30,52645.0,青海,野牛沟,38.41666666666666,99.58333333333331,3180.0,1986,6,30,10.1,normal,10.8,15.9,7.3,0.84,0.61,680.7,681.5,678.3,4.4,,9.137405046005519,Rain
1986-07-01,52645.0,青海,野牛沟,38.41666666666666,99.58333333333331,3180.0,1986,7,1,10.0,normal,10.5,13.3,8.1,0.77,0.64,682.1,682.6,681.0,2.7,,8.100709824372284,Rain
1986-07-02,52645.0,青海,野牛沟,38.41666666666666,99.58333333333331,3180.0,1986,7,2,0.8,normal,10.1,13.6,7.9,0.75,0.49,684.0,684.7,682.4,3.3,,7.5166298566918455,Rain
1986-07-03,52645.0,青海,野牛沟,38.41666666666666,99.58333333333331,3180.0,1986,7,3,8.2,normal,6.7,12.2,3.7,0.86,0.48,685.0,686.3,683.3,2.9,,5.4290254367475965,Rain
1986-07-04,52645.0,青海,野牛沟,38.41666666666666,99.58333333333331,3180.0,1986,7,4,2.5,normal,7.5,13.1,3.6,0.75,0.48,684.7,686.1,683.0,6.6,,5.125641953604583,Rain
1986-07-05,52645.0,青海,野牛沟,38.41666666666666,99.58333333333331,3180.0,1986,7,5,1.2,normal,7.9,16.9,0.6,0.72,0.38,682.0,684.3,678.6,6.0,,5.18638785348188,Rain
1986-07-06,52645.0,青海,野牛沟,38.41666666666666,99.58333333333331,3180.0,1986,7,6,15.5,normal,6.1,10.8,3.5,0.81,0.51,681.9,683.1,680.5,3.9,,4.393432855733468,Rain
1986-07-07,52645.0,青海,野牛沟,38.41666666666666,99.58333333333331,3180.0,1986,7,7,1.9,normal,6.1,16.1,-0.4,0.73,0.33,683.8,684.5,681.3,5.5,,3.647278122930806,Rain
1986-07-08,52645.0,青海,野牛沟,38.41666666666666,99.58333333333331,3180.0,1986,7,8,0.6,normal,8.1,16.6,1.4,0.74,0.38,683.5,684.6,681.4,4.6,,5.574533466410725,Rain
1986-07-09,52645.0,青海,野牛沟,38.41666666666666,99.58333333333331,3180.0,1986,7,9,2.7,normal,9.7,18.2,1.3,0.65,0.3,683.3,685.1,681.6,6.7,,6.05802649880808,Rain
1986-07-10,52645.0,青海,野牛沟,38.41666666666666,99.58333333333331,3180.0,1986,7,10,0.0,无,11.5,19.5,4.7,0.65,0.33,681.6,683.5,679.1,8.6,,,无
1986-07-11,52645.0,青海,野牛沟,38.41666666666666,99.58333333333331,3180.0,1986,7,11,1.1,normal,8.8,17.2,4.4,0.76,0.4,681.4,683.1,679.3,3.6,,6.420430917358915,Rain
1986-07-12,52645.0,青海,野牛沟,38.41666666666666,99.58333333333331,3180.0,1986,7,12,1.0,normal,11.2,16.9,7.4,0.69,0.38,685.7,686.5,683.1,6.4,,7.850352130304246,Rain
1986-07-13,52645.0,青海,野牛沟,38.41666666666666,99.58333333333331,3180.0,1986,7,13,0.0,无,11.9,19.1,4.5,0.58,0.36,685.1,686.9,683.3,7.6,,,无
1986-07-14,52645.0,青海,野牛沟,38.41666666666666,99.58333333333331,3180.0,1986,7,14,3.2,normal,7.7,15.1,6.1,0.75,0.41,684.5,685.6,683.5,3.7,,5.309357569924438,Rain
1986-07-15,52645.0,青海,野牛沟,38.41666666666666,99.58333333333331,3180.0,1986,7,15,0.0,无,8.8,15.8,0.9,0.64,0.29,683.4,684.5,682.0,6.3,,,无
1986-07-16,52645.0,青海,野牛沟,38.41666666666666,99.58333333333331,3180.0,1986,7,16,3.9,normal,5.5,13.3,3.0,0.77,0.38,682.2,682.8,680.9,3.4,,3.465193325519773,Rain
1986-07-17,52645.0,青海,野牛沟,38.41666666666666,99.58333333333331,3180.0,1986,7,17,1.7,normal,4.2,13.0,-3.2,0.89,0.65,682.9,684.1,680.4,4.5,,3.2877493067288066,Snow
1986-07-18,52645.0,青海,野牛沟,38.41666666666666,99.58333333333331,3180.0,1986,7,18,0.0,无,5.1,13.1,-2.6,0.84,0.59,681.9,683.2,680.3,5.7,,,无
1986-07-19,52645.0,青海,野牛沟,38.41666666666666,99.58333333333331,3180.0,1986,7,19,0.9,normal,4.6,11.0,-1.9,0.85,0.59,682.4,682.9,681.4,4.2,,3.3303393748554333,Snow
1986-07-20,52645.0,青海,野牛沟,38.41666666666666,99.58333333333331,3180.0,1986,7,20,0.2,normal,7.7,15.8,-1.6,0.69,0.37,683.6,684.4,681.6,5.9,,4.703271170224039,Rain
1986-07-21,52645.0,青海,野牛沟,38.41666666666666,99.58333333333331,3180.0,1986,7,21,0.0,无,9.6,20.2,-1.4,0.63,0.25,683.2,684.7,681.0,7.4,,,无
1986-07-22,52645.0,青海,野牛沟,38.41666666666666,99.58333333333331,3180.0,1986,7,22,0.0,无,11.7,22.4,0.7,0.58,0.22,682.0,683.6,680.4,8.3,,,无
1986-07-23,52645.0,青海,野牛沟,38.41666666666666,99.58333333333331,3180.0,1986,7,23,0.2,normal,11.0,22.9,1.5,0.63,0.27,682.3,683.1,680.5,7.7,,6.969717057027727,Rain
1986-07-24,52645.0,青海,野牛沟,38.41666666666666,99.58333333333331,3180.0,1986,7,24,0.0,无,11.0,21.3,0.6,0.6,0.24,684.3,684.8,683.9,8.9,,,无
1986-07-25,52645.0,青海,野牛沟,38.41666666666666,99.58333333333331,3180.0,1986,7,25,0.0,无,11.0,22.5,-0.7,0.56,0.22,684.9,686.5,682.5,8.0,,,无
1986-07-26,52645.0,青海,野牛沟,38.41666666666666,99.58333333333331,3180.0,1986,7,26,0.0,无,11.3,23.8,-0.5,0.54,0.24,682.7,684.0,681.0,7.9,,,无
1986-07-27,52645.0,青海,野牛沟,38.41666666666666,99.58333333333331,3180.0,1986,7,27,0.0,无,12.3,25.2,0.7,0.55,0.25,682.7,684.0,681.0,8.5,,,无
1986-07-28,52645.0,青海,野牛沟,38.41666666666666,99.58333333333331,3180.0,1986,7,28,0.3,normal,10.9,21.4,3.3,0.63,0.33,682.9,683.7,681.0,6.3,,6.8836571313480155,Rain
1986-07-29,52645.0,青海,野牛沟,38.41666666666666,99.58333333333331,3180.0,1986,7,29,9.1,normal,7.2,12.0,3.0,0.84,0.57,684.9,685.8,683.3,3.4,,5.7181015211165365,Rain
1986-07-30,52645.0,青海,野牛沟,38.41666666666666,99.58333333333331,3180.0,1986,7,30,1.2,normal,8.3,15.3,2.3,0.69,0.34,686.6,687.1,684.9,6.9,,5.247801006444299,Rain
1986-07-31,52645.0,青海,野牛沟,38.41666666666666,99.58333333333331,3180.0,1986,7,31,1.1,normal,9.3,15.7,4.3,0.66,0.31,686.6,688.2,685.1,5.6,,5.821174122084041,Rain
1986-08-01,52645.0,青海,野牛沟,38.41666666666666,99.58333333333331,3180.0,1986,8,1,3.7,normal,7.5,15.6,2.6,0.73,0.38,685.6,686.3,684.7,4.2,,4.928447258252668,Rain
1986-08-02,52645.0,青海,野牛沟,38.41666666666666,99.58333333333331,3180.0,1986,8,2,14.6,normal,4.8,8.9,-0.2,0.86,0.53,686.0,686.7,685.3,2.2,,3.6109421245293882,Rain
1986-08-03,52645.0,青海,野牛沟,38.41666666666666,99.58333333333331,3180.0,1986,8,3,1.2,normal,5.3,11.1,-1.4,0.69,0.4,685.7,687.1,684.0,4.3,,2.5504168916408565,Rain
1986-08-04,52645.0,青海,野牛沟,38.41666666666666,99.58333333333331,3180.0,1986,8,4,0.0,无,6.7,16.7,-1.9,0.62,0.26,683.5,685.0,681.5,6.8,,,无
1986-08-05,52645.0,青海,野牛沟,38.41666666666666,99.58333333333331,3180.0,1986,8,5,0.0,无,9.0,19.4,-1.3,0.6,0.21,682.6,683.6,681.0,7.4,,,无
1986-08-06,52645.0,青海,野牛沟,38.41666666666666,99.58333333333331,3180.0,1986,8,6,0.0,无,10.4,20.2,0.4,0.6,0.28,683.0,684.1,681.5,6.8,,,无
1986-08-07,52645.0,青海,野牛沟,38.41666666666666,99.58333333333331,3180.0,1986,8,7,0.0,无,11.9,22.5,1.2,0.62,0.24,683.7,685.1,682.3,7.5,,,无
1986-08-08,52645.0,青海,野牛沟,38.41666666666666,99.58333333333331,3180.0,1986,8,8,0.0,无,12.1,22.7,2.4,0.63,0.34,683.5,684.9,681.9,6.8,,,无
1986-08-09,52645.0,青海,野牛沟,38.41666666666666,99.58333333333331,3180.0,1986,8,9,0.0,无,14.1,24.4,6.0,0.64,0.31,683.0,684.8,680.5,8.1,,,无
1986-08-10,52645.0,青海,野牛沟,38.41666666666666,99.58333333333331,3180.0,1986,8,10,0.0,无,15.2,24.2,5.8,0.59,0.32,683.0,684.3,681.2,7.5,,,无
1986-08-11,52645.0,青海,野牛沟,38.41666666666666,99.58333333333331,3180.0,1986,8,11,22.1,normal,10.9,19.2,7.4,0.87,0.4,684.1,684.6,682.1,7.3,,9.555453761327058,Rain
1986-08-12,52645.0,青海,野牛沟,38.41666666666666,99.58333333333331,3180.0,1986,8,12,1.6,normal,11.6,17.1,8.6,0.84,0.6,683.7,685.1,682.2,4.2,,9.90098193482838,Rain
1986-08-13,52645.0,青海,野牛沟,38.41666666666666,99.58333333333331,3180.0,1986,8,13,21.4,normal,7.1,11.6,2.2,0.91,0.72,683.0,684.1,681.9,1.5,,6.2776401114492275,Rain
1986-08-14,52645.0,青海,野牛沟,38.41666666666666,99.58333333333331,3180.0,1986,8,14,4.0,normal,5.9,12.8,1.9,0.73,0.42,684.4,685.5,682.9,4.5,,3.4655781162249033,Rain
1986-08-15,52645.0,青海,野牛沟,38.41666666666666,99.58333333333331,3180.0,1986,8,15,0.0,无,7.9,17.3,-0.2,0.67,0.24,685.8,686.2,683.3,6.2,,,无
1986-08-16,52645.0,青海,野牛沟,38.41666666666666,99.58333333333331,3180.0,1986,8,16,0.1,normal,7.9,17.7,0.5,0.73,0.23,686.7,687.6,684.3,6.1,,5.29536075577139,Rain
1986-08-17,52645.0,青海,野牛沟,38.41666666666666,99.58333333333331,3180.0,1986,8,17,8.2,normal,5.8,12.4,2.2,0.81,0.43,685.6,686.4,684.0,3.2,,4.115166243138062,Rain
1986-08-18,52645.0,青海,野牛沟,38.41666666666666,99.58333333333331,3180.0,1986,8,18,2.3,normal,6.0,13.5,-0.2,0.67,0.28,686.2,686.9,684.6,6.1,,2.98931724808289,Rain
1986-08-19,52645.0,青海,野牛沟,38.41666666666666,99.58333333333331,3180.0,1986,8,19,0.0,无,6.1,16.4,-2.3,0.64,0.29,686.1,687.3,684.0,5.3,,,无
1986-08-20,52645.0,青海,野牛沟,38.41666666666666,99.58333333333331,3180.0,1986,8,20,0.0,无,7.7,18.7,-1.8,0.59,0.22,683.6,686.1,680.8,6.2,,,无
1986-08-21,52645.0,青海,野牛沟,38.41666666666666,99.58333333333331,3180.0,1986,8,21,0.0,无,8.9,16.2,2.0,0.67,0.37,681.3,681.9,679.8,5.5,,,无
1986-08-22,52645.0,青海,野牛沟,38.41666666666666,99.58333333333331,3180.0,1986,8,22,16.1,normal,4.3,10.7,1.2,0.91,0.63,682.6,683.5,680.9,3.4,,3.55284815143857,Snow
1986-08-23,52645.0,青海,野牛沟,38.41666666666666,99.58333333333331,3180.0,1986,8,23,0.0,无,5.2,14.2,-1.4,0.71,0.28,685.6,686.7,683.5,5.2,,,无
1986-08-24,52645.0,青海,野牛沟,38.41666666666666,99.58333333333331,3180.0,1986,8,24,0.0,无,5.7,15.7,-3.0,0.59,0.18,685.5,686.3,684.0,6.2,,,无
1986-08-25,52645.0,青海,野牛沟,38.41666666666666,99.58333333333331,3180.0,1986,8,25,0.6,normal,4.0,10.8,-1.9,0.76,0.37,684.9,685.6,683.4,2.5,,1.990941214133719,Rain
1986-08-26,52645.0,青海,野牛沟,38.41666666666666,99.58333333333331,3180.0,1986,8,26,0.0,无,7.0,15.5,-1.4,0.62,0.21,683.9,684.9,681.7,4.7,,,无
1986-08-27,52645.0,青海,野牛沟,38.41666666666666,99.58333333333331,3180.0,1986,8,27,0.0,无,7.7,17.3,0.5,0.71,0.29,682.5,683.7,680.3,5.5,,,无
1986-08-28,52645.0,青海,野牛沟,38.41666666666666,99.58333333333331,3180.0,1986,8,28,9.9,normal,7.1,12.9,3.1,0.8,0.49,682.9,683.4,681.7,3.4,,5.23939198368637,Rain
1986-08-29,52645.0,青海,野牛沟,38.41666666666666,99.58333333333331,3180.0,1986,8,29,8.1,normal,6.2,12.1,1.8,0.77,0.48,684.6,685.8,682.6,4.1,,4.117513770650922,Rain
1986-08-30,52645.0,青海,野牛沟,38.41666666666666,99.58333333333331,3180.0,1986,8,30,5.9,normal,3.9,9.6,0.3,0.88,0.6,684.1,685.5,681.6,2.2,,2.915079975801622,Snow
1986-08-31,52645.0,青海,野牛沟,38.41666666666666,99.58333333333331,3180.0,1986,8,31,1.6,normal,4.0,13.0,-2.3,0.7,0.17,683.5,684.4,681.9,5.4,,1.4650784746794487,Rain
1986-09-01,52645.0,青海,野牛沟,38.41666666666666,99.58333333333331,3180.0,1986,9,1,0.0,无,4.6,15.3,-3.9,0.65,0.17,684.2,685.3,682.4,5.0,,,无
1986-09-02,52645.0,青海,野牛沟,38.41666666666666,99.58333333333331,3180.0,1986,9,2,0.0,无,5.9,14.4,-2.2,0.61,0.32,684.7,685.6,682.5,4.6,,,无
1986-09-03,52645.0,青海,野牛沟,38.41666666666666,99.58333333333331,3180.0,1986,9,3,1.2,normal,6.5,13.0,0.7,0.56,0.17,685.2,686.9,682.8,6.6,,2.336512661600616,Rain
1986-09-04,52645.0,青海,野牛沟,38.41666666666666,99.58333333333331,3180.0,1986,9,4,0.0,无,3.6,14.1,-5.5,0.6,0.1,683.1,684.7,679.8,7.0,,,无
1986-09-05,52645.0,青海,野牛沟,38.41666666666666,99.58333333333331,3180.0,1986,9,5,1.9,normal,4.5,13.3,0.1,0.69,0.33,682.7,685.0,679.0,5.7,,1.8253303151719136,Rain
1986-09-06,52645.0,青海,野牛沟,38.41666666666666,99.58333333333331,3180.0,1986,9,6,0.0,无,2.9,14.6,-6.5,0.51,0.13,682.6,684.4,680.1,6.6,,,无
1986-09-07,52645.0,青海,野牛沟,38.41666666666666,99.58333333333331,3180.0,1986,9,7,0.0,无,3.2,14.0,-7.2,0.56,0.23,683.8,685.3,681.3,6.4,,,无
1986-09-08,52645.0,青海,野牛沟,38.41666666666666,99.58333333333331,3180.0,1986,9,8,0.0,无,5.0,10.5,0.0,0.63,0.37,683.6,685.3,682.2,4.4,,,无
1986-09-09,52645.0,青海,野牛沟,38.41666666666666,99.58333333333331,3180.0,1986,9,9,0.3,normal,4.5,13.5,-1.3,0.61,0.06,683.6,684.8,680.3,5.8,,1.0978717403748073,Rain
1986-09-10,52645.0,青海,野牛沟,38.41666666666666,99.58333333333331,3180.0,1986,9,10,0.0,无,1.4,13.2,-7.4,0.54,0.09,685.7,687.2,683.5,4.8,,,无
1986-09-11,52645.0,青海,野牛沟,38.41666666666666,99.58333333333331,3180.0,1986,9,11,0.0,无,1.7,12.5,-7.5,0.55,0.27,685.0,686.5,682.2,4.2,,,无
1986-09-12,52645.0,青海,野牛沟,38.41666666666666,99.58333333333331,3180.0,1986,9,12,0.0,无,3.7,14.0,-6.2,0.58,0.13,684.3,685.9,681.8,5.3,,,无
1986-09-13,52645.0,青海,野牛沟,38.41666666666666,99.58333333333331,3180.0,1986,9,13,5.8,normal,2.9,8.0,-2.0,0.76,0.41,684.9,686.1,683.2,4.7,,0.9736995631000811,Snow
1986-09-14,52645.0,青海,野牛沟,38.41666666666666,99.58333333333331,3180.0,1986,9,14,0.0,无,2.7,11.6,-4.5,0.67,0.28,685.0,686.3,683.0,3.8,,,无
1986-09-15,52645.0,青海,野牛沟,38.41666666666666,99.58333333333331,3180.0,1986,9,15,0.0,无,3.8,10.6,-2.3,0.6,0.3,685.8,686.7,683.9,5.2,,,无
1986-09-16,52645.0,青海,野牛沟,38.41666666666666,99.58333333333331,3180.0,1986,9,16,0.0,无,2.3,13.6,-6.4,0.63,0.25,686.6,688.4,683.5,5.3,,,无
1986-09-17,52645.0,青海,野牛沟,38.41666666666666,99.58333333333331,3180.0,1986,9,17,0.0,无,3.1,8.9,-0.3,0.55,0.28,687.3,688.1,684.5,5.0,,,无
1986-09-18,52645.0,青海,野牛沟,38.41666666666666,99.58333333333331,3180.0,1986,9,18,0.0,无,0.4,7.4,-5.1,0.65,0.29,690.1,690.4,688.5,4.2,,,无
1986-09-19,52645.0,青海,野牛沟,38.41666666666666,99.58333333333331,3180.0,1986,9,19,0.0,无,0.7,14.0,-8.4,0.59,0.16,689.7,691.2,687.3,6.5,,,无
1986-09-20,52645.0,青海,野牛沟,38.41666666666666,99.58333333333331,3180.0,1986,9,20,0.0,无,0.9,12.0,-7.4,0.61,0.19,688.9,689.7,687.4,3.7,,,无
1986-09-21,52645.0,青海,野牛沟,38.41666666666666,99.58333333333331,3180.0,1986,9,21,0.0,无,1.9,12.6,-5.5,0.6,0.16,688.7,690.1,686.0,4.8,,,无
1986-09-22,52645.0,青海,野牛沟,38.41666666666666,99.58333333333331,3180.0,1986,9,22,0.0,无,1.3,15.8,-10.1,0.48,0.04,689.0,690.8,686.9,5.6,,,无
1986-09-23,52645.0,青海,野牛沟,38.41666666666666,99.58333333333331,3180.0,1986,9,23,0.0,无,2.3,14.6,-8.0,0.49,0.22,688.7,690.1,685.8,5.5,,,无
1986-09-24,52645.0,青海,野牛沟,38.41666666666666,99.58333333333331,3180.0,1986,9,24,0.3,normal,3.4,11.5,-1.1,0.7,0.31,688.6,690.0,686.0,4.7,,0.9317835289185217,Snow
1986-09-25,52645.0,青海,野牛沟,38.41666666666666,99.58333333333331,3180.0,1986,9,25,0.4,normal,0.8,11.6,-6.2,0.8,0.35,688.2,689.0,685.6,2.9,,-0.664914085683983,Snow
1986-09-26,52645.0,青海,野牛沟,38.41666666666666,99.58333333333331,3180.0,1986,9,26,0.0,无,1.6,9.3,-3.2,0.75,0.39,689.0,690.3,687.5,2.5,,,无
1986-09-27,52645.0,青海,野牛沟,38.41666666666666,99.58333333333331,3180.0,1986,9,27,0.8,normal,3.2,11.0,-2.0,0.73,0.32,688.4,689.8,686.4,4.7,,1.004291688893173,Snow
1986-09-28,52645.0,青海,野牛沟,38.41666666666666,99.58333333333331,3180.0,1986,9,28,0.0,无,1.3,12.1,-7.6,0.57,0.2,688.0,689.6,685.5,4.5,,,无
1986-09-29,52645.0,青海,野牛沟,38.41666666666666,99.58333333333331,3180.0,1986,9,29,0.0,无,0.5,11.8,-8.9,0.54,0.18,687.2,688.7,684.8,5.0,,,无
1986-09-30,52645.0,青海,野牛沟,38.41666666666666,99.58333333333331,3180.0,1986,9,30,0.0,无,2.6,13.5,-6.8,0.56,0.2,685.1,686.8,683.1,4.6,,,无
1986-10-01,52645.0,青海,野牛沟,38.41666666666666,99.58333333333331,3180.0,1986,10,1,2.5,normal,2.3,12.3,-3.5,0.79,0.29,684.1,685.3,681.3,2.2,,0.6589815257454434,Snow
1986-10-02,52645.0,青海,野牛沟,38.41666666666666,99.58333333333331,3180.0,1986,10,2,6.0,normal,0.5,6.5,-2.5,0.84,0.44,686.1,686.5,684.9,2.0,,-0.6541226290970181,Snow
1986-10-03,52645.0,青海,野牛沟,38.41666666666666,99.58333333333331,3180.0,1986,10,3,0.0,无,0.8,10.8,-7.1,0.66,0.22,687.8,689.3,686.0,2.9,,,无
1986-10-04,52645.0,青海,野牛沟,38.41666666666666,99.58333333333331,3180.0,1986,10,4,2.4,normal,1.7,9.4,-2.3,0.73,0.23,688.2,689.4,686.5,3.2,,-0.36882809181537635,Snow
1986-10-05,52645.0,青海,野牛沟,38.41666666666666,99.58333333333331,3180.0,1986,10,5,0.0,无,0.8,10.7,-6.9,0.57,0.18,687.6,688.7,684.9,3.0,,,无
1986-10-06,52645.0,青海,野牛沟,38.41666666666666,99.58333333333331,3180.0,1986,10,6,0.0,无,-0.2,10.4,-7.4,0.6,0.2,686.0,687.7,683.6,3.7,,,无
1986-10-07,52645.0,青海,野牛沟,38.41666666666666,99.58333333333331,3180.0,1986,10,7,0.0,无,-0.6,9.0,-8.4,0.57,0.13,686.3,687.8,683.6,4.4,,,无
1986-10-08,52645.0,青海,野牛沟,38.41666666666666,99.58333333333331,3180.0,1986,10,8,0.0,无,-1.5,7.1,-8.2,0.58,0.27,685.6,686.3,683.8,3.4,,,无
1986-10-09,52645.0,青海,野牛沟,38.41666666666666,99.58333333333331,3180.0,1986,10,9,0.0,无,-2.3,9.8,-9.9,0.58,0.16,686.3,687.8,684.2,3.0,,,无
1986-10-10,52645.0,青海,野牛沟,38.41666666666666,99.58333333333331,3180.0,1986,10,10,0.0,无,-0.7,9.8,-9.8,0.51,0.16,685.0,686.3,683.2,2.8,,,无
1986-10-11,52645.0,青海,野牛沟,38.41666666666666,99.58333333333331,3180.0,1986,10,11,0.0,无,-0.1,9.5,-7.8,0.46,0.13,685.0,686.0,682.7,4.3,,,无
1986-10-12,52645.0,青海,野牛沟,38.41666666666666,99.58333333333331,3180.0,1986,10,12,0.0,无,-1.5,7.7,-8.9,0.47,0.17,685.7,686.7,683.7,3.7,,,无
1986-10-13,52645.0,青海,野牛沟,38.41666666666666,99.58333333333331,3180.0,1986,10,13,0.0,无,-2.0,8.7,-10.4,0.53,0.17,686.6,688.0,684.4,3.1,,,无
1986-10-14,52645.0,青海,野牛沟,38.41666666666666,99.58333333333331,3180.0,1986,10,14,0.0,无,-1.7,10.9,-11.4,0.49,0.16,685.2,687.5,681.8,3.3,,,无
1986-10-15,52645.0,青海,野牛沟,38.41666666666666,99.58333333333331,3180.0,1986,10,15,0.0,无,-1.1,11.0,-11.5,0.52,0.2,681.1,684.2,677.2,3.9,,,无
1986-10-16,52645.0,青海,野牛沟,38.41666666666666,99.58333333333331,3180.0,1986,10,16,2.5,normal,1.4,5.0,-1.2,0.76,0.3,679.6,681.0,678.3,1.7,,-0.42173098728748304,Snow
1986-10-17,52645.0,青海,野牛沟,38.41666666666666,99.58333333333331,3180.0,1986,10,17,0.0,无,-0.8,9.4,-8.9,0.7,0.27,681.3,683.4,679.3,2.8,,,无
1986-10-18,52645.0,青海,野牛沟,38.41666666666666,99.58333333333331,3180.0,1986,10,18,16.2,normal,0.1,3.8,-2.0,0.83,0.48,681.5,684.3,679.3,1.6,,-1.111536859518032,Snow
1986-10-19,52645.0,青海,野牛沟,38.41666666666666,99.58333333333331,3180.0,1986,10,19,0.8,normal,-4.7,0.6,-8.6,0.83,0.57,685.4,686.3,684.3,1.7,,-5.672191494146284,Snow
1986-10-20,52645.0,青海,野牛沟,38.41666666666666,99.58333333333331,3180.0,1986,10,20,0.1,normal,-5.8,1.0,-11.1,0.8,0.5,685.5,686.0,685.1,2.0,,-6.885414400536427,Snow
1986-10-21,52645.0,青海,野牛沟,38.41666666666666,99.58333333333331,3180.0,1986,10,21,0.0,无,-6.6,1.2,-12.1,0.72,0.49,686.4,687.1,685.0,1.7,,,无
1986-10-22,52645.0,青海,野牛沟,38.41666666666666,99.58333333333331,3180.0,1986,10,22,0.5,normal,-6.1,0.9,-12.0,0.71,0.42,686.6,687.9,685.1,1.7,,-7.658030792823891,Snow
1986-10-23,52645.0,青海,野牛沟,38.41666666666666,99.58333333333331,3180.0,1986,10,23,0.0,无,-7.0,0.0,-15.6,0.62,0.3,684.0,687.1,681.5,2.6,,,无
1986-10-24,52645.0,青海,野牛沟,38.41666666666666,99.58333333333331,3180.0,1986,10,24,0.0,无,-5.3,1.3,-14.2,0.49,0.32,681.1,682.2,680.0,1.9,,,无
1986-10-25,52645.0,青海,野牛沟,38.41666666666666,99.58333333333331,3180.0,1986,10,25,0.0,无,-8.1,1.5,-14.4,0.59,0.29,684.0,685.2,681.8,2.2,,,无
1986-10-26,52645.0,青海,野牛沟,38.41666666666666,99.58333333333331,3180.0,1986,10,26,0.0,无,-7.4,-0.8,-15.4,0.5,0.25,682.8,685.8,679.9,2.6,,,无
1986-10-27,52645.0,青海,野牛沟,38.41666666666666,99.58333333333331,3180.0,1986,10,27,0.0,无,-6.8,-1.4,-10.6,0.51,0.29,677.8,680.3,675.9,3.2,,,无
1986-10-28,52645.0,青海,野牛沟,38.41666666666666,99.58333333333331,3180.0,1986,10,28,0.0,无,-12.1,-2.6,-20.1,0.42,0.26,684.8,686.6,680.3,2.1,,,无
1986-10-29,52645.0,青海,野牛沟,38.41666666666666,99.58333333333331,3180.0,1986,10,29,0.0,无,-9.6,2.8,-18.0,0.53,0.21,685.6,687.4,683.8,2.0,,,无
1986-10-30,52645.0,青海,野牛沟,38.41666666666666,99.58333333333331,3180.0,1986,10,30,0.0,无,-7.1,3.2,-15.5,0.59,0.26,683.1,684.2,681.4,2.0,,,无
1986-10-31,52645.0,青海,野牛沟,38.41666666666666,99.58333333333331,3180.0,1986,10,31,0.0,无,-7.0,2.6,-13.7,0.62,0.3,682.9,683.8,681.7,1.7,,,无
1986-11-01,52645.0,青海,野牛沟,38.41666666666666,99.58333333333331,3180.0,1986,11,1,0.0,无,-7.0,1.7,-14.1,0.58,0.22,680.0,682.7,677.5,2.0,,,无
1986-11-02,52645.0,青海,野牛沟,38.41666666666666,99.58333333333331,3180.0,1986,11,2,0.0,无,-5.7,-0.1,-9.3,0.52,0.25,680.9,682.8,679.2,2.9,,,无
1986-11-03,52645.0,青海,野牛沟,38.41666666666666,99.58333333333331,3180.0,1986,11,3,0.0,无,-8.7,0.2,-17.1,0.48,0.21,683.7,685.4,681.6,1.6,,,无
1986-11-04,52645.0,青海,野牛沟,38.41666666666666,99.58333333333331,3180.0,1986,11,4,0.0,无,-8.0,3.6,-16.1,0.58,0.2,682.2,684.1,680.1,1.5,,,无
1986-11-05,52645.0,青海,野牛沟,38.41666666666666,99.58333333333331,3180.0,1986,11,5,0.0,无,-7.7,1.1,-16.1,0.56,0.23,680.3,681.3,678.5,1.8,,,无
1986-11-06,52645.0,青海,野牛沟,38.41666666666666,99.58333333333331,3180.0,1986,11,6,0.1,normal,-8.3,0.8,-13.9,0.69,0.29,679.4,681.7,676.6,1.7,,-9.794322140964852,Snow
1986-11-07,52645.0,青海,野牛沟,38.41666666666666,99.58333333333331,3180.0,1986,11,7,1.5,normal,-15.1,-7.3,-22.1,0.67,0.33,685.8,687.4,681.0,0.8,,-16.153769790945958,Snow
1986-11-08,52645.0,青海,野牛沟,38.41666666666666,99.58333333333331,3180.0,1986,11,8,0.0,无,-18.5,-6.6,-26.2,0.62,0.28,686.4,688.2,684.4,1.1,,,无
1986-11-09,52645.0,青海,野牛沟,38.41666666666666,99.58333333333331,3180.0,1986,11,9,0.0,无,-14.8,-1.5,-22.3,0.59,0.26,683.0,686.1,680.2,1.5,,,无
1986-11-10,52645.0,青海,野牛沟,38.41666666666666,99.58333333333331,3180.0,1986,11,10,0.0,无,-12.6,1.5,-21.1,0.58,0.24,682.9,684.5,680.6,1.1,,,无
1986-11-11,52645.0,青海,野牛沟,38.41666666666666,99.58333333333331,3180.0,1986,11,11,0.0,无,-11.7,-1.4,-19.8,0.64,0.29,681.4,683.4,678.8,1.0,,,无
1986-11-12,52645.0,青海,野牛沟,38.41666666666666,99.58333333333331,3180.0,1986,11,12,0.0,无,-11.1,1.6,-20.6,0.53,0.19,678.3,680.5,675.7,2.1,,,无
1986-11-13,52645.0,青海,野牛沟,38.41666666666666,99.58333333333331,3180.0,1986,11,13,0.0,无,-10.2,0.7,-19.3,0.51,0.23,679.5,680.8,677.4,1.5,,,无
1986-11-14,52645.0,青海,野牛沟,38.41666666666666,99.58333333333331,3180.0,1986,11,14,0.0,无,-10.8,2.0,-19.7,0.59,0.23,681.7,683.4,680.2,1.2,,,无
1986-11-15,52645.0,青海,野牛沟,38.41666666666666,99.58333333333331,3180.0,1986,11,15,0.0,无,-9.9,3.2,-18.7,0.49,0.16,680.9,683.1,679.0,1.7,,,无
1986-11-16,52645.0,青海,野牛沟,38.41666666666666,99.58333333333331,3180.0,1986,11,16,0.0,无,-8.6,3.1,-17.6,0.52,0.23,678.3,679.9,675.8,1.5,,,无
1986-11-17,52645.0,青海,野牛沟,38.41666666666666,99.58333333333331,3180.0,1986,11,17,0.0,无,-9.2,-0.4,-15.6,0.6,0.36,680.1,680.9,677.1,1.3,,,无
1986-11-18,52645.0,青海,野牛沟,38.41666666666666,99.58333333333331,3180.0,1986,11,18,0.0,无,-11.1,-1.2,-19.1,0.66,0.39,682.8,683.9,680.9,0.9,,,无
1986-11-19,52645.0,青海,野牛沟,38.41666666666666,99.58333333333331,3180.0,1986,11,19,0.0,无,-11.5,0.4,-20.1,0.62,0.21,682.3,683.6,680.6,0.9,,,无
1986-11-20,52645.0,青海,野牛沟,38.41666666666666,99.58333333333331,3180.0,1986,11,20,0.0,无,-6.8,3.3,-18.5,0.42,0.18,679.8,682.1,677.7,1.5,,,无
1986-11-21,52645.0,青海,野牛沟,38.41666666666666,99.58333333333331,3180.0,1986,11,21,0.0,无,-7.3,4.3,-17.1,0.45,0.18,679.5,681.3,678.1,2.0,,,无
1986-11-22,52645.0,青海,野牛沟,38.41666666666666,99.58333333333331,3180.0,1986,11,22,0.0,无,-6.2,5.6,-15.7,0.45,0.17,677.4,679.8,674.2,2.6,,,无
1986-11-23,52645.0,青海,野牛沟,38.41666666666666,99.58333333333331,3180.0,1986,11,23,0.0,无,-8.7,-2.4,-11.7,0.55,0.34,680.0,681.5,676.1,1.3,,,无
1986-11-24,52645.0,青海,野牛沟,38.41666666666666,99.58333333333331,3180.0,1986,11,24,0.0,无,-12.8,-3.4,-20.3,0.63,0.29,681.6,682.6,679.1,1.0,,,无
1986-11-25,52645.0,青海,野牛沟,38.41666666666666,99.58333333333331,3180.0,1986,11,25,0.0,无,-13.3,-4.4,-21.8,0.57,0.36,680.9,682.9,677.9,0.6,,,无
1986-11-26,52645.0,青海,野牛沟,38.41666666666666,99.58333333333331,3180.0,1986,11,26,0.0,无,-13.2,-2.4,-21.1,0.58,0.24,681.0,682.8,679.0,0.8,,,无
1986-11-27,52645.0,青海,野牛沟,38.41666666666666,99.58333333333331,3180.0,1986,11,27,0.0,无,-13.5,0.0,-22.9,0.47,0.19,680.5,681.5,678.2,1.0,,,无
1986-11-28,52645.0,青海,野牛沟,38.41666666666666,99.58333333333331,3180.0,1986,11,28,0.0,无,-14.2,-3.1,-22.9,0.5,0.27,683.4,684.7,681.5,1.3,,,无
1986-11-29,52645.0,青海,野牛沟,38.41666666666666,99.58333333333331,3180.0,1986,11,29,0.2,normal,-13.2,-3.0,-21.6,0.62,0.25,683.3,684.7,680.9,1.0,,-14.575039976281591,Snow
1986-11-30,52645.0,青海,野牛沟,38.41666666666666,99.58333333333331,3180.0,1986,11,30,0.3,normal,-13.1,-6.2,-21.5,0.79,0.51,682.0,683.8,679.2,0.4,,-13.861176421119271,Snow
1986-12-01,52645.0,青海,野牛沟,38.41666666666666,99.58333333333331,3180.0,1986,12,1,1.2,normal,-13.3,-8.2,-17.4,0.77,0.67,680.3,681.9,679.0,0.0,,-14.125528067836232,Snow
1986-12-02,52645.0,青海,野牛沟,38.41666666666666,99.58333333333331,3180.0,1986,12,2,1.2,normal,-18.2,-8.9,-25.3,0.78,0.41,684.8,687.2,682.1,1.4,,-18.76965861926878,Snow
1986-12-03,52645.0,青海,野牛沟,38.41666666666666,99.58333333333331,3180.0,1986,12,3,0.0,无,-22.4,-11.8,-29.1,0.66,0.48,687.4,689.4,685.8,0.6,,,无
1986-12-04,52645.0,青海,野牛沟,38.41666666666666,99.58333333333331,3180.0,1986,12,4,0.0,无,-15.5,-5.0,-23.8,0.61,0.45,681.9,686.9,677.9,0.9,,,无
1986-12-05,52645.0,青海,野牛沟,38.41666666666666,99.58333333333331,3180.0,1986,12,5,0.0,无,-13.9,1.1,-21.5,0.67,0.33,679.6,681.4,677.9,0.8,,,无
1986-12-06,52645.0,青海,野牛沟,38.41666666666666,99.58333333333331,3180.0,1986,12,6,0.0,无,-16.2,-4.8,-24.5,0.62,0.4,683.7,685.2,681.4,1.3,,,无
1986-12-07,52645.0,青海,野牛沟,38.41666666666666,99.58333333333331,3180.0,1986,12,7,0.0,无,-14.0,-3.4,-21.7,0.63,0.43,680.8,684.5,678.0,0.8,,,无
1986-12-08,52645.0,青海,野牛沟,38.41666666666666,99.58333333333331,3180.0,1986,12,8,0.0,无,-9.3,-2.2,-15.3,0.42,0.13,683.6,685.1,679.8,1.8,,,无
1986-12-09,52645.0,青海,野牛沟,38.41666666666666,99.58333333333331,3180.0,1986,12,9,0.0,无,-16.6,-5.0,-24.9,0.53,0.28,684.6,686.3,682.4,0.9,,,无
1986-12-10,52645.0,青海,野牛沟,38.41666666666666,99.58333333333331,3180.0,1986,12,10,0.0,无,-17.5,-3.0,-25.4,0.56,0.26,680.8,683.5,677.8,0.8,,,无
1986-12-11,52645.0,青海,野牛沟,38.41666666666666,99.58333333333331,3180.0,1986,12,11,0.0,无,-17.7,-4.4,-26.0,0.52,0.23,677.3,679.1,674.7,0.9,,,无
1986-12-12,52645.0,青海,野牛沟,38.41666666666666,99.58333333333331,3180.0,1986,12,12,0.0,无,-15.0,-2.4,-24.3,0.51,0.26,675.4,677.0,673.2,1.4,,,无
1986-12-13,52645.0,青海,野牛沟,38.41666666666666,99.58333333333331,3180.0,1986,12,13,0.0,无,-14.5,-0.4,-22.7,0.52,0.28,677.7,679.1,675.3,0.9,,,无
1986-12-14,52645.0,青海,野牛沟,38.41666666666666,99.58333333333331,3180.0,1986,12,14,0.0,无,-15.1,-1.4,-23.2,0.62,0.31,675.9,678.2,673.1,1.0,,,无
1986-12-15,52645.0,青海,野牛沟,38.41666666666666,99.58333333333331,3180.0,1986,12,15,0.0,无,-14.3,-6.4,-19.6,0.64,0.46,673.0,673.9,671.1,0.5,,,无
1986-12-16,52645.0,青海,野牛沟,38.41666666666666,99.58333333333331,3180.0,1986,12,16,1.1,normal,-14.8,-10.6,-19.4,0.84,0.61,677.8,679.3,673.9,0.2,,-15.322937458733886,Snow
1986-12-17,52645.0,青海,野牛沟,38.41666666666666,99.58333333333331,3180.0,1986,12,17,0.0,无,-20.2,-12.8,-28.3,0.81,0.55,681.5,683.2,679.3,0.3,,,无
1986-12-18,52645.0,青海,野牛沟,38.41666666666666,99.58333333333331,3180.0,1986,12,18,0.0,无,-25.6,-14.8,-32.2,0.66,0.48,683.8,685.2,681.8,0.3,,,无
1986-12-19,52645.0,青海,野牛沟,38.41666666666666,99.58333333333331,3180.0,1986,12,19,0.2,normal,-20.2,-12.1,-27.5,0.69,0.46,680.1,683.3,676.7,0.4,,-20.901378103142648,Snow
1986-12-20,52645.0,青海,野牛沟,38.41666666666666,99.58333333333331,3180.0,1986,12,20,0.1,normal,-19.3,-13.1,-22.3,0.82,0.74,680.6,682.5,679.6,0.2,,-19.733263460164167,Snow
1986-12-21,52645.0,青海,野牛沟,38.41666666666666,99.58333333333331,3180.0,1986,12,21,0.0,无,-24.6,-14.8,-31.0,0.77,0.57,681.1,684.2,677.4,0.4,,,无
1986-12-22,52645.0,青海,野牛沟,38.41666666666666,99.58333333333331,3180.0,1986,12,22,0.0,无,-22.9,-11.3,-29.8,0.73,0.52,675.2,677.4,673.7,1.0,,,无
1986-12-23,52645.0,青海,野牛沟,38.41666666666666,99.58333333333331,3180.0,1986,12,23,0.0,无,-19.3,-8.0,-26.3,0.65,0.37,677.9,679.8,675.5,0.7,,,无
1986-12-24,52645.0,青海,野牛沟,38.41666666666666,99.58333333333331,3180.0,1986,12,24,0.0,无,-19.6,-7.9,-26.8,0.67,0.45,679.7,681.3,678.4,0.8,,,无
1986-12-25,52645.0,青海,野牛沟,38.41666666666666,99.58333333333331,3180.0,1986,12,25,0.0,无,-20.4,-10.8,-28.6,0.61,0.44,679.5,680.9,677.6,0.6,,,无
1986-12-26,52645.0,青海,野牛沟,38.41666666666666,99.58333333333331,3180.0,1986,12,26,0.0,无,-12.7,-7.4,-20.6,0.43,0.24,680.3,682.1,677.3,1.1,,,无
1986-12-27,52645.0,青海,野牛沟,38.41666666666666,99.58333333333331,3180.0,1986,12,27,0.0,无,-17.5,-7.2,-26.4,0.56,0.35,682.7,684.8,680.5,0.9,,,无
1986-12-28,52645.0,青海,野牛沟,38.41666666666666,99.58333333333331,3180.0,1986,12,28,0.0,无,-17.9,-2.8,-25.8,0.6,0.26,678.9,681.3,675.8,0.7,,,无
1986-12-29,52645.0,青海,野牛沟,38.41666666666666,99.58333333333331,3180.0,1986,12,29,0.0,无,-16.9,-2.5,-25.4,0.49,0.22,675.8,677.5,673.2,1.0,,,无
1986-12-30,52645.0,青海,野牛沟,38.41666666666666,99.58333333333331,3180.0,1986,12,30,0.0,无,-17.3,-2.4,-25.5,0.5,0.21,676.1,677.9,674.6,0.7,,,无
1986-12-31,52645.0,青海,野牛沟,38.41666666666666,99.58333333333331,3180.0,1986,12,31,0.0,无,-15.0,-4.4,-22.1,0.48,0.28,674.2,677.3,670.9,0.6,,,无
1987-01-01,52645.0,青海,野牛沟,38.41666666666666,99.58333333333331,3180.0,1987,1,1,0.0,无,-14.7,-5.5,-23.7,0.5,0.16,670.8,672.1,668.1,1.7,,,无
1987-01-02,52645.0,青海,野牛沟,38.41666666666666,99.58333333333331,3180.0,1987,1,2,0.0,无,-19.2,-7.1,-27.4,0.56,0.23,677.6,679.4,672.1,0.8,,,无
1987-01-03,52645.0,青海,野牛沟,38.41666666666666,99.58333333333331,3180.0,1987,1,3,0.0,无,-19.9,-7.8,-28.8,0.53,0.19,677.6,678.8,676.0,0.7,,,无
1987-01-04,52645.0,青海,野牛沟,38.41666666666666,99.58333333333331,3180.0,1987,1,4,0.0,无,-16.5,-4.1,-25.8,0.51,0.21,677.7,678.9,676.5,0.9,,,无
1987-01-05,52645.0,青海,野牛沟,38.41666666666666,99.58333333333331,3180.0,1987,1,5,0.0,无,-17.4,-3.4,-25.8,0.55,0.22,678.4,679.9,676.7,1.2,,,无
1987-01-06,52645.0,青海,野牛沟,38.41666666666666,99.58333333333331,3180.0,1987,1,6,0.0,无,-14.2,-6.5,-19.9,0.43,0.14,680.6,684.4,677.9,1.3,,,无
1987-01-07,52645.0,青海,野牛沟,38.41666666666666,99.58333333333331,3180.0,1987,1,7,0.0,无,-18.2,-5.1,-27.3,0.45,0.19,685.2,686.9,682.9,1.0,,,无
1987-01-08,52645.0,青海,野牛沟,38.41666666666666,99.58333333333331,3180.0,1987,1,8,0.0,无,-18.6,-5.5,-26.5,0.55,0.29,681.7,683.8,679.8,0.5,,,无
1987-01-09,52645.0,青海,野牛沟,38.41666666666666,99.58333333333331,3180.0,1987,1,9,0.0,无,-17.6,-4.0,-25.4,0.57,0.22,682.1,683.9,680.5,0.9,,,无
1987-01-10,52645.0,青海,野牛沟,38.41666666666666,99.58333333333331,3180.0,1987,1,10,0.0,无,-17.2,-4.3,-26.3,0.48,0.18,682.7,683.8,680.9,0.8,,,无
1987-01-11,52645.0,青海,野牛沟,38.41666666666666,99.58333333333331,3180.0,1987,1,11,0.0,无,-15.8,-4.2,-24.8,0.44,0.13,685.3,686.7,683.2,1.3,,,无
1987-01-12,52645.0,青海,野牛沟,38.41666666666666,99.58333333333331,3180.0,1987,1,12,0.0,无,-17.7,-4.2,-27.0,0.37,0.15,686.0,688.0,683.4,1.1,,,无
1987-01-13,52645.0,青海,野牛沟,38.41666666666666,99.58333333333331,3180.0,1987,1,13,0.0,无,-18.8,-2.5,-27.6,0.38,0.1,681.4,684.8,677.5,0.8,,,无
1987-01-14,52645.0,青海,野牛沟,38.41666666666666,99.58333333333331,3180.0,1987,1,14,0.0,无,-16.2,-1.4,-25.9,0.38,0.12,675.5,678.0,673.1,1.8,,,无
1987-01-15,52645.0,青海,野牛沟,38.41666666666666,99.58333333333331,3180.0,1987,1,15,0.0,无,-14.1,-6.4,-22.9,0.42,0.16,675.8,677.2,674.1,1.0,,,无
1987-01-16,52645.0,青海,野牛沟,38.41666666666666,99.58333333333331,3180.0,1987,1,16,0.0,无,-16.4,-1.9,-25.8,0.48,0.15,678.9,680.6,675.9,1.1,,,无
1987-01-17,52645.0,青海,野牛沟,38.41666666666666,99.58333333333331,3180.0,1987,1,17,0.0,无,-15.8,-5.5,-24.8,0.51,0.24,678.3,680.0,676.4,0.8,,,无
1987-01-18,52645.0,青海,野牛沟,38.41666666666666,99.58333333333331,3180.0,1987,1,18,0.0,无,-14.8,-4.8,-23.2,0.47,0.25,679.7,681.5,677.9,1.0,,,无
1987-01-19,52645.0,青海,野牛沟,38.41666666666666,99.58333333333331,3180.0,1987,1,19,0.0,无,-16.2,-4.4,-26.7,0.43,0.19,678.1,681.5,673.9,1.0,,,无
1987-01-20,52645.0,青海,野牛沟,38.41666666666666,99.58333333333331,3180.0,1987,1,20,0.0,无,-10.7,-3.1,-16.6,0.41,0.18,674.2,676.3,671.6,1.0,,,无
1987-01-21,52645.0,青海,野牛沟,38.41666666666666,99.58333333333331,3180.0,1987,1,21,0.0,无,-11.6,-2.2,-16.0,0.52,0.21,672.8,674.9,671.4,0.7,,,无
1987-01-22,52645.0,青海,野牛沟,38.41666666666666,99.58333333333331,3180.0,1987,1,22,0.0,无,-12.8,-7.9,-16.2,0.49,0.35,677.9,680.8,673.1,1.7,,,无
1987-01-23,52645.0,青海,野牛沟,38.41666666666666,99.58333333333331,3180.0,1987,1,23,0.0,无,-16.1,-8.8,-21.8,0.7,0.44,681.8,682.6,680.3,0.7,,,无
1987-01-24,52645.0,青海,野牛沟,38.41666666666666,99.58333333333331,3180.0,1987,1,24,0.7,normal,-14.9,-9.2,-17.3,0.72,0.43,681.0,682.7,678.9,0.0,,-15.809267392691261,Snow
1987-01-25,52645.0,青海,野牛沟,38.41666666666666,99.58333333333331,3180.0,1987,1,25,0.2,normal,-19.2,-7.7,-25.2,0.81,0.32,682.5,683.7,681.6,0.8,,-19.659638805751015,Snow
1987-01-26,52645.0,青海,野牛沟,38.41666666666666,99.58333333333331,3180.0,1987,1,26,0.0,无,-19.5,-4.2,-28.9,0.57,0.2,683.7,685.2,682.9,0.8,,,无
1987-01-27,52645.0,青海,野牛沟,38.41666666666666,99.58333333333331,3180.0,1987,1,27,0.0,无,-17.1,-4.3,-26.0,0.52,0.24,683.4,685.1,681.8,1.0,,,无
1987-01-28,52645.0,青海,野牛沟,38.41666666666666,99.58333333333331,3180.0,1987,1,28,0.0,无,-14.5,-0.4,-24.6,0.59,0.21,680.9,683.4,678.2,1.1,,,无
1987-01-29,52645.0,青海,野牛沟,38.41666666666666,99.58333333333331,3180.0,1987,1,29,0.0,无,-13.2,-3.0,-23.5,0.59,0.23,682.1,683.0,679.1,1.0,,,无
1987-01-30,52645.0,青海,野牛沟,38.41666666666666,99.58333333333331,3180.0,1987,1,30,0.0,无,-12.3,-3.2,-19.4,0.56,0.21,684.5,685.6,683.0,1.1,,,无
1987-01-31,52645.0,青海,野牛沟,38.41666666666666,99.58333333333331,3180.0,1987,1,31,0.0,无,-14.3,-2.4,-24.0,0.45,0.22,683.8,684.8,682.0,1.1,,,无
1987-02-01,52645.0,青海,野牛沟,38.41666666666666,99.58333333333331,3180.0,1987,2,1,0.0,无,-15.6,-6.5,-22.8,0.48,0.3,684.4,685.5,683.4,0.9,,,无
1987-02-02,52645.0,青海,野牛沟,38.41666666666666,99.58333333333331,3180.0,1987,2,2,0.0,无,-17.3,-3.2,-26.4,0.45,0.21,685.4,687.2,682.7,1.1,,,无
1987-02-03,52645.0,青海,野牛沟,38.41666666666666,99.58333333333331,3180.0,1987,2,3,0.0,无,-14.3,0.4,-22.6,0.42,0.16,683.0,684.5,680.4,2.0,,,无
1987-02-04,52645.0,青海,野牛沟,38.41666666666666,99.58333333333331,3180.0,1987,2,4,0.0,无,-12.7,-0.4,-23.6,0.36,0.15,682.4,684.0,679.8,1.4,,,无
1987-02-05,52645.0,青海,野牛沟,38.41666666666666,99.58333333333331,3180.0,1987,2,5,0.0,无,-13.0,-4.3,-22.4,0.41,0.21,681.5,682.4,679.0,1.0,,,无
1987-02-06,52645.0,青海,野牛沟,38.41666666666666,99.58333333333331,3180.0,1987,2,6,0.0,无,-13.8,-2.6,-23.9,0.49,0.21,681.0,682.2,679.4,1.2,,,无
1987-02-07,52645.0,青海,野牛沟,38.41666666666666,99.58333333333331,3180.0,1987,2,7,0.0,无,-12.4,3.3,-22.9,0.46,0.16,679.0,680.8,676.9,1.4,,,无
1987-02-08,52645.0,青海,野牛沟,38.41666666666666,99.58333333333331,3180.0,1987,2,8,0.0,无,-9.0,3.2,-19.9,0.4,0.18,678.3,680.2,675.1,1.5,,,无
1987-02-09,52645.0,青海,野牛沟,38.41666666666666,99.58333333333331,3180.0,1987,2,9,0.0,无,-8.4,0.6,-17.4,0.4,0.23,676.9,678.4,674.9,1.9,,,无
1987-02-10,52645.0,青海,野牛沟,38.41666666666666,99.58333333333331,3180.0,1987,2,10,0.1,normal,-7.8,-2.0,-16.2,0.61,0.33,675.1,677.5,672.3,1.9,,-9.748767071268997,Snow
1987-02-11,52645.0,青海,野牛沟,38.41666666666666,99.58333333333331,3180.0,1987,2,11,4.1,normal,-12.6,-8.0,-18.6,0.7,0.3,676.1,678.2,673.9,2.2,,-13.731837118965228,Snow
1987-02-12,52645.0,青海,野牛沟,38.41666666666666,99.58333333333331,3180.0,1987,2,12,0.0,无,-15.0,-3.0,-24.5,0.6,0.29,675.0,676.2,673.6,1.9,,,无
1987-02-13,52645.0,青海,野牛沟,38.41666666666666,99.58333333333331,3180.0,1987,2,13,0.0,无,-11.4,-1.2,-22.9,0.56,0.31,676.4,678.1,674.4,1.2,,,无
1987-02-14,52645.0,青海,野牛沟,38.41666666666666,99.58333333333331,3180.0,1987,2,14,0.0,无,-10.5,-1.3,-19.2,0.51,0.16,679.1,681.0,675.3,2.5,,,无
1987-02-15,52645.0,青海,野牛沟,38.41666666666666,99.58333333333331,3180.0,1987,2,15,0.0,无,-12.6,-0.9,-23.7,0.49,0.17,677.9,680.2,675.2,1.3,,,无
1987-02-16,52645.0,青海,野牛沟,38.41666666666666,99.58333333333331,3180.0,1987,2,16,0.0,无,-9.8,1.8,-18.9,0.51,0.24,674.4,676.6,670.7,1.8,,,无
1987-02-17,52645.0,青海,野牛沟,38.41666666666666,99.58333333333331,3180.0,1987,2,17,0.0,无,-6.8,1.7,-14.9,0.45,0.12,674.3,675.8,672.6,2.5,,,无
1987-02-18,52645.0,青海,野牛沟,38.41666666666666,99.58333333333331,3180.0,1987,2,18,0.2,normal,-11.0,-4.4,-16.4,0.49,0.2,674.7,676.3,672.6,1.1,,-13.139306095382977,Snow
1987-02-19,52645.0,青海,野牛沟,38.41666666666666,99.58333333333331,3180.0,1987,2,19,1.9,normal,-10.9,-4.8,-17.7,0.74,0.41,677.3,678.6,676.4,2.0,,-11.982188770995347,Snow
1987-02-20,52645.0,青海,野牛沟,38.41666666666666,99.58333333333331,3180.0,1987,2,20,0.9,normal,-11.9,-4.3,-16.8,0.7,0.38,677.7,678.5,675.9,1.1,,-13.078666707655518,Snow
1987-02-21,52645.0,青海,野牛沟,38.41666666666666,99.58333333333331,3180.0,1987,2,21,1.4,normal,-16.4,-9.1,-25.1,0.56,0.24,680.1,681.6,678.5,0.7,,-17.701371174170532,Snow
1987-02-22,52645.0,青海,野牛沟,38.41666666666666,99.58333333333331,3180.0,1987,2,22,0.0,无,-19.0,-6.4,-28.8,0.47,0.18,679.1,680.3,676.7,2.0,,,无
1987-02-23,52645.0,青海,野牛沟,38.41666666666666,99.58333333333331,3180.0,1987,2,23,0.0,无,-15.3,3.3,-25.5,0.46,0.18,679.7,680.7,677.7,2.0,,,无
1987-02-24,52645.0,青海,野牛沟,38.41666666666666,99.58333333333331,3180.0,1987,2,24,0.0,无,-14.5,-2.0,-22.9,0.44,0.15,679.8,681.2,679.3,0.7,,,无
1987-02-25,52645.0,青海,野牛沟,38.41666666666666,99.58333333333331,3180.0,1987,2,25,0.0,无,-12.2,0.8,-23.1,0.43,0.15,679.2,681.2,675.9,1.9,,,无
1987-02-26,52645.0,青海,野牛沟,38.41666666666666,99.58333333333331,3180.0,1987,2,26,0.0,无,-10.3,-2.9,-16.9,0.43,0.17,681.0,682.7,677.1,1.6,,,无
1987-02-27,52645.0,青海,野牛沟,38.41666666666666,99.58333333333331,3180.0,1987,2,27,0.0,无,-10.1,-0.4,-19.0,0.48,0.25,681.4,683.1,678.1,1.6,,,无
1987-02-28,52645.0,青海,野牛沟,38.41666666666666,99.58333333333331,3180.0,1987,2,28,0.0,无,-9.4,0.7,-18.8,0.52,0.18,681.2,682.5,679.0,2.0,,,无
1987-03-01,52645.0,青海,野牛沟,38.41666666666666,99.58333333333331,3180.0,1987,3,1,0.1,normal,-6.8,0.4,-14.2,0.54,0.24,681.5,682.8,679.7,2.1,,-9.220755306392135,Snow
1987-03-02,52645.0,青海,野牛沟,38.41666666666666,99.58333333333331,3180.0,1987,3,2,0.0,无,-10.6,0.6,-20.5,0.49,0.13,680.5,681.8,676.8,2.7,,,无
1987-03-03,52645.0,青海,野牛沟,38.41666666666666,99.58333333333331,3180.0,1987,3,3,0.0,无,-12.3,-0.8,-22.8,0.4,0.11,681.4,683.4,678.9,2.6,,,无
1987-03-04,52645.0,青海,野牛沟,38.41666666666666,99.58333333333331,3180.0,1987,3,4,0.0,无,-9.0,3.4,-20.5,0.35,0.11,678.4,681.3,674.1,2.3,,,无
1987-03-05,52645.0,青海,野牛沟,38.41666666666666,99.58333333333331,3180.0,1987,3,5,0.0,无,-5.8,1.7,-15.4,0.32,0.14,673.4,674.7,671.3,2.8,,,无
1987-03-06,52645.0,青海,野牛沟,38.41666666666666,99.58333333333331,3180.0,1987,3,6,2.8,normal,-7.0,0.7,-16.9,0.63,0.27,672.5,674.0,671.2,1.2,,-8.932087150510387,Snow
1987-03-07,52645.0,青海,野牛沟,38.41666666666666,99.58333333333331,3180.0,1987,3,7,0.0,无,-4.1,8.1,-12.9,0.55,0.17,671.0,672.5,667.9,3.7,,,无
1987-03-08,52645.0,青海,野牛沟,38.41666666666666,99.58333333333331,3180.0,1987,3,8,0.5,normal,-2.6,4.5,-6.5,0.62,0.1,671.8,673.4,670.4,2.4,,-5.073348018966892,Snow
1987-03-09,52645.0,青海,野牛沟,38.41666666666666,99.58333333333331,3180.0,1987,3,9,1.7,normal,-6.2,2.0,-9.4,0.63,0.14,673.4,675.1,670.4,1.3,,-8.212839646172402,Snow
1987-03-10,52645.0,青海,野牛沟,38.41666666666666,99.58333333333331,3180.0,1987,3,10,0.0,无,-9.8,1.4,-19.2,0.46,0.14,673.8,676.5,670.8,1.3,,,无
1987-03-11,52645.0,青海,野牛沟,38.41666666666666,99.58333333333331,3180.0,1987,3,11,0.0,无,-7.2,0.8,-16.3,0.41,0.11,670.7,672.7,668.0,2.2,,,无
1987-03-12,52645.0,青海,野牛沟,38.41666666666666,99.58333333333331,3180.0,1987,3,12,0.0,无,-5.3,0.3,-10.3,0.3,0.16,668.9,670.1,667.1,3.9,,,无
1987-03-13,52645.0,青海,野牛沟,38.41666666666666,99.58333333333331,3180.0,1987,3,13,0.0,无,-8.2,2.3,-16.7,0.53,0.1,671.5,673.2,669.0,3.6,,,无
1987-03-14,52645.0,青海,野牛沟,38.41666666666666,99.58333333333331,3180.0,1987,3,14,0.0,无,-7.9,1.1,-15.2,0.46,0.21,674.2,676.8,671.7,2.6,,,无
1987-03-15,52645.0,青海,野牛沟,38.41666666666666,99.58333333333331,3180.0,1987,3,15,0.0,无,-7.1,3.2,-16.9,0.32,0.12,674.9,678.5,671.6,3.3,,,无
1987-03-16,52645.0,青海,野牛沟,38.41666666666666,99.58333333333331,3180.0,1987,3,16,0.0,无,-0.6,5.4,-6.6,0.14,0.06,669.6,672.6,667.7,7.1,,,无
1987-03-17,52645.0,青海,野牛沟,38.41666666666666,99.58333333333331,3180.0,1987,3,17,0.1,normal,-7.4,5.5,-15.8,0.45,0.11,673.9,675.1,670.4,3.9,,-10.239068355036366,Snow
1987-03-18,52645.0,青海,野牛沟,38.41666666666666,99.58333333333331,3180.0,1987,3,18,1.9,normal,-6.7,0.9,-13.7,0.55,0.13,675.8,677.7,673.8,2.3,,-9.092187245562751,Snow
1987-03-19,52645.0,青海,野牛沟,38.41666666666666,99.58333333333331,3180.0,1987,3,19,0.0,无,-4.3,4.1,-12.1,0.35,0.14,672.4,675.1,670.5,3.8,,,无
1987-03-20,52645.0,青海,野牛沟,38.41666666666666,99.58333333333331,3180.0,1987,3,20,0.0,无,-4.7,5.1,-13.5,0.46,0.15,671.4,673.3,669.2,2.7,,,无
1987-03-21,52645.0,青海,野牛沟,38.41666666666666,99.58333333333331,3180.0,1987,3,21,0.0,无,-3.8,5.5,-8.0,0.46,0.1,673.0,673.4,671.7,3.8,,,无
1987-03-22,52645.0,青海,野牛沟,38.41666666666666,99.58333333333331,3180.0,1987,3,22,0.0,无,-0.6,4.2,-4.7,0.31,0.13,673.1,674.6,672.4,4.8,,,无
1987-03-23,52645.0,青海,野牛沟,38.41666666666666,99.58333333333331,3180.0,1987,3,23,3.7,normal,-5.1,1.9,-12.2,0.7,0.21,676.1,677.5,674.3,3.0,,-6.812809955756038,Snow
1987-03-24,52645.0,青海,野牛沟,38.41666666666666,99.58333333333331,3180.0,1987,3,24,0.0,无,-7.9,-1.1,-13.0,0.54,0.23,679.3,681.4,675.6,2.1,,,无
1987-03-25,52645.0,青海,野牛沟,38.41666666666666,99.58333333333331,3180.0,1987,3,25,0.0,无,-8.4,4.4,-17.9,0.48,0.15,678.9,682.1,674.6,2.7,,,无
1987-03-26,52645.0,青海,野牛沟,38.41666666666666,99.58333333333331,3180.0,1987,3,26,0.0,无,-5.3,4.7,-15.3,0.42,0.15,678.3,679.8,675.2,3.2,,,无
1987-03-27,52645.0,青海,野牛沟,38.41666666666666,99.58333333333331,3180.0,1987,3,27,0.0,无,-3.5,6.1,-9.9,0.43,0.2,677.1,678.4,674.1,3.0,,,无
1987-03-28,52645.0,青海,野牛沟,38.41666666666666,99.58333333333331,3180.0,1987,3,28,0.0,无,-1.7,9.6,-12.0,0.46,0.09,675.9,678.3,673.4,4.6,,,无
1987-03-29,52645.0,青海,野牛沟,38.41666666666666,99.58333333333331,3180.0,1987,3,29,0.0,无,0.2,11.1,-8.9,0.32,0.08,677.2,679.1,673.8,5.2,,,无
1987-03-30,52645.0,青海,野牛沟,38.41666666666666,99.58333333333331,3180.0,1987,3,30,0.0,无,-1.2,8.6,-7.1,0.45,0.2,680.5,681.7,677.4,4.4,,,无
1987-03-31,52645.0,青海,野牛沟,38.41666666666666,99.58333333333331,3180.0,1987,3,31,0.9,normal,-3.6,3.6,-5.6,0.72,0.32,680.0,682.9,675.8,0.9,,-5.311135441855357,Snow
1987-04-01,52645.0,青海,野牛沟,38.41666666666666,99.58333333333331,3180.0,1987,4,1,4.5,normal,-8.6,-2.0,-18.4,0.56,0.19,681.4,682.9,678.1,1.9,,-10.697124973094375,Snow
1987-04-02,52645.0,青海,野牛沟,38.41666666666666,99.58333333333331,3180.0,1987,4,2,0.0,无,-6.9,6.5,-17.0,0.46,0.14,681.0,683.5,677.0,3.5,,,无
1987-04-03,52645.0,青海,野牛沟,38.41666666666666,99.58333333333331,3180.0,1987,4,3,0.0,无,-2.3,11.8,-13.8,0.43,0.09,675.1,677.8,670.6,4.1,,,无
1987-04-04,52645.0,青海,野牛沟,38.41666666666666,99.58333333333331,3180.0,1987,4,4,0.0,无,0.9,11.9,-8.2,0.38,0.13,673.4,675.9,670.2,6.4,,,无
1987-04-05,52645.0,青海,野牛沟,38.41666666666666,99.58333333333331,3180.0,1987,4,5,0.0,无,-1.1,7.8,-8.3,0.54,0.14,679.3,681.4,675.9,4.1,,,无
1987-04-06,52645.0,青海,野牛沟,38.41666666666666,99.58333333333331,3180.0,1987,4,6,0.0,无,-1.1,10.8,-10.7,0.47,0.09,682.4,684.7,679.6,4.6,,,无
1987-04-07,52645.0,青海,野牛沟,38.41666666666666,99.58333333333331,3180.0,1987,4,7,0.0,无,4.1,13.4,-4.5,0.2,0.1,677.5,681.2,673.9,7.3,,,无
1987-04-08,52645.0,青海,野牛沟,38.41666666666666,99.58333333333331,3180.0,1987,4,8,0.0,无,-0.6,7.3,-7.2,0.62,0.2,676.4,678.3,674.1,4.7,,,无
1987-04-09,52645.0,青海,野牛沟,38.41666666666666,99.58333333333331,3180.0,1987,4,9,0.3,normal,-0.8,8.4,-6.9,0.62,0.27,677.5,679.4,674.2,4.1,,-3.472217178952959,Snow
1987-04-10,52645.0,青海,野牛沟,38.41666666666666,99.58333333333331,3180.0,1987,4,10,0.0,无,-1.4,8.3,-10.0,0.44,0.15,677.6,679.7,674.6,5.6,,,无
1987-04-11,52645.0,青海,野牛沟,38.41666666666666,99.58333333333331,3180.0,1987,4,11,0.0,无,-1.0,3.6,-5.9,0.65,0.24,677.3,678.7,675.4,3.8,,,无
1987-04-12,52645.0,青海,野牛沟,38.41666666666666,99.58333333333331,3180.0,1987,4,12,0.2,normal,-1.5,4.0,-4.7,0.69,0.4,677.8,678.6,676.4,3.3,,-3.597357613581962,Snow
1987-04-13,52645.0,青海,野牛沟,38.41666666666666,99.58333333333331,3180.0,1987,4,13,0.9,normal,-2.3,2.7,-5.9,0.67,0.36,679.8,681.0,678.0,2.9,,-4.4532990280320695,Snow
1987-04-14,52645.0,青海,野牛沟,38.41666666666666,99.58333333333331,3180.0,1987,4,14,0.0,无,-3.3,2.6,-5.9,0.65,0.38,680.8,681.3,679.4,2.7,,,无
1987-04-15,52645.0,青海,野牛沟,38.41666666666666,99.58333333333331,3180.0,1987,4,15,0.0,无,-4.0,5.0,-12.4,0.57,0.2,681.7,682.9,679.7,3.4,,,无
1987-04-16,52645.0,青海,野牛沟,38.41666666666666,99.58333333333331,3180.0,1987,4,16,0.0,无,0.6,9.5,-10.4,0.42,0.13,681.7,683.4,679.5,5.3,,,无
1987-04-17,52645.0,青海,野牛沟,38.41666666666666,99.58333333333331,3180.0,1987,4,17,0.0,无,1.4,13.7,-7.6,0.35,0.08,679.9,681.7,677.1,6.4,,,无
1987-04-18,52645.0,青海,野牛沟,38.41666666666666,99.58333333333331,3180.0,1987,4,18,0.0,无,1.2,11.6,-6.4,0.47,0.13,680.0,681.4,678.3,6.2,,,无
1987-04-19,52645.0,青海,野牛沟,38.41666666666666,99.58333333333331,3180.0,1987,4,19,4.8,normal,-2.9,0.7,-4.3,0.84,0.47,681.7,683.9,679.0,1.8,,-3.8985394389468597,Snow
1987-04-20,52645.0,青海,野牛沟,38.41666666666666,99.58333333333331,3180.0,1987,4,20,0.0,无,-5.3,4.6,-15.4,0.61,0.29,682.5,684.9,679.5,3.6,,,无
1987-04-21,52645.0,青海,野牛沟,38.41666666666666,99.58333333333331,3180.0,1987,4,21,0.0,无,1.7,10.1,-4.8,0.54,0.14,680.9,682.5,678.8,6.7,,,无
1987-04-22,52645.0,青海,野牛沟,38.41666666666666,99.58333333333331,3180.0,1987,4,22,0.0,无,4.0,16.2,-6.8,0.56,0.2,680.1,682.9,676.7,7.2,,,无
1987-04-23,52645.0,青海,野牛沟,38.41666666666666,99.58333333333331,3180.0,1987,4,23,0.1,normal,4.5,14.9,-1.0,0.59,0.24,677.7,678.7,675.5,5.7,,0.8977972563649539,Rain
1987-04-24,52645.0,青海,野牛沟,38.41666666666666,99.58333333333331,3180.0,1987,4,24,6.5,normal,0.5,4.3,-2.2,0.82,0.55,680.7,682.3,678.6,2.3,,-0.8065793177002911,Snow
1987-04-25,52645.0,青海,野牛沟,38.41666666666666,99.58333333333331,3180.0,1987,4,25,0.6,normal,-1.8,1.2,-4.5,0.71,0.52,685.0,685.9,682.1,1.9,,-3.720505247435182,Snow
1987-04-26,52645.0,青海,野牛沟,38.41666666666666,99.58333333333331,3180.0,1987,4,26,1.3,normal,-1.8,3.4,-5.2,0.81,0.42,685.8,686.7,684.2,2.6,,-3.0455583320958413,Snow
1987-04-27,52645.0,青海,野牛沟,38.41666666666666,99.58333333333331,3180.0,1987,4,27,0.0,无,-0.7,7.0,-7.0,0.57,0.18,686.4,687.4,685.1,4.9,,,无
1987-04-28,52645.0,青海,野牛沟,38.41666666666666,99.58333333333331,3180.0,1987,4,28,0.0,无,1.5,10.6,-7.6,0.58,0.13,683.3,686.1,680.0,5.8,,,无
1987-04-29,52645.0,青海,野牛沟,38.41666666666666,99.58333333333331,3180.0,1987,4,29,0.0,无,3.1,12.8,-6.9,0.49,0.14,677.2,680.3,674.6,6.8,,,无
1987-04-30,52645.0,青海,野牛沟,38.41666666666666,99.58333333333331,3180.0,1987,4,30,0.0,无,2.7,10.0,-0.3,0.71,0.26,676.5,677.3,673.6,4.7,,,无
1987-05-01,52645.0,青海,野牛沟,38.41666666666666,99.58333333333331,3180.0,1987,5,1,2.4,normal,-3.4,1.1,-5.9,0.74,0.51,679.9,680.6,677.3,2.0,,-5.001485436410067,Snow
1987-05-02,52645.0,青海,野牛沟,38.41666666666666,99.58333333333331,3180.0,1987,5,2,0.0,无,-0.8,7.5,-8.2,0.53,0.17,681.4,683.4,679.5,4.7,,,无
1987-05-03,52645.0,青海,野牛沟,38.41666666666666,99.58333333333331,3180.0,1987,5,3,0.0,无,-0.6,3.6,-4.4,0.61,0.36,681.1,682.0,680.0,2.9,,,无
1987-05-04,52645.0,青海,野牛沟,38.41666666666666,99.58333333333331,3180.0,1987,5,4,0.4,normal,-0.9,4.0,-3.5,0.77,0.52,681.3,682.6,680.1,3.2,,-2.4807526174992267,Snow
1987-05-05,52645.0,青海,野牛沟,38.41666666666666,99.58333333333331,3180.0,1987,5,5,0.0,无,0.0,9.6,-7.8,0.59,0.17,679.0,681.2,675.8,5.0,,,无
1987-05-06,52645.0,青海,野牛沟,38.41666666666666,99.58333333333331,3180.0,1987,5,6,0.0,无,2.6,11.1,-5.8,0.51,0.06,679.1,680.4,676.9,6.2,,,无
1987-05-07,52645.0,青海,野牛沟,38.41666666666666,99.58333333333331,3180.0,1987,5,7,0.2,normal,1.0,8.4,-6.4,0.6,0.24,677.6,679.6,675.5,4.4,,-2.0481377662092504,Snow
1987-05-08,52645.0,青海,野牛沟,38.41666666666666,99.58333333333331,3180.0,1987,5,8,0.2,normal,-1.3,4.6,-5.5,0.66,0.57,681.7,683.0,679.6,1.7,,-3.6205450503973102,Snow
1987-05-09,52645.0,青海,野牛沟,38.41666666666666,99.58333333333331,3180.0,1987,5,9,0.0,无,1.3,7.9,-4.0,0.64,0.41,682.6,684.3,681.8,3.6,,,无
1987-05-10,52645.0,青海,野牛沟,38.41666666666666,99.58333333333331,3180.0,1987,5,10,0.1,normal,1.5,7.6,-3.9,0.69,0.33,681.9,682.9,680.5,2.1,,-0.8785194131014284,Snow
1987-05-11,52645.0,青海,野牛沟,38.41666666666666,99.58333333333331,3180.0,1987,5,11,0.3,normal,0.7,3.0,-1.0,0.74,0.58,684.3,684.9,681.4,2.9,,-1.2150474458343075,Snow
1987-05-12,52645.0,青海,野牛沟,38.41666666666666,99.58333333333331,3180.0,1987,5,12,0.1,normal,1.5,7.3,-3.6,0.63,0.37,687.1,688.1,684.9,3.9,,-1.3481487554803495,Snow
1987-05-13,52645.0,青海,野牛沟,38.41666666666666,99.58333333333331,3180.0,1987,5,13,1.2,normal,0.4,7.3,-4.9,0.75,0.49,686.5,688.8,683.8,3.0,,-1.413249353174142,Snow
1987-05-14,52645.0,青海,野牛沟,38.41666666666666,99.58333333333331,3180.0,1987,5,14,0.4,normal,1.5,7.0,-3.7,0.67,0.34,684.6,685.5,683.7,2.8,,-1.0328883009951673,Snow
1987-05-15,52645.0,青海,野牛沟,38.41666666666666,99.58333333333331,3180.0,1987,5,15,0.7,normal,0.8,11.6,-5.4,0.76,0.29,684.5,685.6,681.4,4.6,,-0.9708183936108172,Snow
1987-05-16,52645.0,青海,野牛沟,38.41666666666666,99.58333333333331,3180.0,1987,5,16,3.9,normal,1.8,7.7,-2.4,0.74,0.44,685.8,687.2,684.1,4.2,,-0.2014328075400451,Snow
1987-05-17,52645.0,青海,野牛沟,38.41666666666666,99.58333333333331,3180.0,1987,5,17,0.0,无,4.5,13.3,-4.3,0.49,0.1,682.5,685.6,679.3,6.6,,,无
1987-05-18,52645.0,青海,野牛沟,38.41666666666666,99.58333333333331,3180.0,1987,5,18,0.0,无,4.5,14.0,-4.0,0.54,0.15,680.5,681.5,678.2,7.1,,,无
1987-05-19,52645.0,青海,野牛沟,38.41666666666666,99.58333333333331,3180.0,1987,5,19,0.6,normal,3.7,13.5,-4.7,0.7,0.32,681.7,682.9,679.8,4.6,,1.1907891471897036,Snow
1987-05-20,52645.0,青海,野牛沟,38.41666666666666,99.58333333333331,3180.0,1987,5,20,2.5,normal,5.7,13.4,0.5,0.73,0.27,682.0,682.9,680.5,4.9,,3.2790848137914397,Rain
1987-05-21,52645.0,青海,野牛沟,38.41666666666666,99.58333333333331,3180.0,1987,5,21,0.0,无,6.4,12.6,0.5,0.69,0.37,681.3,683.5,679.2,4.3,,,无
1987-05-22,52645.0,青海,野牛沟,38.41666666666666,99.58333333333331,3180.0,1987,5,22,0.7,normal,6.7,15.9,-0.7,0.63,0.26,679.4,681.4,676.5,6.1,,3.200605004404262,Rain
1987-05-23,52645.0,青海,野牛沟,38.41666666666666,99.58333333333331,3180.0,1987,5,23,5.8,normal,2.4,9.6,0.5,0.9,0.45,679.1,680.4,677.3,0.6,,1.623530690090642,Snow
1987-05-24,52645.0,青海,野牛沟,38.41666666666666,99.58333333333331,3180.0,1987,5,24,5.7,normal,2.0,5.7,-1.5,0.87,0.68,681.4,683.9,679.9,0.5,,1.0040083823864565,Snow
1987-05-25,52645.0,青海,野牛沟,38.41666666666666,99.58333333333331,3180.0,1987,5,25,0.8,normal,2.3,8.8,-3.4,0.76,0.52,684.9,686.7,682.8,4.0,,0.4185676456746501,Snow
1987-05-26,52645.0,青海,野牛沟,38.41666666666666,99.58333333333331,3180.0,1987,5,26,2.4,normal,4.3,9.8,1.2,0.79,0.51,683.6,684.3,682.1,3.4,,2.5282038743715995,Snow
1987-05-27,52645.0,青海,野牛沟,38.41666666666666,99.58333333333331,3180.0,1987,5,27,1.4,normal,5.8,13.5,0.3,0.64,0.26,685.0,686.0,683.3,7.2,,2.5213437633580726,Rain
1987-05-28,52645.0,青海,野牛沟,38.41666666666666,99.58333333333331,3180.0,1987,5,28,0.0,无,6.2,13.3,-2.4,0.5,0.18,684.3,686.4,681.8,7.7,,,无
1987-05-29,52645.0,青海,野牛沟,38.41666666666666,99.58333333333331,3180.0,1987,5,29,0.0,无,6.1,13.5,-1.5,0.51,0.15,682.9,683.8,681.9,9.1,,,无
1987-05-30,52645.0,青海,野牛沟,38.41666666666666,99.58333333333331,3180.0,1987,5,30,1.0,normal,2.5,12.4,-4.5,0.66,0.24,684.6,685.5,682.7,4.0,,-0.22162115034803254,Snow
1987-05-31,52645.0,青海,野牛沟,38.41666666666666,99.58333333333331,3180.0,1987,5,31,0.5,normal,4.4,11.8,-2.7,0.59,0.3,685.0,686.2,683.0,6.5,,0.8302763158639381,Rain
1987-06-01,52645.0,青海,野牛沟,38.41666666666666,99.58333333333331,3180.0,1987,6,1,0.0,无,6.1,15.8,-4.6,0.49,0.18,683.9,685.6,682.2,7.6,,,无
1987-06-02,52645.0,青海,野牛沟,38.41666666666666,99.58333333333331,3180.0,1987,6,2,0.0,无,10.8,20.2,1.1,0.45,0.23,681.2,683.8,677.6,9.0,,,无
1987-06-03,52645.0,青海,野牛沟,38.41666666666666,99.58333333333331,3180.0,1987,6,3,3.2,normal,10.5,19.5,1.2,0.52,0.24,678.4,679.8,675.1,9.8,,5.2239129500820125,Rain
1987-06-04,52645.0,青海,野牛沟,38.41666666666666,99.58333333333331,3180.0,1987,6,4,12.6,normal,3.1,6.6,-0.7,0.91,0.79,680.4,681.6,676.8,1.9,,2.3839736319500693,Snow
1987-06-05,52645.0,青海,野牛沟,38.41666666666666,99.58333333333331,3180.0,1987,6,5,4.1,normal,2.1,10.8,-7.3,0.75,0.43,684.8,685.4,681.6,2.5,,0.1531497845001395,Snow
1987-06-06,52645.0,青海,野牛沟,38.41666666666666,99.58333333333331,3180.0,1987,6,6,0.5,normal,3.9,12.1,-1.5,0.78,0.37,686.0,686.6,683.8,4.1,,2.0717218112310976,Rain
1987-06-07,52645.0,青海,野牛沟,38.41666666666666,99.58333333333331,3180.0,1987,6,7,1.3,normal,6.2,14.6,-2.0,0.65,0.28,684.9,687.3,681.6,5.5,,2.970761970711009,Rain
1987-06-08,52645.0,青海,野牛沟,38.41666666666666,99.58333333333331,3180.0,1987,6,8,7.5,normal,6.2,15.5,-0.3,0.73,0.34,681.7,684.2,679.2,6.2,,3.735246691413301,Rain
1987-06-09,52645.0,青海,野牛沟,38.41666666666666,99.58333333333331,3180.0,1987,6,9,3.5,normal,8.0,13.1,3.0,0.73,0.5,679.0,681.7,677.7,6.1,,5.374300701009669,Rain
1987-06-10,52645.0,青海,野牛沟,38.41666666666666,99.58333333333331,3180.0,1987,6,10,6.0,normal,6.7,11.1,3.5,0.84,0.59,676.8,678.6,674.4,0.4,,5.23543868802673,Rain
1987-06-11,52645.0,青海,野牛沟,38.41666666666666,99.58333333333331,3180.0,1987,6,11,8.7,normal,5.9,8.8,2.4,0.81,0.67,679.2,680.0,675.5,2.8,,4.202332074903361,Rain
1987-06-12,52645.0,青海,野牛沟,38.41666666666666,99.58333333333331,3180.0,1987,6,12,6.2,normal,3.8,8.4,0.4,0.82,0.52,682.2,682.6,680.0,4.8,,2.3140393616849364,Snow
1987-06-13,52645.0,青海,野牛沟,38.41666666666666,99.58333333333331,3180.0,1987,6,13,8.2,normal,2.0,6.7,-0.3,0.83,0.61,682.2,683.3,680.4,2.7,,0.6918866228392906,Snow
1987-06-14,52645.0,青海,野牛沟,38.41666666666666,99.58333333333331,3180.0,1987,6,14,3.0,normal,3.6,10.0,-1.7,0.74,0.42,682.9,683.8,681.6,5.1,,1.4473441615175053,Rain
1987-06-15,52645.0,青海,野牛沟,38.41666666666666,99.58333333333331,3180.0,1987,6,15,0.0,无,5.8,13.1,-1.6,0.64,0.3,682.2,683.1,680.8,6.7,,,无
1987-06-16,52645.0,青海,野牛沟,38.41666666666666,99.58333333333331,3180.0,1987,6,16,0.0,无,9.0,16.4,0.7,0.59,0.31,681.5,683.1,680.0,7.1,,,无
1987-06-17,52645.0,青海,野牛沟,38.41666666666666,99.58333333333331,3180.0,1987,6,17,3.2,normal,7.6,13.3,4.2,0.75,0.47,682.6,683.2,680.2,2.9,,5.214565703080605,Rain
1987-06-18,52645.0,青海,野牛沟,38.41666666666666,99.58333333333331,3180.0,1987,6,18,0.0,无,7.9,14.8,1.7,0.67,0.41,682.2,683.6,679.7,5.6,,,无
1987-06-19,52645.0,青海,野牛沟,38.41666666666666,99.58333333333331,3180.0,1987,6,19,0.2,normal,9.5,13.8,6.1,0.74,0.53,679.3,681.0,677.0,5.3,,6.851055036281175,Rain
1987-06-20,52645.0,青海,野牛沟,38.41666666666666,99.58333333333331,3180.0,1987,6,20,1.3,normal,10.8,17.8,8.4,0.77,0.53,678.0,678.8,676.5,5.6,,8.373418782947727,Rain
1987-06-21,52645.0,青海,野牛沟,38.41666666666666,99.58333333333331,3180.0,1987,6,21,7.5,normal,10.6,18.2,7.5,0.8,0.5,679.7,680.6,677.7,4.5,,8.516794144762724,Rain
1987-06-22,52645.0,青海,野牛沟,38.41666666666666,99.58333333333331,3180.0,1987,6,22,3.7,normal,9.6,19.5,4.6,0.85,0.52,681.8,683.1,678.7,6.7,,8.10014345931005,Rain
1987-06-23,52645.0,青海,野牛沟,38.41666666666666,99.58333333333331,3180.0,1987,6,23,11.6,normal,10.6,14.4,8.2,0.86,0.66,681.4,682.4,679.2,2.8,,9.159880214499626,Rain
1987-06-24,52645.0,青海,野牛沟,38.41666666666666,99.58333333333331,3180.0,1987,6,24,9.8,normal,9.0,12.3,6.6,0.85,0.71,681.1,682.3,680.0,1.8,,7.527079264375156,Rain
1987-06-25,52645.0,青海,野牛沟,38.41666666666666,99.58333333333331,3180.0,1987,6,25,3.0,normal,8.3,14.3,4.3,0.75,0.46,683.5,684.2,682.0,3.9,,5.859895980397698,Rain
1987-06-26,52645.0,青海,野牛沟,38.41666666666666,99.58333333333331,3180.0,1987,6,26,3.3,normal,7.0,13.3,3.2,0.78,0.57,685.3,686.6,682.9,4.7,,4.956573371990962,Rain
1987-06-27,52645.0,青海,野牛沟,38.41666666666666,99.58333333333331,3180.0,1987,6,27,0.0,无,7.3,11.6,2.8,0.7,0.47,686.1,686.7,684.9,4.5,,,无
1987-06-28,52645.0,青海,野牛沟,38.41666666666666,99.58333333333331,3180.0,1987,6,28,0.0,无,6.9,16.6,-1.5,0.64,0.26,685.1,687.2,682.5,7.5,,,无
1987-06-29,52645.0,青海,野牛沟,38.41666666666666,99.58333333333331,3180.0,1987,6,29,0.0,无,8.0,15.1,1.7,0.59,0.28,683.7,685.5,680.7,7.2,,,无
1987-06-30,52645.0,青海,野牛沟,38.41666666666666,99.58333333333331,3180.0,1987,6,30,4.9,normal,6.5,14.3,2.3,0.75,0.4,681.6,683.1,678.7,6.0,,4.200969513976731,Rain
1987-07-01,52645.0,青海,野牛沟,38.41666666666666,99.58333333333331,3180.0,1987,7,1,2.1,normal,7.4,15.1,1.8,0.7,0.33,681.4,682.1,679.0,5.1,,4.530359951645386,Rain
1987-07-02,52645.0,青海,野牛沟,38.41666666666666,99.58333333333331,3180.0,1987,7,2,0.5,normal,6.9,11.8,2.3,0.78,0.5,683.3,683.6,681.3,2.9,,4.860975560200189,Rain
1987-07-03,52645.0,青海,野牛沟,38.41666666666666,99.58333333333331,3180.0,1987,7,3,1.2,normal,8.2,17.2,1.4,0.68,0.28,683.6,685.1,680.6,7.3,,5.04847383698984,Rain
1987-07-04,52645.0,青海,野牛沟,38.41666666666666,99.58333333333331,3180.0,1987,7,4,5.8,normal,7.6,13.5,3.8,0.73,0.42,683.1,684.1,681.8,4.2,,5.015739773212009,Rain
1987-07-05,52645.0,青海,野牛沟,38.41666666666666,99.58333333333331,3180.0,1987,7,5,0.0,无,8.7,16.7,-0.2,0.67,0.29,683.4,684.9,681.0,6.4,,,无
1987-07-06,52645.0,青海,野牛沟,38.41666666666666,99.58333333333331,3180.0,1987,7,6,0.1,normal,9.4,19.7,0.2,0.63,0.27,682.4,683.7,679.6,7.2,,5.5705545384977695,Rain
1987-07-07,52645.0,青海,野牛沟,38.41666666666666,99.58333333333331,3180.0,1987,7,7,0.0,无,10.8,20.9,1.9,0.63,0.24,680.3,681.8,678.2,6.1,,,无
1987-07-08,52645.0,青海,野牛沟,38.41666666666666,99.58333333333331,3180.0,1987,7,8,13.4,normal,10.6,15.1,7.1,0.76,0.52,679.6,680.8,678.6,2.1,,8.08038348884169,Rain
1987-07-09,52645.0,青海,野牛沟,38.41666666666666,99.58333333333331,3180.0,1987,7,9,5.4,normal,8.3,11.7,5.5,0.75,0.55,682.3,682.8,680.5,2.7,,5.858133294037491,Rain
1987-07-10,52645.0,青海,野牛沟,38.41666666666666,99.58333333333331,3180.0,1987,7,10,0.4,normal,8.3,13.0,6.1,0.75,0.49,684.1,684.6,683.2,0.6,,5.860776328280006,Rain
1987-07-11,52645.0,青海,野牛沟,38.41666666666666,99.58333333333331,3180.0,1987,7,11,0.0,无,9.6,14.9,4.7,0.59,0.4,684.6,685.4,683.4,6.9,,,无
1987-07-12,52645.0,青海,野牛沟,38.41666666666666,99.58333333333331,3180.0,1987,7,12,0.0,无,9.3,17.5,0.6,0.64,0.34,683.5,684.9,682.3,7.0,,,无
1987-07-13,52645.0,青海,野牛沟,38.41666666666666,99.58333333333331,3180.0,1987,7,13,0.3,normal,10.1,18.2,3.2,0.65,0.39,682.2,683.5,681.2,6.3,,6.40866215298701,Rain
1987-07-14,52645.0,青海,野牛沟,38.41666666666666,99.58333333333331,3180.0,1987,7,14,0.0,无,10.1,19.1,1.8,0.69,0.38,682.1,682.9,680.4,7.0,,,无
1987-07-15,52645.0,青海,野牛沟,38.41666666666666,99.58333333333331,3180.0,1987,7,15,4.6,normal,11.1,16.5,6.5,0.8,0.52,681.2,682.5,679.6,4.6,,8.987341943318757,Rain
1987-07-16,52645.0,青海,野牛沟,38.41666666666666,99.58333333333331,3180.0,1987,7,16,3.5,normal,11.1,16.4,6.5,0.75,0.48,681.5,682.2,680.3,5.5,,8.433107575547162,Rain
1987-07-17,52645.0,青海,野牛沟,38.41666666666666,99.58333333333331,3180.0,1987,7,17,8.6,normal,9.3,14.3,4.6,0.74,0.57,682.1,682.9,680.6,4.6,,6.672078760257372,Rain
1987-07-18,52645.0,青海,野牛沟,38.41666666666666,99.58333333333331,3180.0,1987,7,18,1.5,normal,9.9,13.3,7.2,0.81,0.53,682.2,682.8,681.8,3.0,,7.9688073007009885,Rain
1987-07-19,52645.0,青海,野牛沟,38.41666666666666,99.58333333333331,3180.0,1987,7,19,6.7,normal,10.2,14.2,7.2,0.81,0.62,681.9,683.1,681.0,3.7,,8.250765608618632,Rain
1987-07-20,52645.0,青海,野牛沟,38.41666666666666,99.58333333333331,3180.0,1987,7,20,3.4,normal,7.7,15.6,1.8,0.68,0.32,684.9,686.0,682.8,6.7,,4.6037883113736955,Rain
1987-07-21,52645.0,青海,野牛沟,38.41666666666666,99.58333333333331,3180.0,1987,7,21,0.0,无,7.8,15.0,0.2,0.58,0.3,684.8,685.4,683.2,7.2,,,无
1987-07-22,52645.0,青海,野牛沟,38.41666666666666,99.58333333333331,3180.0,1987,7,22,0.0,无,7.3,16.4,-1.7,0.56,0.23,686.5,687.6,685.0,7.2,,,无
1987-07-23,52645.0,青海,野牛沟,38.41666666666666,99.58333333333331,3180.0,1987,7,23,1.3,normal,6.7,15.9,-1.3,0.67,0.28,686.6,687.4,684.7,4.5,,3.614018233074181,Rain
1987-07-24,52645.0,青海,野牛沟,38.41666666666666,99.58333333333331,3180.0,1987,7,24,0.0,无,8.1,17.4,-1.5,0.65,0.29,685.9,687.3,683.8,6.2,,,无
1987-07-25,52645.0,青海,野牛沟,38.41666666666666,99.58333333333331,3180.0,1987,7,25,0.2,normal,7.5,16.9,-1.0,0.73,0.36,683.7,685.1,682.4,5.5,,4.925409623732047,Rain
1987-07-26,52645.0,青海,野牛沟,38.41666666666666,99.58333333333331,3180.0,1987,7,26,0.0,无,9.9,20.3,-0.5,0.62,0.26,681.4,683.7,679.4,6.5,,,无
1987-07-27,52645.0,青海,野牛沟,38.41666666666666,99.58333333333331,3180.0,1987,7,27,0.0,无,11.7,22.4,0.6,0.56,0.27,681.0,682.1,679.8,8.4,,,无
1987-07-28,52645.0,青海,野牛沟,38.41666666666666,99.58333333333331,3180.0,1987,7,28,0.0,无,11.3,21.4,1.1,0.55,0.22,682.8,683.5,680.6,8.8,,,无
1987-07-29,52645.0,青海,野牛沟,38.41666666666666,99.58333333333331,3180.0,1987,7,29,4.3,normal,9.9,14.6,6.5,0.75,0.5,683.9,684.4,682.4,2.8,,7.33247438085979,Rain
1987-07-30,52645.0,青海,野牛沟,38.41666666666666,99.58333333333331,3180.0,1987,7,30,0.2,normal,9.9,19.5,2.5,0.72,0.3,683.0,685.5,680.2,6.0,,7.006396115252422,Rain
1987-07-31,52645.0,青海,野牛沟,38.41666666666666,99.58333333333331,3180.0,1987,7,31,11.9,normal,9.4,14.7,6.1,0.79,0.45,681.1,683.3,679.8,4.7,,7.289121998669734,Rain
1987-08-01,52645.0,青海,野牛沟,38.41666666666666,99.58333333333331,3180.0,1987,8,1,9.0,normal,8.0,14.6,4.5,0.81,0.6,679.9,682.5,677.4,3.9,,6.178757141406241,Rain
1987-08-02,52645.0,青海,野牛沟,38.41666666666666,99.58333333333331,3180.0,1987,8,2,7.6,normal,7.4,13.3,4.2,0.8,0.52,681.2,681.8,679.3,3.9,,5.51866022821788,Rain
1987-08-03,52645.0,青海,野牛沟,38.41666666666666,99.58333333333331,3180.0,1987,8,3,4.3,normal,8.5,14.9,4.4,0.83,0.52,683.2,684.2,681.2,3.4,,6.852955464663331,Rain
1987-08-04,52645.0,青海,野牛沟,38.41666666666666,99.58333333333331,3180.0,1987,8,4,10.2,normal,10.2,18.6,4.4,0.81,0.47,683.6,685.4,681.1,6.7,,8.252592558098911,Rain
1987-08-05,52645.0,青海,野牛沟,38.41666666666666,99.58333333333331,3180.0,1987,8,5,10.9,normal,8.0,11.7,6.6,0.82,0.7,685.6,687.0,681.7,1.2,,6.283390657312888,Rain
1987-08-06,52645.0,青海,野牛沟,38.41666666666666,99.58333333333331,3180.0,1987,8,6,2.5,normal,8.1,14.6,4.2,0.65,0.27,687.9,688.4,686.6,7.2,,4.655590064066408,Rain
1987-08-07,52645.0,青海,野牛沟,38.41666666666666,99.58333333333331,3180.0,1987,8,7,0.0,无,7.2,16.6,-1.1,0.61,0.27,688.0,689.4,685.5,6.5,,,无
1987-08-08,52645.0,青海,野牛沟,38.41666666666666,99.58333333333331,3180.0,1987,8,8,0.0,无,7.5,15.1,-0.9,0.54,0.24,686.9,688.1,685.3,7.7,,,无
1987-08-09,52645.0,青海,野牛沟,38.41666666666666,99.58333333333331,3180.0,1987,8,9,0.0,无,8.8,16.1,0.5,0.61,0.31,685.6,687.1,683.5,6.7,,,无
1987-08-10,52645.0,青海,野牛沟,38.41666666666666,99.58333333333331,3180.0,1987,8,10,11.0,normal,5.0,13.2,2.4,0.85,0.44,685.2,685.7,683.6,3.7,,3.7143407660741135,Rain
1987-08-11,52645.0,青海,野牛沟,38.41666666666666,99.58333333333331,3180.0,1987,8,11,1.0,normal,5.6,11.4,1.5,0.74,0.43,684.9,685.7,683.9,4.5,,3.2850756959392013,Rain
1987-08-12,52645.0,青海,野牛沟,38.41666666666666,99.58333333333331,3180.0,1987,8,12,0.5,normal,6.0,12.9,0.7,0.74,0.37,684.8,685.4,682.8,4.1,,3.6516783834181643,Rain
1987-08-13,52645.0,青海,野牛沟,38.41666666666666,99.58333333333331,3180.0,1987,8,13,0.5,normal,5.0,13.8,-1.7,0.72,0.26,685.1,685.8,683.4,5.4,,2.553701574186751,Rain
1987-08-14,52645.0,青海,野牛沟,38.41666666666666,99.58333333333331,3180.0,1987,8,14,0.0,无,6.1,14.9,-1.8,0.67,0.32,685.3,686.2,683.6,6.6,,,无
1987-08-15,52645.0,青海,野牛沟,38.41666666666666,99.58333333333331,3180.0,1987,8,15,0.0,无,7.3,17.6,-1.7,0.58,0.23,685.4,686.7,683.2,6.5,,,无
1987-08-16,52645.0,青海,野牛沟,38.41666666666666,99.58333333333331,3180.0,1987,8,16,2.3,normal,7.1,14.6,0.5,0.7,0.33,684.8,685.8,682.7,4.8,,4.2658866484286095,Rain
1987-08-17,52645.0,青海,野牛沟,38.41666666666666,99.58333333333331,3180.0,1987,8,17,0.1,normal,6.0,15.6,-2.6,0.71,0.29,684.6,685.9,682.0,5.0,,3.3680480672343505,Rain
1987-08-18,52645.0,青海,野牛沟,38.41666666666666,99.58333333333331,3180.0,1987,8,18,0.0,无,7.8,18.1,-2.7,0.62,0.27,684.1,685.2,682.5,7.2,,,无
1987-08-19,52645.0,青海,野牛沟,38.41666666666666,99.58333333333331,3180.0,1987,8,19,0.0,无,8.4,20.6,-2.6,0.63,0.22,683.4,684.8,681.2,6.1,,,无
1987-08-20,52645.0,青海,野牛沟,38.41666666666666,99.58333333333331,3180.0,1987,8,20,6.7,normal,7.2,16.6,2.0,0.75,0.42,683.5,685.1,681.9,3.4,,4.847860966933379,Rain
1987-08-21,52645.0,青海,野牛沟,38.41666666666666,99.58333333333331,3180.0,1987,8,21,0.0,无,8.0,16.9,-0.2,0.68,0.35,685.0,686.1,683.2,5.2,,,无
1987-08-22,52645.0,青海,野牛沟,38.41666666666666,99.58333333333331,3180.0,1987,8,22,0.0,无,8.2,18.4,-1.0,0.65,0.31,684.5,685.9,681.7,6.4,,,无
1987-08-23,52645.0,青海,野牛沟,38.41666666666666,99.58333333333331,3180.0,1987,8,23,0.0,无,7.7,16.0,0.0,0.72,0.41,683.6,684.7,681.7,5.8,,,无
1987-08-24,52645.0,青海,野牛沟,38.41666666666666,99.58333333333331,3180.0,1987,8,24,0.0,无,7.6,19.4,-2.3,0.63,0.24,682.5,684.3,679.3,6.1,,,无
1987-08-25,52645.0,青海,野牛沟,38.41666666666666,99.58333333333331,3180.0,1987,8,25,2.6,normal,10.1,14.6,5.5,0.61,0.43,679.9,681.2,677.7,5.2,,5.948538419815095,Rain
1987-08-26,52645.0,青海,野牛沟,38.41666666666666,99.58333333333331,3180.0,1987,8,26,4.2,normal,6.6,16.2,0.6,0.7,0.23,681.3,683.2,678.9,6.5,,3.808486433440348,Rain
1987-08-27,52645.0,青海,野牛沟,38.41666666666666,99.58333333333331,3180.0,1987,8,27,0.0,无,5.6,15.6,-2.7,0.62,0.2,681.4,682.2,679.4,5.7,,,无
1987-08-28,52645.0,青海,野牛沟,38.41666666666666,99.58333333333331,3180.0,1987,8,28,0.0,无,4.8,14.7,-4.1,0.62,0.22,682.6,683.6,680.7,5.4,,,无
1987-08-29,52645.0,青海,野牛沟,38.41666666666666,99.58333333333331,3180.0,1987,8,29,0.0,无,4.7,14.5,-4.9,0.57,0.24,684.2,685.6,682.1,5.4,,,无
1987-08-30,52645.0,青海,野牛沟,38.41666666666666,99.58333333333331,3180.0,1987,8,30,0.4,normal,7.0,14.4,-1.2,0.6,0.3,683.6,684.3,681.6,5.2,,3.1677625546073385,Rain
1987-08-31,52645.0,青海,野牛沟,38.41666666666666,99.58333333333331,3180.0,1987,8,31,0.0,无,6.3,15.1,-2.8,0.64,0.31,684.2,685.4,682.5,5.0,,,无
1987-09-01,52645.0,青海,野牛沟,38.41666666666666,99.58333333333331,3180.0,1987,9,1,0.4,normal,6.3,17.7,-2.0,0.66,0.28,682.9,684.8,679.8,5.1,,3.1526334481929696,Rain
1987-09-02,52645.0,青海,野牛沟,38.41666666666666,99.58333333333331,3180.0,1987,9,2,13.1,normal,5.0,10.1,1.6,0.83,0.51,682.9,683.9,681.1,4.3,,3.5364698787989868,Rain
1987-09-03,52645.0,青海,野牛沟,38.41666666666666,99.58333333333331,3180.0,1987,9,3,1.8,normal,3.2,12.3,-1.8,0.81,0.41,684.7,686.7,683.0,3.5,,1.6671507455525125,Snow
1987-09-04,52645.0,青海,野牛沟,38.41666666666666,99.58333333333331,3180.0,1987,9,4,0.2,normal,4.0,10.8,-1.5,0.75,0.44,687.0,687.8,685.1,3.2,,1.9073449090685513,Rain
1987-09-05,52645.0,青海,野牛沟,38.41666666666666,99.58333333333331,3180.0,1987,9,5,0.2,normal,5.6,13.6,-1.2,0.66,0.33,687.6,689.0,686.2,5.5,,2.5409431408591443,Rain
1987-09-06,52645.0,青海,野牛沟,38.41666666666666,99.58333333333331,3180.0,1987,9,6,0.0,无,3.7,11.0,-0.6,0.68,0.34,687.1,688.2,684.9,5.2,,,无
1987-09-07,52645.0,青海,野牛沟,38.41666666666666,99.58333333333331,3180.0,1987,9,7,0.7,normal,1.4,11.6,-5.3,0.73,0.33,685.2,687.0,683.2,3.3,,-0.6481894459944959,Snow
1987-09-08,52645.0,青海,野牛沟,38.41666666666666,99.58333333333331,3180.0,1987,9,8,0.9,normal,3.8,12.9,-1.7,0.7,0.35,684.8,686.5,682.5,4.2,,1.2866528197876415,Rain
1987-09-09,52645.0,青海,野牛沟,38.41666666666666,99.58333333333331,3180.0,1987,9,9,0.0,无,4.9,16.0,-4.7,0.61,0.18,682.1,683.7,679.7,5.4,,,无
1987-09-10,52645.0,青海,野牛沟,38.41666666666666,99.58333333333331,3180.0,1987,9,10,0.0,无,6.3,16.8,-2.5,0.58,0.25,680.8,682.2,679.1,6.2,,,无
1987-09-11,52645.0,青海,野牛沟,38.41666666666666,99.58333333333331,3180.0,1987,9,11,2.0,normal,6.5,11.6,3.7,0.72,0.38,680.9,681.8,679.9,3.9,,3.9114343216229974,Rain
1987-09-12,52645.0,青海,野牛沟,38.41666666666666,99.58333333333331,3180.0,1987,9,12,1.7,normal,5.2,9.3,2.6,0.81,0.62,685.3,686.4,681.8,2.6,,3.5502750630609947,Rain
1987-09-13,52645.0,青海,野牛沟,38.41666666666666,99.58333333333331,3180.0,1987,9,13,4.8,normal,2.8,6.3,1.5,0.86,0.7,687.6,687.9,686.1,0.6,,1.6970910404294104,Snow
1987-09-14,52645.0,青海,野牛沟,38.41666666666666,99.58333333333331,3180.0,1987,9,14,0.2,normal,4.0,11.6,-1.5,0.76,0.42,687.9,689.2,685.9,4.2,,1.9950753159681023,Rain
1987-09-15,52645.0,青海,野牛沟,38.41666666666666,99.58333333333331,3180.0,1987,9,15,0.0,无,3.1,12.7,-4.2,0.63,0.26,686.5,687.4,684.6,3.7,,,无
1987-09-16,52645.0,青海,野牛沟,38.41666666666666,99.58333333333331,3180.0,1987,9,16,0.0,无,3.6,14.3,-5.2,0.57,0.18,686.5,687.6,684.1,3.3,,,无
1987-09-17,52645.0,青海,野牛沟,38.41666666666666,99.58333333333331,3180.0,1987,9,17,0.0,无,4.2,14.1,-4.5,0.56,0.22,688.8,690.2,685.8,5.6,,,无
1987-09-18,52645.0,青海,野牛沟,38.41666666666666,99.58333333333331,3180.0,1987,9,18,0.0,无,4.2,16.2,-6.9,0.51,0.15,688.3,690.3,685.2,5.2,,,无
1987-09-19,52645.0,青海,野牛沟,38.41666666666666,99.58333333333331,3180.0,1987,9,19,0.1,normal,4.9,15.3,-2.7,0.57,0.24,688.1,689.5,685.5,5.7,,1.0807686303109643,Rain
1987-09-20,52645.0,青海,野牛沟,38.41666666666666,99.58333333333331,3180.0,1987,9,20,0.0,无,2.8,11.7,-5.0,0.66,0.29,687.3,688.6,685.6,2.9,,,无
1987-09-21,52645.0,青海,野牛沟,38.41666666666666,99.58333333333331,3180.0,1987,9,21,0.0,无,4.1,16.0,-5.8,0.62,0.12,684.3,686.9,682.1,5.5,,,无
1987-09-22,52645.0,青海,野牛沟,38.41666666666666,99.58333333333331,3180.0,1987,9,22,0.0,无,3.7,17.0,-7.4,0.62,0.18,684.1,685.1,681.5,4.7,,,无
1987-09-23,52645.0,青海,野牛沟,38.41666666666666,99.58333333333331,3180.0,1987,9,23,1.2,normal,4.1,10.5,0.6,0.76,0.44,686.2,687.0,684.1,4.2,,2.08518418121439,Rain
1987-09-24,52645.0,青海,野牛沟,38.41666666666666,99.58333333333331,3180.0,1987,9,24,0.0,无,2.1,10.2,-5.1,0.63,0.32,687.6,688.5,685.9,3.2,,,无
1987-09-25,52645.0,青海,野牛沟,38.41666666666666,99.58333333333331,3180.0,1987,9,25,0.1,normal,3.5,11.9,-3.8,0.53,0.26,688.0,689.1,686.5,4.6,,-0.4746321567033229,Snow
1987-09-26,52645.0,青海,野牛沟,38.41666666666666,99.58333333333331,3180.0,1987,9,26,0.0,无,2.5,13.7,-7.3,0.59,0.12,685.5,688.1,681.9,4.9,,,无
1987-09-27,52645.0,青海,野牛沟,38.41666666666666,99.58333333333331,3180.0,1987,9,27,0.2,normal,2.8,7.7,-0.6,0.61,0.35,685.7,687.2,683.3,3.5,,-0.37772263252398464,Snow
1987-09-28,52645.0,青海,野牛沟,38.41666666666666,99.58333333333331,3180.0,1987,9,28,0.0,无,0.1,11.3,-9.3,0.58,0.16,686.9,687.8,685.2,3.9,,,无
1987-09-29,52645.0,青海,野牛沟,38.41666666666666,99.58333333333331,3180.0,1987,9,29,0.0,无,1.2,13.4,-9.9,0.48,0.1,686.9,688.4,684.2,4.5,,,无
1987-09-30,52645.0,青海,野牛沟,38.41666666666666,99.58333333333331,3180.0,1987,9,30,0.0,无,0.6,12.4,-8.8,0.47,0.15,687.8,688.6,685.3,4.8,,,无
1987-10-01,52645.0,青海,野牛沟,38.41666666666666,99.58333333333331,3180.0,1987,10,1,0.0,无,0.2,13.0,-10.4,0.5,0.14,688.8,690.6,685.7,4.1,,,无
1987-10-02,52645.0,青海,野牛沟,38.41666666666666,99.58333333333331,3180.0,1987,10,2,0.0,无,1.4,13.4,-9.2,0.48,0.17,686.0,687.8,683.1,4.6,,,无
1987-10-03,52645.0,青海,野牛沟,38.41666666666666,99.58333333333331,3180.0,1987,10,3,0.0,无,1.3,12.6,-8.3,0.51,0.22,683.4,685.1,681.3,4.1,,,无
1987-10-04,52645.0,青海,野牛沟,38.41666666666666,99.58333333333331,3180.0,1987,10,4,0.0,无,1.5,13.8,-9.9,0.51,0.18,682.6,684.1,679.9,4.3,,,无
1987-10-05,52645.0,青海,野牛沟,38.41666666666666,99.58333333333331,3180.0,1987,10,5,0.0,无,2.2,13.1,-7.3,0.52,0.21,686.2,687.8,681.7,4.7,,,无
1987-10-06,52645.0,青海,野牛沟,38.41666666666666,99.58333333333331,3180.0,1987,10,6,0.0,无,1.8,14.0,-8.4,0.52,0.14,689.4,691.4,686.6,6.1,,,无
1987-10-07,52645.0,青海,野牛沟,38.41666666666666,99.58333333333331,3180.0,1987,10,7,0.0,无,1.8,12.9,-8.4,0.51,0.11,687.3,688.9,684.6,3.8,,,无
1987-10-08,52645.0,青海,野牛沟,38.41666666666666,99.58333333333331,3180.0,1987,10,8,0.0,无,2.2,15.3,-9.2,0.47,0.09,683.7,686.0,680.4,4.5,,,无
1987-10-09,52645.0,青海,野牛沟,38.41666666666666,99.58333333333331,3180.0,1987,10,9,0.0,无,4.9,15.4,-5.5,0.35,0.12,680.8,681.7,679.1,5.7,,,无
1987-10-10,52645.0,青海,野牛沟,38.41666666666666,99.58333333333331,3180.0,1987,10,10,0.0,无,3.5,17.4,-8.3,0.4,0.1,680.6,682.2,678.3,5.9,,,无
1987-10-11,52645.0,青海,野牛沟,38.41666666666666,99.58333333333331,3180.0,1987,10,11,0.0,无,4.8,17.7,-7.2,0.4,0.14,679.5,681.4,676.9,6.1,,,无
1987-10-12,52645.0,青海,野牛沟,38.41666666666666,99.58333333333331,3180.0,1987,10,12,0.0,无,5.1,16.1,-6.4,0.43,0.23,679.0,680.1,676.4,5.2,,,无
1987-10-13,52645.0,青海,野牛沟,38.41666666666666,99.58333333333331,3180.0,1987,10,13,0.0,无,4.6,15.9,-6.6,0.56,0.27,680.1,682.0,677.5,5.3,,,无
1987-10-14,52645.0,青海,野牛沟,38.41666666666666,99.58333333333331,3180.0,1987,10,14,0.0,无,6.4,14.6,-3.1,0.54,0.36,679.6,681.7,676.6,6.5,,,无
1987-10-15,52645.0,青海,野牛沟,38.41666666666666,99.58333333333331,3180.0,1987,10,15,0.0,无,0.6,10.1,-6.5,0.73,0.41,679.3,680.8,676.4,2.5,,,无
1987-10-16,52645.0,青海,野牛沟,38.41666666666666,99.58333333333331,3180.0,1987,10,16,0.4,normal,-0.8,3.7,-4.5,0.7,0.51,681.2,682.8,678.7,1.9,,-2.885978805220124,Snow
1987-10-17,52645.0,青海,野牛沟,38.41666666666666,99.58333333333331,3180.0,1987,10,17,0.0,无,-3.7,2.7,-7.2,0.48,0.08,682.6,686.3,680.3,3.8,,,无
1987-10-18,52645.0,青海,野牛沟,38.41666666666666,99.58333333333331,3180.0,1987,10,18,0.0,无,-9.0,4.9,-20.1,0.43,0.06,683.9,687.5,680.3,3.3,,,无
1987-10-19,52645.0,青海,野牛沟,38.41666666666666,99.58333333333331,3180.0,1987,10,19,0.0,无,-6.3,7.1,-15.9,0.48,0.16,679.7,682.1,675.6,2.7,,,无
1987-10-20,52645.0,青海,野牛沟,38.41666666666666,99.58333333333331,3180.0,1987,10,20,2.2,normal,-6.5,-0.9,-9.7,0.54,0.35,677.2,679.6,675.2,2.4,,-8.969631294969048,Snow
1987-10-21,52645.0,青海,野牛沟,38.41666666666666,99.58333333333331,3180.0,1987,10,21,2.5,normal,-8.4,-1.5,-11.7,0.75,0.42,680.7,682.0,679.2,2.9,,-9.593037358385455,Snow
1987-10-22,52645.0,青海,野牛沟,38.41666666666666,99.58333333333331,3180.0,1987,10,22,0.0,无,-9.6,1.8,-19.2,0.55,0.25,682.2,683.1,680.3,2.3,,,无
1987-10-23,52645.0,青海,野牛沟,38.41666666666666,99.58333333333331,3180.0,1987,10,23,0.0,无,-8.5,2.6,-16.6,0.52,0.17,686.3,688.0,682.5,2.3,,,无
1987-10-24,52645.0,青海,野牛沟,38.41666666666666,99.58333333333331,3180.0,1987,10,24,0.0,无,-8.4,5.0,-19.4,0.54,0.18,685.8,687.4,683.0,2.2,,,无
1987-10-25,52645.0,青海,野牛沟,38.41666666666666,99.58333333333331,3180.0,1987,10,25,0.0,无,-4.6,13.9,-16.0,0.5,0.11,683.6,685.5,681.3,3.0,,,无
1987-10-26,52645.0,青海,野牛沟,38.41666666666666,99.58333333333331,3180.0,1987,10,26,0.0,无,-4.0,9.4,-14.7,0.43,0.05,683.9,685.6,682.0,3.5,,,无
1987-10-27,52645.0,青海,野牛沟,38.41666666666666,99.58333333333331,3180.0,1987,10,27,0.0,无,-1.0,12.7,-15.0,0.38,0.06,682.6,684.7,679.9,4.6,,,无
1987-10-28,52645.0,青海,野牛沟,38.41666666666666,99.58333333333331,3180.0,1987,10,28,0.0,无,1.4,14.7,-11.5,0.32,0.08,678.7,681.3,674.8,4.9,,,无
1987-10-29,52645.0,青海,野牛沟,38.41666666666666,99.58333333333331,3180.0,1987,10,29,0.0,无,-4.1,6.9,-12.0,0.58,0.15,679.3,681.1,676.4,2.2,,,无
1987-10-30,52645.0,青海,野牛沟,38.41666666666666,99.58333333333331,3180.0,1987,10,30,0.0,无,-3.2,5.5,-11.7,0.56,0.36,677.8,679.6,675.8,1.5,,,无
1987-10-31,52645.0,青海,野牛沟,38.41666666666666,99.58333333333331,3180.0,1987,10,31,3.6,normal,-7.1,1.6,-9.3,0.82,0.44,678.1,679.8,676.4,1.6,,-8.018951921429004,Snow
1987-11-01,52645.0,青海,野牛沟,38.41666666666666,99.58333333333331,3180.0,1987,11,1,0.0,无,-10.2,-5.6,-15.3,0.72,0.53,682.2,683.5,679.7,1.5,,,无
1987-11-02,52645.0,青海,野牛沟,38.41666666666666,99.58333333333331,3180.0,1987,11,2,0.0,无,-12.2,-0.2,-22.0,0.65,0.22,682.4,684.6,679.6,1.9,,,无
1987-11-03,52645.0,青海,野牛沟,38.41666666666666,99.58333333333331,3180.0,1987,11,3,0.0,无,-12.4,-1.9,-19.9,0.58,0.28,682.2,683.9,680.5,1.8,,,无
1987-11-04,52645.0,青海,野牛沟,38.41666666666666,99.58333333333331,3180.0,1987,11,4,0.0,无,-12.6,1.1,-21.7,0.57,0.2,685.0,686.8,682.3,1.0,,,无
1987-11-05,52645.0,青海,野牛沟,38.41666666666666,99.58333333333331,3180.0,1987,11,5,0.0,无,-8.0,4.0,-18.1,0.5,0.18,680.9,683.2,678.5,3.0,,,无
1987-11-06,52645.0,青海,野牛沟,38.41666666666666,99.58333333333331,3180.0,1987,11,6,0.0,无,-7.1,3.1,-16.0,0.57,0.22,682.6,683.4,680.2,3.0,,,无
1987-11-07,52645.0,青海,野牛沟,38.41666666666666,99.58333333333331,3180.0,1987,11,7,0.0,无,-8.3,2.0,-16.9,0.63,0.28,684.1,685.2,681.8,1.3,,,无
1987-11-08,52645.0,青海,野牛沟,38.41666666666666,99.58333333333331,3180.0,1987,11,8,0.0,无,-7.7,4.4,-16.4,0.56,0.17,684.0,685.8,682.3,2.0,,,无
1987-11-09,52645.0,青海,野牛沟,38.41666666666666,99.58333333333331,3180.0,1987,11,9,0.0,无,-5.1,6.7,-13.8,0.5,0.16,679.3,683.3,676.5,1.4,,,无
1987-11-10,52645.0,青海,野牛沟,38.41666666666666,99.58333333333331,3180.0,1987,11,10,0.0,无,-3.0,5.3,-8.6,0.47,0.26,679.1,681.0,677.5,2.3,,,无
1987-11-11,52645.0,青海,野牛沟,38.41666666666666,99.58333333333331,3180.0,1987,11,11,0.0,无,-7.5,2.6,-15.9,0.69,0.3,683.4,684.3,680.9,1.7,,,无
1987-11-12,52645.0,青海,野牛沟,38.41666666666666,99.58333333333331,3180.0,1987,11,12,0.0,无,-8.8,3.8,-17.6,0.58,0.15,684.5,686.7,683.0,1.4,,,无
1987-11-13,52645.0,青海,野牛沟,38.41666666666666,99.58333333333331,3180.0,1987,11,13,0.0,无,-9.0,3.1,-18.9,0.47,0.16,682.6,684.1,680.3,1.2,,,无
1987-11-14,52645.0,青海,野牛沟,38.41666666666666,99.58333333333331,3180.0,1987,11,14,0.0,无,-8.5,2.4,-16.9,0.47,0.25,683.5,685.0,681.7,2.3,,,无
1987-11-15,52645.0,青海,野牛沟,38.41666666666666,99.58333333333331,3180.0,1987,11,15,0.0,无,-10.7,4.0,-20.5,0.44,0.1,683.8,685.6,681.4,1.6,,,无
1987-11-16,52645.0,青海,野牛沟,38.41666666666666,99.58333333333331,3180.0,1987,11,16,0.0,无,-10.9,2.6,-20.9,0.41,0.12,680.8,683.1,677.4,1.9,,,无
1987-11-17,52645.0,青海,野牛沟,38.41666666666666,99.58333333333331,3180.0,1987,11,17,0.0,无,-11.2,-0.8,-17.2,0.39,0.18,682.5,685.8,679.2,1.5,,,无
1987-11-18,52645.0,青海,野牛沟,38.41666666666666,99.58333333333331,3180.0,1987,11,18,0.0,无,-13.3,-0.4,-23.0,0.44,0.12,685.3,687.9,681.9,1.3,,,无
1987-11-19,52645.0,青海,野牛沟,38.41666666666666,99.58333333333331,3180.0,1987,11,19,0.0,无,-13.5,2.7,-24.6,0.37,0.08,679.7,683.0,676.0,1.3,,,无
1987-11-20,52645.0,青海,野牛沟,38.41666666666666,99.58333333333331,3180.0,1987,11,20,0.0,无,-8.1,2.6,-19.2,0.3,0.09,679.0,680.3,677.1,2.6,,,无
1987-11-21,52645.0,青海,野牛沟,38.41666666666666,99.58333333333331,3180.0,1987,11,21,0.0,无,-5.9,4.3,-18.4,0.29,0.08,680.1,681.6,678.7,2.7,,,无
1987-11-22,52645.0,青海,野牛沟,38.41666666666666,99.58333333333331,3180.0,1987,11,22,0.0,无,-4.3,5.3,-16.5,0.28,0.07,681.1,682.8,678.9,3.6,,,无
1987-11-23,52645.0,青海,野牛沟,38.41666666666666,99.58333333333331,3180.0,1987,11,23,0.0,无,-7.1,6.4,-18.4,0.27,0.08,680.5,682.3,677.9,2.5,,,无
1987-11-24,52645.0,青海,野牛沟,38.41666666666666,99.58333333333331,3180.0,1987,11,24,0.0,无,-6.6,7.1,-17.2,0.36,0.18,676.4,680.0,671.8,2.2,,,无
1987-11-25,52645.0,青海,野牛沟,38.41666666666666,99.58333333333331,3180.0,1987,11,25,0.0,无,-3.0,5.5,-8.4,0.36,0.19,674.8,676.8,673.0,2.6,,,无
1987-11-26,52645.0,青海,野牛沟,38.41666666666666,99.58333333333331,3180.0,1987,11,26,0.0,无,-6.4,1.7,-13.2,0.43,0.25,678.3,679.9,675.0,2.3,,,无
1987-11-27,52645.0,青海,野牛沟,38.41666666666666,99.58333333333331,3180.0,1987,11,27,0.0,无,-11.5,-0.8,-17.0,0.51,0.21,680.8,683.0,678.7,1.8,,,无
1987-11-28,52645.0,青海,野牛沟,38.41666666666666,99.58333333333331,3180.0,1987,11,28,0.0,无,-14.3,-9.8,-19.3,0.65,0.35,681.0,682.1,679.1,1.0,,,无
1987-11-29,52645.0,青海,野牛沟,38.41666666666666,99.58333333333331,3180.0,1987,11,29,0.0,无,-15.1,-1.3,-24.2,0.53,0.18,681.4,682.1,678.9,1.4,,,无
1987-11-30,52645.0,青海,野牛沟,38.41666666666666,99.58333333333331,3180.0,1987,11,30,0.0,无,-13.3,0.8,-23.3,0.41,0.14,682.8,684.8,681.0,1.3,,,无
1987-12-01,52645.0,青海,野牛沟,38.41666666666666,99.58333333333331,3180.0,1987,12,1,0.0,无,-13.7,1.7,-23.0,0.4,0.15,682.5,684.3,680.4,1.2,,,无
1987-12-02,52645.0,青海,野牛沟,38.41666666666666,99.58333333333331,3180.0,1987,12,2,0.0,无,-10.6,-1.4,-16.7,0.37,0.24,677.9,681.5,675.6,1.5,,,无
1987-12-03,52645.0,青海,野牛沟,38.41666666666666,99.58333333333331,3180.0,1987,12,3,0.0,无,-10.3,-6.4,-13.4,0.41,0.3,679.4,680.8,677.0,1.4,,,无
1987-12-04,52645.0,青海,野牛沟,38.41666666666666,99.58333333333331,3180.0,1987,12,4,0.1,normal,-13.3,-4.8,-19.2,0.47,0.11,683.4,685.0,680.7,1.8,,-15.215347835739944,Snow
1987-12-05,52645.0,青海,野牛沟,38.41666666666666,99.58333333333331,3180.0,1987,12,5,0.0,无,-17.2,-3.5,-26.7,0.3,0.11,684.5,686.7,681.5,1.2,,,无
1987-12-06,52645.0,青海,野牛沟,38.41666666666666,99.58333333333331,3180.0,1987,12,6,0.0,无,-13.7,-1.5,-20.5,0.3,0.15,682.3,684.0,681.3,1.2,,,无
1987-12-07,52645.0,青海,野牛沟,38.41666666666666,99.58333333333331,3180.0,1987,12,7,0.0,无,-15.4,-2.0,-25.1,0.38,0.14,683.1,684.9,681.4,1.5,,,无
1987-12-08,52645.0,青海,野牛沟,38.41666666666666,99.58333333333331,3180.0,1987,12,8,0.0,无,-15.6,-2.9,-24.9,0.33,0.13,680.6,681.9,678.1,1.4,,,无
1987-12-09,52645.0,青海,野牛沟,38.41666666666666,99.58333333333331,3180.0,1987,12,9,0.0,无,-12.8,0.4,-21.9,0.27,0.14,680.2,681.6,678.3,2.0,,,无
1987-12-10,52645.0,青海,野牛沟,38.41666666666666,99.58333333333331,3180.0,1987,12,10,0.0,无,-10.9,0.0,-20.6,0.41,0.18,681.1,682.9,679.3,1.7,,,无
1987-12-11,52645.0,青海,野牛沟,38.41666666666666,99.58333333333331,3180.0,1987,12,11,0.0,无,-12.6,0.1,-21.4,0.55,0.16,683.5,685.8,680.9,1.2,,,无
1987-12-12,52645.0,青海,野牛沟,38.41666666666666,99.58333333333331,3180.0,1987,12,12,0.0,无,-13.1,0.1,-22.5,0.44,0.19,679.1,681.1,675.7,2.0,,,无
1987-12-13,52645.0,青海,野牛沟,38.41666666666666,99.58333333333331,3180.0,1987,12,13,0.0,无,-12.4,-4.2,-18.2,0.46,0.25,680.6,682.0,677.6,1.1,,,无
1987-12-14,52645.0,青海,野牛沟,38.41666666666666,99.58333333333331,3180.0,1987,12,14,0.0,无,-16.9,-4.0,-25.4,0.44,0.19,682.4,684.1,681.2,1.0,,,无
1987-12-15,52645.0,青海,野牛沟,38.41666666666666,99.58333333333331,3180.0,1987,12,15,0.0,无,-15.9,-2.2,-25.4,0.34,0.13,682.4,684.2,680.7,1.0,,,无
1987-12-16,52645.0,青海,野牛沟,38.41666666666666,99.58333333333331,3180.0,1987,12,16,0.0,无,-15.5,-1.9,-24.1,0.35,0.16,681.8,684.1,681.0,1.3,,,无
1987-12-17,52645.0,青海,野牛沟,38.41666666666666,99.58333333333331,3180.0,1987,12,17,0.0,无,-14.9,-1.1,-24.8,0.38,0.22,681.0,682.4,679.5,1.1,,,无
1987-12-18,52645.0,青海,野牛沟,38.41666666666666,99.58333333333331,3180.0,1987,12,18,0.1,normal,-15.5,-5.8,-21.9,0.56,0.3,682.9,684.7,681.1,0.6,,-16.87725449281111,Snow
1987-12-19,52645.0,青海,野牛沟,38.41666666666666,99.58333333333331,3180.0,1987,12,19,0.0,无,-15.2,-5.1,-21.0,0.57,0.19,683.8,685.2,682.6,0.8,,,无
1987-12-20,52645.0,青海,野牛沟,38.41666666666666,99.58333333333331,3180.0,1987,12,20,0.0,无,-16.4,-2.6,-26.3,0.44,0.19,684.8,686.6,682.7,1.0,,,无
1987-12-21,52645.0,青海,野牛沟,38.41666666666666,99.58333333333331,3180.0,1987,12,21,0.0,无,-13.2,-2.7,-21.4,0.42,0.2,682.8,683.7,681.7,1.4,,,无
1987-12-22,52645.0,青海,野牛沟,38.41666666666666,99.58333333333331,3180.0,1987,12,22,0.0,无,-13.0,0.6,-22.4,0.46,0.26,681.6,684.3,679.0,1.6,,,无
1987-12-23,52645.0,青海,野牛沟,38.41666666666666,99.58333333333331,3180.0,1987,12,23,0.0,无,-11.9,-0.4,-20.6,0.55,0.3,680.1,681.2,678.9,1.0,,,无
1987-12-24,52645.0,青海,野牛沟,38.41666666666666,99.58333333333331,3180.0,1987,12,24,0.0,无,-10.9,-2.1,-17.4,0.48,0.21,683.5,685.4,680.9,1.2,,,无
1987-12-25,52645.0,青海,野牛沟,38.41666666666666,99.58333333333331,3180.0,1987,12,25,0.0,无,-13.9,-2.1,-23.0,0.45,0.18,683.5,684.9,681.4,1.4,,,无
1987-12-26,52645.0,青海,野牛沟,38.41666666666666,99.58333333333331,3180.0,1987,12,26,0.0,无,-13.6,2.4,-23.3,0.41,0.15,682.4,683.7,680.2,1.0,,,无
1987-12-27,52645.0,青海,野牛沟,38.41666666666666,99.58333333333331,3180.0,1987,12,27,0.0,无,-9.5,2.2,-19.9,0.32,0.19,681.0,683.3,678.4,1.5,,,无
1987-12-28,52645.0,青海,野牛沟,38.41666666666666,99.58333333333331,3180.0,1987,12,28,0.0,无,-7.6,1.3,-15.0,0.47,0.18,678.6,680.1,676.1,1.8,,,无
1987-12-29,52645.0,青海,野牛沟,38.41666666666666,99.58333333333331,3180.0,1987,12,29,0.0,无,-14.5,-5.3,-21.4,0.58,0.28,680.7,682.3,679.2,1.1,,,无
1987-12-30,52645.0,青海,野牛沟,38.41666666666666,99.58333333333331,3180.0,1987,12,30,0.0,无,-13.7,-0.4,-21.7,0.46,0.23,676.5,680.9,671.6,1.0,,,无
1987-12-31,52645.0,青海,野牛沟,38.41666666666666,99.58333333333331,3180.0,1987,12,31,0.0,无,-8.5,2.3,-14.4,0.41,0.12,677.1,680.6,672.6,2.1,,,无
1988-01-01,52645.0,青海,野牛沟,38.41666666666666,99.58333333333331,3180.0,1988,1,1,0.0,无,-11.0,1.8,-20.3,0.34,0.15,681.7,683.3,679.9,2.2,,,无
1988-01-02,52645.0,青海,野牛沟,38.41666666666666,99.58333333333331,3180.0,1988,1,2,0.0,无,-9.4,2.6,-18.4,0.39,0.17,678.8,681.2,675.8,1.5,,,无
1988-01-03,52645.0,青海,野牛沟,38.41666666666666,99.58333333333331,3180.0,1988,1,3,0.0,无,-11.4,1.1,-19.3,0.48,0.2,681.0,682.5,679.4,1.2,,,无
1988-01-04,52645.0,青海,野牛沟,38.41666666666666,99.58333333333331,3180.0,1988,1,4,0.0,无,-13.4,1.7,-23.6,0.28,0.12,684.0,686.7,680.4,1.5,,,无
1988-01-05,52645.0,青海,野牛沟,38.41666666666666,99.58333333333331,3180.0,1988,1,5,0.0,无,-8.4,1.4,-18.6,0.43,0.12,681.1,684.1,677.8,1.7,,,无
1988-01-06,52645.0,青海,野牛沟,38.41666666666666,99.58333333333331,3180.0,1988,1,6,0.0,无,-13.8,-5.0,-20.1,0.33,0.17,676.9,678.7,675.3,1.7,,,无
1988-01-07,52645.0,青海,野牛沟,38.41666666666666,99.58333333333331,3180.0,1988,1,7,0.0,无,-14.8,-3.0,-23.5,0.31,0.1,676.7,678.2,674.7,1.6,,,无
1988-01-08,52645.0,青海,野牛沟,38.41666666666666,99.58333333333331,3180.0,1988,1,8,0.0,无,-15.5,-3.2,-25.5,0.34,0.14,676.7,678.1,675.0,1.4,,,无
1988-01-09,52645.0,青海,野牛沟,38.41666666666666,99.58333333333331,3180.0,1988,1,9,0.0,无,-17.2,-4.2,-27.0,0.28,0.14,678.3,679.5,676.2,1.1,,,无
1988-01-10,52645.0,青海,野牛沟,38.41666666666666,99.58333333333331,3180.0,1988,1,10,0.0,无,-16.4,-7.0,-25.0,0.39,0.17,681.4,682.7,679.5,0.7,,,无
1988-01-11,52645.0,青海,野牛沟,38.41666666666666,99.58333333333331,3180.0,1988,1,11,0.0,无,-15.8,-3.3,-26.6,0.41,0.17,681.8,683.9,678.6,1.2,,,无
1988-01-12,52645.0,青海,野牛沟,38.41666666666666,99.58333333333331,3180.0,1988,1,12,0.0,无,-15.5,0.1,-26.8,0.31,0.13,676.6,679.5,672.9,1.7,,,无
1988-01-13,52645.0,青海,野牛沟,38.41666666666666,99.58333333333331,3180.0,1988,1,13,0.0,无,-13.9,-3.3,-23.9,0.31,0.17,675.6,677.2,673.3,1.5,,,无
1988-01-14,52645.0,青海,野牛沟,38.41666666666666,99.58333333333331,3180.0,1988,1,14,0.0,无,-13.6,-3.6,-24.5,0.47,0.2,673.8,677.1,670.1,1.7,,,无
1988-01-15,52645.0,青海,野牛沟,38.41666666666666,99.58333333333331,3180.0,1988,1,15,0.5,normal,-17.0,-9.8,-20.9,0.6,0.39,676.7,680.3,673.0,0.1,,-18.13948238586365,Snow
1988-01-16,52645.0,青海,野牛沟,38.41666666666666,99.58333333333331,3180.0,1988,1,16,0.1,normal,-25.2,-14.8,-33.3,0.64,0.34,681.9,682.9,680.3,0.5,,-25.754845930017268,Snow
1988-01-17,52645.0,青海,野牛沟,38.41666666666666,99.58333333333331,3180.0,1988,1,17,0.0,无,-25.1,-11.3,-33.7,0.54,0.3,681.0,682.9,678.6,0.5,,,无
1988-01-18,52645.0,青海,野牛沟,38.41666666666666,99.58333333333331,3180.0,1988,1,18,0.0,无,-21.4,-6.0,-30.6,0.49,0.24,678.8,680.7,676.3,0.9,,,无
1988-01-19,52645.0,青海,野牛沟,38.41666666666666,99.58333333333331,3180.0,1988,1,19,0.0,无,-16.4,-4.7,-25.8,0.47,0.23,676.3,678.2,673.6,0.9,,,无
1988-01-20,52645.0,青海,野牛沟,38.41666666666666,99.58333333333331,3180.0,1988,1,20,0.0,无,-9.2,-5.5,-15.8,0.28,0.15,667.9,674.4,664.9,1.7,,,无
1988-01-21,52645.0,青海,野牛沟,38.41666666666666,99.58333333333331,3180.0,1988,1,21,0.0,无,-12.8,-4.8,-20.4,0.26,0.03,668.6,671.4,665.7,2.6,,,无
1988-01-22,52645.0,青海,野牛沟,38.41666666666666,99.58333333333331,3180.0,1988,1,22,0.0,无,-17.0,-2.4,-26.9,0.23,0.07,674.5,676.0,671.4,2.0,,,无
1988-01-23,52645.0,青海,野牛沟,38.41666666666666,99.58333333333331,3180.0,1988,1,23,0.0,无,-17.1,0.4,-27.7,0.25,0.04,671.9,675.8,668.7,1.3,,,无
1988-01-24,52645.0,青海,野牛沟,38.41666666666666,99.58333333333331,3180.0,1988,1,24,0.0,无,-15.6,-4.2,-24.4,0.39,0.19,671.0,672.8,668.3,1.3,,,无
1988-01-25,52645.0,青海,野牛沟,38.41666666666666,99.58333333333331,3180.0,1988,1,25,0.0,无,-17.8,-5.8,-26.7,0.41,0.15,672.7,673.9,670.5,1.2,,,无
1988-01-26,52645.0,青海,野牛沟,38.41666666666666,99.58333333333331,3180.0,1988,1,26,0.0,无,-18.1,-4.9,-28.3,0.41,0.17,674.3,675.8,672.2,1.2,,,无
1988-01-27,52645.0,青海,野牛沟,38.41666666666666,99.58333333333331,3180.0,1988,1,27,0.0,无,-17.2,-4.6,-28.0,0.3,0.09,674.3,676.2,672.5,1.1,,,无
1988-01-28,52645.0,青海,野牛沟,38.41666666666666,99.58333333333331,3180.0,1988,1,28,0.0,无,-16.0,-4.0,-26.0,0.31,0.08,673.4,674.9,671.7,1.8,,,无
1988-01-29,52645.0,青海,野牛沟,38.41666666666666,99.58333333333331,3180.0,1988,1,29,0.0,无,-15.3,-5.2,-23.9,0.37,0.17,673.5,675.7,671.7,1.5,,,无
1988-01-30,52645.0,青海,野牛沟,38.41666666666666,99.58333333333331,3180.0,1988,1,30,0.0,无,-17.0,-4.1,-27.2,0.39,0.17,676.2,677.7,673.7,1.4,,,无
1988-01-31,52645.0,青海,野牛沟,38.41666666666666,99.58333333333331,3180.0,1988,1,31,0.0,无,-15.8,-0.8,-25.7,0.38,0.15,673.7,675.3,671.3,1.8,,,无
1988-02-01,52645.0,青海,野牛沟,38.41666666666666,99.58333333333331,3180.0,1988,2,1,0.0,无,-14.7,-1.8,-25.6,0.33,0.14,677.7,679.5,674.8,1.3,,,无
1988-02-02,52645.0,青海,野牛沟,38.41666666666666,99.58333333333331,3180.0,1988,2,2,0.0,无,-13.4,1.4,-24.7,0.33,0.06,678.6,680.2,676.3,2.6,,,无
1988-02-03,52645.0,青海,野牛沟,38.41666666666666,99.58333333333331,3180.0,1988,2,3,0.0,无,-11.0,2.1,-21.3,0.27,0.07,677.4,679.5,675.3,2.0,,,无
1988-02-04,52645.0,青海,野牛沟,38.41666666666666,99.58333333333331,3180.0,1988,2,4,0.0,无,-4.7,4.7,-14.6,0.35,0.14,670.6,675.7,668.1,3.0,,,无
1988-02-05,52645.0,青海,野牛沟,38.41666666666666,99.58333333333331,3180.0,1988,2,5,0.0,无,-5.1,5.2,-12.6,0.53,0.19,673.3,674.9,670.4,3.0,,,无
1988-02-06,52645.0,青海,野牛沟,38.41666666666666,99.58333333333331,3180.0,1988,2,6,0.0,无,-7.1,6.2,-17.0,0.45,0.1,675.3,676.2,673.0,3.4,,,无
1988-02-07,52645.0,青海,野牛沟,38.41666666666666,99.58333333333331,3180.0,1988,2,7,0.0,无,-8.6,3.3,-19.3,0.42,0.1,677.1,679.4,674.8,2.5,,,无
1988-02-08,52645.0,青海,野牛沟,38.41666666666666,99.58333333333331,3180.0,1988,2,8,0.0,无,-8.8,-0.3,-15.6,0.36,0.16,674.6,676.0,672.3,1.9,,,无
1988-02-09,52645.0,青海,野牛沟,38.41666666666666,99.58333333333331,3180.0,1988,2,9,0.0,无,-8.8,-1.4,-15.9,0.41,0.28,673.5,675.3,671.1,1.7,,,无
1988-02-10,52645.0,青海,野牛沟,38.41666666666666,99.58333333333331,3180.0,1988,2,10,0.2,normal,-13.2,-5.2,-16.6,0.52,0.1,676.5,678.4,673.4,1.3,,-14.955708312971993,Snow
1988-02-11,52645.0,青海,野牛沟,38.41666666666666,99.58333333333331,3180.0,1988,2,11,0.0,无,-12.4,-2.5,-19.2,0.27,0.07,672.3,676.3,669.9,2.3,,,无
1988-02-12,52645.0,青海,野牛沟,38.41666666666666,99.58333333333331,3180.0,1988,2,12,0.0,无,-11.4,-0.2,-23.1,0.24,0.09,671.4,672.4,669.1,2.8,,,无
1988-02-13,52645.0,青海,野牛沟,38.41666666666666,99.58333333333331,3180.0,1988,2,13,0.0,无,-10.8,-2.3,-21.4,0.31,0.11,673.6,675.3,672.0,2.4,,,无
1988-02-14,52645.0,青海,野牛沟,38.41666666666666,99.58333333333331,3180.0,1988,2,14,0.0,无,-12.9,-0.9,-23.4,0.43,0.15,673.3,675.8,669.9,1.5,,,无
1988-02-15,52645.0,青海,野牛沟,38.41666666666666,99.58333333333331,3180.0,1988,2,15,0.0,无,-14.8,-7.2,-21.0,0.48,0.28,673.3,674.7,671.6,1.1,,,无
1988-02-16,52645.0,青海,野牛沟,38.41666666666666,99.58333333333331,3180.0,1988,2,16,0.3,normal,-17.9,-13.0,-19.9,0.6,0.25,677.3,679.3,674.6,0.9,,-18.9705550737617,Snow
1988-02-17,52645.0,青海,野牛沟,38.41666666666666,99.58333333333331,3180.0,1988,2,17,0.0,无,-21.4,-7.7,-32.0,0.51,0.16,680.1,681.4,678.4,1.0,,,无
1988-02-18,52645.0,青海,野牛沟,38.41666666666666,99.58333333333331,3180.0,1988,2,18,0.0,无,-17.7,-2.5,-29.0,0.43,0.13,678.8,680.9,675.2,1.9,,,无
1988-02-19,52645.0,青海,野牛沟,38.41666666666666,99.58333333333331,3180.0,1988,2,19,0.0,无,-9.4,-0.4,-17.6,0.21,0.08,676.1,678.2,674.0,2.7,,,无
1988-02-20,52645.0,青海,野牛沟,38.41666666666666,99.58333333333331,3180.0,1988,2,20,0.0,无,-10.4,4.1,-22.7,0.32,0.12,677.2,679.1,674.4,2.0,,,无
1988-02-21,52645.0,青海,野牛沟,38.41666666666666,99.58333333333331,3180.0,1988,2,21,0.0,无,-9.0,-0.2,-19.4,0.36,0.16,674.9,675.8,672.9,2.2,,,无
1988-02-22,52645.0,青海,野牛沟,38.41666666666666,99.58333333333331,3180.0,1988,2,22,0.8,normal,-12.2,-6.2,-15.9,0.71,0.28,675.6,677.2,673.9,0.1,,-13.321083469191727,Snow
1988-02-23,52645.0,青海,野牛沟,38.41666666666666,99.58333333333331,3180.0,1988,2,23,0.4,normal,-15.5,-7.4,-22.3,0.79,0.65,676.2,677.3,673.7,1.4,,-16.158194356955605,Snow
1988-02-24,52645.0,青海,野牛沟,38.41666666666666,99.58333333333331,3180.0,1988,2,24,0.2,normal,-17.1,-7.3,-26.3,0.75,0.59,676.5,678.3,673.8,1.1,,-17.80514503839362,Snow
1988-02-25,52645.0,青海,野牛沟,38.41666666666666,99.58333333333331,3180.0,1988,2,25,0.4,normal,-16.9,-8.6,-25.1,0.68,0.45,675.2,677.1,673.1,0.9,,-17.81768735684023,Snow
1988-02-26,52645.0,青海,野牛沟,38.41666666666666,99.58333333333331,3180.0,1988,2,26,0.4,normal,-14.5,-5.1,-24.5,0.61,0.15,671.0,674.7,667.9,0.8,,-15.818146325998118,Snow
1988-02-27,52645.0,青海,野牛沟,38.41666666666666,99.58333333333331,3180.0,1988,2,27,0.0,无,-8.8,-0.9,-15.3,0.45,0.15,668.5,669.8,667.2,2.1,,,无
1988-02-28,52645.0,青海,野牛沟,38.41666666666666,99.58333333333331,3180.0,1988,2,28,0.2,normal,-17.1,-3.5,-20.5,0.64,0.17,672.5,674.7,669.8,1.4,,-18.122629890566927,Snow
1988-02-29,52645.0,青海,野牛沟,38.41666666666666,99.58333333333331,3180.0,1988,2,29,0.0,无,-18.4,-5.8,-29.1,0.49,0.16,672.9,674.6,669.6,1.4,,,无
1988-03-01,52645.0,青海,野牛沟,38.41666666666666,99.58333333333331,3180.0,1988,3,1,0.0,无,-17.3,-8.0,-26.4,0.46,0.2,673.6,674.5,672.0,1.3,,,无
1988-03-02,52645.0,青海,野牛沟,38.41666666666666,99.58333333333331,3180.0,1988,3,2,0.0,无,-17.4,-4.3,-27.3,0.45,0.17,674.3,675.8,671.2,2.1,,,无
1988-03-03,52645.0,青海,野牛沟,38.41666666666666,99.58333333333331,3180.0,1988,3,3,0.0,无,-17.7,-11.0,-22.7,0.48,0.29,673.6,675.4,671.8,1.0,,,无
1988-03-04,52645.0,青海,野牛沟,38.41666666666666,99.58333333333331,3180.0,1988,3,4,0.0,无,-18.4,-6.5,-29.3,0.38,0.08,675.8,677.3,673.7,2.2,,,无
1988-03-05,52645.0,青海,野牛沟,38.41666666666666,99.58333333333331,3180.0,1988,3,5,0.0,无,-17.8,-4.4,-29.0,0.28,0.11,675.7,676.5,673.0,2.2,,,无
1988-03-06,52645.0,青海,野牛沟,38.41666666666666,99.58333333333331,3180.0,1988,3,6,0.0,无,-15.1,-7.5,-24.4,0.52,0.21,678.2,679.9,676.1,1.2,,,无
1988-03-07,52645.0,青海,野牛沟,38.41666666666666,99.58333333333331,3180.0,1988,3,7,0.0,无,-14.3,-1.9,-25.4,0.47,0.14,678.9,679.7,677.7,2.1,,,无
1988-03-08,52645.0,青海,野牛沟,38.41666666666666,99.58333333333331,3180.0,1988,3,8,0.0,无,-11.5,3.2,-23.5,0.33,0.07,681.0,682.7,679.5,2.1,,,无
1988-03-09,52645.0,青海,野牛沟,38.41666666666666,99.58333333333331,3180.0,1988,3,9,0.0,无,-4.2,6.9,-16.2,0.28,0.15,677.3,681.0,672.9,2.8,,,无
1988-03-10,52645.0,青海,野牛沟,38.41666666666666,99.58333333333331,3180.0,1988,3,10,0.0,无,-3.0,5.0,-12.4,0.39,0.14,672.6,674.6,670.5,3.6,,,无
1988-03-11,52645.0,青海,野牛沟,38.41666666666666,99.58333333333331,3180.0,1988,3,11,0.0,无,-3.6,10.5,-15.9,0.39,0.09,673.1,675.5,670.7,4.0,,,无
1988-03-12,52645.0,青海,野牛沟,38.41666666666666,99.58333333333331,3180.0,1988,3,12,0.0,无,-2.2,7.7,-11.7,0.39,0.13,670.9,673.0,667.0,2.8,,,无
1988-03-13,52645.0,青海,野牛沟,38.41666666666666,99.58333333333331,3180.0,1988,3,13,0.0,无,-5.3,2.5,-8.4,0.44,0.28,669.9,672.5,668.2,2.6,,,无
1988-03-14,52645.0,青海,野牛沟,38.41666666666666,99.58333333333331,3180.0,1988,3,14,0.3,normal,-7.5,0.9,-14.3,0.7,0.34,673.1,674.3,670.8,1.7,,-9.01806639311641,Snow
1988-03-15,52645.0,青海,野牛沟,38.41666666666666,99.58333333333331,3180.0,1988,3,15,2.6,normal,-9.3,0.9,-20.9,0.63,0.25,675.2,676.9,672.9,2.0,,-10.999983264387833,Snow
1988-03-16,52645.0,青海,野牛沟,38.41666666666666,99.58333333333331,3180.0,1988,3,16,0.4,normal,-6.9,1.1,-16.1,0.5,0.09,674.5,675.8,673.5,3.7,,-9.541673020881248,Snow
1988-03-17,52645.0,青海,野牛沟,38.41666666666666,99.58333333333331,3180.0,1988,3,17,0.0,无,-7.9,5.2,-18.6,0.38,0.12,675.4,676.9,672.8,3.3,,,无
1988-03-18,52645.0,青海,野牛沟,38.41666666666666,99.58333333333331,3180.0,1988,3,18,0.1,normal,-6.8,-0.2,-12.0,0.59,0.33,675.4,677.1,672.8,2.1,,-8.963265859761801,Snow
1988-03-19,52645.0,青海,野牛沟,38.41666666666666,99.58333333333331,3180.0,1988,3,19,2.8,normal,-6.8,-0.2,-11.3,0.72,0.43,673.7,676.2,670.8,2.4,,-8.267309978128857,Snow
1988-03-20,52645.0,青海,野牛沟,38.41666666666666,99.58333333333331,3180.0,1988,3,20,0.9,normal,-8.2,-1.1,-13.8,0.7,0.45,673.7,674.6,671.8,1.4,,-9.66124139422146,Snow
1988-03-21,52645.0,青海,野牛沟,38.41666666666666,99.58333333333331,3180.0,1988,3,21,0.2,normal,-12.1,-3.0,-20.5,0.65,0.21,675.4,676.9,672.7,1.4,,-13.464675865845766,Snow
1988-03-22,52645.0,青海,野牛沟,38.41666666666666,99.58333333333331,3180.0,1988,3,22,0.1,normal,-11.8,-1.2,-22.1,0.62,0.2,673.5,675.6,670.6,2.1,,-13.313433033389753,Snow
1988-03-23,52645.0,青海,野牛沟,38.41666666666666,99.58333333333331,3180.0,1988,3,23,0.3,normal,-7.3,2.8,-13.8,0.63,0.16,669.6,672.7,666.3,2.2,,-9.206919392734708,Snow
1988-03-24,52645.0,青海,野牛沟,38.41666666666666,99.58333333333331,3180.0,1988,3,24,2.9,normal,-9.6,-4.8,-12.9,0.76,0.54,674.9,675.8,672.7,2.0,,-10.677454355414856,Snow
1988-03-25,52645.0,青海,野牛沟,38.41666666666666,99.58333333333331,3180.0,1988,3,25,0.3,normal,-10.0,-0.3,-20.7,0.58,0.22,673.8,676.2,671.2,2.2,,-11.861738164252301,Snow
1988-03-26,52645.0,青海,野牛沟,38.41666666666666,99.58333333333331,3180.0,1988,3,26,0.0,无,-6.7,4.4,-16.1,0.54,0.27,672.2,673.3,670.9,3.0,,,无
1988-03-27,52645.0,青海,野牛沟,38.41666666666666,99.58333333333331,3180.0,1988,3,27,2.9,normal,-5.2,1.1,-7.9,0.64,0.38,673.1,674.1,671.1,1.7,,-7.259909094274994,Snow
1988-03-28,52645.0,青海,野牛沟,38.41666666666666,99.58333333333331,3180.0,1988,3,28,0.2,normal,-6.0,-0.9,-9.9,0.75,0.43,674.0,674.2,673.1,2.5,,-7.361930342310337,Snow
1988-03-29,52645.0,青海,野牛沟,38.41666666666666,99.58333333333331,3180.0,1988,3,29,1.5,normal,-6.6,0.7,-11.9,0.83,0.33,674.3,675.5,672.3,1.3,,-7.49313238047526,Snow
1988-03-30,52645.0,青海,野牛沟,38.41666666666666,99.58333333333331,3180.0,1988,3,30,2.8,normal,-7.3,1.5,-11.9,0.78,0.35,675.5,676.6,673.1,1.0,,-8.416985804932228,Snow
1988-03-31,52645.0,青海,野牛沟,38.41666666666666,99.58333333333331,3180.0,1988,3,31,0.9,normal,-9.4,-0.7,-18.4,0.71,0.34,677.5,679.1,675.7,2.7,,-10.716520631801693,Snow
1988-04-01,52645.0,青海,野牛沟,38.41666666666666,99.58333333333331,3180.0,1988,4,1,0.0,无,-4.9,2.7,-12.9,0.53,0.21,677.3,678.3,675.5,3.2,,,无
1988-04-02,52645.0,青海,野牛沟,38.41666666666666,99.58333333333331,3180.0,1988,4,2,0.2,normal,-3.2,2.1,-8.7,0.58,0.25,677.2,678.7,675.5,3.0,,-5.854124971194525,Snow
1988-04-03,52645.0,青海,野牛沟,38.41666666666666,99.58333333333331,3180.0,1988,4,3,0.0,无,-0.6,9.4,-11.6,0.32,0.03,675.2,676.8,672.9,6.8,,,无
1988-04-04,52645.0,青海,野牛沟,38.41666666666666,99.58333333333331,3180.0,1988,4,4,0.0,无,-3.3,4.0,-10.9,0.48,0.15,676.2,677.5,673.5,2.4,,,无
1988-04-05,52645.0,青海,野牛沟,38.41666666666666,99.58333333333331,3180.0,1988,4,5,3.6,normal,-4.8,-1.2,-8.5,0.71,0.5,677.8,680.5,676.0,1.2,,-6.476679948038169,Snow
1988-04-06,52645.0,青海,野牛沟,38.41666666666666,99.58333333333331,3180.0,1988,4,6,0.0,无,-7.3,-0.9,-13.8,0.62,0.35,682.5,683.8,680.5,1.5,,,无
1988-04-07,52645.0,青海,野牛沟,38.41666666666666,99.58333333333331,3180.0,1988,4,7,0.0,无,-4.1,5.3,-12.5,0.48,0.11,682.8,683.7,680.9,3.7,,,无
1988-04-08,52645.0,青海,野牛沟,38.41666666666666,99.58333333333331,3180.0,1988,4,8,0.0,无,-1.4,9.9,-12.3,0.42,0.06,682.6,684.8,679.9,4.1,,,无
1988-04-09,52645.0,青海,野牛沟,38.41666666666666,99.58333333333331,3180.0,1988,4,9,0.0,无,0.8,11.8,-7.7,0.39,0.1,681.6,683.6,679.9,4.7,,,无
1988-04-10,52645.0,青海,野牛沟,38.41666666666666,99.58333333333331,3180.0,1988,4,10,0.0,无,0.6,6.3,-3.3,0.37,0.19,682.8,683.8,680.8,4.5,,,无
1988-04-11,52645.0,青海,野牛沟,38.41666666666666,99.58333333333331,3180.0,1988,4,11,0.2,normal,-4.4,4.9,-12.2,0.54,0.06,687.4,688.9,683.8,3.6,,-7.125097909694493,Snow
1988-04-12,52645.0,青海,野牛沟,38.41666666666666,99.58333333333331,3180.0,1988,4,12,0.0,无,-3.4,8.3,-13.0,0.38,0.13,686.2,688.2,683.0,4.2,,,无
1988-04-13,52645.0,青海,野牛沟,38.41666666666666,99.58333333333331,3180.0,1988,4,13,0.0,无,-1.7,7.3,-10.8,0.3,0.17,685.4,686.5,683.5,4.3,,,无
1988-04-14,52645.0,青海,野牛沟,38.41666666666666,99.58333333333331,3180.0,1988,4,14,0.7,normal,-2.9,2.8,-6.4,0.69,0.26,684.8,686.3,681.8,1.9,,-4.855228542375634,Snow
1988-04-15,52645.0,青海,野牛沟,38.41666666666666,99.58333333333331,3180.0,1988,4,15,0.0,无,-2.4,7.5,-10.9,0.52,0.1,680.8,684.1,677.0,3.5,,,无
1988-04-16,52645.0,青海,野牛沟,38.41666666666666,99.58333333333331,3180.0,1988,4,16,1.6,normal,-1.5,3.8,-6.3,0.38,0.09,680.0,682.8,676.7,5.4,,-5.8170024012579225,Snow
1988-04-17,52645.0,青海,野牛沟,38.41666666666666,99.58333333333331,3180.0,1988,4,17,0.0,无,-1.6,9.4,-13.1,0.23,0.03,686.0,687.7,682.8,5.5,,,无
1988-04-18,52645.0,青海,野牛沟,38.41666666666666,99.58333333333331,3180.0,1988,4,18,0.0,无,-0.9,12.6,-12.4,0.32,0.03,679.7,684.7,675.0,5.9,,,无
1988-04-19,52645.0,青海,野牛沟,38.41666666666666,99.58333333333331,3180.0,1988,4,19,0.0,无,-1.7,6.7,-9.5,0.4,0.15,678.3,679.3,676.0,4.0,,,无
1988-04-20,52645.0,青海,野牛沟,38.41666666666666,99.58333333333331,3180.0,1988,4,20,0.0,无,-1.9,4.2,-8.4,0.42,0.15,681.2,682.6,678.5,4.3,,,无
1988-04-21,52645.0,青海,野牛沟,38.41666666666666,99.58333333333331,3180.0,1988,4,21,0.0,无,-4.7,3.2,-12.1,0.41,0.24,682.3,683.4,680.0,3.5,,,无
1988-04-22,52645.0,青海,野牛沟,38.41666666666666,99.58333333333331,3180.0,1988,4,22,0.0,无,-3.6,6.3,-12.8,0.42,0.07,682.5,684.5,679.8,4.5,,,无
1988-04-23,52645.0,青海,野牛沟,38.41666666666666,99.58333333333331,3180.0,1988,4,23,0.0,无,-1.2,11.3,-13.5,0.35,0.11,680.7,682.2,677.4,4.8,,,无
1988-04-24,52645.0,青海,野牛沟,38.41666666666666,99.58333333333331,3180.0,1988,4,24,0.0,无,-0.7,9.7,-10.1,0.43,0.15,679.3,680.3,676.9,4.2,,,无
1988-04-25,52645.0,青海,野牛沟,38.41666666666666,99.58333333333331,3180.0,1988,4,25,0.2,normal,0.0,7.8,-3.4,0.68,0.15,682.2,684.7,680.2,4.0,,-2.3070004706140734,Snow
1988-04-26,52645.0,青海,野牛沟,38.41666666666666,99.58333333333331,3180.0,1988,4,26,1.8,normal,-2.9,6.3,-13.4,0.55,0.19,686.2,687.9,684.0,3.1,,-5.76982062433371,Snow
1988-04-27,52645.0,青海,野牛沟,38.41666666666666,99.58333333333331,3180.0,1988,4,27,0.0,无,0.2,8.5,-7.6,0.46,0.07,684.1,685.7,681.0,4.7,,,无
1988-04-28,52645.0,青海,野牛沟,38.41666666666666,99.58333333333331,3180.0,1988,4,28,0.2,normal,1.2,6.3,-5.5,0.47,0.18,683.2,684.5,682.1,4.8,,-2.918498209259588,Snow
1988-04-29,52645.0,青海,野牛沟,38.41666666666666,99.58333333333331,3180.0,1988,4,29,0.0,无,1.7,12.4,-9.8,0.4,0.11,680.1,683.4,677.2,5.4,,,无
1988-04-30,52645.0,青海,野牛沟,38.41666666666666,99.58333333333331,3180.0,1988,4,30,0.0,无,5.2,16.0,-4.4,0.39,0.07,677.8,679.2,675.9,10.2,,,无
1988-05-01,52645.0,青海,野牛沟,38.41666666666666,99.58333333333331,3180.0,1988,5,1,0.0,无,7.1,19.6,-5.2,0.35,0.09,679.5,681.1,676.4,7.6,,,无
1988-05-02,52645.0,青海,野牛沟,38.41666666666666,99.58333333333331,3180.0,1988,5,2,0.0,无,7.9,19.5,-3.2,0.45,0.18,680.3,682.2,678.2,6.8,,,无
1988-05-03,52645.0,青海,野牛沟,38.41666666666666,99.58333333333331,3180.0,1988,5,3,0.0,无,10.0,19.3,3.2,0.43,0.17,681.6,683.6,678.7,9.0,,,无
1988-05-04,52645.0,青海,野牛沟,38.41666666666666,99.58333333333331,3180.0,1988,5,4,6.7,normal,7.9,11.9,1.5,0.63,0.41,681.1,682.9,679.0,6.5,,4.2551177079940095,Rain
1988-05-05,52645.0,青海,野牛沟,38.41666666666666,99.58333333333331,3180.0,1988,5,5,8.8,normal,3.7,9.4,0.2,0.85,0.43,676.4,679.8,675.0,0.0,,2.466489177866422,Snow
1988-05-06,52645.0,青海,野牛沟,38.41666666666666,99.58333333333331,3180.0,1988,5,6,0.5,normal,5.5,11.3,0.8,0.72,0.48,676.8,677.7,675.2,3.8,,2.994901985202163,Rain
1988-05-07,52645.0,青海,野牛沟,38.41666666666666,99.58333333333331,3180.0,1988,5,7,3.4,normal,4.2,8.5,-0.4,0.79,0.58,677.8,680.0,676.0,1.4,,2.4277797607953078,Snow
1988-05-08,52645.0,青海,野牛沟,38.41666666666666,99.58333333333331,3180.0,1988,5,8,0.0,无,2.1,7.8,-2.4,0.62,0.27,680.7,682.0,679.5,4.6,,,无
1988-05-09,52645.0,青海,野牛沟,38.41666666666666,99.58333333333331,3180.0,1988,5,9,0.0,无,1.6,7.7,-5.5,0.51,0.2,679.7,682.5,678.5,3.9,,,无
1988-05-10,52645.0,青海,野牛沟,38.41666666666666,99.58333333333331,3180.0,1988,5,10,0.7,normal,0.8,5.4,-1.2,0.78,0.37,678.5,679.8,676.5,3.4,,-0.8269091058265454,Snow
1988-05-11,52645.0,青海,野牛沟,38.41666666666666,99.58333333333331,3180.0,1988,5,11,3.4,normal,-1.3,5.7,-7.7,0.8,0.39,680.7,681.7,678.2,1.6,,-2.647281164129187,Snow
1988-05-12,52645.0,青海,野牛沟,38.41666666666666,99.58333333333331,3180.0,1988,5,12,1.4,normal,-1.4,4.7,-8.3,0.7,0.37,681.4,682.9,680.0,2.6,,-3.430813259843224,Snow
1988-05-13,52645.0,青海,野牛沟,38.41666666666666,99.58333333333331,3180.0,1988,5,13,0.0,无,1.0,7.6,-5.2,0.33,0.1,681.8,682.5,680.7,5.8,,,无
1988-05-14,52645.0,青海,野牛沟,38.41666666666666,99.58333333333331,3180.0,1988,5,14,0.3,normal,0.9,11.7,-6.0,0.6,0.12,680.8,681.9,678.5,5.1,,-2.1275943027985056,Snow
1988-05-15,52645.0,青海,野牛沟,38.41666666666666,99.58333333333331,3180.0,1988,5,15,0.1,normal,2.9,11.8,-6.0,0.59,0.14,683.0,684.0,682.2,5.3,,-0.46976958113464473,Snow
1988-05-16,52645.0,青海,野牛沟,38.41666666666666,99.58333333333331,3180.0,1988,5,16,0.0,无,5.1,16.2,-4.4,0.51,0.14,683.6,685.5,680.8,6.2,,,无
1988-05-17,52645.0,青海,野牛沟,38.41666666666666,99.58333333333331,3180.0,1988,5,17,0.0,无,6.5,16.9,-4.1,0.5,0.14,680.2,682.2,677.3,7.1,,,无
1988-05-18,52645.0,青海,野牛沟,38.41666666666666,99.58333333333331,3180.0,1988,5,18,0.3,normal,6.8,15.8,-0.2,0.59,0.22,680.0,681.4,678.3,6.2,,2.8839396128258654,Rain
1988-05-19,52645.0,青海,野牛沟,38.41666666666666,99.58333333333331,3180.0,1988,5,19,14.1,normal,1.2,7.2,-0.2,0.88,0.67,679.6,681.6,678.1,0.1,,0.3091740575972102,Snow
1988-05-20,52645.0,青海,野牛沟,38.41666666666666,99.58333333333331,3180.0,1988,5,20,1.9,normal,1.1,7.2,-2.9,0.75,0.57,681.5,682.8,679.4,2.6,,-0.7740281671873861,Snow
1988-05-21,52645.0,青海,野牛沟,38.41666666666666,99.58333333333331,3180.0,1988,5,21,0.0,无,4.2,11.5,-3.3,0.56,0.19,681.4,682.8,679.5,5.2,,,无
1988-05-22,52645.0,青海,野牛沟,38.41666666666666,99.58333333333331,3180.0,1988,5,22,0.0,无,4.3,12.2,-3.1,0.58,0.23,678.6,680.4,676.3,4.4,,,无
1988-05-23,52645.0,青海,野牛沟,38.41666666666666,99.58333333333331,3180.0,1988,5,23,0.0,无,4.3,12.6,-3.4,0.59,0.2,678.1,679.8,675.8,5.7,,,无
1988-05-24,52645.0,青海,野牛沟,38.41666666666666,99.58333333333331,3180.0,1988,5,24,3.7,normal,3.1,8.8,0.5,0.71,0.39,679.9,681.7,677.9,3.4,,0.7302236240271176,Snow
1988-05-25,52645.0,青海,野牛沟,38.41666666666666,99.58333333333331,3180.0,1988,5,25,3.7,normal,3.3,9.3,-1.4,0.77,0.47,681.8,682.3,679.7,3.1,,1.4236135463324695,Rain
1988-05-26,52645.0,青海,野牛沟,38.41666666666666,99.58333333333331,3180.0,1988,5,26,4.6,normal,3.4,12.1,-1.0,0.75,0.36,681.1,683.6,677.5,4.7,,1.3461005288073258,Rain
1988-05-27,52645.0,青海,野牛沟,38.41666666666666,99.58333333333331,3180.0,1988,5,27,0.4,normal,2.5,9.0,-1.7,0.84,0.49,681.4,682.8,680.0,2.3,,1.2454021015034078,Snow
1988-05-28,52645.0,青海,野牛沟,38.41666666666666,99.58333333333331,3180.0,1988,5,28,0.0,无,4.5,12.4,0.0,0.68,0.32,680.9,682.4,679.0,3.8,,,无
1988-05-29,52645.0,青海,野牛沟,38.41666666666666,99.58333333333331,3180.0,1988,5,29,0.0,无,3.2,9.9,-0.3,0.53,0.16,682.4,682.8,679.2,4.7,,,无
1988-05-30,52645.0,青海,野牛沟,38.41666666666666,99.58333333333331,3180.0,1988,5,30,0.0,无,3.1,10.7,-3.3,0.45,0.17,683.7,685.0,681.4,5.5,,,无
1988-05-31,52645.0,青海,野牛沟,38.41666666666666,99.58333333333331,3180.0,1988,5,31,0.0,无,3.6,12.8,-5.7,0.37,0.06,683.9,684.9,682.4,7.4,,,无
1988-06-01,52645.0,青海,野牛沟,38.41666666666666,99.58333333333331,3180.0,1988,6,1,0.0,无,5.5,16.3,-5.5,0.4,0.12,683.7,684.8,682.0,7.5,,,无
1988-06-02,52645.0,青海,野牛沟,38.41666666666666,99.58333333333331,3180.0,1988,6,2,0.0,无,7.3,18.1,-3.4,0.41,0.15,681.6,683.8,679.1,8.5,,,无
1988-06-03,52645.0,青海,野牛沟,38.41666666666666,99.58333333333331,3180.0,1988,6,3,1.6,normal,7.7,14.6,2.2,0.46,0.21,679.9,680.9,677.5,8.3,,2.2507525573136222,Rain
1988-06-04,52645.0,青海,野牛沟,38.41666666666666,99.58333333333331,3180.0,1988,6,4,7.9,normal,3.0,8.8,0.6,0.87,0.61,681.7,682.2,680.3,2.2,,1.9651562828086044,Snow
1988-06-05,52645.0,青海,野牛沟,38.41666666666666,99.58333333333331,3180.0,1988,6,5,1.5,normal,6.4,14.5,0.6,0.69,0.38,682.4,683.9,680.2,4.7,,3.533068192919262,Rain
1988-06-06,52645.0,青海,野牛沟,38.41666666666666,99.58333333333331,3180.0,1988,6,6,19.3,normal,4.4,10.9,0.3,0.82,0.49,680.8,682.1,679.0,1.6,,2.879334701179439,Snow
1988-06-07,52645.0,青海,野牛沟,38.41666666666666,99.58333333333331,3180.0,1988,6,7,0.0,无,5.9,13.4,-1.2,0.7,0.47,680.8,682.6,677.4,4.5,,,无
1988-06-08,52645.0,青海,野牛沟,38.41666666666666,99.58333333333331,3180.0,1988,6,8,6.9,normal,7.5,12.4,3.3,0.67,0.43,681.0,681.5,678.3,4.0,,4.31548350777867,Rain
1988-06-09,52645.0,青海,野牛沟,38.41666666666666,99.58333333333331,3180.0,1988,6,9,0.7,normal,9.4,18.3,4.8,0.65,0.21,680.7,682.0,677.8,6.7,,5.787582995646523,Rain
1988-06-10,52645.0,青海,野牛沟,38.41666666666666,99.58333333333331,3180.0,1988,6,10,13.1,normal,3.6,7.4,0.2,0.85,0.7,682.1,683.5,681.2,0.8,,2.375821610912383,Snow
1988-06-11,52645.0,青海,野牛沟,38.41666666666666,99.58333333333331,3180.0,1988,6,11,0.0,无,4.0,12.9,-3.0,0.62,0.25,684.4,686.1,682.5,4.3,,,无
1988-06-12,52645.0,青海,野牛沟,38.41666666666666,99.58333333333331,3180.0,1988,6,12,2.0,normal,5.9,12.6,3.5,0.72,0.34,684.7,685.1,682.8,2.9,,3.3719778052106575,Rain
1988-06-13,52645.0,青海,野牛沟,38.41666666666666,99.58333333333331,3180.0,1988,6,13,0.0,无,6.9,12.4,0.6,0.68,0.36,684.8,686.3,683.5,3.8,,,无
1988-06-14,52645.0,青海,野牛沟,38.41666666666666,99.58333333333331,3180.0,1988,6,14,2.0,normal,6.9,13.5,1.5,0.73,0.36,684.5,685.6,682.9,3.4,,4.378904134497712,Rain
1988-06-15,52645.0,青海,野牛沟,38.41666666666666,99.58333333333331,3180.0,1988,6,15,6.9,normal,5.9,11.6,3.3,0.76,0.44,684.4,686.3,682.5,3.5,,3.7461258370012063,Rain
1988-06-16,52645.0,青海,野牛沟,38.41666666666666,99.58333333333331,3180.0,1988,6,16,0.4,normal,6.7,13.7,0.6,0.74,0.41,682.4,683.7,680.7,4.4,,4.289715655804716,Rain
1988-06-17,52645.0,青海,野牛沟,38.41666666666666,99.58333333333331,3180.0,1988,6,17,2.1,normal,7.4,15.0,1.4,0.71,0.4,683.5,685.2,681.7,4.6,,4.634376046848261,Rain
1988-06-18,52645.0,青海,野牛沟,38.41666666666666,99.58333333333331,3180.0,1988,6,18,0.5,normal,7.2,13.5,1.3,0.7,0.37,685.7,686.6,684.5,3.1,,4.3577166023917036,Rain
1988-06-19,52645.0,青海,野牛沟,38.41666666666666,99.58333333333331,3180.0,1988,6,19,0.3,normal,7.3,16.6,-0.4,0.7,0.31,684.2,686.4,682.0,4.8,,4.4452194324913785,Rain
1988-06-20,52645.0,青海,野牛沟,38.41666666666666,99.58333333333331,3180.0,1988,6,20,15.9,normal,5.1,9.5,2.4,0.88,0.66,681.6,682.7,679.9,0.0,,4.06994067445392,Rain
1988-06-21,52645.0,青海,野牛沟,38.41666666666666,99.58333333333331,3180.0,1988,6,21,1.5,normal,7.2,13.0,1.9,0.73,0.45,683.0,683.8,681.6,4.2,,4.650405878775099,Rain
1988-06-22,52645.0,青海,野牛沟,38.41666666666666,99.58333333333331,3180.0,1988,6,22,0.1,normal,6.4,16.3,0.0,0.73,0.35,682.7,684.1,680.1,4.7,,3.919481448906814,Rain
1988-06-23,52645.0,青海,野牛沟,38.41666666666666,99.58333333333331,3180.0,1988,6,23,0.0,无,8.4,17.9,-0.1,0.65,0.26,678.8,682.4,675.8,5.0,,,无
1988-06-24,52645.0,青海,野牛沟,38.41666666666666,99.58333333333331,3180.0,1988,6,24,5.8,normal,7.5,15.7,0.9,0.73,0.38,676.9,678.0,675.0,4.3,,4.914476350366583,Rain
1988-06-25,52645.0,青海,野牛沟,38.41666666666666,99.58333333333331,3180.0,1988,6,25,2.1,normal,7.9,13.7,4.0,0.7,0.38,678.7,679.3,676.9,4.0,,4.976430406111141,Rain
1988-06-26,52645.0,青海,野牛沟,38.41666666666666,99.58333333333331,3180.0,1988,6,26,4.2,normal,6.7,14.3,1.9,0.77,0.38,681.7,682.3,679.0,0.2,,4.577242130913617,Rain
1988-06-27,52645.0,青海,野牛沟,38.41666666666666,99.58333333333331,3180.0,1988,6,27,0.4,normal,10.8,20.6,1.7,0.61,0.27,681.7,683.2,679.4,6.1,,6.559552600872958,Rain
1988-06-28,52645.0,青海,野牛沟,38.41666666666666,99.58333333333331,3180.0,1988,6,28,0.0,无,12.7,22.5,2.9,0.53,0.16,679.6,680.9,677.8,8.0,,,无
1988-06-29,52645.0,青海,野牛沟,38.41666666666666,99.58333333333331,3180.0,1988,6,29,0.7,normal,11.0,21.5,3.1,0.64,0.3,680.4,681.5,677.7,6.7,,7.0824012672417025,Rain
1988-06-30,52645.0,青海,野牛沟,38.41666666666666,99.58333333333331,3180.0,1988,6,30,11.4,normal,8.1,12.8,6.1,0.86,0.63,680.9,682.1,680.2,2.1,,6.765992339740063,Rain
1988-07-01,52645.0,青海,野牛沟,38.41666666666666,99.58333333333331,3180.0,1988,7,1,7.5,normal,6.0,10.4,3.4,0.77,0.6,682.8,684.0,681.5,3.4,,3.9296617197675543,Rain
1988-07-02,52645.0,青海,野牛沟,38.41666666666666,99.58333333333331,3180.0,1988,7,2,0.0,无,6.7,14.9,-0.3,0.7,0.31,683.2,684.5,680.4,4.3,,,无
1988-07-03,52645.0,青海,野牛沟,38.41666666666666,99.58333333333331,3180.0,1988,7,3,2.3,normal,6.5,11.9,3.3,0.71,0.33,681.9,682.4,680.4,3.7,,3.8163805498989367,Rain
1988-07-04,52645.0,青海,野牛沟,38.41666666666666,99.58333333333331,3180.0,1988,7,4,0.7,normal,6.0,12.2,1.7,0.78,0.44,680.5,683.5,678.1,2.9,,4.0198333010294585,Rain
1988-07-05,52645.0,青海,野牛沟,38.41666666666666,99.58333333333331,3180.0,1988,7,5,2.0,normal,6.7,14.3,1.1,0.76,0.4,678.5,679.5,677.0,4.0,,4.476854145653362,Rain
1988-07-06,52645.0,青海,野牛沟,38.41666666666666,99.58333333333331,3180.0,1988,7,6,5.3,normal,7.2,10.9,5.3,0.83,0.66,678.5,679.6,677.2,3.4,,5.616755636894717,Rain
1988-07-07,52645.0,青海,野牛沟,38.41666666666666,99.58333333333331,3180.0,1988,7,7,5.8,normal,6.8,13.9,1.8,0.82,0.53,680.5,681.4,678.4,1.8,,5.145248144215855,Rain
1988-07-08,52645.0,青海,野牛沟,38.41666666666666,99.58333333333331,3180.0,1988,7,8,3.9,normal,7.9,14.4,4.4,0.77,0.46,681.9,682.6,681.0,4.3,,5.6900186224250815,Rain
1988-07-09,52645.0,青海,野牛沟,38.41666666666666,99.58333333333331,3180.0,1988,7,9,1.0,normal,8.4,15.3,3.9,0.76,0.37,684.8,686.0,682.6,4.5,,6.055787026167878,Rain
1988-07-10,52645.0,青海,野牛沟,38.41666666666666,99.58333333333331,3180.0,1988,7,10,0.6,normal,8.7,17.9,1.7,0.73,0.35,686.7,687.7,684.4,4.4,,6.025622815463749,Rain
1988-07-11,52645.0,青海,野牛沟,38.41666666666666,99.58333333333331,3180.0,1988,7,11,3.8,normal,8.7,18.3,1.8,0.7,0.32,686.9,688.3,684.0,5.2,,5.7127498459108095,Rain
1988-07-12,52645.0,青海,野牛沟,38.41666666666666,99.58333333333331,3180.0,1988,7,12,4.9,normal,8.4,18.3,1.9,0.76,0.33,685.3,687.0,682.3,4.2,,6.056486422165341,Rain
1988-07-13,52645.0,青海,野牛沟,38.41666666666666,99.58333333333331,3180.0,1988,7,13,2.1,normal,9.2,15.8,2.5,0.76,0.46,683.2,684.6,681.3,4.5,,6.792369604871236,Rain
1988-07-14,52645.0,青海,野牛沟,38.41666666666666,99.58333333333331,3180.0,1988,7,14,3.9,normal,9.2,16.6,2.5,0.79,0.44,681.2,682.8,679.4,5.2,,7.102438452512216,Rain
1988-07-15,52645.0,青海,野牛沟,38.41666666666666,99.58333333333331,3180.0,1988,7,15,1.2,normal,10.9,17.7,3.7,0.73,0.41,681.4,681.9,680.4,4.5,,8.025380981752463,Rain
1988-07-16,52645.0,青海,野牛沟,38.41666666666666,99.58333333333331,3180.0,1988,7,16,2.2,normal,10.8,19.5,3.5,0.7,0.45,681.5,682.3,679.1,5.9,,7.596682645499295,Rain
1988-07-17,52645.0,青海,野牛沟,38.41666666666666,99.58333333333331,3180.0,1988,7,17,6.8,normal,10.7,13.3,8.4,0.86,0.65,681.1,681.7,680.6,2.8,,9.255407130777083,Rain
1988-07-18,52645.0,青海,野牛沟,38.41666666666666,99.58333333333331,3180.0,1988,7,18,0.1,normal,13.2,19.5,8.4,0.69,0.4,682.4,683.4,681.5,5.7,,9.640732284441572,Rain
1988-07-19,52645.0,青海,野牛沟,38.41666666666666,99.58333333333331,3180.0,1988,7,19,9.1,normal,12.3,17.9,7.4,0.75,0.51,684.7,685.5,681.8,5.1,,9.542179881269742,Rain
1988-07-20,52645.0,青海,野牛沟,38.41666666666666,99.58333333333331,3180.0,1988,7,20,2.3,normal,10.6,17.7,3.9,0.76,0.5,685.3,686.4,684.1,4.1,,8.088340650774374,Rain
1988-07-21,52645.0,青海,野牛沟,38.41666666666666,99.58333333333331,3180.0,1988,7,21,0.1,normal,11.7,19.9,3.8,0.67,0.37,682.4,684.1,680.3,5.0,,8.058203566226855,Rain
1988-07-22,52645.0,青海,野牛沟,38.41666666666666,99.58333333333331,3180.0,1988,7,22,0.1,normal,12.3,19.9,5.4,0.7,0.39,681.0,682.5,679.4,4.9,,8.948688238681385,Rain
1988-07-23,52645.0,青海,野牛沟,38.41666666666666,99.58333333333331,3180.0,1988,7,23,0.0,无,13.1,22.0,3.8,0.66,0.3,680.0,681.1,678.6,6.7,,,无
1988-07-24,52645.0,青海,野牛沟,38.41666666666666,99.58333333333331,3180.0,1988,7,24,0.0,无,13.7,22.8,4.1,0.62,0.34,681.0,682.6,678.9,8.4,,,无
1988-07-25,52645.0,青海,野牛沟,38.41666666666666,99.58333333333331,3180.0,1988,7,25,0.0,无,13.6,20.2,9.6,0.65,0.44,681.4,682.2,680.0,7.9,,,无
1988-07-26,52645.0,青海,野牛沟,38.41666666666666,99.58333333333331,3180.0,1988,7,26,28.0,normal,8.3,11.9,6.3,0.92,0.64,683.7,684.3,681.7,1.0,,7.541905617966127,Rain
1988-07-27,52645.0,青海,野牛沟,38.41666666666666,99.58333333333331,3180.0,1988,7,27,0.2,normal,11.9,17.6,8.2,0.65,0.29,684.6,685.1,683.1,5.3,,8.002480662473626,Rain
1988-07-28,52645.0,青海,野牛沟,38.41666666666666,99.58333333333331,3180.0,1988,7,28,0.0,无,9.3,17.4,0.5,0.59,0.35,685.3,686.3,683.4,5.9,,,无
1988-07-29,52645.0,青海,野牛沟,38.41666666666666,99.58333333333331,3180.0,1988,7,29,5.0,normal,7.5,13.5,3.4,0.74,0.38,685.1,686.0,684.4,3.0,,5.0271059678982555,Rain
1988-07-30,52645.0,青海,野牛沟,38.41666666666666,99.58333333333331,3180.0,1988,7,30,0.0,无,8.0,17.6,-0.5,0.65,0.32,683.8,684.9,682.1,5.5,,,无
1988-07-31,52645.0,青海,野牛沟,38.41666666666666,99.58333333333331,3180.0,1988,7,31,0.0,无,9.1,17.7,1.7,0.64,0.33,682.3,683.6,680.5,5.7,,,无
1988-08-01,52645.0,青海,野牛沟,38.41666666666666,99.58333333333331,3180.0,1988,8,1,3.0,normal,10.0,16.3,3.0,0.71,0.44,679.7,681.4,678.2,5.3,,6.982106791231177,Rain
1988-08-02,52645.0,青海,野牛沟,38.41666666666666,99.58333333333331,3180.0,1988,8,2,0.6,normal,9.7,13.4,7.4,0.78,0.68,680.0,681.5,679.2,2.6,,7.462292785676836,Rain
1988-08-03,52645.0,青海,野牛沟,38.41666666666666,99.58333333333331,3180.0,1988,8,3,0.0,无,11.4,19.4,4.6,0.67,0.38,682.5,682.9,680.5,5.7,,,无
1988-08-04,52645.0,青海,野牛沟,38.41666666666666,99.58333333333331,3180.0,1988,8,4,11.1,normal,11.1,18.9,4.8,0.72,0.45,683.8,684.4,682.6,5.5,,8.098791554888077,Rain
1988-08-05,52645.0,青海,野牛沟,38.41666666666666,99.58333333333331,3180.0,1988,8,5,0.1,normal,11.9,18.8,5.3,0.74,0.46,685.5,686.3,684.3,4.8,,9.06029352760196,Rain
1988-08-06,52645.0,青海,野牛沟,38.41666666666666,99.58333333333331,3180.0,1988,8,6,3.7,normal,10.3,14.5,8.9,0.87,0.55,685.9,687.2,684.9,1.2,,8.980267592918235,Rain
1988-08-07,52645.0,青海,野牛沟,38.41666666666666,99.58333333333331,3180.0,1988,8,7,1.3,normal,12.4,17.9,7.9,0.7,0.4,684.5,685.6,683.4,5.7,,9.045188056086456,Rain
1988-08-08,52645.0,青海,野牛沟,38.41666666666666,99.58333333333331,3180.0,1988,8,8,0.0,无,11.4,18.7,2.7,0.65,0.36,683.5,684.9,681.7,5.9,,,无
1988-08-09,52645.0,青海,野牛沟,38.41666666666666,99.58333333333331,3180.0,1988,8,9,0.0,无,10.9,21.1,0.7,0.64,0.29,682.1,683.6,680.2,6.0,,,无
1988-08-10,52645.0,青海,野牛沟,38.41666666666666,99.58333333333331,3180.0,1988,8,10,1.4,normal,10.0,17.5,6.4,0.75,0.45,680.8,681.8,678.6,3.8,,7.419934050639365,Rain
1988-08-11,52645.0,青海,野牛沟,38.41666666666666,99.58333333333331,3180.0,1988,8,11,26.1,normal,4.9,12.0,0.3,0.84,0.59,684.9,686.0,681.0,1.1,,3.5312727300773394,Rain
1988-08-12,52645.0,青海,野牛沟,38.41666666666666,99.58333333333331,3180.0,1988,8,12,0.6,normal,8.5,16.5,3.4,0.79,0.41,684.0,685.2,682.0,3.5,,6.452028836402426,Rain
1988-08-13,52645.0,青海,野牛沟,38.41666666666666,99.58333333333331,3180.0,1988,8,13,5.4,normal,7.3,14.2,3.5,0.79,0.4,684.1,685.4,682.8,3.1,,5.331392402332651,Rain
1988-08-14,52645.0,青海,野牛沟,38.41666666666666,99.58333333333331,3180.0,1988,8,14,13.0,normal,7.4,14.7,3.1,0.82,0.46,684.0,685.0,681.8,4.7,,5.715295294970937,Rain
1988-08-15,52645.0,青海,野牛沟,38.41666666666666,99.58333333333331,3180.0,1988,8,15,1.5,normal,7.4,15.4,2.4,0.77,0.5,683.8,685.1,682.1,4.0,,5.229029404006602,Rain
1988-08-16,52645.0,青海,野牛沟,38.41666666666666,99.58333333333331,3180.0,1988,8,16,1.7,normal,8.2,15.7,3.0,0.82,0.52,681.2,683.0,679.3,3.6,,6.46773243381467,Rain
1988-08-17,52645.0,青海,野牛沟,38.41666666666666,99.58333333333331,3180.0,1988,8,17,19.5,normal,7.7,14.7,1.2,0.7,0.41,682.6,682.9,679.7,5.8,,4.803124738471225,Rain
1988-08-18,52645.0,青海,野牛沟,38.41666666666666,99.58333333333331,3180.0,1988,8,18,5.8,normal,7.4,11.6,5.0,0.81,0.59,684.3,685.6,682.4,1.7,,5.619066701338231,Rain
1988-08-19,52645.0,青海,野牛沟,38.41666666666666,99.58333333333331,3180.0,1988,8,19,0.0,无,6.5,15.0,0.9,0.75,0.36,684.3,686.1,682.5,3.9,,,无
1988-08-20,52645.0,青海,野牛沟,38.41666666666666,99.58333333333331,3180.0,1988,8,20,0.0,无,7.2,15.9,-0.4,0.68,0.36,683.2,684.4,681.0,4.7,,,无
1988-08-21,52645.0,青海,野牛沟,38.41666666666666,99.58333333333331,3180.0,1988,8,21,8.7,normal,5.2,11.0,2.3,0.78,0.49,684.3,684.9,682.1,2.7,,3.2800160125624656,Rain
1988-08-22,52645.0,青海,野牛沟,38.41666666666666,99.58333333333331,3180.0,1988,8,22,0.0,无,3.6,12.7,-2.3,0.72,0.33,685.4,685.9,683.8,4.1,,,无
1988-08-23,52645.0,青海,野牛沟,38.41666666666666,99.58333333333331,3180.0,1988,8,23,0.3,normal,5.3,13.0,-0.5,0.7,0.34,682.8,686.1,680.2,4.4,,2.6379388968466655,Rain
1988-08-24,52645.0,青海,野牛沟,38.41666666666666,99.58333333333331,3180.0,1988,8,24,0.0,无,6.2,13.2,-0.1,0.64,0.31,681.7,682.8,680.4,3.6,,,无
1988-08-25,52645.0,青海,野牛沟,38.41666666666666,99.58333333333331,3180.0,1988,8,25,0.0,无,6.2,14.7,-1.2,0.68,0.3,682.5,683.8,680.6,4.7,,,无
1988-08-26,52645.0,青海,野牛沟,38.41666666666666,99.58333333333331,3180.0,1988,8,26,0.0,无,7.8,18.1,-0.4,0.68,0.27,681.9,682.9,680.8,5.0,,,无
1988-08-27,52645.0,青海,野牛沟,38.41666666666666,99.58333333333331,3180.0,1988,8,27,0.0,无,9.5,18.7,2.2,0.69,0.35,681.3,682.6,679.3,4.9,,,无
1988-08-28,52645.0,青海,野牛沟,38.41666666666666,99.58333333333331,3180.0,1988,8,28,0.7,normal,11.1,17.3,7.4,0.73,0.44,680.1,680.9,679.0,3.7,,8.205895221111707,Rain
1988-08-29,52645.0,青海,野牛沟,38.41666666666666,99.58333333333331,3180.0,1988,8,29,4.1,normal,9.7,15.4,7.5,0.81,0.53,680.2,681.2,679.2,1.9,,7.778469134241761,Rain
1988-08-30,52645.0,青海,野牛沟,38.41666666666666,99.58333333333331,3180.0,1988,8,30,1.1,normal,9.6,17.0,5.1,0.78,0.48,681.9,682.3,680.3,3.2,,7.371648631176906,Rain
1988-08-31,52645.0,青海,野牛沟,38.41666666666666,99.58333333333331,3180.0,1988,8,31,8.6,normal,7.7,10.7,6.1,0.83,0.68,683.2,683.8,682.2,1.3,,6.094993096042054,Rain
1988-09-01,52645.0,青海,野牛沟,38.41666666666666,99.58333333333331,3180.0,1988,9,1,0.9,normal,7.0,13.3,3.4,0.75,0.4,683.5,684.4,681.8,3.7,,4.663839601161652,Rain
1988-09-02,52645.0,青海,野牛沟,38.41666666666666,99.58333333333331,3180.0,1988,9,2,0.0,无,5.1,13.7,-1.4,0.66,0.26,683.4,684.3,681.1,4.0,,,无
1988-09-03,52645.0,青海,野牛沟,38.41666666666666,99.58333333333331,3180.0,1988,9,3,0.0,无,4.8,15.3,-2.9,0.61,0.23,684.1,685.4,682.3,4.6,,,无
1988-09-04,52645.0,青海,野牛沟,38.41666666666666,99.58333333333331,3180.0,1988,9,4,0.0,无,4.8,11.9,-2.7,0.61,0.27,684.8,685.7,682.9,4.5,,,无
1988-09-05,52645.0,青海,野牛沟,38.41666666666666,99.58333333333331,3180.0,1988,9,5,0.0,无,5.1,14.2,-3.2,0.57,0.29,684.6,685.7,683.0,4.3,,,无
1988-09-06,52645.0,青海,野牛沟,38.41666666666666,99.58333333333331,3180.0,1988,9,6,0.0,无,5.0,14.6,-3.2,0.61,0.32,683.7,685.1,681.4,4.0,,,无
1988-09-07,52645.0,青海,野牛沟,38.41666666666666,99.58333333333331,3180.0,1988,9,7,0.0,无,5.1,15.2,-3.3,0.66,0.32,684.2,685.3,682.1,4.0,,,无
1988-09-08,52645.0,青海,野牛沟,38.41666666666666,99.58333333333331,3180.0,1988,9,8,13.1,normal,4.0,9.6,0.3,0.84,0.54,684.7,685.1,684.0,1.3,,2.675205172366364,Snow
1988-09-09,52645.0,青海,野牛沟,38.41666666666666,99.58333333333331,3180.0,1988,9,9,1.0,normal,6.1,12.6,2.6,0.74,0.4,685.5,686.2,683.9,3.6,,3.744427320564907,Rain
1988-09-10,52645.0,青海,野牛沟,38.41666666666666,99.58333333333331,3180.0,1988,9,10,0.0,无,6.9,14.4,0.7,0.72,0.38,685.3,686.4,683.0,3.8,,,无
1988-09-11,52645.0,青海,野牛沟,38.41666666666666,99.58333333333331,3180.0,1988,9,11,1.7,normal,7.0,10.6,4.9,0.69,0.43,684.2,685.3,683.7,2.3,,4.075562676599369,Rain
1988-09-12,52645.0,青海,野牛沟,38.41666666666666,99.58333333333331,3180.0,1988,9,12,2.7,normal,3.8,7.6,1.9,0.84,0.6,685.8,686.3,684.2,1.0,,2.4859640459367904,Snow
1988-09-13,52645.0,青海,野牛沟,38.41666666666666,99.58333333333331,3180.0,1988,9,13,1.7,normal,1.6,9.4,-0.7,0.89,0.5,688.6,689.1,686.1,1.8,,0.7766384251957659,Snow
1988-09-14,52645.0,青海,野牛沟,38.41666666666666,99.58333333333331,3180.0,1988,9,14,0.0,无,3.2,13.8,-4.6,0.7,0.32,688.2,689.8,685.7,3.2,,,无
1988-09-15,52645.0,青海,野牛沟,38.41666666666666,99.58333333333331,3180.0,1988,9,15,0.0,无,4.0,15.0,-3.7,0.62,0.3,685.7,687.4,682.9,4.0,,,无
1988-09-16,52645.0,青海,野牛沟,38.41666666666666,99.58333333333331,3180.0,1988,9,16,0.1,normal,4.8,11.9,0.4,0.68,0.45,684.8,685.8,683.1,3.9,,2.007854136841014,Rain
1988-09-17,52645.0,青海,野牛沟,38.41666666666666,99.58333333333331,3180.0,1988,9,17,0.5,normal,3.7,10.3,0.6,0.65,0.33,684.8,686.3,683.1,4.0,,0.7587819516337246,Snow
1988-09-18,52645.0,青海,野牛沟,38.41666666666666,99.58333333333331,3180.0,1988,9,18,0.0,无,1.7,10.7,-4.6,0.69,0.32,688.9,690.5,686.3,2.6,,,无
1988-09-19,52645.0,青海,野牛沟,38.41666666666666,99.58333333333331,3180.0,1988,9,19,0.0,无,3.7,12.3,-4.6,0.61,0.34,688.3,689.9,685.8,3.2,,,无
1988-09-20,52645.0,青海,野牛沟,38.41666666666666,99.58333333333331,3180.0,1988,9,20,0.2,normal,4.3,11.1,0.0,0.72,0.46,686.9,687.8,685.0,2.9,,1.9194416823165517,Rain
1988-09-21,52645.0,青海,野牛沟,38.41666666666666,99.58333333333331,3180.0,1988,9,21,3.1,normal,4.3,11.5,-0.2,0.7,0.25,686.1,687.8,684.5,3.5,,1.7407331813479354,Rain
1988-09-22,52645.0,青海,野牛沟,38.41666666666666,99.58333333333331,3180.0,1988,9,22,0.0,无,3.8,11.8,0.7,0.78,0.31,685.1,686.0,683.2,3.2,,,无
1988-09-23,52645.0,青海,野牛沟,38.41666666666666,99.58333333333331,3180.0,1988,9,23,0.0,无,4.5,12.7,-1.7,0.65,0.3,685.4,686.1,683.2,4.7,,,无
1988-09-24,52645.0,青海,野牛沟,38.41666666666666,99.58333333333331,3180.0,1988,9,24,0.0,无,5.8,14.1,-0.6,0.63,0.26,685.6,686.9,683.6,4.7,,,无
1988-09-25,52645.0,青海,野牛沟,38.41666666666666,99.58333333333331,3180.0,1988,9,25,0.0,无,6.6,12.6,2.9,0.64,0.42,684.7,685.9,682.8,2.8,,,无
1988-09-26,52645.0,青海,野牛沟,38.41666666666666,99.58333333333331,3180.0,1988,9,26,1.6,normal,4.7,9.2,2.8,0.76,0.55,682.1,684.8,680.2,2.1,,2.6341013823203197,Rain
1988-09-27,52645.0,青海,野牛沟,38.41666666666666,99.58333333333331,3180.0,1988,9,27,1.6,normal,2.5,6.9,-1.1,0.77,0.57,680.9,682.1,679.2,2.5,,0.6797314333561522,Snow
1988-09-28,52645.0,青海,野牛沟,38.41666666666666,99.58333333333331,3180.0,1988,9,28,1.5,normal,2.9,11.0,0.9,0.82,0.43,680.5,681.7,678.7,3.2,,1.4620606478358456,Snow
1988-09-29,52645.0,青海,野牛沟,38.41666666666666,99.58333333333331,3180.0,1988,9,29,2.6,normal,2.4,8.7,-1.7,0.76,0.47,682.2,683.5,680.0,0.8,,0.5074166264301505,Snow
1988-09-30,52645.0,青海,野牛沟,38.41666666666666,99.58333333333331,3180.0,1988,9,30,10.1,normal,2.6,7.6,0.4,0.84,0.62,682.1,683.4,681.0,3.1,,1.3411656601266086,Snow
1988-10-01,52645.0,青海,野牛沟,38.41666666666666,99.58333333333331,3180.0,1988,10,1,4.1,normal,0.6,5.7,-1.8,0.9,0.67,684.2,684.8,682.5,1.3,,-0.12049402947573729,Snow
1988-10-02,52645.0,青海,野牛沟,38.41666666666666,99.58333333333331,3180.0,1988,10,2,1.1,normal,0.9,7.3,-3.0,0.78,0.41,683.8,684.9,681.8,1.8,,-0.7271184948561915,Snow
1988-10-03,52645.0,青海,野牛沟,38.41666666666666,99.58333333333331,3180.0,1988,10,3,2.9,normal,-0.1,5.7,-2.8,0.75,0.59,682.8,683.9,680.9,2.7,,-1.8802383926622612,Snow
1988-10-04,52645.0,青海,野牛沟,38.41666666666666,99.58333333333331,3180.0,1988,10,4,1.3,normal,-2.3,4.6,-5.8,0.76,0.39,684.6,685.7,683.1,3.1,,-3.8469020952999555,Snow
1988-10-05,52645.0,青海,野牛沟,38.41666666666666,99.58333333333331,3180.0,1988,10,5,0.2,normal,-0.5,4.1,-3.5,0.72,0.49,682.1,684.7,680.0,1.4,,-2.467117346900767,Snow
1988-10-06,52645.0,青海,野牛沟,38.41666666666666,99.58333333333331,3180.0,1988,10,6,4.0,normal,-2.1,0.6,-3.3,0.84,0.68,679.4,681.3,677.6,1.0,,-3.1373546063533597,Snow
1988-10-07,52645.0,青海,野牛沟,38.41666666666666,99.58333333333331,3180.0,1988,10,7,1.2,normal,-5.1,3.7,-14.1,0.75,0.35,681.4,683.0,679.0,2.0,,-6.515299582333545,Snow
1988-10-08,52645.0,青海,野牛沟,38.41666666666666,99.58333333333331,3180.0,1988,10,8,0.0,无,-1.7,8.5,-9.2,0.63,0.27,681.8,684.3,679.8,2.3,,,无
1988-10-09,52645.0,青海,野牛沟,38.41666666666666,99.58333333333331,3180.0,1988,10,9,0.4,normal,-0.1,9.2,-4.6,0.74,0.47,682.3,683.3,681.1,1.7,,-1.9541660488598334,Snow
1988-10-10,52645.0,青海,野牛沟,38.41666666666666,99.58333333333331,3180.0,1988,10,10,2.9,normal,1.7,8.5,-2.5,0.82,0.51,684.2,685.5,682.4,2.3,,0.33164119351734467,Snow
1988-10-11,52645.0,青海,野牛沟,38.41666666666666,99.58333333333331,3180.0,1988,10,11,0.4,normal,0.8,4.3,-0.6,0.72,0.61,684.1,684.7,682.7,0.9,,-1.2760423292585044,Snow
1988-10-12,52645.0,青海,野牛沟,38.41666666666666,99.58333333333331,3180.0,1988,10,12,0.4,normal,-1.0,3.9,-4.7,0.84,0.63,686.2,687.6,684.8,1.0,,-2.082972332502373,Snow
1988-10-13,52645.0,青海,野牛沟,38.41666666666666,99.58333333333331,3180.0,1988,10,13,0.0,无,1.8,10.0,-2.7,0.73,0.46,682.6,685.3,679.9,1.8,,,无
1988-10-14,52645.0,青海,野牛沟,38.41666666666666,99.58333333333331,3180.0,1988,10,14,1.4,normal,2.6,10.7,-4.1,0.66,0.32,681.4,683.6,678.6,2.7,,-0.13902282852599424,Snow
1988-10-15,52645.0,青海,野牛沟,38.41666666666666,99.58333333333331,3180.0,1988,10,15,1.7,normal,-0.1,6.4,-3.5,0.81,0.46,683.4,685.2,679.5,2.4,,-1.443666410956106,Snow
1988-10-16,52645.0,青海,野牛沟,38.41666666666666,99.58333333333331,3180.0,1988,10,16,1.2,normal,-1.2,5.5,-2.9,0.82,0.53,686.7,687.6,685.4,0.8,,-2.4096979286406706,Snow
1988-10-17,52645.0,青海,野牛沟,38.41666666666666,99.58333333333331,3180.0,1988,10,17,0.0,无,0.6,9.4,-5.4,0.62,0.18,685.9,687.6,683.9,2.5,,,无
1988-10-18,52645.0,青海,野牛沟,38.41666666666666,99.58333333333331,3180.0,1988,10,18,2.0,normal,-1.7,7.5,-5.9,0.66,0.34,683.2,684.9,680.4,1.9,,-3.976110063324554,Snow
1988-10-19,52645.0,青海,野牛沟,38.41666666666666,99.58333333333331,3180.0,1988,10,19,0.7,normal,-2.3,4.2,-7.2,0.83,0.52,684.0,684.8,681.9,1.5,,-3.3892533171131367,Snow
1988-10-20,52645.0,青海,野牛沟,38.41666666666666,99.58333333333331,3180.0,1988,10,20,1.5,normal,-1.8,6.6,-5.5,0.79,0.36,685.1,686.4,682.9,2.1,,-3.180063117666161,Snow
1988-10-21,52645.0,青海,野牛沟,38.41666666666666,99.58333333333331,3180.0,1988,10,21,0.0,无,-0.2,6.9,-5.2,0.66,0.46,684.1,685.8,681.9,2.0,,,无
1988-10-22,52645.0,青海,野牛沟,38.41666666666666,99.58333333333331,3180.0,1988,10,22,2.7,normal,-1.1,4.6,-4.4,0.66,0.35,683.9,684.8,683.2,1.9,,-3.437244307850622,Snow
1988-10-23,52645.0,青海,野牛沟,38.41666666666666,99.58333333333331,3180.0,1988,10,23,0.0,无,-3.7,7.9,-10.4,0.67,0.26,685.9,687.1,684.4,2.1,,,无
1988-10-24,52645.0,青海,野牛沟,38.41666666666666,99.58333333333331,3180.0,1988,10,24,0.0,无,-3.0,8.5,-9.5,0.63,0.33,684.5,686.5,682.7,2.0,,,无
1988-10-25,52645.0,青海,野牛沟,38.41666666666666,99.58333333333331,3180.0,1988,10,25,0.0,无,-1.4,8.7,-7.9,0.58,0.28,684.5,685.5,682.9,2.4,,,无
1988-10-26,52645.0,青海,野牛沟,38.41666666666666,99.58333333333331,3180.0,1988,10,26,0.0,无,0.0,7.9,-3.9,0.61,0.38,685.7,686.9,683.8,2.2,,,无
1988-10-27,52645.0,青海,野牛沟,38.41666666666666,99.58333333333331,3180.0,1988,10,27,4.7,normal,-2.8,0.6,-6.2,0.82,0.6,687.4,688.5,685.6,1.4,,-3.925199592407096,Snow
1988-10-28,52645.0,青海,野牛沟,38.41666666666666,99.58333333333331,3180.0,1988,10,28,2.3,normal,-2.1,2.6,-5.5,0.73,0.36,687.9,689.4,686.7,1.8,,-3.856310751479355,Snow
1988-10-29,52645.0,青海,野牛沟,38.41666666666666,99.58333333333331,3180.0,1988,10,29,0.0,无,-4.9,4.3,-10.7,0.65,0.25,686.7,688.4,684.7,1.4,,,无
1988-10-30,52645.0,青海,野牛沟,38.41666666666666,99.58333333333331,3180.0,1988,10,30,0.0,无,-4.7,6.0,-11.2,0.59,0.22,683.1,685.4,681.3,1.5,,,无
1988-10-31,52645.0,青海,野牛沟,38.41666666666666,99.58333333333331,3180.0,1988,10,31,0.0,无,-4.8,3.6,-10.8,0.63,0.34,682.7,683.5,680.3,1.3,,,无
1988-11-01,52645.0,青海,野牛沟,38.41666666666666,99.58333333333331,3180.0,1988,11,1,0.0,无,-4.1,1.8,-7.7,0.66,0.38,685.7,687.4,683.4,1.8,,,无
1988-11-02,52645.0,青海,野牛沟,38.41666666666666,99.58333333333331,3180.0,1988,11,2,0.5,normal,-6.7,-0.9,-11.0,0.6,0.2,688.9,690.1,687.4,1.4,,-8.793424940696731,Snow
1988-11-03,52645.0,青海,野牛沟,38.41666666666666,99.58333333333331,3180.0,1988,11,3,0.0,无,-8.3,2.5,-15.0,0.56,0.16,689.1,691.0,687.2,1.2,,,无
1988-11-04,52645.0,青海,野牛沟,38.41666666666666,99.58333333333331,3180.0,1988,11,4,0.0,无,-7.9,2.4,-14.3,0.58,0.2,688.1,689.5,686.6,1.3,,,无
1988-11-05,52645.0,青海,野牛沟,38.41666666666666,99.58333333333331,3180.0,1988,11,5,0.0,无,-7.4,2.8,-14.5,0.54,0.18,687.5,689.2,685.4,1.3,,,无
1988-11-06,52645.0,青海,野牛沟,38.41666666666666,99.58333333333331,3180.0,1988,11,6,0.0,无,-8.0,1.4,-14.6,0.56,0.21,687.9,689.0,686.9,1.1,,,无
1988-11-07,52645.0,青海,野牛沟,38.41666666666666,99.58333333333331,3180.0,1988,11,7,0.0,无,-8.0,3.9,-15.7,0.6,0.18,685.2,687.7,682.7,1.2,,,无
1988-11-08,52645.0,青海,野牛沟,38.41666666666666,99.58333333333331,3180.0,1988,11,8,0.1,normal,-7.0,1.0,-12.7,0.63,0.28,684.0,685.2,682.3,1.6,,-8.911082783209498,Snow
1988-11-09,52645.0,青海,野牛沟,38.41666666666666,99.58333333333331,3180.0,1988,11,9,0.2,normal,-8.1,-3.1,-10.0,0.65,0.41,686.1,687.5,684.5,1.0,,-9.79845178797111,Snow
1988-11-10,52645.0,青海,野牛沟,38.41666666666666,99.58333333333331,3180.0,1988,11,10,0.0,无,-10.2,-0.6,-17.4,0.61,0.22,688.6,690.1,686.8,1.0,,,无
1988-11-11,52645.0,青海,野牛沟,38.41666666666666,99.58333333333331,3180.0,1988,11,11,0.0,无,-9.9,-0.1,-16.4,0.56,0.26,688.0,689.1,686.8,1.1,,,无
1988-11-12,52645.0,青海,野牛沟,38.41666666666666,99.58333333333331,3180.0,1988,11,12,0.0,无,-9.9,1.2,-17.8,0.48,0.15,686.4,688.9,683.8,1.5,,,无
1988-11-13,52645.0,青海,野牛沟,38.41666666666666,99.58333333333331,3180.0,1988,11,13,0.0,无,-9.8,2.1,-17.7,0.46,0.11,683.9,685.8,682.4,1.6,,,无
1988-11-14,52645.0,青海,野牛沟,38.41666666666666,99.58333333333331,3180.0,1988,11,14,0.0,无,-7.3,3.7,-15.4,0.54,0.23,681.2,683.3,678.8,1.2,,,无
1988-11-15,52645.0,青海,野牛沟,38.41666666666666,99.58333333333331,3180.0,1988,11,15,5.3,normal,-9.5,-2.8,-17.6,0.71,0.41,683.3,685.7,680.3,0.6,,-10.801644069971491,Snow
1988-11-16,52645.0,青海,野牛沟,38.41666666666666,99.58333333333331,3180.0,1988,11,16,0.0,无,-18.9,-9.5,-24.6,0.69,0.57,683.1,685.9,680.9,0.9,,,无
1988-11-17,52645.0,青海,野牛沟,38.41666666666666,99.58333333333331,3180.0,1988,11,17,0.0,无,-18.6,-8.8,-26.2,0.68,0.47,686.0,687.7,682.3,0.6,,,无
1988-11-18,52645.0,青海,野牛沟,38.41666666666666,99.58333333333331,3180.0,1988,11,18,0.0,无,-12.4,-3.3,-19.9,0.54,0.29,687.2,688.3,686.7,1.1,,,无
1988-11-19,52645.0,青海,野牛沟,38.41666666666666,99.58333333333331,3180.0,1988,11,19,0.0,无,-16.5,-6.7,-23.0,0.61,0.42,686.7,688.6,684.7,0.8,,,无
1988-11-20,52645.0,青海,野牛沟,38.41666666666666,99.58333333333331,3180.0,1988,11,20,0.0,无,-16.7,-5.0,-24.0,0.61,0.39,684.3,685.7,682.6,1.1,,,无
1988-11-21,52645.0,青海,野牛沟,38.41666666666666,99.58333333333331,3180.0,1988,11,21,0.0,无,-16.2,-3.8,-23.3,0.6,0.38,682.6,683.7,681.0,0.8,,,无
1988-11-22,52645.0,青海,野牛沟,38.41666666666666,99.58333333333331,3180.0,1988,11,22,0.0,无,-13.5,-1.6,-21.4,0.57,0.28,683.4,684.5,681.8,1.3,,,无
1988-11-23,52645.0,青海,野牛沟,38.41666666666666,99.58333333333331,3180.0,1988,11,23,0.0,无,-16.5,-7.1,-24.9,0.6,0.35,685.9,687.7,683.6,1.0,,,无
1988-11-24,52645.0,青海,野牛沟,38.41666666666666,99.58333333333331,3180.0,1988,11,24,0.0,无,-15.7,-3.7,-22.5,0.59,0.32,682.9,684.8,680.5,0.9,,,无
1988-11-25,52645.0,青海,野牛沟,38.41666666666666,99.58333333333331,3180.0,1988,11,25,0.0,无,-12.0,0.1,-18.8,0.55,0.29,682.0,682.8,680.7,0.7,,,无
1988-11-26,52645.0,青海,野牛沟,38.41666666666666,99.58333333333331,3180.0,1988,11,26,0.0,无,-13.4,-3.6,-20.3,0.61,0.4,684.6,686.1,682.7,1.0,,,无
1988-11-27,52645.0,青海,野牛沟,38.41666666666666,99.58333333333331,3180.0,1988,11,27,0.0,无,-13.9,-2.1,-20.9,0.64,0.41,684.5,685.8,682.5,0.7,,,无
1988-11-28,52645.0,青海,野牛沟,38.41666666666666,99.58333333333331,3180.0,1988,11,28,0.0,无,-12.7,-3.8,-20.5,0.66,0.5,683.8,685.1,681.1,0.8,,,无
1988-11-29,52645.0,青海,野牛沟,38.41666666666666,99.58333333333331,3180.0,1988,11,29,0.0,无,-10.9,-3.1,-17.0,0.61,0.44,683.6,684.5,682.1,0.7,,,无
1988-11-30,52645.0,青海,野牛沟,38.41666666666666,99.58333333333331,3180.0,1988,11,30,0.0,无,-15.1,-1.9,-22.9,0.57,0.23,684.6,685.7,683.6,0.8,,,无
1988-12-01,52645.0,青海,野牛沟,38.41666666666666,99.58333333333331,3180.0,1988,12,1,0.0,无,-14.8,-1.6,-23.1,0.46,0.23,685.6,687.3,683.8,0.8,,,无
1988-12-02,52645.0,青海,野牛沟,38.41666666666666,99.58333333333331,3180.0,1988,12,2,0.0,无,-12.3,1.9,-20.8,0.48,0.23,684.2,685.3,682.2,1.3,,,无
1988-12-03,52645.0,青海,野牛沟,38.41666666666666,99.58333333333331,3180.0,1988,12,3,0.0,无,-10.0,-1.6,-15.9,0.54,0.29,684.6,686.0,683.6,1.1,,,无
1988-12-04,52645.0,青海,野牛沟,38.41666666666666,99.58333333333331,3180.0,1988,12,4,0.0,无,-12.7,-2.5,-20.5,0.5,0.26,685.3,687.5,683.6,0.9,,,无
1988-12-05,52645.0,青海,野牛沟,38.41666666666666,99.58333333333331,3180.0,1988,12,5,0.0,无,-13.8,-1.2,-21.7,0.51,0.29,680.3,684.2,676.3,0.9,,,无
1988-12-06,52645.0,青海,野牛沟,38.41666666666666,99.58333333333331,3180.0,1988,12,6,0.0,无,-12.4,-2.2,-20.9,0.5,0.27,674.4,677.1,671.8,0.9,,,无
1988-12-07,52645.0,青海,野牛沟,38.41666666666666,99.58333333333331,3180.0,1988,12,7,0.0,无,-11.5,-3.9,-15.9,0.35,0.17,676.3,678.6,673.2,1.3,,,无
1988-12-08,52645.0,青海,野牛沟,38.41666666666666,99.58333333333331,3180.0,1988,12,8,0.0,无,-18.5,-8.2,-25.4,0.42,0.22,682.4,684.6,678.6,0.9,,,无
1988-12-09,52645.0,青海,野牛沟,38.41666666666666,99.58333333333331,3180.0,1988,12,9,0.0,无,-17.9,-7.1,-26.9,0.43,0.21,683.7,685.2,681.3,0.8,,,无
1988-12-10,52645.0,青海,野牛沟,38.41666666666666,99.58333333333331,3180.0,1988,12,10,0.0,无,-15.8,-3.7,-24.3,0.37,0.15,684.0,685.3,682.5,1.2,,,无
1988-12-11,52645.0,青海,野牛沟,38.41666666666666,99.58333333333331,3180.0,1988,12,11,0.0,无,-15.7,-2.1,-24.2,0.42,0.15,683.0,685.4,680.5,1.0,,,无
1988-12-12,52645.0,青海,野牛沟,38.41666666666666,99.58333333333331,3180.0,1988,12,12,0.0,无,-12.5,-0.6,-20.8,0.44,0.25,680.4,681.4,678.7,1.5,,,无
1988-12-13,52645.0,青海,野牛沟,38.41666666666666,99.58333333333331,3180.0,1988,12,13,0.0,无,-13.2,-0.5,-22.1,0.45,0.2,681.7,682.8,680.3,1.0,,,无
1988-12-14,52645.0,青海,野牛沟,38.41666666666666,99.58333333333331,3180.0,1988,12,14,0.0,无,-13.1,-0.4,-19.5,0.44,0.22,683.3,684.6,681.2,1.0,,,无
1988-12-15,52645.0,青海,野牛沟,38.41666666666666,99.58333333333331,3180.0,1988,12,15,0.0,无,-14.5,-1.0,-23.3,0.45,0.22,682.3,683.9,681.0,0.7,,,无
1988-12-16,52645.0,青海,野牛沟,38.41666666666666,99.58333333333331,3180.0,1988,12,16,0.0,无,-15.9,-1.6,-24.6,0.46,0.18,680.5,682.3,678.2,0.8,,,无
1988-12-17,52645.0,青海,野牛沟,38.41666666666666,99.58333333333331,3180.0,1988,12,17,0.0,无,-10.4,-1.5,-18.7,0.4,0.17,678.5,679.8,677.0,1.3,,,无
1988-12-18,52645.0,青海,野牛沟,38.41666666666666,99.58333333333331,3180.0,1988,12,18,0.0,无,-15.2,-2.6,-23.4,0.43,0.2,679.1,680.5,678.0,1.2,,,无
1988-12-19,52645.0,青海,野牛沟,38.41666666666666,99.58333333333331,3180.0,1988,12,19,0.0,无,-11.6,1.1,-20.8,0.42,0.22,677.9,679.3,676.2,1.3,,,无
1988-12-20,52645.0,青海,野牛沟,38.41666666666666,99.58333333333331,3180.0,1988,12,20,0.0,无,-11.0,2.8,-20.9,0.45,0.18,679.4,681.2,677.5,1.1,,,无
1988-12-21,52645.0,青海,野牛沟,38.41666666666666,99.58333333333331,3180.0,1988,12,21,0.0,无,-14.2,-1.4,-20.9,0.49,0.24,680.1,681.4,678.4,0.8,,,无
1988-12-22,52645.0,青海,野牛沟,38.41666666666666,99.58333333333331,3180.0,1988,12,22,0.0,无,-14.8,-0.5,-23.2,0.5,0.22,678.3,680.1,676.3,1.0,,,无
1988-12-23,52645.0,青海,野牛沟,38.41666666666666,99.58333333333331,3180.0,1988,12,23,0.0,无,-10.8,2.2,-18.0,0.45,0.23,676.4,677.8,674.9,0.8,,,无
1988-12-24,52645.0,青海,野牛沟,38.41666666666666,99.58333333333331,3180.0,1988,12,24,0.0,无,-9.0,0.2,-18.6,0.5,0.27,676.3,677.2,674.2,1.4,,,无
1988-12-25,52645.0,青海,野牛沟,38.41666666666666,99.58333333333331,3180.0,1988,12,25,0.0,无,-13.0,-1.1,-21.4,0.59,0.28,679.0,680.3,676.8,0.9,,,无
1988-12-26,52645.0,青海,野牛沟,38.41666666666666,99.58333333333331,3180.0,1988,12,26,0.0,无,-12.8,-1.1,-20.0,0.51,0.3,678.9,681.5,676.7,0.8,,,无
1988-12-27,52645.0,青海,野牛沟,38.41666666666666,99.58333333333331,3180.0,1988,12,27,1.2,normal,-10.5,-6.4,-15.5,0.74,0.43,675.1,676.8,673.3,0.0,,-11.609983107305467,Snow
1988-12-28,52645.0,青海,野牛沟,38.41666666666666,99.58333333333331,3180.0,1988,12,28,0.1,normal,-16.1,-7.8,-24.2,0.73,0.51,678.9,680.7,676.1,0.4,,-16.91241075917811,Snow
1988-12-29,52645.0,青海,野牛沟,38.41666666666666,99.58333333333331,3180.0,1988,12,29,0.0,无,-19.2,-5.9,-27.0,0.57,0.3,680.0,681.8,678.7,0.7,,,无
1988-12-30,52645.0,青海,野牛沟,38.41666666666666,99.58333333333331,3180.0,1988,12,30,0.0,无,-18.8,-3.7,-27.2,0.59,0.25,679.8,681.5,677.7,0.7,,,无
1988-12-31,52645.0,青海,野牛沟,38.41666666666666,99.58333333333331,3180.0,1988,12,31,0.0,无,-17.4,-4.1,-27.7,0.53,0.29,677.6,680.2,674.2,0.5,,,无
1989-01-01,52645.0,青海,野牛沟,38.41666666666666,99.58333333333331,3180.0,1989,1,1,0.0,无,-12.4,-1.2,-22.3,0.51,0.11,677.4,678.7,675.9,1.1,,,无
1989-01-02,52645.0,青海,野牛沟,38.41666666666666,99.58333333333331,3180.0,1989,1,2,0.0,无,-13.6,0.2,-22.9,0.44,0.13,677.5,678.7,676.0,1.2,,,无
1989-01-03,52645.0,青海,野牛沟,38.41666666666666,99.58333333333331,3180.0,1989,1,3,0.0,无,-12.3,-1.6,-19.6,0.53,0.29,678.4,679.8,676.9,0.6,,,无
1989-01-04,52645.0,青海,野牛沟,38.41666666666666,99.58333333333331,3180.0,1989,1,4,0.0,无,-15.8,-3.5,-23.9,0.54,0.19,676.2,678.1,674.1,0.6,,,无
1989-01-05,52645.0,青海,野牛沟,38.41666666666666,99.58333333333331,3180.0,1989,1,5,0.0,无,-16.5,-2.0,-24.6,0.46,0.16,674.6,676.2,672.1,0.9,,,无
1989-01-06,52645.0,青海,野牛沟,38.41666666666666,99.58333333333331,3180.0,1989,1,6,0.0,无,-15.9,-0.5,-24.8,0.44,0.15,670.6,673.1,668.0,0.8,,,无
1989-01-07,52645.0,青海,野牛沟,38.41666666666666,99.58333333333331,3180.0,1989,1,7,0.0,无,-15.5,-0.4,-24.0,0.45,0.18,670.7,671.9,669.0,0.8,,,无
1989-01-08,52645.0,青海,野牛沟,38.41666666666666,99.58333333333331,3180.0,1989,1,8,0.0,无,-11.4,0.1,-20.3,0.45,0.26,672.4,674.9,670.3,1.2,,,无
1989-01-09,52645.0,青海,野牛沟,38.41666666666666,99.58333333333331,3180.0,1989,1,9,2.2,normal,-11.4,-5.0,-13.5,0.61,0.34,670.4,672.5,668.3,0.3,,-12.99659963293577,Snow
1989-01-10,52645.0,青海,野牛沟,38.41666666666666,99.58333333333331,3180.0,1989,1,10,0.2,normal,-16.8,-9.2,-22.7,0.72,0.51,673.6,675.2,672.6,0.1,,-17.60913452307338,Snow
1989-01-11,52645.0,青海,野牛沟,38.41666666666666,99.58333333333331,3180.0,1989,1,11,0.0,无,-22.3,-15.6,-27.3,0.69,0.42,676.3,678.1,674.2,0.2,,,无
1989-01-12,52645.0,青海,野牛沟,38.41666666666666,99.58333333333331,3180.0,1989,1,12,0.0,无,-25.8,-16.3,-32.5,0.57,0.4,679.7,681.2,677.8,0.7,,,无
1989-01-13,52645.0,青海,野牛沟,38.41666666666666,99.58333333333331,3180.0,1989,1,13,0.0,无,-26.6,-15.6,-33.5,0.58,0.32,678.8,680.8,676.7,0.6,,,无
1989-01-14,52645.0,青海,野牛沟,38.41666666666666,99.58333333333331,3180.0,1989,1,14,0.0,无,-24.5,-11.6,-32.3,0.53,0.25,676.7,677.9,674.9,0.9,,,无
1989-01-15,52645.0,青海,野牛沟,38.41666666666666,99.58333333333331,3180.0,1989,1,15,0.0,无,-22.8,-7.5,-31.1,0.54,0.22,677.3,679.2,675.7,0.7,,,无
1989-01-16,52645.0,青海,野牛沟,38.41666666666666,99.58333333333331,3180.0,1989,1,16,0.0,无,-20.3,-9.0,-27.9,0.55,0.27,675.5,676.7,674.1,0.6,,,无
1989-01-17,52645.0,青海,野牛沟,38.41666666666666,99.58333333333331,3180.0,1989,1,17,0.0,无,-22.3,-11.4,-30.4,0.52,0.29,678.0,679.9,675.3,0.6,,,无
1989-01-18,52645.0,青海,野牛沟,38.41666666666666,99.58333333333331,3180.0,1989,1,18,0.0,无,-21.6,-7.3,-30.7,0.53,0.23,675.8,678.6,672.8,0.6,,,无
1989-01-19,52645.0,青海,野牛沟,38.41666666666666,99.58333333333331,3180.0,1989,1,19,0.0,无,-22.0,-9.5,-30.3,0.51,0.24,672.5,674.2,670.5,0.7,,,无
1989-01-20,52645.0,青海,野牛沟,38.41666666666666,99.58333333333331,3180.0,1989,1,20,0.0,无,-20.7,-8.3,-29.6,0.47,0.24,675.8,677.4,672.5,1.0,,,无
1989-01-21,52645.0,青海,野牛沟,38.41666666666666,99.58333333333331,3180.0,1989,1,21,0.0,无,-17.1,-5.1,-25.0,0.45,0.16,678.3,679.7,676.4,0.8,,,无
1989-01-22,52645.0,青海,野牛沟,38.41666666666666,99.58333333333331,3180.0,1989,1,22,0.0,无,-17.8,-6.8,-26.8,0.43,0.18,677.4,678.8,674.9,0.8,,,无
1989-01-23,52645.0,青海,野牛沟,38.41666666666666,99.58333333333331,3180.0,1989,1,23,0.0,无,-19.6,-8.5,-27.4,0.47,0.24,677.0,677.8,675.7,0.8,,,无
1989-01-24,52645.0,青海,野牛沟,38.41666666666666,99.58333333333331,3180.0,1989,1,24,0.0,无,-19.1,-7.6,-29.5,0.44,0.18,675.9,678.2,672.6,1.0,,,无
1989-01-25,52645.0,青海,野牛沟,38.41666666666666,99.58333333333331,3180.0,1989,1,25,0.0,无,-14.7,-7.7,-23.1,0.37,0.2,674.0,675.1,672.7,1.4,,,无
1989-01-26,52645.0,青海,野牛沟,38.41666666666666,99.58333333333331,3180.0,1989,1,26,0.0,无,-18.5,-5.1,-27.5,0.4,0.13,677.9,679.7,675.1,0.8,,,无
1989-01-27,52645.0,青海,野牛沟,38.41666666666666,99.58333333333331,3180.0,1989,1,27,0.0,无,-17.1,-3.0,-26.1,0.37,0.09,676.0,678.2,672.9,0.9,,,无
1989-01-28,52645.0,青海,野牛沟,38.41666666666666,99.58333333333331,3180.0,1989,1,28,0.0,无,-15.4,-3.2,-24.8,0.39,0.15,675.0,675.7,673.1,1.2,,,无
1989-01-29,52645.0,青海,野牛沟,38.41666666666666,99.58333333333331,3180.0,1989,1,29,0.0,无,-14.6,-4.7,-24.4,0.35,0.14,675.1,676.6,673.9,1.1,,,无
1989-01-30,52645.0,青海,野牛沟,38.41666666666666,99.58333333333331,3180.0,1989,1,30,0.0,无,-12.8,-6.1,-18.5,0.25,0.1,675.0,677.0,672.6,1.5,,,无
1989-01-31,52645.0,青海,野牛沟,38.41666666666666,99.58333333333331,3180.0,1989,1,31,0.0,无,-18.2,-5.6,-27.4,0.3,0.1,677.7,679.3,676.3,1.4,,,无
1989-02-01,52645.0,青海,野牛沟,38.41666666666666,99.58333333333331,3180.0,1989,2,1,0.0,无,-17.4,-5.7,-24.8,0.35,0.16,677.3,678.2,675.8,1.2,,,无
1989-02-02,52645.0,青海,野牛沟,38.41666666666666,99.58333333333331,3180.0,1989,2,2,0.0,无,-13.4,-3.2,-22.5,0.4,0.21,676.7,677.9,674.6,1.1,,,无
1989-02-03,52645.0,青海,野牛沟,38.41666666666666,99.58333333333331,3180.0,1989,2,3,0.0,无,-14.0,-0.8,-23.5,0.41,0.11,674.1,675.7,672.6,1.8,,,无
1989-02-04,52645.0,青海,野牛沟,38.41666666666666,99.58333333333331,3180.0,1989,2,4,0.0,无,-15.1,-1.1,-24.8,0.37,0.11,673.9,675.7,672.8,1.1,,,无
1989-02-05,52645.0,青海,野牛沟,38.41666666666666,99.58333333333331,3180.0,1989,2,5,0.0,无,-12.3,-2.7,-19.5,0.42,0.19,673.0,674.9,670.8,1.2,,,无
1989-02-06,52645.0,青海,野牛沟,38.41666666666666,99.58333333333331,3180.0,1989,2,6,1.1,normal,-13.5,-5.5,-18.8,0.77,0.49,673.3,675.0,671.9,0.3,,-14.321528822505506,Snow
1989-02-07,52645.0,青海,野牛沟,38.41666666666666,99.58333333333331,3180.0,1989,2,7,0.0,无,-17.1,-4.7,-25.5,0.62,0.23,674.7,676.5,672.8,0.7,,,无
1989-02-08,52645.0,青海,野牛沟,38.41666666666666,99.58333333333331,3180.0,1989,2,8,0.5,normal,-15.5,-7.0,-21.2,0.62,0.36,675.0,676.1,673.9,0.8,,-16.69812484715561,Snow
1989-02-09,52645.0,青海,野牛沟,38.41666666666666,99.58333333333331,3180.0,1989,2,9,0.0,无,-16.2,-5.0,-25.5,0.57,0.27,677.5,679.6,675.4,0.7,,,无
1989-02-10,52645.0,青海,野牛沟,38.41666666666666,99.58333333333331,3180.0,1989,2,10,0.2,normal,-16.2,-7.4,-23.5,0.59,0.21,678.8,680.2,677.0,0.8,,-17.429905485366007,Snow
1989-02-11,52645.0,青海,野牛沟,38.41666666666666,99.58333333333331,3180.0,1989,2,11,0.0,无,-16.8,-3.1,-26.4,0.43,0.12,677.9,680.3,675.4,1.0,,,无
1989-02-12,52645.0,青海,野牛沟,38.41666666666666,99.58333333333331,3180.0,1989,2,12,0.0,无,-16.8,-1.6,-25.9,0.49,0.16,674.7,677.3,671.6,1.4,,,无
1989-02-13,52645.0,青海,野牛沟,38.41666666666666,99.58333333333331,3180.0,1989,2,13,0.0,无,-13.9,-1.2,-24.8,0.4,0.09,672.4,675.0,669.8,1.5,,,无
1989-02-14,52645.0,青海,野牛沟,38.41666666666666,99.58333333333331,3180.0,1989,2,14,0.0,无,-15.3,-1.3,-25.9,0.38,0.1,668.7,671.0,665.8,1.2,,,无
1989-02-15,52645.0,青海,野牛沟,38.41666666666666,99.58333333333331,3180.0,1989,2,15,0.0,无,-13.4,-3.4,-20.9,0.49,0.17,669.1,670.4,666.6,1.3,,,无
1989-02-16,52645.0,青海,野牛沟,38.41666666666666,99.58333333333331,3180.0,1989,2,16,0.6,normal,-12.8,-4.7,-20.9,0.63,0.26,672.5,674.0,670.4,0.7,,-14.187871504296034,Snow
1989-02-17,52645.0,青海,野牛沟,38.41666666666666,99.58333333333331,3180.0,1989,2,17,0.0,无,-12.1,-5.9,-18.6,0.54,0.33,672.2,673.9,670.5,0.8,,,无
1989-02-18,52645.0,青海,野牛沟,38.41666666666666,99.58333333333331,3180.0,1989,2,18,0.8,normal,-15.0,-3.8,-23.5,0.61,0.26,672.2,673.3,669.0,0.7,,-16.27470716732772,Snow
1989-02-19,52645.0,青海,野牛沟,38.41666666666666,99.58333333333331,3180.0,1989,2,19,0.2,normal,-17.0,-8.3,-24.9,0.73,0.45,674.6,675.9,673.0,0.4,,-17.768740002225847,Snow
1989-02-20,52645.0,青海,野牛沟,38.41666666666666,99.58333333333331,3180.0,1989,2,20,0.0,无,-17.0,-7.3,-26.0,0.64,0.33,674.4,676.4,671.6,0.8,,,无
1989-02-21,52645.0,青海,野牛沟,38.41666666666666,99.58333333333331,3180.0,1989,2,21,2.7,normal,-16.0,-9.8,-24.5,0.73,0.46,674.3,676.0,672.5,0.5,,-16.822047902085878,Snow
1989-02-22,52645.0,青海,野牛沟,38.41666666666666,99.58333333333331,3180.0,1989,2,22,0.2,normal,-16.9,-7.3,-23.4,0.66,0.42,674.2,675.6,671.8,1.2,,-17.876613820299127,Snow
1989-02-23,52645.0,青海,野牛沟,38.41666666666666,99.58333333333331,3180.0,1989,2,23,0.1,normal,-15.5,-6.3,-22.8,0.66,0.35,675.5,676.7,673.9,1.1,,-16.570247275725144,Snow
1989-02-24,52645.0,青海,野牛沟,38.41666666666666,99.58333333333331,3180.0,1989,2,24,0.0,无,-11.1,-2.5,-17.0,0.41,0.17,674.8,676.9,672.5,1.6,,,无
1989-02-25,52645.0,青海,野牛沟,38.41666666666666,99.58333333333331,3180.0,1989,2,25,0.0,无,-9.4,1.1,-17.8,0.41,0.14,674.9,676.3,672.9,1.9,,,无
1989-02-26,52645.0,青海,野牛沟,38.41666666666666,99.58333333333331,3180.0,1989,2,26,0.0,无,-9.4,0.9,-19.3,0.43,0.17,677.9,678.8,675.8,1.7,,,无
1989-02-27,52645.0,青海,野牛沟,38.41666666666666,99.58333333333331,3180.0,1989,2,27,0.0,无,-6.8,3.9,-19.0,0.38,0.1,677.7,680.2,675.0,2.4,,,无
1989-02-28,52645.0,青海,野牛沟,38.41666666666666,99.58333333333331,3180.0,1989,2,28,0.0,无,-7.6,3.3,-19.2,0.43,0.16,674.8,678.0,670.9,1.9,,,无
1989-03-01,52645.0,青海,野牛沟,38.41666666666666,99.58333333333331,3180.0,1989,3,1,0.0,无,-6.8,1.9,-13.4,0.58,0.22,673.2,674.4,671.8,1.8,,,无
1989-03-02,52645.0,青海,野牛沟,38.41666666666666,99.58333333333331,3180.0,1989,3,2,0.8,normal,-9.1,-4.4,-13.0,0.66,0.47,673.9,676.7,672.1,1.3,,-10.679310544905082,Snow
1989-03-03,52645.0,青海,野牛沟,38.41666666666666,99.58333333333331,3180.0,1989,3,3,0.3,normal,-12.1,-8.7,-14.5,0.81,0.65,679.2,681.5,676.8,0.7,,-12.833280014231555,Snow
1989-03-04,52645.0,青海,野牛沟,38.41666666666666,99.58333333333331,3180.0,1989,3,4,0.1,normal,-14.5,-4.7,-23.3,0.66,0.32,680.5,682.2,678.2,1.0,,-15.635435868672381,Snow
1989-03-05,52645.0,青海,野牛沟,38.41666666666666,99.58333333333331,3180.0,1989,3,5,0.2,normal,-16.1,-5.3,-23.2,0.63,0.32,677.2,679.2,675.0,1.6,,-17.218247347481622,Snow
1989-03-06,52645.0,青海,野牛沟,38.41666666666666,99.58333333333331,3180.0,1989,3,6,0.3,normal,-15.7,-11.5,-17.5,0.63,0.44,679.2,680.5,677.4,0.9,,-16.84563892498892,Snow
1989-03-07,52645.0,青海,野牛沟,38.41666666666666,99.58333333333331,3180.0,1989,3,7,0.9,normal,-18.1,-9.4,-26.1,0.62,0.33,680.2,681.7,679.2,1.0,,-19.099223926388042,Snow
1989-03-08,52645.0,青海,野牛沟,38.41666666666666,99.58333333333331,3180.0,1989,3,8,0.0,无,-19.4,-8.3,-27.7,0.57,0.29,678.4,680.5,674.9,0.9,,,无
1989-03-09,52645.0,青海,野牛沟,38.41666666666666,99.58333333333331,3180.0,1989,3,9,0.0,无,-17.2,-1.7,-28.3,0.46,0.14,677.8,680.7,674.4,1.2,,,无
1989-03-10,52645.0,青海,野牛沟,38.41666666666666,99.58333333333331,3180.0,1989,3,10,0.1,normal,-13.1,-0.5,-22.8,0.51,0.2,676.2,677.7,673.8,1.8,,-14.904713318529886,Snow
1989-03-11,52645.0,青海,野牛沟,38.41666666666666,99.58333333333331,3180.0,1989,3,11,0.2,normal,-11.2,-3.2,-17.5,0.61,0.19,675.5,677.0,673.9,1.6,,-12.807006024408164,Snow
1989-03-12,52645.0,青海,野牛沟,38.41666666666666,99.58333333333331,3180.0,1989,3,12,0.0,无,-12.1,-0.8,-21.0,0.4,0.16,675.1,676.5,672.3,2.8,,,无
1989-03-13,52645.0,青海,野牛沟,38.41666666666666,99.58333333333331,3180.0,1989,3,13,0.0,无,-11.2,-2.8,-19.0,0.41,0.16,676.3,677.2,674.3,2.2,,,无
1989-03-14,52645.0,青海,野牛沟,38.41666666666666,99.58333333333331,3180.0,1989,3,14,0.0,无,-11.9,0.3,-22.5,0.38,0.15,677.0,678.9,674.1,2.2,,,无
1989-03-15,52645.0,青海,野牛沟,38.41666666666666,99.58333333333331,3180.0,1989,3,15,0.0,无,-9.9,2.1,-20.2,0.37,0.15,678.2,679.6,675.2,2.5,,,无
1989-03-16,52645.0,青海,野牛沟,38.41666666666666,99.58333333333331,3180.0,1989,3,16,0.0,无,-7.4,1.1,-14.7,0.48,0.22,676.1,678.0,673.1,1.6,,,无
1989-03-17,52645.0,青海,野牛沟,38.41666666666666,99.58333333333331,3180.0,1989,3,17,1.9,normal,-9.5,0.8,-20.6,0.64,0.17,674.8,676.3,672.9,1.7,,-11.135334439879902,Snow
1989-03-18,52645.0,青海,野牛沟,38.41666666666666,99.58333333333331,3180.0,1989,3,18,0.2,normal,-8.5,0.3,-15.3,0.56,0.25,673.4,676.8,671.8,0.9,,-10.625593151631264,Snow
1989-03-19,52645.0,青海,野牛沟,38.41666666666666,99.58333333333331,3180.0,1989,3,19,0.0,无,-12.1,0.7,-22.5,0.58,0.15,679.0,681.0,676.8,1.8,,,无
1989-03-20,52645.0,青海,野牛沟,38.41666666666666,99.58333333333331,3180.0,1989,3,20,0.0,无,-5.9,4.7,-13.1,0.41,0.15,677.6,678.8,675.0,3.0,,,无
1989-03-21,52645.0,青海,野牛沟,38.41666666666666,99.58333333333331,3180.0,1989,3,21,0.0,无,-4.5,4.9,-11.5,0.43,0.1,678.5,679.8,676.8,2.2,,,无
1989-03-22,52645.0,青海,野牛沟,38.41666666666666,99.58333333333331,3180.0,1989,3,22,0.0,无,-4.5,6.0,-13.1,0.44,0.19,676.1,678.1,672.6,2.7,,,无
1989-03-23,52645.0,青海,野牛沟,38.41666666666666,99.58333333333331,3180.0,1989,3,23,0.0,无,-5.1,2.7,-12.3,0.55,0.27,676.1,677.7,674.2,2.3,,,无
1989-03-24,52645.0,青海,野牛沟,38.41666666666666,99.58333333333331,3180.0,1989,3,24,0.1,normal,-2.8,3.7,-5.8,0.65,0.24,676.4,677.1,674.3,2.1,,-5.041807130705913,Snow
1989-03-25,52645.0,青海,野牛沟,38.41666666666666,99.58333333333331,3180.0,1989,3,25,0.0,无,-6.0,2.7,-13.0,0.45,0.09,679.6,681.1,677.1,2.3,,,无
1989-03-26,52645.0,青海,野牛沟,38.41666666666666,99.58333333333331,3180.0,1989,3,26,0.0,无,-6.3,2.9,-14.5,0.35,0.14,681.5,683.0,679.4,3.2,,,无
1989-03-27,52645.0,青海,野牛沟,38.41666666666666,99.58333333333331,3180.0,1989,3,27,0.0,无,-6.0,4.0,-13.6,0.38,0.09,681.8,683.9,679.2,3.5,,,无
1989-03-28,52645.0,青海,野牛沟,38.41666666666666,99.58333333333331,3180.0,1989,3,28,0.0,无,-4.8,5.4,-14.0,0.39,0.08,679.1,681.0,675.9,3.6,,,无
1989-03-29,52645.0,青海,野牛沟,38.41666666666666,99.58333333333331,3180.0,1989,3,29,0.0,无,-5.4,5.7,-13.9,0.32,0.04,678.4,680.2,675.6,6.0,,,无
1989-03-30,52645.0,青海,野牛沟,38.41666666666666,99.58333333333331,3180.0,1989,3,30,0.0,无,-6.3,8.0,-18.2,0.24,0.03,680.6,683.1,676.5,3.8,,,无
1989-03-31,52645.0,青海,野牛沟,38.41666666666666,99.58333333333331,3180.0,1989,3,31,0.0,无,-0.1,9.8,-8.4,0.26,0.09,675.8,677.7,673.2,5.1,,,无
1989-04-01,52645.0,青海,野牛沟,38.41666666666666,99.58333333333331,3180.0,1989,4,1,0.0,无,-1.6,7.7,-10.5,0.3,0.11,672.5,674.6,670.0,4.4,,,无
1989-04-02,52645.0,青海,野牛沟,38.41666666666666,99.58333333333331,3180.0,1989,4,2,0.9,normal,-2.1,2.3,-5.4,0.67,0.23,675.2,676.4,672.0,1.4,,-4.281634388893347,Snow
1989-04-03,52645.0,青海,野牛沟,38.41666666666666,99.58333333333331,3180.0,1989,4,3,0.4,normal,-2.4,5.9,-7.5,0.8,0.46,676.9,678.2,674.5,1.8,,-3.686680916004774,Snow
1989-04-04,52645.0,青海,野牛沟,38.41666666666666,99.58333333333331,3180.0,1989,4,4,3.5,normal,-2.1,3.0,-5.4,0.84,0.56,677.0,677.4,676.3,1.2,,-3.1393797684362967,Snow
1989-04-05,52645.0,青海,野牛沟,38.41666666666666,99.58333333333331,3180.0,1989,4,5,2.6,normal,-2.9,1.6,-7.3,0.76,0.46,679.0,681.4,677.1,2.2,,-4.411819178456633,Snow
1989-04-06,52645.0,青海,野牛沟,38.41666666666666,99.58333333333331,3180.0,1989,4,6,0.8,normal,-4.3,0.5,-7.0,0.74,0.44,681.4,682.3,680.1,2.1,,-5.831979581339586,Snow
1989-04-07,52645.0,青海,野牛沟,38.41666666666666,99.58333333333331,3180.0,1989,4,7,0.2,normal,-5.2,1.4,-11.3,0.68,0.28,680.9,681.9,680.0,3.1,,-7.012717731786622,Snow
1989-04-08,52645.0,青海,野牛沟,38.41666666666666,99.58333333333331,3180.0,1989,4,8,0.0,无,-4.3,3.1,-10.2,0.58,0.27,680.6,682.7,678.5,2.2,,,无
1989-04-09,52645.0,青海,野牛沟,38.41666666666666,99.58333333333331,3180.0,1989,4,9,0.0,无,-1.0,7.4,-7.5,0.48,0.17,676.3,678.6,674.7,4.2,,,无
1989-04-10,52645.0,青海,野牛沟,38.41666666666666,99.58333333333331,3180.0,1989,4,10,0.0,无,-0.7,7.4,-7.2,0.56,0.26,675.4,676.2,673.8,3.6,,,无
1989-04-11,52645.0,青海,野牛沟,38.41666666666666,99.58333333333331,3180.0,1989,4,11,0.0,无,0.3,5.7,-3.5,0.63,0.39,674.5,676.0,672.2,3.3,,,无
1989-04-12,52645.0,青海,野牛沟,38.41666666666666,99.58333333333331,3180.0,1989,4,12,4.8,normal,-4.9,1.1,-10.8,0.69,0.36,677.8,678.6,673.6,2.2,,-6.686186311237559,Snow
1989-04-13,52645.0,青海,野牛沟,38.41666666666666,99.58333333333331,3180.0,1989,4,13,2.1,normal,-5.0,-0.8,-6.3,0.87,0.51,680.1,680.7,678.4,1.6,,-5.733844017438066,Snow
1989-04-14,52645.0,青海,野牛沟,38.41666666666666,99.58333333333331,3180.0,1989,4,14,2.5,normal,-7.3,-1.6,-14.2,0.72,0.34,680.5,681.5,679.7,2.4,,-8.720187367928286,Snow
1989-04-15,52645.0,青海,野牛沟,38.41666666666666,99.58333333333331,3180.0,1989,4,15,0.0,无,-5.8,2.1,-11.6,0.53,0.2,678.1,681.1,676.0,2.8,,,无
1989-04-16,52645.0,青海,野牛沟,38.41666666666666,99.58333333333331,3180.0,1989,4,16,0.0,无,-2.2,3.5,-7.2,0.51,0.26,674.4,676.2,673.3,3.1,,,无
1989-04-17,52645.0,青海,野牛沟,38.41666666666666,99.58333333333331,3180.0,1989,4,17,0.0,无,-0.7,7.6,-7.2,0.58,0.25,674.7,675.6,673.0,3.5,,,无
1989-04-18,52645.0,青海,野牛沟,38.41666666666666,99.58333333333331,3180.0,1989,4,18,0.0,无,0.6,10.2,-7.4,0.56,0.17,676.4,677.9,674.4,3.9,,,无
1989-04-19,52645.0,青海,野牛沟,38.41666666666666,99.58333333333331,3180.0,1989,4,19,0.5,normal,2.0,10.3,-2.5,0.7,0.19,677.2,678.6,675.0,4.6,,-0.35456762177413115,Snow
1989-04-20,52645.0,青海,野牛沟,38.41666666666666,99.58333333333331,3180.0,1989,4,20,9.7,normal,-2.7,4.1,-5.6,0.76,0.3,680.5,682.7,675.7,4.3,,-4.223946363604001,Snow
1989-04-21,52645.0,青海,野牛沟,38.41666666666666,99.58333333333331,3180.0,1989,4,21,0.1,normal,-3.6,2.8,-7.2,0.62,0.34,682.8,684.0,680.3,3.3,,-5.936042027244244,Snow
1989-04-22,52645.0,青海,野牛沟,38.41666666666666,99.58333333333331,3180.0,1989,4,22,0.2,normal,-4.7,0.7,-7.5,0.76,0.38,679.9,682.7,678.3,1.9,,-6.086516598232268,Snow
1989-04-23,52645.0,青海,野牛沟,38.41666666666666,99.58333333333331,3180.0,1989,4,23,0.0,无,-2.3,4.7,-8.5,0.49,0.21,678.1,679.1,677.1,3.7,,,无
1989-04-24,52645.0,青海,野牛沟,38.41666666666666,99.58333333333331,3180.0,1989,4,24,0.4,normal,-2.1,5.4,-9.6,0.54,0.19,679.6,680.7,677.7,3.9,,-5.167155421267213,Snow
1989-04-25,52645.0,青海,野牛沟,38.41666666666666,99.58333333333331,3180.0,1989,4,25,0.0,无,0.3,9.8,-7.7,0.47,0.14,677.4,678.9,675.2,4.7,,,无
1989-04-26,52645.0,青海,野牛沟,38.41666666666666,99.58333333333331,3180.0,1989,4,26,0.0,无,0.8,7.4,-3.7,0.51,0.26,677.2,678.2,676.1,4.7,,,无
1989-04-27,52645.0,青海,野牛沟,38.41666666666666,99.58333333333331,3180.0,1989,4,27,0.0,无,0.8,6.3,-2.2,0.49,0.3,680.9,681.2,678.2,4.4,,,无
1989-04-28,52645.0,青海,野牛沟,38.41666666666666,99.58333333333331,3180.0,1989,4,28,0.1,normal,-0.1,5.5,-4.8,0.61,0.37,681.1,682.5,679.1,2.6,,-2.923333499014835,Snow
1989-04-29,52645.0,青海,野牛沟,38.41666666666666,99.58333333333331,3180.0,1989,4,29,0.0,无,0.7,8.1,-4.6,0.56,0.25,681.6,683.1,679.2,3.9,,,无
1989-04-30,52645.0,青海,野牛沟,38.41666666666666,99.58333333333331,3180.0,1989,4,30,0.0,无,1.3,9.4,-5.5,0.54,0.22,680.3,681.7,678.9,4.6,,,无
1989-05-01,52645.0,青海,野牛沟,38.41666666666666,99.58333333333331,3180.0,1989,5,1,0.0,无,2.5,12.4,-5.7,0.52,0.13,678.1,679.9,676.2,5.6,,,无
1989-05-02,52645.0,青海,野牛沟,38.41666666666666,99.58333333333331,3180.0,1989,5,2,0.0,无,3.7,13.5,-6.1,0.41,0.16,679.4,681.0,676.8,6.3,,,无
1989-05-03,52645.0,青海,野牛沟,38.41666666666666,99.58333333333331,3180.0,1989,5,3,0.0,无,5.0,15.8,-5.1,0.47,0.12,679.0,680.1,677.9,6.3,,,无
1989-05-04,52645.0,青海,野牛沟,38.41666666666666,99.58333333333331,3180.0,1989,5,4,0.0,无,6.2,17.8,-4.1,0.5,0.19,679.1,680.5,676.3,6.5,,,无
1989-05-05,52645.0,青海,野牛沟,38.41666666666666,99.58333333333331,3180.0,1989,5,5,5.5,normal,4.2,12.5,-0.9,0.68,0.31,679.1,680.2,677.0,3.7,,1.459301497341623,Rain
1989-05-06,52645.0,青海,野牛沟,38.41666666666666,99.58333333333331,3180.0,1989,5,6,0.4,normal,2.1,6.6,-0.7,0.8,0.6,681.6,682.2,680.2,2.2,,0.5485502521041985,Snow
1989-05-07,52645.0,青海,野牛沟,38.41666666666666,99.58333333333331,3180.0,1989,5,7,0.0,无,3.7,11.2,-1.1,0.62,0.3,680.8,682.9,678.7,4.5,,,无
1989-05-08,52645.0,青海,野牛沟,38.41666666666666,99.58333333333331,3180.0,1989,5,8,0.0,无,2.2,11.3,-5.6,0.52,0.23,679.6,682.0,676.4,5.2,,,无
1989-05-09,52645.0,青海,野牛沟,38.41666666666666,99.58333333333331,3180.0,1989,5,9,0.0,无,3.1,9.4,-2.6,0.55,0.32,677.5,678.7,676.1,3.9,,,无
1989-05-10,52645.0,青海,野牛沟,38.41666666666666,99.58333333333331,3180.0,1989,5,10,0.0,无,2.6,11.4,-5.0,0.65,0.25,677.4,678.6,676.0,3.5,,,无
1989-05-11,52645.0,青海,野牛沟,38.41666666666666,99.58333333333331,3180.0,1989,5,11,4.3,normal,1.0,5.6,-1.6,0.86,0.56,680.4,682.5,678.4,2.6,,-0.03275965930311653,Snow
1989-05-12,52645.0,青海,野牛沟,38.41666666666666,99.58333333333331,3180.0,1989,5,12,0.0,无,1.2,7.5,-6.0,0.52,0.2,684.8,686.0,682.4,11.0,,,无
1989-05-13,52645.0,青海,野牛沟,38.41666666666666,99.58333333333331,3180.0,1989,5,13,0.0,无,1.8,10.8,-8.0,0.51,0.24,684.0,685.9,681.8,4.9,,,无
1989-05-14,52645.0,青海,野牛沟,38.41666666666666,99.58333333333331,3180.0,1989,5,14,0.1,normal,1.4,6.6,-1.0,0.67,0.42,681.6,682.8,679.6,2.5,,-1.1281835456548484,Snow
1989-05-15,52645.0,青海,野牛沟,38.41666666666666,99.58333333333331,3180.0,1989,5,15,0.0,无,1.3,7.4,-2.8,0.58,0.29,681.4,682.3,680.7,4.9,,,无
1989-05-16,52645.0,青海,野牛沟,38.41666666666666,99.58333333333331,3180.0,1989,5,16,0.0,无,1.8,10.6,-6.5,0.53,0.21,681.7,682.9,679.8,4.3,,,无
1989-05-17,52645.0,青海,野牛沟,38.41666666666666,99.58333333333331,3180.0,1989,5,17,0.7,normal,3.2,12.0,-4.1,0.63,0.2,680.9,681.9,678.8,5.1,,0.13405307386362697,Snow
1989-05-18,52645.0,青海,野牛沟,38.41666666666666,99.58333333333331,3180.0,1989,5,18,2.7,normal,2.0,6.6,-0.1,0.82,0.54,682.5,683.8,680.9,1.9,,0.6135344332205639,Snow
1989-05-19,52645.0,青海,野牛沟,38.41666666666666,99.58333333333331,3180.0,1989,5,19,0.2,normal,4.0,12.0,-1.1,0.69,0.23,684.3,685.7,682.1,4.8,,1.3783738136517654,Rain
1989-05-20,52645.0,青海,野牛沟,38.41666666666666,99.58333333333331,3180.0,1989,5,20,0.0,无,3.9,8.7,-0.4,0.62,0.36,685.2,686.4,683.1,4.2,,,无
1989-05-21,52645.0,青海,野牛沟,38.41666666666666,99.58333333333331,3180.0,1989,5,21,26.8,normal,1.4,7.4,-1.4,0.81,0.48,684.3,685.2,683.6,12.7,,-0.028680578047359795,Snow
1989-05-22,52645.0,青海,野牛沟,38.41666666666666,99.58333333333331,3180.0,1989,5,22,0.0,无,1.7,8.2,-2.3,0.77,0.37,684.0,685.4,682.3,4.0,,,无
1989-05-23,52645.0,青海,野牛沟,38.41666666666666,99.58333333333331,3180.0,1989,5,23,0.0,无,4.7,11.6,-2.1,0.53,0.23,685.4,686.1,683.7,5.6,,,无
1989-05-24,52645.0,青海,野牛沟,38.41666666666666,99.58333333333331,3180.0,1989,5,24,0.0,无,5.6,13.7,-3.1,0.53,0.26,685.1,686.9,682.3,7.0,,,无
1989-05-25,52645.0,青海,野牛沟,38.41666666666666,99.58333333333331,3180.0,1989,5,25,0.0,无,9.1,17.4,2.3,0.37,0.27,680.7,682.4,678.6,9.3,,,无
1989-05-26,52645.0,青海,野牛沟,38.41666666666666,99.58333333333331,3180.0,1989,5,26,0.0,无,8.2,13.0,3.6,0.39,0.22,682.2,682.9,679.8,8.0,,,无
1989-05-27,52645.0,青海,野牛沟,38.41666666666666,99.58333333333331,3180.0,1989,5,27,0.0,无,7.5,12.7,1.5,0.33,0.16,684.5,685.7,682.8,8.8,,,无
1989-05-28,52645.0,青海,野牛沟,38.41666666666666,99.58333333333331,3180.0,1989,5,28,0.0,无,5.3,14.3,-3.7,0.47,0.19,683.8,685.2,681.7,6.8,,,无
1989-05-29,52645.0,青海,野牛沟,38.41666666666666,99.58333333333331,3180.0,1989,5,29,0.0,无,8.1,15.0,0.8,0.37,0.18,683.8,684.6,682.3,8.0,,,无
1989-05-30,52645.0,青海,野牛沟,38.41666666666666,99.58333333333331,3180.0,1989,5,30,2.2,normal,5.6,11.8,0.6,0.69,0.23,686.8,688.3,683.6,5.6,,2.8221931225708863,Rain
1989-05-31,52645.0,青海,野牛沟,38.41666666666666,99.58333333333331,3180.0,1989,5,31,0.8,normal,5.7,14.1,-0.4,0.59,0.21,687.0,688.5,685.2,5.2,,1.9555919745307326,Rain
1989-06-01,52645.0,青海,野牛沟,38.41666666666666,99.58333333333331,3180.0,1989,6,1,0.1,normal,5.9,15.5,-2.4,0.59,0.15,684.5,686.0,682.9,5.9,,2.121330852921939,Rain
1989-06-02,52645.0,青海,野牛沟,38.41666666666666,99.58333333333331,3180.0,1989,6,2,0.0,无,8.6,14.1,1.9,0.49,0.25,682.6,683.9,681.1,5.9,,,无
1989-06-03,52645.0,青海,野牛沟,38.41666666666666,99.58333333333331,3180.0,1989,6,3,0.3,normal,6.2,18.7,-2.5,0.57,0.14,681.0,682.4,677.9,6.2,,2.1705704353839694,Rain
1989-06-04,52645.0,青海,野牛沟,38.41666666666666,99.58333333333331,3180.0,1989,6,4,0.2,normal,7.1,17.4,-1.4,0.64,0.16,680.9,682.7,678.1,6.0,,3.6560107472694314,Rain
1989-06-05,52645.0,青海,野牛沟,38.41666666666666,99.58333333333331,3180.0,1989,6,5,2.1,normal,5.2,10.0,2.6,0.78,0.54,680.0,682.2,678.7,3.1,,3.274564604562662,Rain
1989-06-06,52645.0,青海,野牛沟,38.41666666666666,99.58333333333331,3180.0,1989,6,6,0.0,无,4.6,8.9,1.7,0.66,0.44,679.7,680.7,678.1,3.2,,,无
1989-06-07,52645.0,青海,野牛沟,38.41666666666666,99.58333333333331,3180.0,1989,6,7,2.7,normal,4.5,11.6,-0.6,0.72,0.38,680.8,681.8,679.9,5.6,,2.0914850284015563,Rain
1989-06-08,52645.0,青海,野牛沟,38.41666666666666,99.58333333333331,3180.0,1989,6,8,0.0,无,4.1,9.6,2.4,0.7,0.47,682.8,683.5,680.8,2.8,,,无
1989-06-09,52645.0,青海,野牛沟,38.41666666666666,99.58333333333331,3180.0,1989,6,9,0.0,无,5.3,13.6,-0.1,0.64,0.35,682.2,684.7,679.6,4.9,,,无
1989-06-10,52645.0,青海,野牛沟,38.41666666666666,99.58333333333331,3180.0,1989,6,10,0.0,无,6.4,15.7,-2.6,0.63,0.32,679.1,680.6,677.5,4.9,,,无
1989-06-11,52645.0,青海,野牛沟,38.41666666666666,99.58333333333331,3180.0,1989,6,11,7.6,normal,7.1,14.5,5.3,0.77,0.46,679.4,679.8,678.0,4.8,,4.945009757932257,Rain
1989-06-12,52645.0,青海,野牛沟,38.41666666666666,99.58333333333331,3180.0,1989,6,12,11.4,normal,5.3,11.7,0.7,0.87,0.56,680.2,680.7,679.1,1.4,,4.173561020468504,Rain
1989-06-13,52645.0,青海,野牛沟,38.41666666666666,99.58333333333331,3180.0,1989,6,13,1.6,normal,5.4,12.2,-0.4,0.72,0.43,682.2,682.8,680.4,4.7,,2.912912769905698,Rain
1989-06-14,52645.0,青海,野牛沟,38.41666666666666,99.58333333333331,3180.0,1989,6,14,3.4,normal,6.4,14.2,0.5,0.7,0.3,682.0,683.6,679.9,4.0,,3.629295439506257,Rain
1989-06-15,52645.0,青海,野牛沟,38.41666666666666,99.58333333333331,3180.0,1989,6,15,0.1,normal,8.0,12.3,2.4,0.67,0.38,680.2,681.5,679.5,3.5,,4.759207400897432,Rain
1989-06-16,52645.0,青海,野牛沟,38.41666666666666,99.58333333333331,3180.0,1989,6,16,0.7,normal,7.1,10.4,4.9,0.76,0.52,679.3,679.9,677.9,2.1,,4.84743714782113,Rain
1989-06-17,52645.0,青海,野牛沟,38.41666666666666,99.58333333333331,3180.0,1989,6,17,0.4,normal,8.5,15.3,4.3,0.69,0.42,678.8,679.6,677.9,4.4,,5.4127403779342,Rain
1989-06-18,52645.0,青海,野牛沟,38.41666666666666,99.58333333333331,3180.0,1989,6,18,5.4,normal,8.7,11.6,6.6,0.8,0.55,679.8,680.5,677.9,2.8,,6.735652138326382,Rain
1989-06-19,52645.0,青海,野牛沟,38.41666666666666,99.58333333333331,3180.0,1989,6,19,2.4,normal,8.5,13.8,6.0,0.79,0.59,679.8,680.4,679.2,2.3,,6.44695124036804,Rain
1989-06-20,52645.0,青海,野牛沟,38.41666666666666,99.58333333333331,3180.0,1989,6,20,9.9,normal,9.9,18.0,7.3,0.79,0.48,680.6,681.7,679.2,5.9,,7.755548672673869,Rain
1989-06-21,52645.0,青海,野牛沟,38.41666666666666,99.58333333333331,3180.0,1989,6,21,18.6,normal,9.3,17.6,4.7,0.8,0.45,681.6,682.4,678.9,7.9,,7.300168631503294,Rain
1989-06-22,52645.0,青海,野牛沟,38.41666666666666,99.58333333333331,3180.0,1989,6,22,16.6,normal,9.7,13.2,7.5,0.83,0.64,681.4,682.0,680.1,2.7,,7.988268341786138,Rain
1989-06-23,52645.0,青海,野牛沟,38.41666666666666,99.58333333333331,3180.0,1989,6,23,4.2,normal,8.2,12.0,6.0,0.74,0.66,683.5,684.2,682.1,2.5,,5.6661767027016685,Rain
1989-06-24,52645.0,青海,野牛沟,38.41666666666666,99.58333333333331,3180.0,1989,6,24,3.7,normal,8.0,12.8,4.6,0.73,0.47,684.1,685.0,682.8,4.3,,5.382491659574087,Rain
1989-06-25,52645.0,青海,野牛沟,38.41666666666666,99.58333333333331,3180.0,1989,6,25,2.3,normal,7.7,11.7,4.4,0.72,0.48,684.6,685.4,683.6,3.7,,5.008879361083838,Rain
1989-06-26,52645.0,青海,野牛沟,38.41666666666666,99.58333333333331,3180.0,1989,6,26,0.0,无,6.8,10.9,4.5,0.68,0.47,686.7,688.2,685.1,3.9,,,无
1989-06-27,52645.0,青海,野牛沟,38.41666666666666,99.58333333333331,3180.0,1989,6,27,6.0,normal,4.8,14.2,-1.5,0.76,0.45,685.7,687.5,682.9,3.6,,2.731522024384323,Rain
1989-06-28,52645.0,青海,野牛沟,38.41666666666666,99.58333333333331,3180.0,1989,6,28,0.2,normal,6.8,13.2,1.0,0.69,0.35,684.1,685.7,682.5,4.5,,3.8956806616620776,Rain
1989-06-29,52645.0,青海,野牛沟,38.41666666666666,99.58333333333331,3180.0,1989,6,29,0.0,无,5.7,11.5,0.8,0.72,0.43,682.4,683.3,681.3,3.4,,,无
1989-06-30,52645.0,青海,野牛沟,38.41666666666666,99.58333333333331,3180.0,1989,6,30,0.0,无,8.8,17.5,-0.5,0.6,0.23,680.3,681.9,678.1,5.9,,,无
1989-07-01,52645.0,青海,野牛沟,38.41666666666666,99.58333333333331,3180.0,1989,7,1,1.0,normal,8.1,16.5,2.2,0.7,0.26,679.1,679.9,678.1,3.4,,5.157533007881994,Rain
1989-07-02,52645.0,青海,野牛沟,38.41666666666666,99.58333333333331,3180.0,1989,7,2,2.5,normal,8.6,16.1,5.1,0.77,0.45,679.7,680.4,677.7,4.1,,6.33599810518374,Rain
1989-07-03,52645.0,青海,野牛沟,38.41666666666666,99.58333333333331,3180.0,1989,7,3,18.5,normal,9.3,16.5,3.0,0.83,0.54,678.7,680.4,675.3,,,7.606654465420504,Rain
1989-07-04,52645.0,青海,野牛沟,38.41666666666666,99.58333333333331,3180.0,1989,7,4,11.8,normal,9.9,15.8,5.7,0.79,0.55,679.0,679.4,678.2,4.6,,7.753617064579861,Rain
1989-07-05,52645.0,青海,野牛沟,38.41666666666666,99.58333333333331,3180.0,1989,7,5,6.2,normal,10.4,17.7,7.1,0.77,0.54,681.0,681.7,679.4,4.6,,8.006523679957919,Rain
1989-07-06,52645.0,青海,野牛沟,38.41666666666666,99.58333333333331,3180.0,1989,7,6,10.8,normal,9.2,12.3,6.5,0.82,0.67,681.9,682.4,681.2,2.0,,7.412605071315812,Rain
1989-07-07,52645.0,青海,野牛沟,38.41666666666666,99.58333333333331,3180.0,1989,7,7,0.6,normal,10.7,17.2,7.3,0.71,0.46,683.0,683.9,682.0,5.4,,7.621708407239862,Rain
1989-07-08,52645.0,青海,野牛沟,38.41666666666666,99.58333333333331,3180.0,1989,7,8,1.6,normal,9.6,13.0,6.8,0.75,0.54,684.1,685.0,682.6,2.9,,7.056760520545571,Rain
1989-07-09,52645.0,青海,野牛沟,38.41666666666666,99.58333333333331,3180.0,1989,7,9,1.9,normal,8.0,13.9,5.5,0.8,0.48,684.7,685.4,683.0,2.6,,6.085093359320939,Rain
1989-07-10,52645.0,青海,野牛沟,38.41666666666666,99.58333333333331,3180.0,1989,7,10,11.7,normal,4.6,7.4,2.6,0.84,0.75,684.9,685.8,684.3,0.5,,3.245992149347132,Snow
1989-07-11,52645.0,青海,野牛沟,38.41666666666666,99.58333333333331,3180.0,1989,7,11,3.2,normal,4.9,10.9,0.9,0.8,0.49,684.8,685.7,683.2,3.3,,3.178998810048177,Snow
1989-07-12,52645.0,青海,野牛沟,38.41666666666666,99.58333333333331,3180.0,1989,7,12,3.1,normal,5.4,11.2,1.2,0.79,0.54,683.3,685.2,682.2,3.9,,3.5556605420583454,Rain
1989-07-13,52645.0,青海,野牛沟,38.41666666666666,99.58333333333331,3180.0,1989,7,13,0.9,normal,7.0,16.2,-0.8,0.72,0.36,682.0,683.1,680.3,4.8,,4.3680047680924305,Rain
1989-07-14,52645.0,青海,野牛沟,38.41666666666666,99.58333333333331,3180.0,1989,7,14,0.0,无,9.8,17.7,0.5,0.63,0.29,682.4,683.4,681.0,5.4,,,无
1989-07-15,52645.0,青海,野牛沟,38.41666666666666,99.58333333333331,3180.0,1989,7,15,2.0,normal,9.9,15.0,6.8,0.73,0.39,682.0,682.4,681.3,3.9,,7.1134619468365345,Rain
1989-07-16,52645.0,青海,野牛沟,38.41666666666666,99.58333333333331,3180.0,1989,7,16,5.2,normal,10.1,14.3,6.9,0.74,0.56,682.4,683.1,681.4,3.2,,7.405688246485673,Rain
1989-07-17,52645.0,青海,野牛沟,38.41666666666666,99.58333333333331,3180.0,1989,7,17,4.9,normal,9.7,13.2,7.2,0.8,0.58,682.9,683.5,681.9,3.0,,7.676639174023516,Rain
1989-07-18,52645.0,青海,野牛沟,38.41666666666666,99.58333333333331,3180.0,1989,7,18,2.3,normal,11.7,18.4,5.3,0.66,0.39,682.7,684.5,681.2,6.0,,7.940575224273894,Rain
1989-07-19,52645.0,青海,野牛沟,38.41666666666666,99.58333333333331,3180.0,1989,7,19,0.0,无,13.0,20.8,4.6,0.68,0.41,681.2,682.7,679.2,6.1,,,无
1989-07-20,52645.0,青海,野牛沟,38.41666666666666,99.58333333333331,3180.0,1989,7,20,13.5,normal,12.1,18.1,9.9,0.79,0.49,681.4,682.6,679.3,1.6,,9.811944684577384,Rain
1989-07-21,52645.0,青海,野牛沟,38.41666666666666,99.58333333333331,3180.0,1989,7,21,0.0,无,13.2,19.2,9.9,0.81,0.63,682.3,682.7,681.1,5.0,,,无
1989-07-22,52645.0,青海,野牛沟,38.41666666666666,99.58333333333331,3180.0,1989,7,22,8.4,normal,12.2,15.6,10.9,0.83,0.68,683.8,684.3,682.3,2.0,,10.360060389649664,Rain
1989-07-23,52645.0,青海,野牛沟,38.41666666666666,99.58333333333331,3180.0,1989,7,23,0.7,normal,12.5,18.2,8.7,0.8,0.63,683.9,685.1,682.7,6.1,,10.303426282632305,Rain
1989-07-24,52645.0,青海,野牛沟,38.41666666666666,99.58333333333331,3180.0,1989,7,24,5.0,normal,13.3,21.7,8.5,0.85,0.57,683.8,684.6,681.1,4.6,,11.633419153773307,Rain
1989-07-25,52645.0,青海,野牛沟,38.41666666666666,99.58333333333331,3180.0,1989,7,25,0.8,normal,12.3,15.8,10.8,0.79,0.57,683.5,684.2,682.7,3.2,,10.00135151788102,Rain
1989-07-26,52645.0,青海,野牛沟,38.41666666666666,99.58333333333331,3180.0,1989,7,26,0.1,normal,8.2,12.2,5.1,0.63,0.45,684.1,684.8,683.3,3.5,,4.5246195330509265,Rain
1989-07-27,52645.0,青海,野牛沟,38.41666666666666,99.58333333333331,3180.0,1989,7,27,0.0,无,7.1,16.4,-1.6,0.6,0.25,685.1,686.1,683.7,5.7,,,无
1989-07-28,52645.0,青海,野牛沟,38.41666666666666,99.58333333333331,3180.0,1989,7,28,0.0,无,8.9,19.1,-0.6,0.59,0.26,684.8,685.9,683.5,6.6,,,无
1989-07-29,52645.0,青海,野牛沟,38.41666666666666,99.58333333333331,3180.0,1989,7,29,0.0,无,9.8,20.7,-0.7,0.52,0.2,683.5,684.7,681.8,6.9,,,无
1989-07-30,52645.0,青海,野牛沟,38.41666666666666,99.58333333333331,3180.0,1989,7,30,0.0,无,10.8,21.3,1.5,0.53,0.23,681.2,683.1,678.7,7.4,,,无
1989-07-31,52645.0,青海,野牛沟,38.41666666666666,99.58333333333331,3180.0,1989,7,31,0.0,无,11.4,20.8,1.7,0.55,0.29,677.5,679.5,674.9,7.1,,,无
1989-08-01,52645.0,青海,野牛沟,38.41666666666666,99.58333333333331,3180.0,1989,8,1,0.0,无,11.6,21.9,2.8,0.64,0.38,677.1,677.8,675.1,6.9,,,无
1989-08-02,52645.0,青海,野牛沟,38.41666666666666,99.58333333333331,3180.0,1989,8,2,0.5,normal,12.9,23.2,4.4,0.73,0.47,680.2,681.3,677.9,7.1,,9.84981823183032,Rain
1989-08-03,52645.0,青海,野牛沟,38.41666666666666,99.58333333333331,3180.0,1989,8,3,30.5,normal,13.3,19.1,9.3,0.76,0.57,681.8,682.7,679.7,3.6,,10.578286322500418,Rain
1989-08-04,52645.0,青海,野牛沟,38.41666666666666,99.58333333333331,3180.0,1989,8,4,13.2,normal,8.6,12.6,6.9,0.88,0.69,682.7,683.5,681.6,2.6,,7.4435078825617085,Rain
1989-08-05,52645.0,青海,野牛沟,38.41666666666666,99.58333333333331,3180.0,1989,8,5,0.7,normal,9.2,15.8,4.4,0.76,0.52,682.8,683.7,681.4,4.1,,6.791809247584211,Rain
1989-08-06,52645.0,青海,野牛沟,38.41666666666666,99.58333333333331,3180.0,1989,8,6,0.0,无,10.5,18.9,2.3,0.7,0.41,682.9,683.4,681.9,6.0,,,无
1989-08-07,52645.0,青海,野牛沟,38.41666666666666,99.58333333333331,3180.0,1989,8,7,0.0,无,11.8,20.7,3.1,0.68,0.37,682.9,684.3,681.5,6.7,,,无
1989-08-08,52645.0,青海,野牛沟,38.41666666666666,99.58333333333331,3180.0,1989,8,8,10.8,normal,9.9,16.5,7.9,0.86,0.5,683.1,684.0,681.6,3.1,,8.49093419379875,Rain
1989-08-09,52645.0,青海,野牛沟,38.41666666666666,99.58333333333331,3180.0,1989,8,9,2.9,normal,10.0,15.4,5.6,0.67,0.42,683.9,684.7,683.0,4.5,,6.547601596988186,Rain
1989-08-10,52645.0,青海,野牛沟,38.41666666666666,99.58333333333331,3180.0,1989,8,10,4.9,normal,9.3,17.5,3.7,0.76,0.41,684.5,685.7,683.2,4.9,,6.886542940865392,Rain
1989-08-11,52645.0,青海,野牛沟,38.41666666666666,99.58333333333331,3180.0,1989,8,11,7.1,normal,7.8,12.7,3.4,0.77,0.5,685.2,686.3,683.9,4.0,,5.601723256635744,Rain
1989-08-12,52645.0,青海,野牛沟,38.41666666666666,99.58333333333331,3180.0,1989,8,12,0.0,无,8.7,18.1,1.2,0.71,0.26,682.9,684.9,680.5,5.0,,,无
1989-08-13,52645.0,青海,野牛沟,38.41666666666666,99.58333333333331,3180.0,1989,8,13,0.3,normal,10.5,19.0,4.3,0.66,0.3,681.3,682.0,679.9,5.0,,6.873840075261577,Rain
1989-08-14,52645.0,青海,野牛沟,38.41666666666666,99.58333333333331,3180.0,1989,8,14,7.6,normal,7.1,15.0,3.1,0.84,0.5,683.3,683.6,681.8,3.3,,5.621593437717842,Rain
1989-08-15,52645.0,青海,野牛沟,38.41666666666666,99.58333333333331,3180.0,1989,8,15,7.3,normal,7.6,12.0,4.7,0.82,0.58,684.6,685.3,683.4,3.6,,5.904728768529126,Rain
1989-08-16,52645.0,青海,野牛沟,38.41666666666666,99.58333333333331,3180.0,1989,8,16,0.3,normal,9.5,17.3,2.6,0.74,0.39,684.3,685.9,682.7,4.9,,6.858736110613033,Rain
1989-08-17,52645.0,青海,野牛沟,38.41666666666666,99.58333333333331,3180.0,1989,8,17,1.5,normal,8.2,15.0,3.2,0.77,0.47,685.2,686.9,683.5,2.6,,5.972540117293081,Rain
1989-08-18,52645.0,青海,野牛沟,38.41666666666666,99.58333333333331,3180.0,1989,8,18,1.6,normal,5.8,11.2,2.4,0.76,0.46,686.4,686.7,684.9,3.5,,3.656525156067718,Rain
1989-08-19,52645.0,青海,野牛沟,38.41666666666666,99.58333333333331,3180.0,1989,8,19,0.6,normal,5.7,15.4,-1.6,0.7,0.35,686.6,688.3,684.1,4.9,,3.00582615611074,Rain
1989-08-20,52645.0,青海,野牛沟,38.41666666666666,99.58333333333331,3180.0,1989,8,20,0.0,无,7.4,19.1,-1.6,0.65,0.26,684.7,686.4,682.2,5.1,,,无
1989-08-21,52645.0,青海,野牛沟,38.41666666666666,99.58333333333331,3180.0,1989,8,21,0.0,无,8.6,19.5,-0.3,0.56,0.12,683.3,683.7,682.0,6.1,,,无
1989-08-22,52645.0,青海,野牛沟,38.41666666666666,99.58333333333331,3180.0,1989,8,22,0.1,normal,8.3,15.0,4.3,0.64,0.26,684.7,686.1,682.8,4.4,,4.719579341853533,Rain
1989-08-23,52645.0,青海,野牛沟,38.41666666666666,99.58333333333331,3180.0,1989,8,23,1.3,normal,7.8,17.7,-0.8,0.7,0.3,683.9,685.5,682.0,5.2,,4.895669077139515,Rain
1989-08-24,52645.0,青海,野牛沟,38.41666666666666,99.58333333333331,3180.0,1989,8,24,2.2,normal,6.3,16.2,0.4,0.78,0.39,683.6,684.7,682.1,3.5,,4.302982255104948,Rain
1989-08-25,52645.0,青海,野牛沟,38.41666666666666,99.58333333333331,3180.0,1989,8,25,2.0,normal,8.1,17.1,0.4,0.69,0.33,683.8,685.2,682.5,5.8,,5.062923244879465,Rain
1989-08-26,52645.0,青海,野牛沟,38.41666666666666,99.58333333333331,3180.0,1989,8,26,3.4,normal,7.4,12.2,4.7,0.78,0.5,683.5,684.0,682.6,2.4,,5.326510870974155,Rain
1989-08-27,52645.0,青海,野牛沟,38.41666666666666,99.58333333333331,3180.0,1989,8,27,0.0,无,6.5,15.3,0.5,0.71,0.35,682.5,684.1,680.9,4.8,,,无
1989-08-28,52645.0,青海,野牛沟,38.41666666666666,99.58333333333331,3180.0,1989,8,28,0.0,无,8.1,18.5,-0.8,0.68,0.32,679.7,682.2,676.4,5.3,,,无
1989-08-29,52645.0,青海,野牛沟,38.41666666666666,99.58333333333331,3180.0,1989,8,29,5.9,normal,8.0,14.9,5.4,0.79,0.46,678.8,680.1,676.8,1.4,,5.978754339692709,Rain
1989-08-30,52645.0,青海,野牛沟,38.41666666666666,99.58333333333331,3180.0,1989,8,30,5.3,normal,9.8,15.6,6.4,0.79,0.54,681.9,682.8,679.9,3.2,,7.663707488895333,Rain
1989-08-31,52645.0,青海,野牛沟,38.41666666666666,99.58333333333331,3180.0,1989,8,31,1.2,normal,10.9,17.7,6.8,0.77,0.51,683.2,683.8,682.2,4.6,,8.473069551508829,Rain
1989-09-01,52645.0,青海,野牛沟,38.41666666666666,99.58333333333331,3180.0,1989,9,1,4.1,normal,10.8,15.7,8.4,0.83,0.56,683.5,684.4,682.8,2.6,,9.032707123476516,Rain
1989-09-02,52645.0,青海,野牛沟,38.41666666666666,99.58333333333331,3180.0,1989,9,2,8.2,normal,10.8,18.5,6.7,0.78,0.47,683.5,684.7,681.6,3.8,,8.490472359267308,Rain
1989-09-03,52645.0,青海,野牛沟,38.41666666666666,99.58333333333331,3180.0,1989,9,3,11.6,normal,7.2,9.6,4.2,0.82,0.67,682.4,683.2,681.1,2.8,,5.524840307628511,Rain
1989-09-04,52645.0,青海,野牛沟,38.41666666666666,99.58333333333331,3180.0,1989,9,4,0.2,normal,5.9,14.0,-0.7,0.72,0.34,681.8,683.3,680.1,5.2,,3.3671598476607256,Rain
1989-09-05,52645.0,青海,野牛沟,38.41666666666666,99.58333333333331,3180.0,1989,9,5,0.9,normal,6.1,15.7,-1.3,0.74,0.36,680.4,682.0,678.2,5.1,,3.7366247302599787,Rain
1989-09-06,52645.0,青海,野牛沟,38.41666666666666,99.58333333333331,3180.0,1989,9,6,0.9,normal,7.3,15.7,0.2,0.75,0.39,680.0,681.0,677.4,4.3,,4.934723209152039,Rain
1989-09-07,52645.0,青海,野牛沟,38.41666666666666,99.58333333333331,3180.0,1989,9,7,22.3,normal,7.2,14.3,2.5,0.83,0.49,680.2,681.2,678.9,4.5,,5.618392934286365,Rain
1989-09-08,52645.0,青海,野牛沟,38.41666666666666,99.58333333333331,3180.0,1989,9,8,16.6,normal,6.0,12.3,3.2,0.8,0.57,683.1,684.1,681.1,2.3,,4.208430176023268,Rain
1989-09-09,52645.0,青海,野牛沟,38.41666666666666,99.58333333333331,3180.0,1989,9,9,3.8,normal,5.5,12.2,0.8,0.76,0.44,684.8,686.1,682.6,3.6,,3.3771216886217426,Rain
1989-09-10,52645.0,青海,野牛沟,38.41666666666666,99.58333333333331,3180.0,1989,9,10,0.2,normal,5.6,12.6,2.6,0.76,0.33,685.7,686.3,683.6,4.8,,3.4707691328004,Rain
1989-09-11,52645.0,青海,野牛沟,38.41666666666666,99.58333333333331,3180.0,1989,9,11,0.0,无,5.7,12.9,0.8,0.68,0.26,685.5,687.8,682.6,4.5,,,无
1989-09-12,52645.0,青海,野牛沟,38.41666666666666,99.58333333333331,3180.0,1989,9,12,0.0,无,5.1,12.0,0.5,0.71,0.42,682.6,683.7,681.0,3.2,,,无
1989-09-13,52645.0,青海,野牛沟,38.41666666666666,99.58333333333331,3180.0,1989,9,13,0.0,无,4.7,12.3,-0.8,0.67,0.33,683.3,684.0,681.5,3.8,,,无
1989-09-14,52645.0,青海,野牛沟,38.41666666666666,99.58333333333331,3180.0,1989,9,14,0.3,normal,6.0,13.1,0.3,0.62,0.24,685.4,686.3,683.6,4.6,,2.503781324746863,Rain
1989-09-15,52645.0,青海,野牛沟,38.41666666666666,99.58333333333331,3180.0,1989,9,15,0.0,无,4.7,14.7,-0.8,0.69,0.31,686.8,688.1,685.3,4.0,,,无
1989-09-16,52645.0,青海,野牛沟,38.41666666666666,99.58333333333331,3180.0,1989,9,16,0.0,无,3.8,12.3,-1.8,0.63,0.25,687.1,688.3,685.1,3.9,,,无
1989-09-17,52645.0,青海,野牛沟,38.41666666666666,99.58333333333331,3180.0,1989,9,17,0.0,无,3.3,13.0,-4.4,0.61,0.27,686.8,687.8,684.9,4.3,,,无
1989-09-18,52645.0,青海,野牛沟,38.41666666666666,99.58333333333331,3180.0,1989,9,18,0.0,无,3.9,14.6,-4.5,0.65,0.27,685.5,687.7,682.7,3.8,,,无
1989-09-19,52645.0,青海,野牛沟,38.41666666666666,99.58333333333331,3180.0,1989,9,19,0.8,normal,5.4,11.8,-1.1,0.58,0.23,683.2,684.1,680.8,4.7,,1.5910407473966037,Rain
1989-09-20,52645.0,青海,野牛沟,38.41666666666666,99.58333333333331,3180.0,1989,9,20,0.0,无,3.8,13.8,-4.8,0.63,0.21,683.3,684.5,682.3,4.5,,,无
1989-09-21,52645.0,青海,野牛沟,38.41666666666666,99.58333333333331,3180.0,1989,9,21,0.0,无,4.1,16.5,-5.6,0.6,0.24,681.4,683.1,678.6,3.8,,,无
1989-09-22,52645.0,青海,野牛沟,38.41666666666666,99.58333333333331,3180.0,1989,9,22,0.2,normal,4.8,16.1,-3.2,0.62,0.29,680.5,681.6,677.9,4.0,,1.4447377109593118,Rain
1989-09-23,52645.0,青海,野牛沟,38.41666666666666,99.58333333333331,3180.0,1989,9,23,0.0,无,5.2,16.4,-3.8,0.67,0.33,682.1,684.4,679.4,4.2,,,无
1989-09-24,52645.0,青海,野牛沟,38.41666666666666,99.58333333333331,3180.0,1989,9,24,2.9,normal,5.9,15.2,-0.2,0.76,0.47,680.2,681.4,677.5,4.5,,3.7402494016081755,Rain
1989-09-25,52645.0,青海,野牛沟,38.41666666666666,99.58333333333331,3180.0,1989,9,25,6.7,normal,3.1,6.6,1.9,0.86,0.68,681.6,683.5,679.9,3.5,,1.9797889780097888,Snow
1989-09-26,52645.0,青海,野牛沟,38.41666666666666,99.58333333333331,3180.0,1989,9,26,1.2,normal,2.1,9.2,-1.0,0.74,0.29,685.1,686.0,683.5,2.9,,0.07320680462076457,Snow
1989-09-27,52645.0,青海,野牛沟,38.41666666666666,99.58333333333331,3180.0,1989,9,27,0.0,无,1.2,11.5,-6.4,0.64,0.29,685.8,687.5,683.7,3.3,,,无
1989-09-28,52645.0,青海,野牛沟,38.41666666666666,99.58333333333331,3180.0,1989,9,28,0.0,无,2.7,14.5,-5.6,0.65,0.24,685.0,686.5,682.1,3.5,,,无
1989-09-29,52645.0,青海,野牛沟,38.41666666666666,99.58333333333331,3180.0,1989,9,29,0.0,无,4.5,12.9,-0.1,0.77,0.44,685.1,686.3,683.5,3.0,,,无
1989-09-30,52645.0,青海,野牛沟,38.41666666666666,99.58333333333331,3180.0,1989,9,30,0.6,normal,4.4,13.7,-2.5,0.72,0.39,685.1,686.6,682.5,3.1,,2.0075360331955006,Rain
1989-10-01,52645.0,青海,野牛沟,38.41666666666666,99.58333333333331,3180.0,1989,10,1,1.1,normal,5.4,13.6,0.6,0.73,0.32,685.5,686.3,684.0,4.0,,3.0106230646623233,Rain
1989-10-02,52645.0,青海,野牛沟,38.41666666666666,99.58333333333331,3180.0,1989,10,2,0.0,无,4.3,14.6,-4.1,0.65,0.32,685.5,687.0,682.7,3.6,,,无
1989-10-03,52645.0,青海,野牛沟,38.41666666666666,99.58333333333331,3180.0,1989,10,3,3.6,normal,4.4,12.2,0.6,0.79,0.44,684.6,685.6,682.4,4.3,,2.6228528742643364,Snow
1989-10-04,52645.0,青海,野牛沟,38.41666666666666,99.58333333333331,3180.0,1989,10,4,5.8,normal,1.9,7.2,0.5,0.89,0.55,686.7,688.0,684.2,2.6,,1.065718315658617,Snow
1989-10-05,52645.0,青海,野牛沟,38.41666666666666,99.58333333333331,3180.0,1989,10,5,0.6,normal,2.5,9.1,-3.3,0.77,0.43,686.9,688.7,683.9,2.4,,0.6875581639318762,Snow
1989-10-06,52645.0,青海,野牛沟,38.41666666666666,99.58333333333331,3180.0,1989,10,6,0.0,无,2.8,10.3,-3.2,0.72,0.33,685.8,687.0,684.7,2.6,,,无
1989-10-07,52645.0,青海,野牛沟,38.41666666666666,99.58333333333331,3180.0,1989,10,7,0.0,无,2.3,10.3,-2.6,0.71,0.32,687.1,688.4,685.1,2.9,,,无
1989-10-08,52645.0,青海,野牛沟,38.41666666666666,99.58333333333331,3180.0,1989,10,8,0.1,normal,0.5,8.7,-5.5,0.69,0.36,686.0,687.8,682.9,2.1,,-1.7739740064915699,Snow
1989-10-09,52645.0,青海,野牛沟,38.41666666666666,99.58333333333331,3180.0,1989,10,9,0.0,无,0.6,7.2,-2.5,0.77,0.33,685.2,685.8,683.6,3.1,,,无
1989-10-10,52645.0,青海,野牛沟,38.41666666666666,99.58333333333331,3180.0,1989,10,10,0.0,无,-0.8,10.9,-8.5,0.61,0.14,684.7,686.5,682.1,1.4,,,无
1989-10-11,52645.0,青海,野牛沟,38.41666666666666,99.58333333333331,3180.0,1989,10,11,0.0,无,1.4,12.1,-7.9,0.54,0.18,683.0,684.1,681.4,3.0,,,无
1989-10-12,52645.0,青海,野牛沟,38.41666666666666,99.58333333333331,3180.0,1989,10,12,0.0,无,1.9,13.7,-6.8,0.58,0.22,681.7,683.6,679.2,3.7,,,无
1989-10-13,52645.0,青海,野牛沟,38.41666666666666,99.58333333333331,3180.0,1989,10,13,0.2,normal,3.5,15.2,-4.5,0.64,0.26,680.2,681.4,677.5,3.2,,0.4841145441282846,Snow
1989-10-14,52645.0,青海,野牛沟,38.41666666666666,99.58333333333331,3180.0,1989,10,14,1.0,normal,3.1,10.9,-0.1,0.73,0.44,683.3,685.1,680.4,3.0,,0.904866768930197,Snow
1989-10-15,52645.0,青海,野牛沟,38.41666666666666,99.58333333333331,3180.0,1989,10,15,1.6,normal,0.1,4.1,-2.2,0.82,0.62,686.1,686.8,684.7,1.7,,-1.1797056782118753,Snow
1989-10-16,52645.0,青海,野牛沟,38.41666666666666,99.58333333333331,3180.0,1989,10,16,0.3,normal,0.1,4.9,-3.3,0.74,0.57,685.7,687.6,683.8,1.4,,-1.7651354453427226,Snow
1989-10-17,52645.0,青海,野牛沟,38.41666666666666,99.58333333333331,3180.0,1989,10,17,2.6,normal,-2.7,1.4,-6.3,0.81,0.56,683.2,684.5,681.0,1.3,,-3.8983860830767414,Snow
1989-10-18,52645.0,青海,野牛沟,38.41666666666666,99.58333333333331,3180.0,1989,10,18,0.6,normal,-8.7,-2.7,-14.9,0.69,0.41,686.7,687.8,684.4,1.9,,-10.151548820017396,Snow
1989-10-19,52645.0,青海,野牛沟,38.41666666666666,99.58333333333331,3180.0,1989,10,19,0.0,无,-8.8,0.6,-15.4,0.62,0.36,687.1,688.6,685.4,1.5,,,无
1989-10-20,52645.0,青海,野牛沟,38.41666666666666,99.58333333333331,3180.0,1989,10,20,0.0,无,-7.0,4.8,-14.3,0.58,0.24,687.7,688.4,686.2,1.9,,,无
1989-10-21,52645.0,青海,野牛沟,38.41666666666666,99.58333333333331,3180.0,1989,10,21,0.0,无,-5.5,5.4,-13.4,0.56,0.18,688.7,690.1,687.2,2.4,,,无
1989-10-22,52645.0,青海,野牛沟,38.41666666666666,99.58333333333331,3180.0,1989,10,22,0.0,无,-3.0,8.5,-12.3,0.51,0.14,686.9,688.2,685.1,2.4,,,无
1989-10-23,52645.0,青海,野牛沟,38.41666666666666,99.58333333333331,3180.0,1989,10,23,0.0,无,-1.6,10.2,-10.7,0.54,0.15,683.5,685.1,682.1,2.9,,,无
1989-10-24,52645.0,青海,野牛沟,38.41666666666666,99.58333333333331,3180.0,1989,10,24,0.0,无,-2.3,9.4,-11.0,0.54,0.14,682.8,684.4,680.7,2.4,,,无
1989-10-25,52645.0,青海,野牛沟,38.41666666666666,99.58333333333331,3180.0,1989,10,25,0.0,无,-1.0,8.7,-9.5,0.58,0.29,682.2,683.5,680.5,2.6,,,无
1989-10-26,52645.0,青海,野牛沟,38.41666666666666,99.58333333333331,3180.0,1989,10,26,0.0,无,-1.1,4.3,-7.4,0.54,0.37,684.6,685.9,682.0,1.7,,,无
1989-10-27,52645.0,青海,野牛沟,38.41666666666666,99.58333333333331,3180.0,1989,10,27,0.0,无,-4.2,7.0,-11.5,0.57,0.28,685.6,687.3,683.7,1.8,,,无
1989-10-28,52645.0,青海,野牛沟,38.41666666666666,99.58333333333331,3180.0,1989,10,28,0.0,无,-5.6,5.6,-13.2,0.53,0.12,683.0,684.9,681.7,2.1,,,无
1989-10-29,52645.0,青海,野牛沟,38.41666666666666,99.58333333333331,3180.0,1989,10,29,6.3,normal,-7.5,-1.7,-11.4,0.78,0.36,683.1,685.4,681.7,0.0,,-8.597401772089025,Snow
1989-10-30,52645.0,青海,野牛沟,38.41666666666666,99.58333333333331,3180.0,1989,10,30,0.0,无,-15.4,-5.3,-23.2,0.69,0.53,686.3,687.3,685.3,1.4,,,无
1989-10-31,52645.0,青海,野牛沟,38.41666666666666,99.58333333333331,3180.0,1989,10,31,0.0,无,-12.2,1.5,-21.1,0.66,0.43,686.2,687.4,684.9,1.2,,,无
1989-11-01,52645.0,青海,野牛沟,38.41666666666666,99.58333333333331,3180.0,1989,11,1,0.0,无,-9.8,1.1,-17.4,0.63,0.32,683.4,685.7,681.0,1.5,,,无
1989-11-02,52645.0,青海,野牛沟,38.41666666666666,99.58333333333331,3180.0,1989,11,2,0.0,无,-8.3,4.7,-16.9,0.56,0.21,679.9,681.5,677.8,2.0,,,无
1989-11-03,52645.0,青海,野牛沟,38.41666666666666,99.58333333333331,3180.0,1989,11,3,0.0,无,-6.3,6.0,-13.2,0.72,0.35,677.0,679.0,674.5,1.2,,,无
1989-11-04,52645.0,青海,野牛沟,38.41666666666666,99.58333333333331,3180.0,1989,11,4,5.2,normal,-11.0,-3.5,-19.1,0.83,0.65,678.7,679.6,676.1,1.2,,-11.699716765124602,Snow
1989-11-05,52645.0,青海,野牛沟,38.41666666666666,99.58333333333331,3180.0,1989,11,5,0.7,normal,-12.3,-8.0,-17.6,0.82,0.67,678.9,679.7,678.2,1.0,,-12.98637124838017,Snow
1989-11-06,52645.0,青海,野牛沟,38.41666666666666,99.58333333333331,3180.0,1989,11,6,0.1,normal,-12.8,-5.7,-21.1,0.74,0.61,679.8,681.8,678.6,0.7,,-13.76382992786883,Snow
1989-11-07,52645.0,青海,野牛沟,38.41666666666666,99.58333333333331,3180.0,1989,11,7,0.1,normal,-14.0,-7.8,-16.3,0.8,0.64,683.5,684.4,681.8,0.8,,-14.684211015481171,Snow
1989-11-08,52645.0,青海,野牛沟,38.41666666666666,99.58333333333331,3180.0,1989,11,8,0.0,无,-16.8,-6.6,-23.3,0.66,0.46,683.1,684.2,682.4,1.0,,,无
1989-11-09,52645.0,青海,野牛沟,38.41666666666666,99.58333333333331,3180.0,1989,11,9,0.0,无,-17.7,-7.6,-24.3,0.67,0.47,682.5,684.1,680.8,1.0,,,无
1989-11-10,52645.0,青海,野牛沟,38.41666666666666,99.58333333333331,3180.0,1989,11,10,0.0,无,-11.0,-2.8,-19.5,0.6,0.41,678.7,680.6,676.8,1.1,,,无
1989-11-11,52645.0,青海,野牛沟,38.41666666666666,99.58333333333331,3180.0,1989,11,11,0.0,无,-12.0,-2.5,-19.5,0.63,0.32,678.1,679.9,676.6,1.1,,,无
1989-11-12,52645.0,青海,野牛沟,38.41666666666666,99.58333333333331,3180.0,1989,11,12,0.0,无,-15.5,-6.0,-23.2,0.66,0.48,680.5,681.2,679.7,1.3,,,无
1989-11-13,52645.0,青海,野牛沟,38.41666666666666,99.58333333333331,3180.0,1989,11,13,0.0,无,-13.6,-6.0,-19.7,0.63,0.49,680.7,681.5,680.1,1.0,,,无
1989-11-14,52645.0,青海,野牛沟,38.41666666666666,99.58333333333331,3180.0,1989,11,14,0.0,无,-16.5,-5.9,-24.4,0.6,0.38,680.4,681.7,678.8,1.0,,,无
1989-11-15,52645.0,青海,野牛沟,38.41666666666666,99.58333333333331,3180.0,1989,11,15,0.0,无,-16.3,-6.7,-24.2,0.65,0.39,680.9,681.7,679.7,1.0,,,无
1989-11-16,52645.0,青海,野牛沟,38.41666666666666,99.58333333333331,3180.0,1989,11,16,0.0,无,-17.3,-8.7,-23.6,0.58,0.41,682.4,683.6,680.4,0.9,,,无
1989-11-17,52645.0,青海,野牛沟,38.41666666666666,99.58333333333331,3180.0,1989,11,17,0.0,无,-19.2,-8.2,-26.6,0.6,0.34,683.1,683.7,682.3,0.8,,,无
1989-11-18,52645.0,青海,野牛沟,38.41666666666666,99.58333333333331,3180.0,1989,11,18,0.0,无,-19.0,-7.5,-27.3,0.65,0.41,681.1,683.2,679.2,0.9,,,无
1989-11-19,52645.0,青海,野牛沟,38.41666666666666,99.58333333333331,3180.0,1989,11,19,0.0,无,-17.4,-5.7,-24.8,0.55,0.31,681.0,682.2,679.6,1.0,,,无
1989-11-20,52645.0,青海,野牛沟,38.41666666666666,99.58333333333331,3180.0,1989,11,20,0.0,无,-13.3,-4.3,-19.5,0.57,0.39,680.7,681.7,680.0,0.9,,,无
1989-11-21,52645.0,青海,野牛沟,38.41666666666666,99.58333333333331,3180.0,1989,11,21,0.0,无,-15.7,-4.3,-22.4,0.6,0.31,682.2,683.1,680.8,1.0,,,无
1989-11-22,52645.0,青海,野牛沟,38.41666666666666,99.58333333333331,3180.0,1989,11,22,0.0,无,-16.4,-4.8,-23.6,0.6,0.4,683.3,684.7,682.2,0.8,,,无
1989-11-23,52645.0,青海,野牛沟,38.41666666666666,99.58333333333331,3180.0,1989,11,23,0.0,无,-16.7,-6.5,-23.7,0.61,0.39,683.3,684.0,682.2,0.8,,,无
1989-11-24,52645.0,青海,野牛沟,38.41666666666666,99.58333333333331,3180.0,1989,11,24,0.0,无,-17.0,-6.6,-26.1,0.58,0.36,683.2,685.2,680.9,0.5,,,无
1989-11-25,52645.0,青海,野牛沟,38.41666666666666,99.58333333333331,3180.0,1989,11,25,0.0,无,-14.9,-3.0,-22.8,0.57,0.33,682.1,683.4,680.3,1.1,,,无
1989-11-26,52645.0,青海,野牛沟,38.41666666666666,99.58333333333331,3180.0,1989,11,26,0.0,无,-16.5,-1.2,-25.1,0.49,0.23,685.6,686.5,682.3,1.2,,,无
1989-11-27,52645.0,青海,野牛沟,38.41666666666666,99.58333333333331,3180.0,1989,11,27,0.0,无,-18.2,-6.5,-26.0,0.55,0.33,688.6,689.4,686.1,0.8,,,无
1989-11-28,52645.0,青海,野牛沟,38.41666666666666,99.58333333333331,3180.0,1989,11,28,0.0,无,-18.2,-7.2,-26.3,0.55,0.29,686.5,688.3,684.9,0.9,,,无
1989-11-29,52645.0,青海,野牛沟,38.41666666666666,99.58333333333331,3180.0,1989,11,29,0.0,无,-17.5,-6.6,-25.3,0.57,0.38,686.1,686.8,684.8,0.7,,,无
1989-11-30,52645.0,青海,野牛沟,38.41666666666666,99.58333333333331,3180.0,1989,11,30,0.0,无,-15.6,-5.6,-22.0,0.58,0.35,688.3,689.1,686.6,0.9,,,无
1989-12-01,52645.0,青海,野牛沟,38.41666666666666,99.58333333333331,3180.0,1989,12,1,0.0,无,-15.5,-3.9,-23.0,0.61,0.4,689.4,690.6,688.3,0.8,,,无
1989-12-02,52645.0,青海,野牛沟,38.41666666666666,99.58333333333331,3180.0,1989,12,2,0.0,无,-14.4,-2.5,-21.6,0.62,0.38,686.3,688.9,684.2,1.0,,,无
1989-12-03,52645.0,青海,野牛沟,38.41666666666666,99.58333333333331,3180.0,1989,12,3,0.0,无,-14.4,-2.3,-21.9,0.58,0.32,684.1,685.2,682.7,1.0,,,无
1989-12-04,52645.0,青海,野牛沟,38.41666666666666,99.58333333333331,3180.0,1989,12,4,0.0,无,-15.7,-3.6,-22.7,0.58,0.33,682.5,683.8,680.8,1.0,,,无
1989-12-05,52645.0,青海,野牛沟,38.41666666666666,99.58333333333331,3180.0,1989,12,5,0.0,无,-13.6,0.2,-21.7,0.58,0.26,680.0,682.0,677.8,0.9,,,无
1989-12-06,52645.0,青海,野牛沟,38.41666666666666,99.58333333333331,3180.0,1989,12,6,0.0,无,-9.6,-1.9,-16.2,0.56,0.44,679.6,680.4,678.5,1.2,,,无
1989-12-07,52645.0,青海,野牛沟,38.41666666666666,99.58333333333331,3180.0,1989,12,7,0.0,无,-11.2,-2.5,-18.5,0.63,0.43,682.9,684.2,680.3,0.7,,,无
1989-12-08,52645.0,青海,野牛沟,38.41666666666666,99.58333333333331,3180.0,1989,12,8,0.0,无,-12.7,-1.4,-20.1,0.64,0.41,681.6,682.8,680.2,1.1,,,无
1989-12-09,52645.0,青海,野牛沟,38.41666666666666,99.58333333333331,3180.0,1989,12,9,0.0,无,-12.5,-1.2,-20.0,0.63,0.39,680.1,681.0,679.2,0.9,,,无
1989-12-10,52645.0,青海,野牛沟,38.41666666666666,99.58333333333331,3180.0,1989,12,10,0.0,无,-12.1,-0.4,-19.4,0.56,0.3,681.5,682.6,679.6,0.9,,,无
1989-12-11,52645.0,青海,野牛沟,38.41666666666666,99.58333333333331,3180.0,1989,12,11,0.0,无,-15.2,-4.7,-22.8,0.61,0.39,683.6,684.6,682.5,0.8,,,无
1989-12-12,52645.0,青海,野牛沟,38.41666666666666,99.58333333333331,3180.0,1989,12,12,0.0,无,-16.7,-5.7,-24.2,0.61,0.38,686.3,687.1,684.0,1.1,,,无
1989-12-13,52645.0,青海,野牛沟,38.41666666666666,99.58333333333331,3180.0,1989,12,13,0.0,无,-18.6,-4.1,-26.1,0.58,0.3,687.3,688.7,685.7,0.8,,,无
1989-12-14,52645.0,青海,野牛沟,38.41666666666666,99.58333333333331,3180.0,1989,12,14,0.0,无,-17.4,-6.2,-25.0,0.57,0.3,683.2,685.8,680.8,0.8,,,无
1989-12-15,52645.0,青海,野牛沟,38.41666666666666,99.58333333333331,3180.0,1989,12,15,0.0,无,-17.8,-5.4,-25.3,0.58,0.3,682.7,683.6,681.7,0.8,,,无
1989-12-16,52645.0,青海,野牛沟,38.41666666666666,99.58333333333331,3180.0,1989,12,16,0.0,无,-18.9,-7.1,-26.1,0.56,0.25,682.1,683.5,680.7,0.8,,,无
1989-12-17,52645.0,青海,野牛沟,38.41666666666666,99.58333333333331,3180.0,1989,12,17,0.0,无,-14.8,-4.9,-24.7,0.54,0.29,679.0,680.7,676.7,0.9,,,无
1989-12-18,52645.0,青海,野牛沟,38.41666666666666,99.58333333333331,3180.0,1989,12,18,0.0,无,-15.2,-6.0,-22.6,0.67,0.45,679.1,680.7,677.6,0.6,,,无
1989-12-19,52645.0,青海,野牛沟,38.41666666666666,99.58333333333331,3180.0,1989,12,19,0.0,无,-15.6,-2.5,-22.9,0.59,0.33,680.0,680.7,678.2,0.8,,,无
1989-12-20,52645.0,青海,野牛沟,38.41666666666666,99.58333333333331,3180.0,1989,12,20,0.0,无,-16.4,-5.9,-23.9,0.59,0.36,680.5,681.5,679.6,0.5,,,无
1989-12-21,52645.0,青海,野牛沟,38.41666666666666,99.58333333333331,3180.0,1989,12,21,1.4,normal,-15.2,-7.6,-22.5,0.73,0.62,678.7,679.8,677.1,0.0,,-16.06191361658913,Snow
1989-12-22,52645.0,青海,野牛沟,38.41666666666666,99.58333333333331,3180.0,1989,12,22,0.1,normal,-21.0,-11.3,-27.9,0.77,0.62,679.9,681.0,678.4,0.9,,-21.490359977600704,Snow
1989-12-23,52645.0,青海,野牛沟,38.41666666666666,99.58333333333331,3180.0,1989,12,23,0.0,无,-21.6,-10.5,-28.9,0.7,0.51,675.5,678.7,673.7,0.5,,,无
1989-12-24,52645.0,青海,野牛沟,38.41666666666666,99.58333333333331,3180.0,1989,12,24,0.0,无,-21.2,-10.3,-29.8,0.66,0.47,674.3,675.2,673.4,0.7,,,无
1989-12-25,52645.0,青海,野牛沟,38.41666666666666,99.58333333333331,3180.0,1989,12,25,0.0,无,-22.4,-11.6,-29.9,0.69,0.51,676.9,677.7,675.2,0.4,,,无
1989-12-26,52645.0,青海,野牛沟,38.41666666666666,99.58333333333331,3180.0,1989,12,26,0.0,无,-22.5,-10.7,-29.6,0.67,0.45,676.2,678.2,674.1,0.7,,,无
1989-12-27,52645.0,青海,野牛沟,38.41666666666666,99.58333333333331,3180.0,1989,12,27,0.0,无,-21.9,-12.5,-29.4,0.65,0.47,674.5,675.5,673.5,0.4,,,无
1989-12-28,52645.0,青海,野牛沟,38.41666666666666,99.58333333333331,3180.0,1989,12,28,0.0,无,-18.5,-10.7,-25.0,0.6,0.37,674.2,675.1,673.4,0.3,,,无
1989-12-29,52645.0,青海,野牛沟,38.41666666666666,99.58333333333331,3180.0,1989,12,29,0.0,无,-17.8,-7.2,-26.9,0.54,0.23,676.0,676.8,675.1,0.7,,,无
1989-12-30,52645.0,青海,野牛沟,38.41666666666666,99.58333333333331,3180.0,1989,12,30,0.0,无,-19.6,-8.5,-27.6,0.61,0.39,675.4,676.5,674.1,0.7,,,无
1989-12-31,52645.0,青海,野牛沟,38.41666666666666,99.58333333333331,3180.0,1989,12,31,0.0,无,-19.3,-8.3,-27.2,0.65,0.37,674.7,675.5,673.6,0.8,,,无
1990-01-01,52645.0,青海,野牛沟,38.41666666666666,99.58333333333331,3180.0,1990,1,1,0.0,无,-20.4,-9.0,-28.6,0.54,0.31,675.7,676.3,675.0,0.5,,,无
1990-01-02,52645.0,青海,野牛沟,38.41666666666666,99.58333333333331,3180.0,1990,1,2,0.0,无,-20.2,-8.2,-28.3,0.57,0.33,676.1,676.9,675.5,0.6,,,无
1990-01-03,52645.0,青海,野牛沟,38.41666666666666,99.58333333333331,3180.0,1990,1,3,0.0,无,-19.4,-6.9,-27.3,0.57,0.31,677.8,678.4,676.6,0.7,,,无
1990-01-04,52645.0,青海,野牛沟,38.41666666666666,99.58333333333331,3180.0,1990,1,4,0.0,无,-18.0,-6.3,-27.1,0.58,0.3,679.0,680.2,677.0,0.7,,,无
1990-01-05,52645.0,青海,野牛沟,38.41666666666666,99.58333333333331,3180.0,1990,1,5,0.0,无,-19.5,-7.6,-27.6,0.57,0.29,679.2,679.7,678.0,0.8,,,无
1990-01-06,52645.0,青海,野牛沟,38.41666666666666,99.58333333333331,3180.0,1990,1,6,0.0,无,-19.1,-6.6,-28.2,0.51,0.26,679.2,680.8,677.6,0.7,,,无
1990-01-07,52645.0,青海,野牛沟,38.41666666666666,99.58333333333331,3180.0,1990,1,7,0.0,无,-19.5,-8.4,-27.9,0.56,0.29,676.0,677.8,673.9,0.6,,,无
1990-01-08,52645.0,青海,野牛沟,38.41666666666666,99.58333333333331,3180.0,1990,1,8,0.1,normal,-14.7,-5.7,-19.8,0.51,0.21,675.9,677.9,673.7,0.6,,-16.330919694809275,Snow
1990-01-09,52645.0,青海,野牛沟,38.41666666666666,99.58333333333331,3180.0,1990,1,9,0.0,无,-21.3,-9.7,-29.6,0.54,0.29,677.4,678.5,676.0,0.6,,,无
1990-01-10,52645.0,青海,野牛沟,38.41666666666666,99.58333333333331,3180.0,1990,1,10,0.0,无,-18.5,-5.4,-26.5,0.53,0.25,675.4,676.8,673.3,0.7,,,无
1990-01-11,52645.0,青海,野牛沟,38.41666666666666,99.58333333333331,3180.0,1990,1,11,0.1,normal,-14.7,-7.6,-21.9,0.64,0.33,675.6,676.5,674.5,0.7,,-15.894054672810395,Snow
1990-01-12,52645.0,青海,野牛沟,38.41666666666666,99.58333333333331,3180.0,1990,1,12,0.0,无,-17.4,-5.7,-26.2,0.57,0.3,677.3,678.9,675.7,0.7,,,无
1990-01-13,52645.0,青海,野牛沟,38.41666666666666,99.58333333333331,3180.0,1990,1,13,0.0,无,-15.0,-4.8,-24.1,0.55,0.22,674.3,675.9,672.6,0.8,,,无
1990-01-14,52645.0,青海,野牛沟,38.41666666666666,99.58333333333331,3180.0,1990,1,14,0.4,normal,-16.5,-8.4,-22.8,0.72,0.39,674.8,677.5,673.2,0.3,,-17.324421309021098,Snow
1990-01-15,52645.0,青海,野牛沟,38.41666666666666,99.58333333333331,3180.0,1990,1,15,0.2,normal,-20.6,-11.7,-28.4,0.76,0.56,678.2,679.5,676.9,0.6,,-21.128073143327263,Snow
1990-01-16,52645.0,青海,野牛沟,38.41666666666666,99.58333333333331,3180.0,1990,1,16,0.0,无,-18.7,-3.4,-27.9,0.62,0.29,672.6,677.1,668.7,0.7,,,无
1990-01-17,52645.0,青海,野牛沟,38.41666666666666,99.58333333333331,3180.0,1990,1,17,0.0,无,-15.2,-4.6,-23.1,0.59,0.36,671.3,672.2,669.6,0.8,,,无
1990-01-18,52645.0,青海,野牛沟,38.41666666666666,99.58333333333331,3180.0,1990,1,18,0.0,无,-12.2,-5.0,-18.2,0.49,0.26,672.1,676.1,670.4,1.5,,,无
1990-01-19,52645.0,青海,野牛沟,38.41666666666666,99.58333333333331,3180.0,1990,1,19,0.0,无,-16.1,-6.8,-24.7,0.5,0.24,677.8,678.4,676.1,1.0,,,无
1990-01-20,52645.0,青海,野牛沟,38.41666666666666,99.58333333333331,3180.0,1990,1,20,0.0,无,-15.9,-4.3,-25.1,0.53,0.26,677.7,680.0,675.5,1.0,,,无
1990-01-21,52645.0,青海,野牛沟,38.41666666666666,99.58333333333331,3180.0,1990,1,21,0.0,无,-13.7,-6.1,-20.7,0.62,0.34,677.4,678.2,675.6,1.2,,,无
1990-01-22,52645.0,青海,野牛沟,38.41666666666666,99.58333333333331,3180.0,1990,1,22,0.1,normal,-15.7,-6.9,-24.5,0.62,0.23,680.8,681.7,677.6,0.8,,-16.874796139553304,Snow
1990-01-23,52645.0,青海,野牛沟,38.41666666666666,99.58333333333331,3180.0,1990,1,23,0.0,无,-16.7,-3.0,-26.4,0.43,0.16,679.2,681.1,676.9,1.2,,,无
1990-01-24,52645.0,青海,野牛沟,38.41666666666666,99.58333333333331,3180.0,1990,1,24,0.0,无,-13.5,-3.8,-18.6,0.61,0.2,675.7,677.8,673.9,0.9,,,无
1990-01-25,52645.0,青海,野牛沟,38.41666666666666,99.58333333333331,3180.0,1990,1,25,0.0,无,-14.1,-2.6,-23.5,0.6,0.27,677.6,678.6,676.1,1.6,,,无
1990-01-26,52645.0,青海,野牛沟,38.41666666666666,99.58333333333331,3180.0,1990,1,26,0.0,无,-15.5,-2.7,-25.4,0.48,0.17,678.6,680.5,676.5,0.9,,,无
1990-01-27,52645.0,青海,野牛沟,38.41666666666666,99.58333333333331,3180.0,1990,1,27,0.0,无,-11.1,3.1,-21.7,0.49,0.17,672.9,676.5,670.0,1.2,,,无
1990-01-28,52645.0,青海,野牛沟,38.41666666666666,99.58333333333331,3180.0,1990,1,28,0.0,无,-10.1,-0.4,-20.1,0.51,0.19,672.9,674.8,670.2,1.5,,,无
1990-01-29,52645.0,青海,野牛沟,38.41666666666666,99.58333333333331,3180.0,1990,1,29,0.0,无,-13.3,-6.5,-15.7,0.6,0.26,675.6,678.4,672.2,0.7,,,无
1990-01-30,52645.0,青海,野牛沟,38.41666666666666,99.58333333333331,3180.0,1990,1,30,0.2,normal,-20.1,-13.4,-27.3,0.69,0.35,679.5,680.8,678.4,0.4,,-20.806990617018307,Snow
1990-01-31,52645.0,青海,野牛沟,38.41666666666666,99.58333333333331,3180.0,1990,1,31,0.0,无,-22.1,-11.2,-30.6,0.51,0.28,679.7,682.4,675.5,0.9,,,无
1990-02-01,52645.0,青海,野牛沟,38.41666666666666,99.58333333333331,3180.0,1990,2,1,0.0,无,-19.6,-6.7,-28.4,0.49,0.25,672.8,676.4,670.4,1.1,,,无
1990-02-02,52645.0,青海,野牛沟,38.41666666666666,99.58333333333331,3180.0,1990,2,2,0.0,无,-19.6,-9.9,-27.7,0.54,0.29,676.3,677.5,672.5,0.9,,,无
1990-02-03,52645.0,青海,野牛沟,38.41666666666666,99.58333333333331,3180.0,1990,2,3,0.0,无,-20.2,-8.3,-30.0,0.48,0.22,676.7,678.3,674.2,0.7,,,无
1990-02-04,52645.0,青海,野牛沟,38.41666666666666,99.58333333333331,3180.0,1990,2,4,0.0,无,-17.8,-8.3,-26.2,0.45,0.2,674.3,675.4,673.3,1.3,,,无
1990-02-05,52645.0,青海,野牛沟,38.41666666666666,99.58333333333331,3180.0,1990,2,5,0.0,无,-18.1,-5.4,-27.9,0.47,0.16,676.2,677.7,674.7,1.1,,,无
1990-02-06,52645.0,青海,野牛沟,38.41666666666666,99.58333333333331,3180.0,1990,2,6,0.0,无,-16.8,-6.6,-25.2,0.55,0.35,675.9,676.7,674.8,0.6,,,无
1990-02-07,52645.0,青海,野牛沟,38.41666666666666,99.58333333333331,3180.0,1990,2,7,0.0,无,-15.2,-3.5,-25.1,0.55,0.2,676.0,677.1,673.9,1.2,,,无
1990-02-08,52645.0,青海,野牛沟,38.41666666666666,99.58333333333331,3180.0,1990,2,8,0.0,无,-11.9,1.6,-20.3,0.47,0.22,675.1,676.2,673.0,1.2,,,无
1990-02-09,52645.0,青海,野牛沟,38.41666666666666,99.58333333333331,3180.0,1990,2,9,0.3,normal,-11.7,-5.3,-16.8,0.54,0.24,677.6,679.5,674.3,1.2,,-13.541051258720561,Snow
1990-02-10,52645.0,青海,野牛沟,38.41666666666666,99.58333333333331,3180.0,1990,2,10,0.0,无,-16.1,-2.7,-25.9,0.41,0.12,682.2,682.7,678.9,1.5,,,无
1990-02-11,52645.0,青海,野牛沟,38.41666666666666,99.58333333333331,3180.0,1990,2,11,0.0,无,-14.0,0.5,-24.6,0.41,0.13,682.3,684.6,678.1,1.3,,,无
1990-02-12,52645.0,青海,野牛沟,38.41666666666666,99.58333333333331,3180.0,1990,2,12,0.0,无,-8.8,2.6,-17.6,0.37,0.14,676.5,679.0,674.9,2.3,,,无
1990-02-13,52645.0,青海,野牛沟,38.41666666666666,99.58333333333331,3180.0,1990,2,13,0.0,无,-11.0,1.9,-21.4,0.34,0.11,675.3,676.1,674.0,2.4,,,无
1990-02-14,52645.0,青海,野牛沟,38.41666666666666,99.58333333333331,3180.0,1990,2,14,0.0,无,-10.3,3.4,-21.2,0.41,0.14,674.7,675.9,673.3,1.8,,,无
1990-02-15,52645.0,青海,野牛沟,38.41666666666666,99.58333333333331,3180.0,1990,2,15,0.0,无,-5.1,3.0,-13.4,0.4,0.18,672.4,673.6,670.3,1.8,,,无
1990-02-16,52645.0,青海,野牛沟,38.41666666666666,99.58333333333331,3180.0,1990,2,16,0.3,normal,-6.9,-0.1,-12.2,0.7,0.3,673.1,673.9,672.1,1.3,,-8.46685196475281,Snow
1990-02-17,52645.0,青海,野牛沟,38.41666666666666,99.58333333333331,3180.0,1990,2,17,0.6,normal,-8.3,-3.4,-12.0,0.7,0.31,674.2,675.1,672.3,1.2,,-9.752625183214395,Snow
1990-02-18,52645.0,青海,野牛沟,38.41666666666666,99.58333333333331,3180.0,1990,2,18,0.0,无,-12.9,-0.2,-22.5,0.52,0.17,675.1,676.2,673.9,1.4,,,无
1990-02-19,52645.0,青海,野牛沟,38.41666666666666,99.58333333333331,3180.0,1990,2,19,0.0,无,-8.6,2.3,-15.8,0.46,0.19,673.3,675.2,670.7,2.1,,,无
1990-02-20,52645.0,青海,野牛沟,38.41666666666666,99.58333333333331,3180.0,1990,2,20,0.0,无,-9.8,4.7,-22.3,0.38,0.08,671.2,673.3,668.3,2.6,,,无
1990-02-21,52645.0,青海,野牛沟,38.41666666666666,99.58333333333331,3180.0,1990,2,21,0.0,无,-12.6,1.2,-14.6,0.6,0.09,671.2,673.0,669.0,1.3,,,无
1990-02-22,52645.0,青海,野牛沟,38.41666666666666,99.58333333333331,3180.0,1990,2,22,0.0,无,-17.5,-7.3,-22.3,0.64,0.4,675.1,675.8,673.0,0.8,,,无
1990-02-23,52645.0,青海,野牛沟,38.41666666666666,99.58333333333331,3180.0,1990,2,23,0.0,无,-18.8,-8.4,-27.6,0.49,0.17,676.4,677.6,674.4,1.3,,,无
1990-02-24,52645.0,青海,野牛沟,38.41666666666666,99.58333333333331,3180.0,1990,2,24,0.0,无,-18.3,-5.8,-27.8,0.37,0.11,675.7,677.1,673.6,1.4,,,无
1990-02-25,52645.0,青海,野牛沟,38.41666666666666,99.58333333333331,3180.0,1990,2,25,0.0,无,-15.9,-2.5,-26.6,0.36,0.06,673.1,674.8,670.7,1.9,,,无
1990-02-26,52645.0,青海,野牛沟,38.41666666666666,99.58333333333331,3180.0,1990,2,26,0.0,无,-13.1,0.3,-23.6,0.34,0.13,671.0,672.9,668.6,1.7,,,无
1990-02-27,52645.0,青海,野牛沟,38.41666666666666,99.58333333333331,3180.0,1990,2,27,0.0,无,-12.6,0.4,-20.5,0.38,0.14,671.9,672.7,668.5,1.5,,,无
1990-02-28,52645.0,青海,野牛沟,38.41666666666666,99.58333333333331,3180.0,1990,2,28,0.0,无,-11.0,1.9,-20.6,0.53,0.19,674.4,676.0,672.7,1.7,,,无
1990-03-01,52645.0,青海,野牛沟,38.41666666666666,99.58333333333331,3180.0,1990,3,1,0.0,无,-10.5,-1.7,-18.0,0.46,0.05,676.1,677.0,674.4,2.3,,,无
1990-03-02,52645.0,青海,野牛沟,38.41666666666666,99.58333333333331,3180.0,1990,3,2,0.0,无,-9.7,-2.8,-17.1,0.42,0.21,675.4,676.7,673.5,1.8,,,无
1990-03-03,52645.0,青海,野牛沟,38.41666666666666,99.58333333333331,3180.0,1990,3,3,1.1,normal,-11.3,-2.7,-19.1,0.77,0.34,676.0,677.1,674.8,1.2,,-12.2352691668037,Snow
1990-03-04,52645.0,青海,野牛沟,38.41666666666666,99.58333333333331,3180.0,1990,3,4,0.6,normal,-12.3,-3.8,-19.2,0.72,0.41,676.7,677.3,675.1,1.3,,-13.374262388881345,Snow
1990-03-05,52645.0,青海,野牛沟,38.41666666666666,99.58333333333331,3180.0,1990,3,5,0.0,无,-11.4,-2.4,-17.3,0.52,0.19,676.4,677.9,674.7,1.7,,,无
1990-03-06,52645.0,青海,野牛沟,38.41666666666666,99.58333333333331,3180.0,1990,3,6,0.0,无,-11.7,-3.8,-16.8,0.53,0.1,675.9,678.1,674.0,1.6,,,无
1990-03-07,52645.0,青海,野牛沟,38.41666666666666,99.58333333333331,3180.0,1990,3,7,0.4,normal,-13.4,-4.2,-24.0,0.54,0.21,681.1,682.8,678.1,1.3,,-15.052220688204766,Snow
1990-03-08,52645.0,青海,野牛沟,38.41666666666666,99.58333333333331,3180.0,1990,3,8,0.0,无,-10.0,0.9,-19.9,0.44,0.14,679.8,681.0,677.5,2.4,,,无
1990-03-09,52645.0,青海,野牛沟,38.41666666666666,99.58333333333331,3180.0,1990,3,9,0.0,无,-8.3,0.3,-14.7,0.33,0.16,675.9,677.7,674.6,2.6,,,无
1990-03-10,52645.0,青海,野牛沟,38.41666666666666,99.58333333333331,3180.0,1990,3,10,0.0,无,-10.7,0.3,-20.9,0.41,0.08,679.7,681.0,676.1,2.2,,,无
1990-03-11,52645.0,青海,野牛沟,38.41666666666666,99.58333333333331,3180.0,1990,3,11,0.0,无,-8.7,3.5,-20.2,0.44,0.1,681.9,684.3,678.4,2.7,,,无
1990-03-12,52645.0,青海,野牛沟,38.41666666666666,99.58333333333331,3180.0,1990,3,12,0.0,无,-6.5,0.8,-15.9,0.35,0.16,677.0,678.6,674.8,2.2,,,无
1990-03-13,52645.0,青海,野牛沟,38.41666666666666,99.58333333333331,3180.0,1990,3,13,0.0,无,-7.0,2.7,-14.1,0.35,0.08,677.6,678.2,675.9,3.7,,,无
1990-03-14,52645.0,青海,野牛沟,38.41666666666666,99.58333333333331,3180.0,1990,3,14,0.0,无,-8.3,1.2,-17.2,0.37,0.1,681.0,682.4,677.9,2.4,,,无
1990-03-15,52645.0,青海,野牛沟,38.41666666666666,99.58333333333331,3180.0,1990,3,15,0.0,无,-8.1,2.0,-17.7,0.45,0.2,682.7,683.8,680.5,2.4,,,无
1990-03-16,52645.0,青海,野牛沟,38.41666666666666,99.58333333333331,3180.0,1990,3,16,0.0,无,-5.9,6.8,-15.0,0.52,0.14,684.9,687.0,682.8,2.9,,,无
1990-03-17,52645.0,青海,野牛沟,38.41666666666666,99.58333333333331,3180.0,1990,3,17,0.0,无,-3.3,11.2,-14.2,0.39,0.07,683.7,685.5,681.2,3.9,,,无
1990-03-18,52645.0,青海,野牛沟,38.41666666666666,99.58333333333331,3180.0,1990,3,18,0.0,无,-0.4,12.9,-12.8,0.42,0.04,679.6,682.6,675.5,4.3,,,无
1990-03-19,52645.0,青海,野牛沟,38.41666666666666,99.58333333333331,3180.0,1990,3,19,0.0,无,-1.2,8.8,-10.2,0.44,0.1,676.7,678.0,674.6,3.7,,,无
1990-03-20,52645.0,青海,野牛沟,38.41666666666666,99.58333333333331,3180.0,1990,3,20,1.2,normal,0.3,8.9,-6.1,0.59,0.14,677.4,678.9,674.6,3.2,,-2.7359752942097026,Snow
1990-03-21,52645.0,青海,野牛沟,38.41666666666666,99.58333333333331,3180.0,1990,3,21,0.0,无,1.6,10.7,-6.0,0.44,0.14,673.0,675.1,670.5,4.0,,,无
1990-03-22,52645.0,青海,野牛沟,38.41666666666666,99.58333333333331,3180.0,1990,3,22,0.0,无,0.1,7.6,-7.6,0.56,0.29,672.4,673.8,670.6,2.4,,,无
1990-03-23,52645.0,青海,野牛沟,38.41666666666666,99.58333333333331,3180.0,1990,3,23,0.0,无,2.1,9.9,-4.8,0.59,0.31,670.6,672.8,668.1,3.8,,,无
1990-03-24,52645.0,青海,野牛沟,38.41666666666666,99.58333333333331,3180.0,1990,3,24,1.0,normal,0.6,6.0,-2.8,0.78,0.42,674.6,675.4,670.4,2.0,,-1.0183024059667067,Snow
1990-03-25,52645.0,青海,野牛沟,38.41666666666666,99.58333333333331,3180.0,1990,3,25,0.8,normal,-1.3,2.4,-3.4,0.88,0.74,674.3,675.5,672.3,0.9,,-2.1060534984728685,Snow
1990-03-26,52645.0,青海,野牛沟,38.41666666666666,99.58333333333331,3180.0,1990,3,26,0.1,normal,-2.6,1.9,-3.9,0.83,0.63,673.5,674.3,672.1,1.4,,-3.6838741682960707,Snow
1990-03-27,52645.0,青海,野牛沟,38.41666666666666,99.58333333333331,3180.0,1990,3,27,1.8,normal,-4.8,0.8,-9.1,0.73,0.49,676.2,677.7,673.3,1.1,,-6.360887481649242,Snow
1990-03-28,52645.0,青海,野牛沟,38.41666666666666,99.58333333333331,3180.0,1990,3,28,0.5,normal,-4.7,1.3,-7.3,0.73,0.37,678.6,679.5,676.8,1.4,,-6.265228214945426,Snow
1990-03-29,52645.0,青海,野牛沟,38.41666666666666,99.58333333333331,3180.0,1990,3,29,0.1,normal,-4.9,1.9,-9.2,0.56,0.14,678.0,679.2,676.1,2.3,,-7.459838632541094,Snow
1990-03-30,52645.0,青海,野牛沟,38.41666666666666,99.58333333333331,3180.0,1990,3,30,0.0,无,-5.9,2.5,-13.9,0.51,0.12,677.8,679.4,675.5,2.7,,,无
1990-03-31,52645.0,青海,野牛沟,38.41666666666666,99.58333333333331,3180.0,1990,3,31,2.4,normal,-4.4,4.2,-11.7,0.62,0.14,675.2,676.9,672.5,3.4,,-6.6617880739434066,Snow
1990-04-01,52645.0,青海,野牛沟,38.41666666666666,99.58333333333331,3180.0,1990,4,1,2.0,normal,-4.5,4.6,-9.7,0.67,0.24,674.5,676.2,672.4,1.6,,-6.448068165119261,Snow
1990-04-02,52645.0,青海,野牛沟,38.41666666666666,99.58333333333331,3180.0,1990,4,2,1.1,normal,-6.2,1.3,-10.3,0.66,0.33,678.4,679.7,676.3,2.8,,-8.037262430601274,Snow
1990-04-03,52645.0,青海,野牛沟,38.41666666666666,99.58333333333331,3180.0,1990,4,3,0.0,无,-6.3,1.9,-13.6,0.55,0.16,680.9,682.0,678.4,3.5,,,无
1990-04-04,52645.0,青海,野牛沟,38.41666666666666,99.58333333333331,3180.0,1990,4,4,0.0,无,-5.7,4.6,-14.0,0.47,0.13,682.1,684.0,678.9,3.3,,,无
1990-04-05,52645.0,青海,野牛沟,38.41666666666666,99.58333333333331,3180.0,1990,4,5,0.0,无,-3.7,13.1,-12.0,0.48,0.16,677.4,680.6,673.4,3.8,,,无
1990-04-06,52645.0,青海,野牛沟,38.41666666666666,99.58333333333331,3180.0,1990,4,6,0.0,无,-5.6,-0.6,-7.4,0.43,0.12,677.1,681.1,674.8,3.9,,,无
1990-04-07,52645.0,青海,野牛沟,38.41666666666666,99.58333333333331,3180.0,1990,4,7,0.0,无,-7.5,3.1,-17.1,0.38,0.07,679.5,682.1,676.1,4.5,,,无
1990-04-08,52645.0,青海,野牛沟,38.41666666666666,99.58333333333331,3180.0,1990,4,8,0.0,无,-5.0,4.7,-13.4,0.4,0.12,676.3,677.8,674.1,4.2,,,无
1990-04-09,52645.0,青海,野牛沟,38.41666666666666,99.58333333333331,3180.0,1990,4,9,0.0,无,-3.8,7.8,-13.0,0.42,0.16,674.5,676.4,670.6,4.6,,,无
1990-04-10,52645.0,青海,野牛沟,38.41666666666666,99.58333333333331,3180.0,1990,4,10,0.0,无,-3.7,0.5,-5.6,0.52,0.22,676.8,678.6,672.5,3.5,,,无
1990-04-11,52645.0,青海,野牛沟,38.41666666666666,99.58333333333331,3180.0,1990,4,11,0.4,normal,-6.7,1.6,-15.0,0.48,0.06,680.2,680.6,678.7,2.9,,-9.465176031012742,Snow
1990-04-12,52645.0,青海,野牛沟,38.41666666666666,99.58333333333331,3180.0,1990,4,12,0.0,无,-5.2,5.6,-14.9,0.31,0.1,679.6,681.4,677.3,5.7,,,无
1990-04-13,52645.0,青海,野牛沟,38.41666666666666,99.58333333333331,3180.0,1990,4,13,0.0,无,-3.7,6.1,-11.2,0.4,0.15,677.3,679.0,674.7,3.4,,,无
1990-04-14,52645.0,青海,野牛沟,38.41666666666666,99.58333333333331,3180.0,1990,4,14,0.0,无,-2.4,7.6,-10.6,0.54,0.13,675.8,677.6,673.1,3.5,,,无
1990-04-15,52645.0,青海,野牛沟,38.41666666666666,99.58333333333331,3180.0,1990,4,15,0.0,无,-1.8,7.4,-9.0,0.5,0.26,674.4,675.2,673.3,3.2,,,无
1990-04-16,52645.0,青海,野牛沟,38.41666666666666,99.58333333333331,3180.0,1990,4,16,1.2,normal,-2.1,4.6,-7.6,0.73,0.27,675.1,676.1,673.7,2.1,,-3.875012861666396,Snow
1990-04-17,52645.0,青海,野牛沟,38.41666666666666,99.58333333333331,3180.0,1990,4,17,0.4,normal,-1.8,4.5,-6.7,0.77,0.4,675.3,676.8,673.7,1.7,,-3.326521401158913,Snow
1990-04-18,52645.0,青海,野牛沟,38.41666666666666,99.58333333333331,3180.0,1990,4,18,0.0,无,0.3,6.4,-3.6,0.66,0.31,674.4,675.2,673.1,1.8,,,无
1990-04-19,52645.0,青海,野牛沟,38.41666666666666,99.58333333333331,3180.0,1990,4,19,0.0,无,-1.8,6.3,-8.5,0.6,0.25,675.0,676.2,673.5,3.6,,,无
1990-04-20,52645.0,青海,野牛沟,38.41666666666666,99.58333333333331,3180.0,1990,4,20,3.2,normal,-0.3,7.2,-5.6,0.68,0.24,674.2,675.3,671.8,4.0,,-2.5918076103689502,Snow
1990-04-21,52645.0,青海,野牛沟,38.41666666666666,99.58333333333331,3180.0,1990,4,21,3.6,normal,-2.0,1.5,-3.7,0.83,0.4,676.0,676.9,673.7,0.4,,-3.1112317486327123,Snow
1990-04-22,52645.0,青海,野牛沟,38.41666666666666,99.58333333333331,3180.0,1990,4,22,1.2,normal,-3.1,5.6,-11.0,0.64,0.19,679.5,681.0,676.9,4.4,,-5.369383988207956,Snow
1990-04-23,52645.0,青海,野牛沟,38.41666666666666,99.58333333333331,3180.0,1990,4,23,0.0,无,-1.1,5.7,-6.0,0.55,0.2,680.9,682.1,678.8,3.5,,,无
1990-04-24,52645.0,青海,野牛沟,38.41666666666666,99.58333333333331,3180.0,1990,4,24,0.0,无,-2.6,5.4,-12.5,0.57,0.18,680.0,681.3,678.0,3.9,,,无
1990-04-25,52645.0,青海,野牛沟,38.41666666666666,99.58333333333331,3180.0,1990,4,25,0.0,无,-2.5,5.8,-10.1,0.5,0.14,680.6,682.3,678.6,4.2,,,无
1990-04-26,52645.0,青海,野牛沟,38.41666666666666,99.58333333333331,3180.0,1990,4,26,0.0,无,0.3,10.4,-9.1,0.46,0.14,679.5,680.6,677.9,5.3,,,无
1990-04-27,52645.0,青海,野牛沟,38.41666666666666,99.58333333333331,3180.0,1990,4,27,0.0,无,1.4,10.6,-6.2,0.47,0.22,680.1,681.4,679.1,4.3,,,无
1990-04-28,52645.0,青海,野牛沟,38.41666666666666,99.58333333333331,3180.0,1990,4,28,3.3,normal,0.6,5.1,-1.0,0.82,0.3,678.6,680.4,676.0,0.3,,-0.7140689347087337,Snow
1990-04-29,52645.0,青海,野牛沟,38.41666666666666,99.58333333333331,3180.0,1990,4,29,1.4,normal,-2.8,3.1,-7.8,0.78,0.44,679.4,680.4,678.0,1.4,,-4.189321022781098,Snow
1990-04-30,52645.0,青海,野牛沟,38.41666666666666,99.58333333333331,3180.0,1990,4,30,1.1,normal,-1.7,7.2,-8.3,0.73,0.29,679.5,680.9,676.7,3.5,,-3.500815885463342,Snow
1990-05-01,52645.0,青海,野牛沟,38.41666666666666,99.58333333333331,3180.0,1990,5,1,0.0,无,-1.5,7.0,-6.9,0.75,0.24,677.6,678.4,675.7,2.5,,,无
1990-05-02,52645.0,青海,野牛沟,38.41666666666666,99.58333333333331,3180.0,1990,5,2,2.2,normal,-4.4,0.2,-7.2,0.67,0.41,681.7,683.5,678.4,2.2,,-6.345140715811932,Snow
1990-05-03,52645.0,青海,野牛沟,38.41666666666666,99.58333333333331,3180.0,1990,5,3,0.0,无,-4.1,3.1,-10.7,0.58,0.26,683.2,684.2,682.1,3.5,,,无
1990-05-04,52645.0,青海,野牛沟,38.41666666666666,99.58333333333331,3180.0,1990,5,4,0.0,无,2.0,13.5,-7.9,0.47,0.02,682.6,684.6,679.5,7.1,,,无
1990-05-05,52645.0,青海,野牛沟,38.41666666666666,99.58333333333331,3180.0,1990,5,5,0.0,无,4.0,11.5,-5.0,0.4,0.13,683.0,683.7,680.1,6.7,,,无
1990-05-06,52645.0,青海,野牛沟,38.41666666666666,99.58333333333331,3180.0,1990,5,6,0.0,无,5.4,17.5,-5.8,0.45,0.04,683.5,685.7,680.8,6.3,,,无
1990-05-07,52645.0,青海,野牛沟,38.41666666666666,99.58333333333331,3180.0,1990,5,7,0.0,无,6.8,16.9,-4.1,0.47,0.08,682.2,683.6,681.0,6.2,,,无
1990-05-08,52645.0,青海,野牛沟,38.41666666666666,99.58333333333331,3180.0,1990,5,8,0.2,normal,4.0,11.6,-1.7,0.64,0.3,682.7,683.0,681.6,2.9,,0.9305496235052457,Snow
1990-05-09,52645.0,青海,野牛沟,38.41666666666666,99.58333333333331,3180.0,1990,5,9,0.0,无,4.3,14.0,-3.1,0.61,0.18,684.0,684.8,682.5,5.0,,,无
1990-05-10,52645.0,青海,野牛沟,38.41666666666666,99.58333333333331,3180.0,1990,5,10,0.0,无,5.9,16.5,-5.0,0.52,0.12,683.1,684.6,680.8,6.4,,,无
1990-05-11,52645.0,青海,野牛沟,38.41666666666666,99.58333333333331,3180.0,1990,5,11,0.0,无,6.7,12.9,-0.7,0.48,0.23,682.9,683.7,680.9,5.1,,,无
1990-05-12,52645.0,青海,野牛沟,38.41666666666666,99.58333333333331,3180.0,1990,5,12,2.1,normal,2.9,10.3,-2.2,0.69,0.32,683.8,684.6,681.7,3.3,,0.3869995637391943,Snow
1990-05-13,52645.0,青海,野牛沟,38.41666666666666,99.58333333333331,3180.0,1990,5,13,1.4,normal,1.8,9.2,-5.0,0.73,0.33,682.3,685.0,679.8,3.5,,-0.28634191356653016,Snow
1990-05-14,52645.0,青海,野牛沟,38.41666666666666,99.58333333333331,3180.0,1990,5,14,2.0,normal,-1.1,3.9,-3.1,0.9,0.53,681.9,683.2,680.0,1.5,,-1.7721601224540118,Snow
1990-05-15,52645.0,青海,野牛沟,38.41666666666666,99.58333333333331,3180.0,1990,5,15,0.2,normal,-0.2,7.2,-7.5,0.55,0.22,683.1,684.4,681.3,4.8,,-3.459204412169048,Snow
1990-05-16,52645.0,青海,野牛沟,38.41666666666666,99.58333333333331,3180.0,1990,5,16,0.0,无,3.8,11.4,-4.7,0.57,0.24,682.3,683.1,681.5,6.2,,,无
1990-05-17,52645.0,青海,野牛沟,38.41666666666666,99.58333333333331,3180.0,1990,5,17,0.0,无,5.4,16.5,-4.7,0.54,0.21,681.4,683.1,678.8,5.2,,,无
1990-05-18,52645.0,青海,野牛沟,38.41666666666666,99.58333333333331,3180.0,1990,5,18,1.9,normal,3.0,10.5,0.7,0.78,0.38,680.8,682.2,679.8,3.0,,1.226860977356412,Snow
1990-05-19,52645.0,青海,野牛沟,38.41666666666666,99.58333333333331,3180.0,1990,5,19,0.0,无,1.5,9.6,-6.3,0.6,0.25,682.2,683.7,680.6,4.3,,,无
1990-05-20,52645.0,青海,野牛沟,38.41666666666666,99.58333333333331,3180.0,1990,5,20,0.9,normal,3.9,10.3,1.4,0.63,0.31,681.0,681.8,679.4,4.5,,0.7491792332147318,Snow
1990-05-21,52645.0,青海,野牛沟,38.41666666666666,99.58333333333331,3180.0,1990,5,21,0.0,无,4.1,9.2,1.3,0.69,0.43,681.6,682.2,680.3,2.7,,,无
1990-05-22,52645.0,青海,野牛沟,38.41666666666666,99.58333333333331,3180.0,1990,5,22,0.0,无,3.3,9.8,-3.7,0.64,0.37,683.4,683.9,682.3,4.3,,,无
1990-05-23,52645.0,青海,野牛沟,38.41666666666666,99.58333333333331,3180.0,1990,5,23,0.0,无,4.7,13.5,-4.4,0.48,0.17,686.1,687.4,683.5,4.3,,,无
1990-05-24,52645.0,青海,野牛沟,38.41666666666666,99.58333333333331,3180.0,1990,5,24,0.0,无,4.7,13.0,-3.4,0.53,0.21,685.7,686.9,683.7,5.3,,,无
1990-05-25,52645.0,青海,野牛沟,38.41666666666666,99.58333333333331,3180.0,1990,5,25,0.0,无,5.2,15.0,-3.7,0.59,0.16,684.5,686.5,681.8,6.8,,,无
1990-05-26,52645.0,青海,野牛沟,38.41666666666666,99.58333333333331,3180.0,1990,5,26,5.4,normal,4.4,11.8,-2.7,0.75,0.31,682.8,685.6,680.4,3.1,,2.2696637548826226,Rain
1990-05-27,52645.0,青海,野牛沟,38.41666666666666,99.58333333333331,3180.0,1990,5,27,5.1,normal,2.6,6.8,0.4,0.91,0.64,680.5,682.2,678.6,1.3,,1.8973956326660568,Snow
1990-05-28,52645.0,青海,野牛沟,38.41666666666666,99.58333333333331,3180.0,1990,5,28,0.2,normal,3.6,10.8,-2.9,0.59,0.12,681.6,683.2,679.0,6.2,,0.13135883699205042,Snow
1990-05-29,52645.0,青海,野牛沟,38.41666666666666,99.58333333333331,3180.0,1990,5,29,0.0,无,1.7,7.7,-2.8,0.48,0.05,680.0,680.9,678.8,5.8,,,无
1990-05-30,52645.0,青海,野牛沟,38.41666666666666,99.58333333333331,3180.0,1990,5,30,0.0,无,1.1,9.2,-7.1,0.48,0.19,681.9,682.9,681.0,5.7,,,无
1990-05-31,52645.0,青海,野牛沟,38.41666666666666,99.58333333333331,3180.0,1990,5,31,0.0,无,3.8,15.0,-6.0,0.47,0.08,681.4,682.7,679.2,6.6,,,无
1990-06-01,52645.0,青海,野牛沟,38.41666666666666,99.58333333333331,3180.0,1990,6,1,0.0,无,5.1,12.9,-2.5,0.43,0.22,682.1,682.6,680.0,6.6,,,无
1990-06-02,52645.0,青海,野牛沟,38.41666666666666,99.58333333333331,3180.0,1990,6,2,0.5,normal,3.6,10.3,-0.3,0.6,0.29,684.0,684.3,682.1,6.7,,0.22655846065936291,Snow
1990-06-03,52645.0,青海,野牛沟,38.41666666666666,99.58333333333331,3180.0,1990,6,3,0.0,无,5.4,15.6,-4.1,0.61,0.12,682.9,685.3,679.5,5.2,,,无
1990-06-04,52645.0,青海,野牛沟,38.41666666666666,99.58333333333331,3180.0,1990,6,4,0.0,无,6.6,16.1,-4.5,0.45,0.12,679.7,681.4,676.7,7.5,,,无
1990-06-05,52645.0,青海,野牛沟,38.41666666666666,99.58333333333331,3180.0,1990,6,5,0.6,normal,6.2,15.6,-3.1,0.57,0.2,678.2,679.6,675.2,6.3,,2.16283508679028,Rain
1990-06-06,52645.0,青海,野牛沟,38.41666666666666,99.58333333333331,3180.0,1990,6,6,0.9,normal,5.1,11.6,2.1,0.71,0.41,680.6,681.2,678.9,5.1,,2.5454810286296192,Rain
1990-06-07,52645.0,青海,野牛沟,38.41666666666666,99.58333333333331,3180.0,1990,6,7,0.2,normal,5.8,14.3,-0.7,0.55,0.11,683.4,684.5,681.7,7.2,,1.6385628282224873,Rain
1990-06-08,52645.0,青海,野牛沟,38.41666666666666,99.58333333333331,3180.0,1990,6,8,0.0,无,5.9,16.5,-5.5,0.43,0.15,683.0,684.5,680.9,8.8,,,无
1990-06-09,52645.0,青海,野牛沟,38.41666666666666,99.58333333333331,3180.0,1990,6,9,0.0,无,6.1,16.1,-4.4,0.36,0.1,680.6,682.5,678.3,7.7,,,无
1990-06-10,52645.0,青海,野牛沟,38.41666666666666,99.58333333333331,3180.0,1990,6,10,0.0,无,7.2,12.5,1.7,0.54,0.19,681.7,682.2,678.9,6.4,,,无
1990-06-11,52645.0,青海,野牛沟,38.41666666666666,99.58333333333331,3180.0,1990,6,11,0.0,无,7.8,18.4,-4.0,0.49,0.16,683.0,685.0,680.6,7.5,,,无
1990-06-12,52645.0,青海,野牛沟,38.41666666666666,99.58333333333331,3180.0,1990,6,12,0.0,无,9.3,18.4,-1.4,0.48,0.19,680.1,681.3,678.8,7.6,,,无
1990-06-13,52645.0,青海,野牛沟,38.41666666666666,99.58333333333331,3180.0,1990,6,13,8.8,normal,5.8,14.1,1.9,0.75,0.37,680.7,681.2,679.2,2.5,,3.5554473971246425,Rain
1990-06-14,52645.0,青海,野牛沟,38.41666666666666,99.58333333333331,3180.0,1990,6,14,0.9,normal,9.3,17.1,2.2,0.64,0.29,681.9,683.4,680.5,6.1,,5.592133531946577,Rain
1990-06-15,52645.0,青海,野牛沟,38.41666666666666,99.58333333333331,3180.0,1990,6,15,1.4,normal,10.6,19.2,2.6,0.65,0.31,681.4,682.2,679.5,5.6,,6.848192793170047,Rain
1990-06-16,52645.0,青海,野牛沟,38.41666666666666,99.58333333333331,3180.0,1990,6,16,23.8,normal,6.4,10.4,3.9,0.83,0.68,681.7,682.9,680.6,1.5,,4.861872938099254,Rain
1990-06-17,52645.0,青海,野牛沟,38.41666666666666,99.58333333333331,3180.0,1990,6,17,0.3,normal,6.5,10.7,3.7,0.79,0.53,682.0,682.9,680.6,3.1,,4.581644508771894,Rain
1990-06-18,52645.0,青海,野牛沟,38.41666666666666,99.58333333333331,3180.0,1990,6,18,2.1,normal,6.8,16.8,1.4,0.72,0.29,682.0,683.0,679.6,5.4,,4.186118873191629,Rain
1990-06-19,52645.0,青海,野牛沟,38.41666666666666,99.58333333333331,3180.0,1990,6,19,8.9,normal,5.1,9.8,-0.4,0.66,0.33,683.8,684.4,682.3,5.6,,2.089048448623223,Rain
1990-06-20,52645.0,青海,野牛沟,38.41666666666666,99.58333333333331,3180.0,1990,6,20,0.0,无,6.1,15.5,-1.7,0.57,0.15,683.6,684.7,681.7,7.1,,,无
1990-06-21,52645.0,青海,野牛沟,38.41666666666666,99.58333333333331,3180.0,1990,6,21,0.0,无,6.8,15.3,-1.4,0.54,0.19,683.0,683.6,682.0,6.7,,,无
1990-06-22,52645.0,青海,野牛沟,38.41666666666666,99.58333333333331,3180.0,1990,6,22,0.1,normal,5.4,12.8,0.0,0.68,0.39,682.8,683.6,680.6,4.7,,2.541392510457743,Rain
1990-06-23,52645.0,青海,野牛沟,38.41666666666666,99.58333333333331,3180.0,1990,6,23,1.8,normal,4.8,13.7,-1.2,0.75,0.32,682.9,683.6,681.3,4.7,,2.63812750137411,Rain
1990-06-24,52645.0,青海,野牛沟,38.41666666666666,99.58333333333331,3180.0,1990,6,24,10.2,normal,5.9,12.3,0.5,0.79,0.45,682.3,684.4,680.5,3.3,,4.0215500588467945,Rain
1990-06-25,52645.0,青海,野牛沟,38.41666666666666,99.58333333333331,3180.0,1990,6,25,9.5,normal,7.1,15.5,0.9,0.67,0.32,681.0,682.9,678.6,5.5,,3.9591480024733405,Rain
1990-06-26,52645.0,青海,野牛沟,38.41666666666666,99.58333333333331,3180.0,1990,6,26,2.8,normal,7.6,12.6,3.4,0.75,0.47,680.5,680.9,678.3,3.4,,5.211476230380296,Rain
1990-06-27,52645.0,青海,野牛沟,38.41666666666666,99.58333333333331,3180.0,1990,6,27,0.0,无,8.7,16.7,1.1,0.67,0.27,681.3,682.5,680.0,5.3,,,无
1990-06-28,52645.0,青海,野牛沟,38.41666666666666,99.58333333333331,3180.0,1990,6,28,7.0,normal,8.6,13.8,5.1,0.74,0.48,682.1,682.5,680.4,4.1,,6.030593388749925,Rain
1990-06-29,52645.0,青海,野牛沟,38.41666666666666,99.58333333333331,3180.0,1990,6,29,0.1,normal,7.0,11.7,2.2,0.73,0.42,682.6,682.9,681.5,2.5,,4.467167671865604,Rain
1990-06-30,52645.0,青海,野牛沟,38.41666666666666,99.58333333333331,3180.0,1990,6,30,3.0,normal,7.0,14.7,1.5,0.69,0.25,682.6,684.5,680.6,5.6,,4.072563964196978,Rain
1990-07-01,52645.0,青海,野牛沟,38.41666666666666,99.58333333333331,3180.0,1990,7,1,0.6,normal,7.2,13.2,0.9,0.62,0.28,682.6,683.7,681.4,4.6,,3.5435678417481187,Rain
1990-07-02,52645.0,青海,野牛沟,38.41666666666666,99.58333333333331,3180.0,1990,7,2,0.0,无,9.6,19.6,-0.3,0.51,0.16,679.0,681.5,675.9,6.7,,,无
1990-07-03,52645.0,青海,野牛沟,38.41666666666666,99.58333333333331,3180.0,1990,7,3,14.8,normal,5.0,15.2,2.1,0.83,0.26,679.1,680.4,677.1,3.3,,3.5328268476818403,Rain
1990-07-04,52645.0,青海,野牛沟,38.41666666666666,99.58333333333331,3180.0,1990,7,4,0.0,无,7.1,14.9,0.4,0.72,0.44,679.8,680.5,679.4,3.2,,,无
1990-07-05,52645.0,青海,野牛沟,38.41666666666666,99.58333333333331,3180.0,1990,7,5,8.8,normal,6.7,14.3,1.9,0.78,0.5,680.4,681.0,677.7,2.6,,4.671163131004934,Rain
1990-07-06,52645.0,青海,野牛沟,38.41666666666666,99.58333333333331,3180.0,1990,7,6,1.0,normal,8.4,16.9,1.6,0.66,0.2,682.2,683.1,680.3,6.9,,5.014000468912925,Rain
1990-07-07,52645.0,青海,野牛沟,38.41666666666666,99.58333333333331,3180.0,1990,7,7,0.0,无,8.7,18.4,-1.1,0.51,0.19,682.2,683.8,680.1,6.1,,,无
1990-07-08,52645.0,青海,野牛沟,38.41666666666666,99.58333333333331,3180.0,1990,7,8,0.2,normal,9.7,18.8,0.9,0.6,0.26,680.7,681.9,678.8,6.7,,5.490695438455897,Rain
1990-07-09,52645.0,青海,野牛沟,38.41666666666666,99.58333333333331,3180.0,1990,7,9,7.3,normal,9.0,20.3,0.4,0.69,0.23,680.6,682.1,678.0,7.1,,5.865162493182621,Rain
1990-07-10,52645.0,青海,野牛沟,38.41666666666666,99.58333333333331,3180.0,1990,7,10,4.3,normal,12.0,19.1,5.6,0.7,0.37,678.7,680.5,676.8,5.0,,8.673915364638084,Rain
1990-07-11,52645.0,青海,野牛沟,38.41666666666666,99.58333333333331,3180.0,1990,7,11,2.6,normal,11.7,16.3,8.1,0.76,0.59,677.1,677.9,676.9,2.3,,9.093098385774582,Rain
1990-07-12,52645.0,青海,野牛沟,38.41666666666666,99.58333333333331,3180.0,1990,7,12,4.3,normal,12.5,18.7,9.3,0.75,0.48,678.6,679.4,676.9,5.9,,9.717437049236683,Rain
1990-07-13,52645.0,青海,野牛沟,38.41666666666666,99.58333333333331,3180.0,1990,7,13,0.7,normal,9.9,14.3,8.0,0.83,0.64,681.4,682.0,678.7,2.2,,8.177790487471107,Rain
1990-07-14,52645.0,青海,野牛沟,38.41666666666666,99.58333333333331,3180.0,1990,7,14,2.3,normal,12.0,19.0,6.5,0.68,0.44,682.5,683.2,680.8,5.9,,8.444464293851134,Rain
1990-07-15,52645.0,青海,野牛沟,38.41666666666666,99.58333333333331,3180.0,1990,7,15,0.2,normal,10.5,20.3,3.9,0.75,0.43,683.1,684.1,681.6,5.9,,7.883346923639611,Rain
1990-07-16,52645.0,青海,野牛沟,38.41666666666666,99.58333333333331,3180.0,1990,7,16,1.5,normal,7.9,11.2,5.9,0.79,0.56,683.9,684.6,683.0,1.3,,5.891532296470259,Rain
1990-07-17,52645.0,青海,野牛沟,38.41666666666666,99.58333333333331,3180.0,1990,7,17,1.9,normal,7.1,14.0,2.1,0.78,0.51,682.0,683.4,680.5,4.1,,5.045436141333188,Rain
1990-07-18,52645.0,青海,野牛沟,38.41666666666666,99.58333333333331,3180.0,1990,7,18,0.1,normal,7.9,17.0,-0.3,0.71,0.36,681.4,682.5,679.7,4.9,,5.083536904453783,Rain
1990-07-19,52645.0,青海,野牛沟,38.41666666666666,99.58333333333331,3180.0,1990,7,19,0.0,无,9.3,17.4,2.3,0.63,0.34,681.0,681.8,679.6,5.8,,,无
1990-07-20,52645.0,青海,野牛沟,38.41666666666666,99.58333333333331,3180.0,1990,7,20,1.0,normal,10.6,16.1,7.9,0.7,0.42,680.8,681.2,679.8,3.9,,7.415054165468082,Rain
1990-07-21,52645.0,青海,野牛沟,38.41666666666666,99.58333333333331,3180.0,1990,7,21,15.8,normal,8.9,17.0,3.0,0.79,0.42,680.9,682.3,680.0,4.3,,6.821875493074434,Rain
1990-07-22,52645.0,青海,野牛沟,38.41666666666666,99.58333333333331,3180.0,1990,7,22,0.0,无,11.1,20.2,2.4,0.66,0.29,681.2,682.2,680.1,5.5,,,无
1990-07-23,52645.0,青海,野牛沟,38.41666666666666,99.58333333333331,3180.0,1990,7,23,2.9,normal,10.6,19.5,4.2,0.75,0.37,681.9,683.4,680.1,3.9,,7.973603600517074,Rain
1990-07-24,52645.0,青海,野牛沟,38.41666666666666,99.58333333333331,3180.0,1990,7,24,10.6,normal,9.4,12.9,6.4,0.92,0.64,682.4,683.6,681.2,0.7,,8.615220678854204,Rain
1990-07-25,52645.0,青海,野牛沟,38.41666666666666,99.58333333333331,3180.0,1990,7,25,36.8,normal,5.1,11.4,0.2,0.87,0.57,682.9,683.5,681.2,3.3,,3.983400602498066,Rain
1990-07-26,52645.0,青海,野牛沟,38.41666666666666,99.58333333333331,3180.0,1990,7,26,0.9,normal,6.2,15.9,0.4,0.77,0.35,682.6,683.7,680.6,4.3,,4.11484704068664,Rain
1990-07-27,52645.0,青海,野牛沟,38.41666666666666,99.58333333333331,3180.0,1990,7,27,0.0,无,8.4,15.5,2.5,0.73,0.33,682.3,682.9,680.3,4.0,,,无
1990-07-28,52645.0,青海,野牛沟,38.41666666666666,99.58333333333331,3180.0,1990,7,28,7.4,normal,8.0,15.7,1.3,0.78,0.47,681.9,683.4,680.3,3.1,,5.882790112058784,Rain
1990-07-29,52645.0,青海,野牛沟,38.41666666666666,99.58333333333331,3180.0,1990,7,29,21.4,normal,6.1,9.8,0.4,0.82,0.67,684.3,685.4,681.8,1.3,,4.488216912720371,Rain
1990-07-30,52645.0,青海,野牛沟,38.41666666666666,99.58333333333331,3180.0,1990,7,30,0.0,无,8.6,16.1,2.8,0.72,0.33,685.5,686.6,683.9,5.2,,,无
1990-07-31,52645.0,青海,野牛沟,38.41666666666666,99.58333333333331,3180.0,1990,7,31,0.4,normal,8.3,14.0,4.9,0.71,0.36,685.3,686.1,684.0,3.6,,5.452544387379521,Rain
1990-08-01,52645.0,青海,野牛沟,38.41666666666666,99.58333333333331,3180.0,1990,8,1,0.6,normal,8.2,20.3,0.9,0.67,0.34,686.6,687.7,685.1,5.5,,4.950271819632026,Rain
1990-08-02,52645.0,青海,野牛沟,38.41666666666666,99.58333333333331,3180.0,1990,8,2,0.0,无,9.6,18.6,0.3,0.58,0.21,686.0,687.0,684.9,5.9,,,无
1990-08-03,52645.0,青海,野牛沟,38.41666666666666,99.58333333333331,3180.0,1990,8,3,0.0,无,10.2,19.6,1.8,0.6,0.26,685.6,686.9,684.2,5.4,,,无
1990-08-04,52645.0,青海,野牛沟,38.41666666666666,99.58333333333331,3180.0,1990,8,4,0.0,无,11.0,20.4,2.2,0.63,0.3,684.4,685.8,682.7,5.8,,,无
1990-08-05,52645.0,青海,野牛沟,38.41666666666666,99.58333333333331,3180.0,1990,8,5,0.7,normal,11.3,19.9,2.6,0.69,0.36,683.6,684.3,682.0,4.1,,7.936226767478742,Rain
1990-08-06,52645.0,青海,野牛沟,38.41666666666666,99.58333333333331,3180.0,1990,8,6,17.9,normal,8.1,15.0,4.4,0.84,0.6,683.7,685.7,681.1,5.0,,6.5726915045676515,Rain
1990-08-07,52645.0,青海,野牛沟,38.41666666666666,99.58333333333331,3180.0,1990,8,7,9.4,normal,5.6,14.2,1.0,0.75,0.31,685.4,686.4,683.8,4.7,,3.3782346171911515,Rain
1990-08-08,52645.0,青海,野牛沟,38.41666666666666,99.58333333333331,3180.0,1990,8,8,0.7,normal,8.1,14.9,3.4,0.71,0.36,684.3,685.8,682.8,3.5,,5.269698639962912,Rain
1990-08-09,52645.0,青海,野牛沟,38.41666666666666,99.58333333333331,3180.0,1990,8,9,0.0,无,7.6,16.4,0.1,0.67,0.29,683.0,684.1,681.2,4.6,,,无
1990-08-10,52645.0,青海,野牛沟,38.41666666666666,99.58333333333331,3180.0,1990,8,10,0.0,无,7.9,19.8,-1.0,0.68,0.18,680.4,682.6,676.8,4.8,,,无
1990-08-11,52645.0,青海,野牛沟,38.41666666666666,99.58333333333331,3180.0,1990,8,11,0.3,normal,9.1,16.0,3.1,0.67,0.41,680.0,681.3,678.4,3.7,,5.738354284746738,Rain
1990-08-12,52645.0,青海,野牛沟,38.41666666666666,99.58333333333331,3180.0,1990,8,12,0.5,normal,7.6,14.6,4.5,0.71,0.43,681.5,682.3,679.0,4.2,,4.812028416599703,Rain
1990-08-13,52645.0,青海,野牛沟,38.41666666666666,99.58333333333331,3180.0,1990,8,13,0.2,normal,6.5,14.6,-1.7,0.69,0.36,682.4,683.6,681.0,3.4,,3.622930858908515,Rain
1990-08-14,52645.0,青海,野牛沟,38.41666666666666,99.58333333333331,3180.0,1990,8,14,0.0,无,7.3,13.7,1.8,0.78,0.46,681.7,682.3,680.9,1.9,,,无
1990-08-15,52645.0,青海,野牛沟,38.41666666666666,99.58333333333331,3180.0,1990,8,15,0.0,无,8.9,18.7,1.3,0.67,0.23,683.7,685.0,681.9,5.3,,,无
1990-08-16,52645.0,青海,野牛沟,38.41666666666666,99.58333333333331,3180.0,1990,8,16,4.4,normal,8.0,13.8,5.6,0.85,0.49,684.6,685.0,682.8,0.6,,6.575946271111284,Rain
1990-08-17,52645.0,青海,野牛沟,38.41666666666666,99.58333333333331,3180.0,1990,8,17,5.2,normal,7.9,15.3,3.4,0.73,0.35,685.2,686.6,683.2,5.1,,5.292965407066679,Rain
1990-08-18,52645.0,青海,野牛沟,38.41666666666666,99.58333333333331,3180.0,1990,8,18,0.2,normal,7.4,17.1,-1.1,0.71,0.28,683.9,685.3,681.8,3.8,,4.635070752445336,Rain
1990-08-19,52645.0,青海,野牛沟,38.41666666666666,99.58333333333331,3180.0,1990,8,19,0.0,无,8.3,17.4,0.0,0.67,0.28,683.0,684.1,681.2,4.3,,,无
1990-08-20,52645.0,青海,野牛沟,38.41666666666666,99.58333333333331,3180.0,1990,8,20,0.1,normal,7.3,17.3,-0.1,0.67,0.25,684.1,684.8,682.2,4.3,,4.143584647389029,Rain
1990-08-21,52645.0,青海,野牛沟,38.41666666666666,99.58333333333331,3180.0,1990,8,21,0.0,无,8.2,18.6,-1.3,0.61,0.2,684.5,686.3,682.0,5.3,,,无
1990-08-22,52645.0,青海,野牛沟,38.41666666666666,99.58333333333331,3180.0,1990,8,22,0.0,无,8.7,19.4,0.7,0.64,0.35,683.3,684.4,681.1,4.4,,,无
1990-08-23,52645.0,青海,野牛沟,38.41666666666666,99.58333333333331,3180.0,1990,8,23,0.0,无,8.3,17.6,0.1,0.68,0.28,683.1,684.0,681.4,4.6,,,无
1990-08-24,52645.0,青海,野牛沟,38.41666666666666,99.58333333333331,3180.0,1990,8,24,0.1,normal,9.7,18.5,4.4,0.66,0.4,682.7,684.4,681.4,5.1,,6.167606711595792,Rain
1990-08-25,52645.0,青海,野牛沟,38.41666666666666,99.58333333333331,3180.0,1990,8,25,14.2,normal,6.9,15.6,0.4,0.76,0.37,683.3,683.8,681.8,4.2,,4.6683296558767085,Rain
1990-08-26,52645.0,青海,野牛沟,38.41666666666666,99.58333333333331,3180.0,1990,8,26,2.9,normal,9.0,16.1,4.8,0.75,0.4,682.5,683.7,680.4,4.0,,6.502416577017489,Rain
1990-08-27,52645.0,青海,野牛沟,38.41666666666666,99.58333333333331,3180.0,1990,8,27,22.9,normal,6.6,12.3,3.6,0.82,0.5,684.7,687.1,681.3,1.4,,4.960707267096649,Rain
1990-08-28,52645.0,青海,野牛沟,38.41666666666666,99.58333333333331,3180.0,1990,8,28,4.5,normal,6.5,14.5,1.6,0.76,0.34,688.1,689.1,685.9,4.6,,4.305554161569893,Rain
1990-08-29,52645.0,青海,野牛沟,38.41666666666666,99.58333333333331,3180.0,1990,8,29,0.0,无,6.9,16.4,-0.9,0.7,0.29,686.6,688.5,684.2,5.4,,,无
1990-08-30,52645.0,青海,野牛沟,38.41666666666666,99.58333333333331,3180.0,1990,8,30,0.0,无,7.1,17.7,-1.3,0.64,0.26,685.1,686.6,682.7,5.5,,,无
1990-08-31,52645.0,青海,野牛沟,38.41666666666666,99.58333333333331,3180.0,1990,8,31,0.0,无,8.4,18.3,-0.4,0.62,0.23,684.1,685.6,682.3,5.2,,,无
1990-09-01,52645.0,青海,野牛沟,38.41666666666666,99.58333333333331,3180.0,1990,9,1,0.1,normal,6.9,16.5,0.6,0.73,0.33,685.1,686.1,682.9,4.0,,4.3798620119413245,Rain
1990-09-02,52645.0,青海,野牛沟,38.41666666666666,99.58333333333331,3180.0,1990,9,2,3.4,normal,8.4,16.1,2.6,0.73,0.35,685.2,686.2,683.3,4.0,,5.749384732049703,Rain
1990-09-03,52645.0,青海,野牛沟,38.41666666666666,99.58333333333331,3180.0,1990,9,3,0.6,normal,8.3,15.8,2.3,0.69,0.31,684.8,686.4,683.2,3.7,,5.244427049052081,Rain
1990-09-04,52645.0,青海,野牛沟,38.41666666666666,99.58333333333331,3180.0,1990,9,4,0.0,无,7.7,18.1,0.0,0.67,0.27,683.1,684.6,680.6,5.2,,,无
1990-09-05,52645.0,青海,野牛沟,38.41666666666666,99.58333333333331,3180.0,1990,9,5,0.0,无,9.6,19.5,0.5,0.55,0.24,680.4,682.4,677.7,4.9,,,无
1990-09-06,52645.0,青海,野牛沟,38.41666666666666,99.58333333333331,3180.0,1990,9,6,3.9,normal,9.1,14.8,6.2,0.71,0.38,680.7,682.6,678.1,5.0,,6.168930767978353,Rain
1990-09-07,52645.0,青海,野牛沟,38.41666666666666,99.58333333333331,3180.0,1990,9,7,10.6,normal,6.5,14.3,1.6,0.79,0.47,687.0,688.4,682.6,5.4,,4.587670049639869,Rain
1990-09-08,52645.0,青海,野牛沟,38.41666666666666,99.58333333333331,3180.0,1990,9,8,0.1,normal,7.5,13.6,3.3,0.75,0.36,686.4,687.5,685.3,3.4,,5.128129906176002,Rain
1990-09-09,52645.0,青海,野牛沟,38.41666666666666,99.58333333333331,3180.0,1990,9,9,1.0,normal,6.9,14.2,1.8,0.71,0.34,684.4,686.3,682.0,3.0,,4.183063795522588,Rain
1990-09-10,52645.0,青海,野牛沟,38.41666666666666,99.58333333333331,3180.0,1990,9,10,2.4,normal,7.6,15.0,2.2,0.7,0.28,684.1,685.0,682.2,4.8,,4.715640828166481,Rain
1990-09-11,52645.0,青海,野牛沟,38.41666666666666,99.58333333333331,3180.0,1990,9,11,0.8,normal,4.9,11.0,2.0,0.78,0.49,685.2,685.6,683.6,1.9,,3.0018687715466674,Rain
1990-09-12,52645.0,青海,野牛沟,38.41666666666666,99.58333333333331,3180.0,1990,9,12,0.1,normal,4.4,11.6,-0.7,0.8,0.46,685.3,686.4,683.4,3.0,,2.7106716644711293,Snow
1990-09-13,52645.0,青海,野牛沟,38.41666666666666,99.58333333333331,3180.0,1990,9,13,0.0,无,4.6,12.1,0.4,0.71,0.34,686.6,687.1,685.0,3.5,,,无
1990-09-14,52645.0,青海,野牛沟,38.41666666666666,99.58333333333331,3180.0,1990,9,14,0.2,normal,4.0,12.2,-2.1,0.74,0.38,687.2,688.3,684.6,3.4,,1.8209140309870397,Rain
1990-09-15,52645.0,青海,野牛沟,38.41666666666666,99.58333333333331,3180.0,1990,9,15,0.0,无,4.2,13.0,-3.2,0.72,0.29,687.8,689.1,685.8,3.8,,,无
1990-09-16,52645.0,青海,野牛沟,38.41666666666666,99.58333333333331,3180.0,1990,9,16,0.0,无,2.9,12.7,-5.7,0.56,0.29,690.4,691.5,687.1,4.4,,,无
1990-09-17,52645.0,青海,野牛沟,38.41666666666666,99.58333333333331,3180.0,1990,9,17,0.0,无,2.7,13.5,-6.1,0.59,0.16,688.8,691.1,684.7,4.1,,,无
1990-09-18,52645.0,青海,野牛沟,38.41666666666666,99.58333333333331,3180.0,1990,9,18,0.0,无,3.3,15.4,-7.4,0.62,0.31,682.2,685.7,678.1,5.1,,,无
1990-09-19,52645.0,青海,野牛沟,38.41666666666666,99.58333333333331,3180.0,1990,9,19,0.0,无,3.8,15.4,-5.8,0.66,0.33,680.7,681.9,678.5,5.5,,,无
1990-09-20,52645.0,青海,野牛沟,38.41666666666666,99.58333333333331,3180.0,1990,9,20,0.0,无,4.0,15.4,-5.2,0.6,0.2,683.0,684.2,680.0,5.3,,,无
1990-09-21,52645.0,青海,野牛沟,38.41666666666666,99.58333333333331,3180.0,1990,9,21,0.0,无,2.8,13.5,-5.3,0.64,0.35,684.5,685.9,682.3,3.2,,,无
1990-09-22,52645.0,青海,野牛沟,38.41666666666666,99.58333333333331,3180.0,1990,9,22,0.0,无,2.5,12.9,-5.8,0.58,0.13,685.8,687.3,683.5,4.1,,,无
1990-09-23,52645.0,青海,野牛沟,38.41666666666666,99.58333333333331,3180.0,1990,9,23,0.0,无,0.8,12.3,-8.1,0.56,0.14,685.7,687.1,683.1,4.7,,,无
1990-09-24,52645.0,青海,野牛沟,38.41666666666666,99.58333333333331,3180.0,1990,9,24,0.0,无,1.3,12.7,-8.0,0.53,0.13,684.7,686.0,682.8,4.2,,,无
1990-09-25,52645.0,青海,野牛沟,38.41666666666666,99.58333333333331,3180.0,1990,9,25,0.0,无,3.4,10.6,-1.2,0.53,0.29,684.8,685.7,683.2,3.3,,,无
1990-09-26,52645.0,青海,野牛沟,38.41666666666666,99.58333333333331,3180.0,1990,9,26,0.0,无,0.6,10.2,-7.0,0.62,0.23,686.9,688.0,685.6,3.5,,,无
1990-09-27,52645.0,青海,野牛沟,38.41666666666666,99.58333333333331,3180.0,1990,9,27,0.0,无,0.8,11.9,-9.2,0.61,0.17,686.2,688.1,683.5,3.0,,,无
1990-09-28,52645.0,青海,野牛沟,38.41666666666666,99.58333333333331,3180.0,1990,9,28,0.0,无,0.7,10.8,-5.6,0.75,0.32,685.6,687.5,683.6,1.4,,,无
1990-09-29,52645.0,青海,野牛沟,38.41666666666666,99.58333333333331,3180.0,1990,9,29,0.0,无,1.3,8.6,-4.1,0.67,0.3,686.2,687.7,684.9,2.6,,,无
1990-09-30,52645.0,青海,野牛沟,38.41666666666666,99.58333333333331,3180.0,1990,9,30,0.0,无,0.8,10.3,-6.9,0.56,0.19,686.2,687.1,684.5,4.8,,,无
1990-10-01,52645.0,青海,野牛沟,38.41666666666666,99.58333333333331,3180.0,1990,10,1,0.0,无,-0.3,7.9,-8.0,0.51,0.18,686.5,687.7,684.4,3.5,,,无
1990-10-02,52645.0,青海,野牛沟,38.41666666666666,99.58333333333331,3180.0,1990,10,2,0.0,无,-0.7,13.3,-11.6,0.52,0.07,685.6,687.4,682.7,4.5,,,无
1990-10-03,52645.0,青海,野牛沟,38.41666666666666,99.58333333333331,3180.0,1990,10,3,0.0,无,-0.3,10.6,-10.8,0.5,0.12,685.4,687.0,682.5,4.1,,,无
1990-10-04,52645.0,青海,野牛沟,38.41666666666666,99.58333333333331,3180.0,1990,10,4,0.0,无,-0.4,11.5,-10.0,0.49,0.16,686.0,686.6,684.1,4.2,,,无
1990-10-05,52645.0,青海,野牛沟,38.41666666666666,99.58333333333331,3180.0,1990,10,5,0.0,无,-1.9,8.4,-9.5,0.75,0.23,687.2,688.2,685.6,1.6,,,无
1990-10-06,52645.0,青海,野牛沟,38.41666666666666,99.58333333333331,3180.0,1990,10,6,1.3,normal,-0.9,8.5,-9.7,0.71,0.28,686.9,688.4,685.2,2.8,,-2.8963740526764115,Snow
1990-10-07,52645.0,青海,野牛沟,38.41666666666666,99.58333333333331,3180.0,1990,10,7,0.0,无,-0.8,10.6,-10.4,0.71,0.23,685.6,686.8,683.9,3.3,,,无
1990-10-08,52645.0,青海,野牛沟,38.41666666666666,99.58333333333331,3180.0,1990,10,8,0.3,normal,1.4,5.6,-2.2,0.79,0.42,685.8,686.4,684.8,1.3,,-0.18105603229869427,Snow
1990-10-09,52645.0,青海,野牛沟,38.41666666666666,99.58333333333331,3180.0,1990,10,9,2.8,normal,1.5,9.6,-2.7,0.84,0.38,685.0,685.8,683.0,2.4,,0.29694872110416437,Snow
1990-10-10,52645.0,青海,野牛沟,38.41666666666666,99.58333333333331,3180.0,1990,10,10,0.0,无,0.5,10.5,-7.0,0.83,0.33,685.9,687.1,684.2,2.1,,,无
1990-10-11,52645.0,青海,野牛沟,38.41666666666666,99.58333333333331,3180.0,1990,10,11,5.5,normal,-0.8,3.6,-3.2,0.88,0.61,686.6,687.5,685.7,0.0,,-1.615714449065071,Snow
1990-10-12,52645.0,青海,野牛沟,38.41666666666666,99.58333333333331,3180.0,1990,10,12,0.0,无,-3.5,6.9,-11.1,0.67,0.25,686.7,687.9,684.6,2.0,,,无
1990-10-13,52645.0,青海,野牛沟,38.41666666666666,99.58333333333331,3180.0,1990,10,13,0.0,无,-2.9,9.4,-11.0,0.62,0.23,686.2,687.5,684.3,2.1,,,无
1990-10-14,52645.0,青海,野牛沟,38.41666666666666,99.58333333333331,3180.0,1990,10,14,0.0,无,-1.4,11.7,-10.5,0.59,0.21,684.9,686.3,682.5,2.4,,,无
1990-10-15,52645.0,青海,野牛沟,38.41666666666666,99.58333333333331,3180.0,1990,10,15,0.0,无,-0.1,11.2,-9.0,0.62,0.25,684.3,685.8,682.0,2.4,,,无
1990-10-16,52645.0,青海,野牛沟,38.41666666666666,99.58333333333331,3180.0,1990,10,16,1.6,normal,1.2,5.3,-1.0,0.89,0.52,681.8,683.8,680.1,1.3,,0.3856669528462442,Snow
1990-10-17,52645.0,青海,野牛沟,38.41666666666666,99.58333333333331,3180.0,1990,10,17,0.2,normal,-1.4,5.4,-6.2,0.76,0.48,684.2,686.2,682.1,2.6,,-3.0114339028795944,Snow
1990-10-18,52645.0,青海,野牛沟,38.41666666666666,99.58333333333331,3180.0,1990,10,18,0.0,无,-0.7,8.4,-9.4,0.63,0.24,682.1,684.3,679.2,2.3,,,无
1990-10-19,52645.0,青海,野牛沟,38.41666666666666,99.58333333333331,3180.0,1990,10,19,0.0,无,-1.2,9.8,-10.8,0.59,0.23,679.3,681.0,676.3,2.6,,,无
1990-10-20,52645.0,青海,野牛沟,38.41666666666666,99.58333333333331,3180.0,1990,10,20,4.5,normal,-1.7,6.4,-7.0,0.79,0.46,679.9,682.9,677.2,1.3,,-3.092088547724834,Snow
1990-10-21,52645.0,青海,野牛沟,38.41666666666666,99.58333333333331,3180.0,1990,10,21,5.6,normal,-8.2,-3.3,-13.0,0.88,0.78,684.6,685.6,682.0,,,-8.772533184199126,Snow
1990-10-22,52645.0,青海,野牛沟,38.41666666666666,99.58333333333331,3180.0,1990,10,22,0.0,无,-12.6,-2.5,-19.9,0.78,0.65,684.5,686.2,682.4,1.2,,,无
1990-10-23,52645.0,青海,野牛沟,38.41666666666666,99.58333333333331,3180.0,1990,10,23,0.0,无,-11.5,-4.1,-16.3,0.73,0.41,686.0,689.2,683.9,1.2,,,无
1990-10-24,52645.0,青海,野牛沟,38.41666666666666,99.58333333333331,3180.0,1990,10,24,0.0,无,-17.1,-7.3,-24.1,0.71,0.48,688.6,690.3,687.2,1.1,,,无
1990-10-25,52645.0,青海,野牛沟,38.41666666666666,99.58333333333331,3180.0,1990,10,25,0.0,无,-15.4,-5.3,-21.7,0.8,0.6,686.5,688.2,685.5,1.4,,,无
1990-10-26,52645.0,青海,野牛沟,38.41666666666666,99.58333333333331,3180.0,1990,10,26,0.0,无,-14.9,-4.5,-21.6,0.76,0.53,685.8,686.6,684.6,1.1,,,无
1990-10-27,52645.0,青海,野牛沟,38.41666666666666,99.58333333333331,3180.0,1990,10,27,0.0,无,-14.3,-4.0,-21.4,0.73,0.49,686.2,687.1,684.6,1.4,,,无
1990-10-28,52645.0,青海,野牛沟,38.41666666666666,99.58333333333331,3180.0,1990,10,28,0.0,无,-13.4,-2.6,-20.4,0.76,0.54,685.6,686.4,684.4,1.3,,,无
1990-10-29,52645.0,青海,野牛沟,38.41666666666666,99.58333333333331,3180.0,1990,10,29,0.0,无,-11.6,-1.0,-19.4,0.72,0.5,684.4,685.3,683.4,1.3,,,无
1990-10-30,52645.0,青海,野牛沟,38.41666666666666,99.58333333333331,3180.0,1990,10,30,0.0,无,-10.6,0.2,-17.9,0.74,0.48,682.2,683.8,680.0,1.3,,,无
1990-10-31,52645.0,青海,野牛沟,38.41666666666666,99.58333333333331,3180.0,1990,10,31,0.0,无,-10.0,0.5,-17.3,0.73,0.43,680.9,682.2,679.2,1.5,,,无
1990-11-01,52645.0,青海,野牛沟,38.41666666666666,99.58333333333331,3180.0,1990,11,1,0.0,无,-8.1,1.3,-13.4,0.77,0.43,680.7,682.1,679.4,1.1,,,无
1990-11-02,52645.0,青海,野牛沟,38.41666666666666,99.58333333333331,3180.0,1990,11,2,0.0,无,-10.1,0.6,-17.4,0.76,0.49,683.0,684.5,681.3,1.5,,,无
1990-11-03,52645.0,青海,野牛沟,38.41666666666666,99.58333333333331,3180.0,1990,11,3,0.0,无,-8.4,1.9,-16.8,0.71,0.44,681.4,683.3,679.6,1.3,,,无
1990-11-04,52645.0,青海,野牛沟,38.41666666666666,99.58333333333331,3180.0,1990,11,4,0.0,无,-9.9,1.3,-17.4,0.72,0.39,680.0,681.3,677.6,0.9,,,无
1990-11-05,52645.0,青海,野牛沟,38.41666666666666,99.58333333333331,3180.0,1990,11,5,0.0,无,-5.6,5.0,-13.5,0.51,0.22,680.0,681.5,679.5,1.6,,,无
1990-11-06,52645.0,青海,野牛沟,38.41666666666666,99.58333333333331,3180.0,1990,11,6,0.0,无,-8.3,4.0,-16.9,0.63,0.27,679.1,681.0,676.7,2.0,,,无
1990-11-07,52645.0,青海,野牛沟,38.41666666666666,99.58333333333331,3180.0,1990,11,7,0.0,无,-7.3,0.5,-14.4,0.72,0.31,679.7,682.7,677.9,1.2,,,无
1990-11-08,52645.0,青海,野牛沟,38.41666666666666,99.58333333333331,3180.0,1990,11,8,2.2,normal,-12.0,-4.6,-15.1,0.72,0.34,687.7,689.9,682.7,0.2,,-13.081341478763694,Snow
1990-11-09,52645.0,青海,野牛沟,38.41666666666666,99.58333333333331,3180.0,1990,11,9,0.0,无,-14.9,3.3,-22.4,0.68,0.43,690.6,692.7,688.7,1.0,,,无
1990-11-10,52645.0,青海,野牛沟,38.41666666666666,99.58333333333331,3180.0,1990,11,10,0.0,无,-13.6,-2.5,-21.5,0.66,0.35,686.2,688.9,683.4,1.0,,,无
1990-11-11,52645.0,青海,野牛沟,38.41666666666666,99.58333333333331,3180.0,1990,11,11,0.0,无,-13.2,-1.0,-21.5,0.71,0.33,685.3,686.4,682.9,1.3,,,无
1990-11-12,52645.0,青海,野牛沟,38.41666666666666,99.58333333333331,3180.0,1990,11,12,0.0,无,-13.3,-0.5,-22.0,0.73,0.29,687.4,689.0,685.6,1.7,,,无
1990-11-13,52645.0,青海,野牛沟,38.41666666666666,99.58333333333331,3180.0,1990,11,13,0.0,无,-11.6,0.9,-19.7,0.65,0.34,689.2,690.1,687.5,1.4,,,无
1990-11-14,52645.0,青海,野牛沟,38.41666666666666,99.58333333333331,3180.0,1990,11,14,0.0,无,-11.8,0.9,-19.6,0.65,0.27,688.9,691.1,685.7,1.3,,,无
1990-11-15,52645.0,青海,野牛沟,38.41666666666666,99.58333333333331,3180.0,1990,11,15,0.0,无,-10.8,2.4,-19.5,0.63,0.27,682.1,686.5,678.6,1.1,,,无
1990-11-16,52645.0,青海,野牛沟,38.41666666666666,99.58333333333331,3180.0,1990,11,16,0.0,无,-7.9,4.0,-17.1,0.65,0.28,680.8,682.1,679.0,1.3,,,无
1990-11-17,52645.0,青海,野牛沟,38.41666666666666,99.58333333333331,3180.0,1990,11,17,0.0,无,-8.9,2.0,-15.1,0.71,0.34,681.8,683.4,679.0,1.2,,,无
1990-11-18,52645.0,青海,野牛沟,38.41666666666666,99.58333333333331,3180.0,1990,11,18,0.0,无,-10.7,2.0,-19.0,0.65,0.23,681.4,682.1,679.7,1.1,,,无
1990-11-19,52645.0,青海,野牛沟,38.41666666666666,99.58333333333331,3180.0,1990,11,19,0.0,无,-10.1,0.5,-17.5,0.64,0.35,683.7,684.9,680.1,1.1,,,无
1990-11-20,52645.0,青海,野牛沟,38.41666666666666,99.58333333333331,3180.0,1990,11,20,0.0,无,-11.6,0.9,-19.5,0.67,0.29,687.2,688.9,684.8,1.3,,,无
1990-11-21,52645.0,青海,野牛沟,38.41666666666666,99.58333333333331,3180.0,1990,11,21,0.0,无,-11.3,1.7,-17.5,0.65,0.25,686.7,688.3,683.8,1.1,,,无
1990-11-22,52645.0,青海,野牛沟,38.41666666666666,99.58333333333331,3180.0,1990,11,22,0.0,无,-8.3,1.5,-15.0,0.7,0.45,682.3,684.8,679.7,1.2,,,无
1990-11-23,52645.0,青海,野牛沟,38.41666666666666,99.58333333333331,3180.0,1990,11,23,0.0,无,-10.2,0.8,-19.2,0.59,0.19,682.8,683.7,681.3,1.5,,,无
1990-11-24,52645.0,青海,野牛沟,38.41666666666666,99.58333333333331,3180.0,1990,11,24,0.0,无,-11.9,0.6,-21.5,0.53,0.21,685.0,686.4,683.1,1.3,,,无
1990-11-25,52645.0,青海,野牛沟,38.41666666666666,99.58333333333331,3180.0,1990,11,25,0.0,无,-9.8,-2.9,-17.4,0.61,0.34,685.0,686.1,683.8,1.2,,,无
1990-11-26,52645.0,青海,野牛沟,38.41666666666666,99.58333333333331,3180.0,1990,11,26,0.0,无,-13.3,1.5,-22.1,0.64,0.26,683.3,686.3,680.3,0.9,,,无
1990-11-27,52645.0,青海,野牛沟,38.41666666666666,99.58333333333331,3180.0,1990,11,27,0.0,无,-12.0,2.5,-22.0,0.58,0.23,680.6,682.9,677.4,1.1,,,无
1990-11-28,52645.0,青海,野牛沟,38.41666666666666,99.58333333333331,3180.0,1990,11,28,0.0,无,-10.3,-0.6,-19.5,0.44,0.2,677.5,679.0,675.7,1.4,,,无
1990-11-29,52645.0,青海,野牛沟,38.41666666666666,99.58333333333331,3180.0,1990,11,29,0.0,无,-11.3,-3.2,-18.6,0.3,0.07,682.3,684.9,678.2,2.0,,,无
1990-11-30,52645.0,青海,野牛沟,38.41666666666666,99.58333333333331,3180.0,1990,11,30,0.0,无,-16.4,-4.2,-24.4,0.33,0.13,686.2,688.3,683.8,1.2,,,无
1990-12-01,52645.0,青海,野牛沟,38.41666666666666,99.58333333333331,3180.0,1990,12,1,0.0,无,-18.1,-4.5,-27.1,0.42,0.21,682.0,684.4,679.7,0.6,,,无
1990-12-02,52645.0,青海,野牛沟,38.41666666666666,99.58333333333331,3180.0,1990,12,2,0.0,无,-17.9,-7.0,-26.5,0.4,0.17,682.1,682.8,680.5,1.0,,,无
1990-12-03,52645.0,青海,野牛沟,38.41666666666666,99.58333333333331,3180.0,1990,12,3,0.0,无,-19.1,-5.8,-27.8,0.38,0.12,684.9,686.1,682.8,1.1,,,无
1990-12-04,52645.0,青海,野牛沟,38.41666666666666,99.58333333333331,3180.0,1990,12,4,0.0,无,-18.4,-4.2,-28.0,0.37,0.11,686.6,687.9,684.8,1.1,,,无
1990-12-05,52645.0,青海,野牛沟,38.41666666666666,99.58333333333331,3180.0,1990,12,5,0.0,无,-16.1,-1.6,-25.0,0.43,0.16,684.9,687.0,682.1,1.0,,,无
1990-12-06,52645.0,青海,野牛沟,38.41666666666666,99.58333333333331,3180.0,1990,12,6,0.0,无,-14.5,-0.8,-23.8,0.39,0.17,683.5,685.2,681.6,1.1,,,无
1990-12-07,52645.0,青海,野牛沟,38.41666666666666,99.58333333333331,3180.0,1990,12,7,0.0,无,-15.6,0.0,-23.9,0.49,0.19,682.6,684.1,679.8,1.3,,,无
1990-12-08,52645.0,青海,野牛沟,38.41666666666666,99.58333333333331,3180.0,1990,12,8,0.0,无,-16.0,-1.5,-25.7,0.42,0.21,682.0,683.9,678.9,1.2,,,无
1990-12-09,52645.0,青海,野牛沟,38.41666666666666,99.58333333333331,3180.0,1990,12,9,0.0,无,-13.5,-0.4,-22.4,0.46,0.23,679.9,681.0,678.0,1.0,,,无
1990-12-10,52645.0,青海,野牛沟,38.41666666666666,99.58333333333331,3180.0,1990,12,10,0.0,无,-13.8,-0.2,-22.4,0.47,0.24,681.0,682.9,678.8,0.8,,,无
1990-12-11,52645.0,青海,野牛沟,38.41666666666666,99.58333333333331,3180.0,1990,12,11,0.0,无,-13.8,-0.8,-21.5,0.5,0.25,680.8,681.9,679.0,1.0,,,无
1990-12-12,52645.0,青海,野牛沟,38.41666666666666,99.58333333333331,3180.0,1990,12,12,0.0,无,-13.7,-1.3,-22.0,0.47,0.23,680.9,682.3,679.2,1.1,,,无
1990-12-13,52645.0,青海,野牛沟,38.41666666666666,99.58333333333331,3180.0,1990,12,13,0.0,无,-14.3,-1.7,-23.8,0.39,0.15,679.2,681.1,677.5,1.3,,,无
1990-12-14,52645.0,青海,野牛沟,38.41666666666666,99.58333333333331,3180.0,1990,12,14,0.0,无,-15.0,-2.7,-22.4,0.45,0.19,678.2,680.3,675.1,0.8,,,无
1990-12-15,52645.0,青海,野牛沟,38.41666666666666,99.58333333333331,3180.0,1990,12,15,0.0,无,-17.3,-4.5,-24.9,0.3,0.18,677.4,678.8,674.8,0.5,,,无
1990-12-16,52645.0,青海,野牛沟,38.41666666666666,99.58333333333331,3180.0,1990,12,16,0.0,无,-16.8,-2.6,-25.2,0.3,0.16,679.3,680.8,676.1,0.8,,,无
1990-12-17,52645.0,青海,野牛沟,38.41666666666666,99.58333333333331,3180.0,1990,12,17,0.0,无,-15.1,-2.0,-23.6,0.32,0.17,679.0,681.0,675.8,0.7,,,无
1990-12-18,52645.0,青海,野牛沟,38.41666666666666,99.58333333333331,3180.0,1990,12,18,0.0,无,-12.5,2.2,-21.0,0.39,0.16,675.9,677.7,672.4,1.3,,,无
1990-12-19,52645.0,青海,野牛沟,38.41666666666666,99.58333333333331,3180.0,1990,12,19,0.0,无,-12.4,-1.2,-21.8,0.23,0.1,679.0,680.5,675.2,1.3,,,无
1990-12-20,52645.0,青海,野牛沟,38.41666666666666,99.58333333333331,3180.0,1990,12,20,0.0,无,-14.9,-1.5,-24.3,0.25,0.15,678.3,680.8,674.6,1.3,,,无
1990-12-21,52645.0,青海,野牛沟,38.41666666666666,99.58333333333331,3180.0,1990,12,21,0.0,无,-15.5,-4.4,-24.1,0.29,0.17,681.7,683.0,677.9,0.9,,,无
1990-12-22,52645.0,青海,野牛沟,38.41666666666666,99.58333333333331,3180.0,1990,12,22,0.0,无,-16.7,-4.0,-25.3,0.28,0.17,682.1,683.6,680.1,0.6,,,无
1990-12-23,52645.0,青海,野牛沟,38.41666666666666,99.58333333333331,3180.0,1990,12,23,0.0,无,-17.1,-1.2,-25.8,0.26,0.16,680.0,682.5,676.4,0.9,,,无
1990-12-24,52645.0,青海,野牛沟,38.41666666666666,99.58333333333331,3180.0,1990,12,24,0.0,无,-16.0,-2.3,-23.8,0.26,0.16,678.2,679.7,676.8,0.8,,,无
1990-12-25,52645.0,青海,野牛沟,38.41666666666666,99.58333333333331,3180.0,1990,12,25,0.0,无,-18.0,-2.0,-27.3,0.23,0.12,678.5,680.7,676.1,0.8,,,无
1990-12-26,52645.0,青海,野牛沟,38.41666666666666,99.58333333333331,3180.0,1990,12,26,0.0,无,-15.7,-4.8,-24.4,0.41,0.18,677.0,678.4,675.8,0.5,,,无
1990-12-27,52645.0,青海,野牛沟,38.41666666666666,99.58333333333331,3180.0,1990,12,27,0.0,无,-15.6,-1.0,-23.9,0.36,0.17,678.0,679.0,675.8,0.8,,,无
1990-12-28,52645.0,青海,野牛沟,38.41666666666666,99.58333333333331,3180.0,1990,12,28,0.0,无,-15.4,0.4,-24.7,0.25,0.14,675.9,677.3,673.9,1.2,,,无
1990-12-29,52645.0,青海,野牛沟,38.41666666666666,99.58333333333331,3180.0,1990,12,29,0.0,无,-14.1,1.0,-23.9,0.28,0.16,674.9,676.9,671.8,1.0,,,无
1990-12-30,52645.0,青海,野牛沟,38.41666666666666,99.58333333333331,3180.0,1990,12,30,0.0,无,-15.2,-6.9,-22.0,0.33,0.18,673.3,674.9,671.8,1.0,,,无
1990-12-31,52645.0,青海,野牛沟,38.41666666666666,99.58333333333331,3180.0,1990,12,31,0.6,normal,-14.9,-10.7,-19.4,0.38,0.27,675.3,676.7,673.9,0.1,,-16.945980296218274,Snow
1991-01-01,52645.0,青海,野牛沟,38.41666666666666,99.58333333333331,3320.0,1991,1,1,0.3,normal,-19.0,-12.1,-26.5,0.47,0.38,675.4,677.1,673.4,0.4,,-20.3192372307742,Snow
1991-01-02,52645.0,青海,野牛沟,38.41666666666666,99.58333333333331,3320.0,1991,1,2,0.0,无,-20.9,-12.1,-28.1,0.44,0.35,675.1,676.7,673.5,0.3,,,无
1991-01-03,52645.0,青海,野牛沟,38.41666666666666,99.58333333333331,3320.0,1991,1,3,0.0,无,-19.6,-11.7,-28.2,0.42,0.34,675.6,677.3,674.6,1.0,,,无
1991-01-04,52645.0,青海,野牛沟,38.41666666666666,99.58333333333331,3320.0,1991,1,4,0.0,无,-19.0,-7.3,-29.4,0.38,0.22,675.7,678.1,674.1,0.9,,,无
1991-01-05,52645.0,青海,野牛沟,38.41666666666666,99.58333333333331,3320.0,1991,1,5,0.0,无,-19.4,-6.7,-28.0,0.36,0.24,673.9,675.2,672.2,1.0,,,无
1991-01-06,52645.0,青海,野牛沟,38.41666666666666,99.58333333333331,3320.0,1991,1,6,0.0,无,-19.4,-5.5,-28.0,0.35,0.2,675.1,676.2,673.6,0.4,,,无
1991-01-07,52645.0,青海,野牛沟,38.41666666666666,99.58333333333331,3320.0,1991,1,7,0.0,无,-17.9,-5.9,-26.3,0.36,0.25,677.0,678.5,675.2,0.8,,,无
1991-01-08,52645.0,青海,野牛沟,38.41666666666666,99.58333333333331,3320.0,1991,1,8,0.0,无,-17.8,-4.7,-27.0,0.37,0.24,675.6,678.1,672.5,0.7,,,无
1991-01-09,52645.0,青海,野牛沟,38.41666666666666,99.58333333333331,3320.0,1991,1,9,0.0,无,-15.7,-5.3,-23.2,0.39,0.25,674.7,676.7,672.7,1.1,,,无
1991-01-10,52645.0,青海,野牛沟,38.41666666666666,99.58333333333331,3320.0,1991,1,10,0.8,normal,-14.1,-10.1,-18.9,0.44,0.28,675.0,676.1,673.5,0.1,,-16.04332051915363,Snow
1991-01-11,52645.0,青海,野牛沟,38.41666666666666,99.58333333333331,3320.0,1991,1,11,0.0,无,-19.5,-8.6,-27.8,0.36,0.23,675.5,676.8,674.6,0.7,,,无
1991-01-12,52645.0,青海,野牛沟,38.41666666666666,99.58333333333331,3320.0,1991,1,12,0.0,无,-21.3,-8.6,-29.0,0.39,0.29,675.9,677.4,674.3,0.9,,,无
1991-01-13,52645.0,青海,野牛沟,38.41666666666666,99.58333333333331,3320.0,1991,1,13,0.0,无,-20.6,-12.8,-26.5,0.41,0.35,677.6,679.9,675.7,0.3,,,无
1991-01-14,52645.0,青海,野牛沟,38.41666666666666,99.58333333333331,3320.0,1991,1,14,0.0,无,-21.3,-9.9,-28.9,0.4,0.28,681.3,683.4,679.6,0.4,,,无
1991-01-15,52645.0,青海,野牛沟,38.41666666666666,99.58333333333331,3320.0,1991,1,15,0.0,无,-21.6,-7.6,-30.0,0.37,0.23,679.7,681.4,678.4,0.7,,,无
1991-01-16,52645.0,青海,野牛沟,38.41666666666666,99.58333333333331,3320.0,1991,1,16,0.0,无,-20.6,-7.2,-28.7,0.36,0.24,679.5,681.3,676.9,0.7,,,无
1991-01-17,52645.0,青海,野牛沟,38.41666666666666,99.58333333333331,3320.0,1991,1,17,0.0,无,-20.8,-7.6,-29.3,0.35,0.23,677.0,679.2,674.9,1.0,,,无
1991-01-18,52645.0,青海,野牛沟,38.41666666666666,99.58333333333331,3320.0,1991,1,18,0.0,无,-18.3,-4.9,-27.8,0.3,0.16,676.3,678.1,674.0,0.5,,,无
1991-01-19,52645.0,青海,野牛沟,38.41666666666666,99.58333333333331,3320.0,1991,1,19,0.0,无,-16.2,-5.1,-26.4,0.36,0.24,674.8,676.3,672.4,0.9,,,无
1991-01-20,52645.0,青海,野牛沟,38.41666666666666,99.58333333333331,3320.0,1991,1,20,0.1,normal,-13.9,-8.1,-17.6,0.36,0.24,673.9,675.1,672.4,0.6,,-16.1579878514248,Snow
1991-01-21,52645.0,青海,野牛沟,38.41666666666666,99.58333333333331,3320.0,1991,1,21,0.0,无,-18.5,-9.7,-26.5,0.43,0.3,676.1,677.6,674.2,0.5,,,无
1991-01-22,52645.0,青海,野牛沟,38.41666666666666,99.58333333333331,3320.0,1991,1,22,0.0,无,-20.4,-8.1,-29.5,0.41,0.25,676.0,677.4,673.4,0.6,,,无
1991-01-23,52645.0,青海,野牛沟,38.41666666666666,99.58333333333331,3320.0,1991,1,23,0.1,normal,-14.7,-11.0,-20.9,0.32,0.24,674.6,675.9,673.7,0.4,,-16.979209783699275,Snow
1991-01-24,52645.0,青海,野牛沟,38.41666666666666,99.58333333333331,3320.0,1991,1,24,0.0,无,-19.4,-11.6,-28.3,0.36,0.28,675.5,676.1,674.3,0.5,,,无
1991-01-25,52645.0,青海,野牛沟,38.41666666666666,99.58333333333331,3320.0,1991,1,25,0.0,无,-19.7,-9.4,-29.3,0.37,0.27,675.4,676.2,673.4,0.6,,,无
1991-01-26,52645.0,青海,野牛沟,38.41666666666666,99.58333333333331,3320.0,1991,1,26,0.0,无,-17.5,-6.8,-27.3,0.4,0.26,676.8,678.5,675.7,0.6,,,无
1991-01-27,52645.0,青海,野牛沟,38.41666666666666,99.58333333333331,3320.0,1991,1,27,0.0,无,-12.1,-1.2,-22.4,0.37,0.2,677.2,678.4,676.1,1.6,,,无
1991-01-28,52645.0,青海,野牛沟,38.41666666666666,99.58333333333331,3320.0,1991,1,28,0.0,无,-11.2,1.5,-21.0,0.35,0.22,677.2,679.4,674.3,1.4,,,无
1991-01-29,52645.0,青海,野牛沟,38.41666666666666,99.58333333333331,3320.0,1991,1,29,0.0,无,-12.6,-4.9,-20.2,0.43,0.3,676.3,677.0,674.9,0.6,,,无
1991-01-30,52645.0,青海,野牛沟,38.41666666666666,99.58333333333331,3320.0,1991,1,30,0.0,无,-8.9,-5.1,-11.6,0.55,0.3,679.1,680.8,676.9,0.5,,,无
1991-01-31,52645.0,青海,野牛沟,38.41666666666666,99.58333333333331,3320.0,1991,1,31,0.1,normal,-14.2,-4.8,-20.3,0.47,0.28,679.9,681.2,678.1,0.7,,-16.015879758508774,Snow
1991-02-01,52645.0,青海,野牛沟,38.41666666666666,99.58333333333331,3320.0,1991,2,1,0.0,无,-17.2,-5.5,-26.1,0.57,0.24,677.1,679.0,674.6,1.0,,,无
1991-02-02,52645.0,青海,野牛沟,38.41666666666666,99.58333333333331,3320.0,1991,2,2,0.0,无,-17.5,-6.4,-26.9,0.49,0.17,676.5,677.3,674.5,1.0,,,无
1991-02-03,52645.0,青海,野牛沟,38.41666666666666,99.58333333333331,3320.0,1991,2,3,0.0,无,-18.7,-7.1,-29.3,0.45,0.22,677.4,678.4,675.0,1.0,,,无
1991-02-04,52645.0,青海,野牛沟,38.41666666666666,99.58333333333331,3320.0,1991,2,4,0.0,无,-17.6,-6.1,-27.0,0.45,0.2,676.9,679.2,674.1,1.3,,,无
1991-02-05,52645.0,青海,野牛沟,38.41666666666666,99.58333333333331,3320.0,1991,2,5,0.0,无,-17.1,-6.6,-26.1,0.54,0.28,673.9,675.8,671.7,0.8,,,无
1991-02-06,52645.0,青海,野牛沟,38.41666666666666,99.58333333333331,3320.0,1991,2,6,0.0,无,-15.4,-0.8,-24.9,0.44,0.16,674.0,674.6,672.9,1.7,,,无
1991-02-07,52645.0,青海,野牛沟,38.41666666666666,99.58333333333331,3320.0,1991,2,7,0.0,无,-14.7,-1.5,-24.0,0.43,0.17,674.6,677.1,671.8,1.0,,,无
1991-02-08,52645.0,青海,野牛沟,38.41666666666666,99.58333333333331,3320.0,1991,2,8,0.0,无,-10.5,-3.6,-16.6,0.43,0.26,673.6,675.5,672.5,1.2,,,无
1991-02-09,52645.0,青海,野牛沟,38.41666666666666,99.58333333333331,3320.0,1991,2,9,0.0,无,-11.0,-3.5,-19.7,0.33,0.14,673.4,674.5,671.7,1.3,,,无
1991-02-10,52645.0,青海,野牛沟,38.41666666666666,99.58333333333331,3320.0,1991,2,10,0.0,无,-14.5,-1.5,-23.9,0.42,0.17,673.5,675.5,670.8,1.5,,,无
1991-02-11,52645.0,青海,野牛沟,38.41666666666666,99.58333333333331,3320.0,1991,2,11,0.0,无,-12.0,1.1,-21.0,0.42,0.18,673.0,675.2,670.6,0.7,,,无
1991-02-12,52645.0,青海,野牛沟,38.41666666666666,99.58333333333331,3320.0,1991,2,12,0.0,无,-8.7,3.4,-18.5,0.47,0.19,670.6,672.4,668.1,1.6,,,无
1991-02-13,52645.0,青海,野牛沟,38.41666666666666,99.58333333333331,3320.0,1991,2,13,0.2,normal,-9.5,-2.0,-12.4,0.57,0.33,670.9,674.6,669.1,0.9,,-11.468012391342569,Snow
1991-02-14,52645.0,青海,野牛沟,38.41666666666666,99.58333333333331,3320.0,1991,2,14,0.0,无,-16.1,-1.1,-26.9,0.57,0.17,676.1,678.6,672.5,0.9,,,无
1991-02-15,52645.0,青海,野牛沟,38.41666666666666,99.58333333333331,3320.0,1991,2,15,0.0,无,-10.2,-2.0,-20.0,0.39,0.21,672.2,674.3,670.3,1.3,,,无
1991-02-16,52645.0,青海,野牛沟,38.41666666666666,99.58333333333331,3320.0,1991,2,16,0.0,无,-10.1,-3.0,-15.0,0.5,0.31,673.1,675.6,671.1,1.3,,,无
1991-02-17,52645.0,青海,野牛沟,38.41666666666666,99.58333333333331,3320.0,1991,2,17,0.0,无,-11.4,-5.3,-15.5,0.49,0.35,674.6,676.5,672.9,1.2,,,无
1991-02-18,52645.0,青海,野牛沟,38.41666666666666,99.58333333333331,3320.0,1991,2,18,0.0,无,-10.3,-5.1,-12.7,0.42,0.33,675.9,677.2,673.5,1.5,,,无
1991-02-19,52645.0,青海,野牛沟,38.41666666666666,99.58333333333331,3320.0,1991,2,19,0.1,normal,-12.4,-6.9,-15.0,0.6,0.27,678.7,679.9,676.4,0.8,,-13.929092767970332,Snow
1991-02-20,52645.0,青海,野牛沟,38.41666666666666,99.58333333333331,3320.0,1991,2,20,0.0,无,-14.2,-2.9,-24.8,0.39,0.14,681.2,682.4,679.5,1.5,,,无
1991-02-21,52645.0,青海,野牛沟,38.41666666666666,99.58333333333331,3320.0,1991,2,21,0.0,无,-11.9,-6.8,-15.8,0.36,0.15,682.3,686.1,679.8,1.3,,,无
1991-02-22,52645.0,青海,野牛沟,38.41666666666666,99.58333333333331,3320.0,1991,2,22,0.0,无,-14.5,-2.1,-24.4,0.47,0.14,685.4,687.9,682.6,1.4,,,无
1991-02-23,52645.0,青海,野牛沟,38.41666666666666,99.58333333333331,3320.0,1991,2,23,0.0,无,-11.8,2.0,-22.9,0.33,0.09,682.0,683.6,679.8,2.1,,,无
1991-02-24,52645.0,青海,野牛沟,38.41666666666666,99.58333333333331,3320.0,1991,2,24,0.0,无,-11.2,3.0,-22.4,0.33,0.1,680.8,682.1,678.6,2.2,,,无
1991-02-25,52645.0,青海,野牛沟,38.41666666666666,99.58333333333331,3320.0,1991,2,25,0.0,无,-9.0,6.0,-21.5,0.33,0.1,677.5,680.0,673.7,2.2,,,无
1991-02-26,52645.0,青海,野牛沟,38.41666666666666,99.58333333333331,3320.0,1991,2,26,0.0,无,-8.2,1.2,-17.5,0.32,0.13,676.1,677.4,673.8,2.2,,,无
1991-02-27,52645.0,青海,野牛沟,38.41666666666666,99.58333333333331,3320.0,1991,2,27,0.1,normal,-10.6,-3.3,-16.5,0.54,0.2,677.3,678.3,675.1,0.9,,-12.565896902585457,Snow
1991-02-28,52645.0,青海,野牛沟,38.41666666666666,99.58333333333331,3320.0,1991,2,28,0.2,normal,-10.9,-4.9,-17.1,0.76,0.4,677.8,678.4,676.4,0.6,,-11.897552647524915,Snow
1991-03-01,52645.0,青海,野牛沟,38.41666666666666,99.58333333333331,3320.0,1991,3,1,0.0,无,-12.5,-0.7,-22.1,0.48,0.22,678.3,679.7,677.3,1.4,,,无
1991-03-02,52645.0,青海,野牛沟,38.41666666666666,99.58333333333331,3320.0,1991,3,2,0.0,无,-10.9,2.5,-22.0,0.38,0.11,678.5,680.4,675.5,1.9,,,无
1991-03-03,52645.0,青海,野牛沟,38.41666666666666,99.58333333333331,3320.0,1991,3,3,0.0,无,-7.7,6.5,-20.5,0.31,0.08,675.2,677.3,672.5,2.6,,,无
1991-03-04,52645.0,青海,野牛沟,38.41666666666666,99.58333333333331,3320.0,1991,3,4,0.0,无,-3.1,5.7,-9.5,0.25,0.1,674.3,675.5,672.9,3.0,,,无
1991-03-05,52645.0,青海,野牛沟,38.41666666666666,99.58333333333331,3320.0,1991,3,5,0.0,无,-5.2,6.8,-17.3,0.34,0.13,672.1,676.1,668.2,2.2,,,无
1991-03-06,52645.0,青海,野牛沟,38.41666666666666,99.58333333333331,3320.0,1991,3,6,0.2,normal,-8.0,2.1,-12.9,0.53,0.22,670.1,673.2,668.0,1.4,,-10.345544175456943,Snow
1991-03-07,52645.0,青海,野牛沟,38.41666666666666,99.58333333333331,3320.0,1991,3,7,0.1,normal,-11.7,-4.4,-19.0,0.56,0.35,674.6,675.5,672.9,1.0,,-13.465170772135039,Snow
1991-03-08,52645.0,青海,野牛沟,38.41666666666666,99.58333333333331,3320.0,1991,3,8,0.0,无,-8.3,4.0,-22.0,0.46,0.19,671.2,674.6,667.8,2.5,,,无
1991-03-09,52645.0,青海,野牛沟,38.41666666666666,99.58333333333331,3320.0,1991,3,9,1.4,normal,-7.0,6.0,-14.8,0.61,0.24,670.5,673.1,667.9,1.1,,-9.043045885464242,Snow
1991-03-10,52645.0,青海,野牛沟,38.41666666666666,99.58333333333331,3320.0,1991,3,10,1.2,normal,-8.2,-1.5,-13.9,0.68,0.5,675.8,677.0,673.1,1.6,,-9.75725990769853,Snow
1991-03-11,52645.0,青海,野牛沟,38.41666666666666,99.58333333333331,3320.0,1991,3,11,0.1,normal,-8.0,0.6,-13.9,0.51,0.24,675.5,677.0,674.0,1.8,,-10.435153690293223,Snow
1991-03-12,52645.0,青海,野牛沟,38.41666666666666,99.58333333333331,3320.0,1991,3,12,0.0,无,-6.5,4.4,-17.5,0.38,0.08,676.5,678.0,674.2,2.4,,,无
1991-03-13,52645.0,青海,野牛沟,38.41666666666666,99.58333333333331,3320.0,1991,3,13,0.0,无,-5.5,7.3,-17.8,0.37,0.08,675.7,678.2,672.2,3.8,,,无
1991-03-14,52645.0,青海,野牛沟,38.41666666666666,99.58333333333331,3320.0,1991,3,14,0.1,normal,-6.0,1.2,-9.3,0.58,0.16,678.1,679.5,673.2,2.0,,-8.306375975615016,Snow
1991-03-15,52645.0,青海,野牛沟,38.41666666666666,99.58333333333331,3320.0,1991,3,15,0.2,normal,-9.0,3.5,-19.0,0.5,0.08,681.7,683.1,679.5,2.0,,-11.336958731526149,Snow
1991-03-16,52645.0,青海,野牛沟,38.41666666666666,99.58333333333331,3320.0,1991,3,16,0.0,无,-7.1,5.1,-16.6,0.43,0.08,681.5,682.8,679.4,2.6,,,无
1991-03-17,52645.0,青海,野牛沟,38.41666666666666,99.58333333333331,3320.0,1991,3,17,0.0,无,-4.4,9.1,-15.5,0.33,0.07,679.9,681.3,677.3,3.3,,,无
1991-03-18,52645.0,青海,野牛沟,38.41666666666666,99.58333333333331,3320.0,1991,3,18,0.0,无,-0.4,13.3,-12.9,0.29,0.02,678.3,681.1,674.9,4.4,,,无
1991-03-19,52645.0,青海,野牛沟,38.41666666666666,99.58333333333331,3320.0,1991,3,19,0.0,无,-1.0,9.4,-9.7,0.3,0.02,675.1,676.0,673.4,3.5,,,无
1991-03-20,52645.0,青海,野牛沟,38.41666666666666,99.58333333333331,3320.0,1991,3,20,0.0,无,-2.2,5.5,-6.7,0.48,0.33,677.8,678.4,675.6,2.2,,,无
1991-03-21,52645.0,青海,野牛沟,38.41666666666666,99.58333333333331,3320.0,1991,3,21,4.8,normal,-2.5,7.5,-7.8,0.55,0.19,678.6,680.4,675.6,2.2,,-5.444347493994539,Snow
1991-03-22,52645.0,青海,野牛沟,38.41666666666666,99.58333333333331,3320.0,1991,3,22,0.0,无,1.1,9.9,-5.5,0.35,0.13,673.9,676.3,670.3,4.0,,,无
1991-03-23,52645.0,青海,野牛沟,38.41666666666666,99.58333333333331,3320.0,1991,3,23,0.0,无,-1.5,8.9,-9.3,0.52,0.13,675.9,676.9,672.5,3.1,,,无
1991-03-24,52645.0,青海,野牛沟,38.41666666666666,99.58333333333331,3320.0,1991,3,24,0.2,normal,-0.6,6.0,-5.4,0.57,0.33,674.9,676.8,671.8,2.0,,-3.6735169347812713,Snow
1991-03-25,52645.0,青海,野牛沟,38.41666666666666,99.58333333333331,3320.0,1991,3,25,2.1,normal,-3.3,2.0,-7.6,0.7,0.41,669.8,672.8,666.8,0.4,,-5.179297598254187,Snow
1991-03-26,52645.0,青海,野牛沟,38.41666666666666,99.58333333333331,3320.0,1991,3,26,1.0,normal,-11.5,-2.5,-19.0,0.6,0.3,675.9,677.4,671.5,1.0,,-13.119131796625428,Snow
1991-03-27,52645.0,青海,野牛沟,38.41666666666666,99.58333333333331,3320.0,1991,3,27,0.0,无,-7.1,-2.0,-10.9,0.43,0.21,677.1,678.0,675.8,2.7,,,无
1991-03-28,52645.0,青海,野牛沟,38.41666666666666,99.58333333333331,3320.0,1991,3,28,2.3,normal,-8.2,-3.2,-13.2,0.56,0.34,678.3,679.5,676.5,1.8,,-10.350628745450482,Snow
1991-03-29,52645.0,青海,野牛沟,38.41666666666666,99.58333333333331,3320.0,1991,3,29,0.0,无,-7.7,-1.9,-11.6,0.53,0.26,680.1,681.1,678.8,2.8,,,无
1991-03-30,52645.0,青海,野牛沟,38.41666666666666,99.58333333333331,3320.0,1991,3,30,0.0,无,-10.3,-0.6,-18.3,0.49,0.21,681.2,682.2,678.7,2.2,,,无
1991-03-31,52645.0,青海,野牛沟,38.41666666666666,99.58333333333331,3320.0,1991,3,31,0.0,无,-7.7,1.1,-15.5,0.45,0.19,682.6,684.4,681.1,2.1,,,无
1991-04-01,52645.0,青海,野牛沟,38.41666666666666,99.58333333333331,3320.0,1991,4,1,0.0,无,-5.8,6.5,-15.5,0.34,0.04,681.3,682.5,679.1,3.6,,,无
1991-04-02,52645.0,青海,野牛沟,38.41666666666666,99.58333333333331,3320.0,1991,4,2,0.0,无,-3.5,7.5,-12.9,0.41,0.14,680.0,681.8,676.5,3.6,,,无
1991-04-03,52645.0,青海,野牛沟,38.41666666666666,99.58333333333331,3320.0,1991,4,3,0.0,无,-1.3,9.9,-10.0,0.39,0.18,679.8,682.1,677.3,4.7,,,无
1991-04-04,52645.0,青海,野牛沟,38.41666666666666,99.58333333333331,3320.0,1991,4,4,0.0,无,-2.0,5.0,-8.2,0.58,0.32,680.9,681.8,678.7,2.3,,,无
1991-04-05,52645.0,青海,野牛沟,38.41666666666666,99.58333333333331,3320.0,1991,4,5,0.0,无,-0.4,7.8,-7.6,0.52,0.14,679.7,681.9,676.2,3.4,,,无
1991-04-06,52645.0,青海,野牛沟,38.41666666666666,99.58333333333331,3320.0,1991,4,6,0.0,无,-0.3,12.3,-10.2,0.38,0.06,675.8,678.0,672.0,4.6,,,无
1991-04-07,52645.0,青海,野牛沟,38.41666666666666,99.58333333333331,3320.0,1991,4,7,0.0,无,-0.8,12.3,-10.1,0.48,0.1,676.1,677.6,673.0,4.4,,,无
1991-04-08,52645.0,青海,野牛沟,38.41666666666666,99.58333333333331,3320.0,1991,4,8,0.0,无,-0.1,13.1,-9.5,0.55,0.12,674.3,676.8,670.7,4.2,,,无
1991-04-09,52645.0,青海,野牛沟,38.41666666666666,99.58333333333331,3320.0,1991,4,9,0.0,无,3.6,14.0,-3.7,0.41,0.04,672.1,674.9,668.7,5.8,,,无
1991-04-10,52645.0,青海,野牛沟,38.41666666666666,99.58333333333331,3320.0,1991,4,10,0.0,无,-0.1,5.5,-2.5,0.55,0.22,670.9,673.1,668.6,3.2,,,无
1991-04-11,52645.0,青海,野牛沟,38.41666666666666,99.58333333333331,3320.0,1991,4,11,0.6,normal,-4.9,-1.0,-6.4,0.75,0.45,674.9,676.7,673.4,1.2,,-6.337649906301288,Snow
1991-04-12,52645.0,青海,野牛沟,38.41666666666666,99.58333333333331,3320.0,1991,4,12,0.4,normal,-5.8,3.5,-13.9,0.52,0.21,677.1,678.9,674.6,1.8,,-8.476972120263987,Snow
1991-04-13,52645.0,青海,野牛沟,38.41666666666666,99.58333333333331,3320.0,1991,4,13,0.1,normal,-2.8,6.1,-10.9,0.47,0.09,676.3,677.7,674.7,4.0,,-6.2503530228426785,Snow
1991-04-14,52645.0,青海,野牛沟,38.41666666666666,99.58333333333331,3320.0,1991,4,14,0.0,无,-0.3,12.6,-12.0,0.4,0.04,676.1,678.6,673.1,4.7,,,无
1991-04-15,52645.0,青海,野牛沟,38.41666666666666,99.58333333333331,3320.0,1991,4,15,3.1,normal,2.4,9.7,-1.7,0.4,0.14,672.3,674.0,669.6,3.1,,-2.594964443643719,Snow
1991-04-16,52645.0,青海,野牛沟,38.41666666666666,99.58333333333331,3320.0,1991,4,16,1.8,normal,-2.4,0.7,-4.6,0.74,0.5,673.8,677.2,671.4,0.0,,-4.086328196606686,Snow
1991-04-17,52645.0,青海,野牛沟,38.41666666666666,99.58333333333331,3320.0,1991,4,17,0.8,normal,-4.4,1.3,-10.2,0.6,0.36,679.5,680.2,677.1,2.4,,-6.775393415536768,Snow
1991-04-18,52645.0,青海,野牛沟,38.41666666666666,99.58333333333331,3320.0,1991,4,18,0.0,无,-2.3,2.1,-6.2,0.62,0.38,681.3,682.3,680.2,2.2,,,无
1991-04-19,52645.0,青海,野牛沟,38.41666666666666,99.58333333333331,3320.0,1991,4,19,0.2,normal,-3.7,2.4,-7.4,0.58,0.36,683.0,684.1,681.0,2.1,,-6.2775299720971,Snow
1991-04-20,52645.0,青海,野牛沟,38.41666666666666,99.58333333333331,3320.0,1991,4,20,0.1,normal,-3.5,2.4,-7.4,0.66,0.38,682.7,683.7,680.9,1.9,,-5.593393350196911,Snow
1991-04-21,52645.0,青海,野牛沟,38.41666666666666,99.58333333333331,3320.0,1991,4,21,0.7,normal,-4.6,-1.6,-5.9,0.73,0.46,682.8,683.0,681.8,1.2,,-6.167091866433743,Snow
1991-04-22,52645.0,青海,野牛沟,38.41666666666666,99.58333333333331,3320.0,1991,4,22,0.0,无,-4.9,3.0,-12.2,0.44,0.22,682.6,684.0,680.7,2.9,,,无
1991-04-23,52645.0,青海,野牛沟,38.41666666666666,99.58333333333331,3320.0,1991,4,23,0.0,无,-1.1,6.5,-8.7,0.44,0.13,681.5,682.4,680.1,4.8,,,无
1991-04-24,52645.0,青海,野牛沟,38.41666666666666,99.58333333333331,3320.0,1991,4,24,0.0,无,-1.2,8.0,-10.1,0.4,0.07,681.7,682.3,680.1,5.3,,,无
1991-04-25,52645.0,青海,野牛沟,38.41666666666666,99.58333333333331,3320.0,1991,4,25,0.0,无,-0.6,7.7,-8.2,0.46,0.12,682.8,684.6,680.1,4.1,,,无
1991-04-26,52645.0,青海,野牛沟,38.41666666666666,99.58333333333331,3320.0,1991,4,26,0.0,无,-0.2,8.7,-8.6,0.49,0.18,679.8,681.7,677.7,4.4,,,无
1991-04-27,52645.0,青海,野牛沟,38.41666666666666,99.58333333333331,3320.0,1991,4,27,0.0,无,0.4,11.1,-8.0,0.45,0.1,678.3,679.6,676.1,5.2,,,无
1991-04-28,52645.0,青海,野牛沟,38.41666666666666,99.58333333333331,3320.0,1991,4,28,0.7,normal,-2.4,4.0,-7.4,0.5,0.12,681.6,683.1,678.1,2.9,,-5.693553813524912,Snow
1991-04-29,52645.0,青海,野牛沟,38.41666666666666,99.58333333333331,3320.0,1991,4,29,0.0,无,-0.9,10.5,-11.2,0.37,0.07,680.7,683.8,676.8,5.2,,,无
1991-04-30,52645.0,青海,野牛沟,38.41666666666666,99.58333333333331,3320.0,1991,4,30,2.2,normal,-2.7,4.0,-5.9,0.73,0.22,680.5,680.9,678.5,0.8,,-4.419054083092306,Snow
1991-05-01,52645.0,青海,野牛沟,38.41666666666666,99.58333333333331,3320.0,1991,5,1,0.0,无,-1.5,8.0,-9.7,0.57,0.3,678.2,681.4,674.7,3.4,,,无
1991-05-02,52645.0,青海,野牛沟,38.41666666666666,99.58333333333331,3320.0,1991,5,2,0.0,无,-0.3,5.8,-5.4,0.6,0.49,676.7,677.7,675.1,1.7,,,无
1991-05-03,52645.0,青海,野牛沟,38.41666666666666,99.58333333333331,3320.0,1991,5,3,0.1,normal,0.3,10.2,-6.6,0.64,0.28,677.1,679.3,673.2,2.5,,-2.351432064192438,Snow
1991-05-04,52645.0,青海,野牛沟,38.41666666666666,99.58333333333331,3320.0,1991,5,4,2.3,normal,0.5,5.5,-2.7,0.72,0.6,677.0,678.0,675.9,1.1,,-1.5613078155604088,Snow
1991-05-05,52645.0,青海,野牛沟,38.41666666666666,99.58333333333331,3320.0,1991,5,5,0.1,normal,0.4,9.3,-4.7,0.67,0.23,675.4,677.8,672.4,3.7,,-2.0359210497703417,Snow
1991-05-06,52645.0,青海,野牛沟,38.41666666666666,99.58333333333331,3320.0,1991,5,6,3.1,normal,-6.3,-0.8,-9.7,0.57,0.42,680.5,681.8,675.7,1.9,,-8.621037757473907,Snow
1991-05-07,52645.0,青海,野牛沟,38.41666666666666,99.58333333333331,3320.0,1991,5,7,0.0,无,-3.9,2.9,-8.9,0.4,0.12,682.9,683.9,680.9,3.9,,,无
1991-05-08,52645.0,青海,野牛沟,38.41666666666666,99.58333333333331,3320.0,1991,5,8,0.0,无,-2.6,7.5,-11.0,0.46,0.22,682.4,684.1,679.6,5.0,,,无
1991-05-09,52645.0,青海,野牛沟,38.41666666666666,99.58333333333331,3320.0,1991,5,9,0.0,无,-1.2,8.3,-9.4,0.47,0.2,681.2,682.3,678.9,5.0,,,无
1991-05-10,52645.0,青海,野牛沟,38.41666666666666,99.58333333333331,3320.0,1991,5,10,0.3,normal,-0.7,3.2,-2.7,0.64,0.32,682.7,683.6,680.6,2.6,,-3.2268322803147997,Snow
1991-05-11,52645.0,青海,野牛沟,38.41666666666666,99.58333333333331,3320.0,1991,5,11,0.0,无,0.9,11.4,-9.3,0.52,0.16,683.4,685.2,680.7,5.6,,,无
1991-05-12,52645.0,青海,野牛沟,38.41666666666666,99.58333333333331,3320.0,1991,5,12,0.0,无,2.2,10.6,-6.4,0.43,0.19,683.4,684.2,681.5,6.0,,,无
1991-05-13,52645.0,青海,野牛沟,38.41666666666666,99.58333333333331,3320.0,1991,5,13,0.0,无,2.8,11.2,-7.4,0.33,0.16,684.8,685.3,683.2,6.7,,,无
1991-05-14,52645.0,青海,野牛沟,38.41666666666666,99.58333333333331,3320.0,1991,5,14,0.0,无,3.6,12.6,-7.2,0.34,0.13,686.0,687.5,684.4,7.2,,,无
1991-05-15,52645.0,青海,野牛沟,38.41666666666666,99.58333333333331,3320.0,1991,5,15,0.1,normal,2.7,10.1,-4.4,0.53,0.16,685.1,685.7,684.3,5.0,,-1.1559576833181096,Snow
1991-05-16,52645.0,青海,野牛沟,38.41666666666666,99.58333333333331,3320.0,1991,5,16,1.4,normal,3.2,10.1,-2.4,0.61,0.33,684.5,686.1,682.0,4.3,,-0.031860890793589114,Snow
1991-05-17,52645.0,青海,野牛沟,38.41666666666666,99.58333333333331,3320.0,1991,5,17,0.0,无,4.3,14.5,-5.6,0.45,0.26,681.3,683.7,678.6,6.3,,,无
1991-05-18,52645.0,青海,野牛沟,38.41666666666666,99.58333333333331,3320.0,1991,5,18,0.0,无,6.4,19.1,-5.4,0.41,0.11,678.8,680.3,676.1,8.3,,,无
1991-05-19,52645.0,青海,野牛沟,38.41666666666666,99.58333333333331,3320.0,1991,5,19,0.0,无,6.2,17.7,-3.8,0.44,0.15,679.6,680.9,676.3,6.7,,,无
1991-05-20,52645.0,青海,野牛沟,38.41666666666666,99.58333333333331,3320.0,1991,5,20,0.0,无,8.5,19.2,-2.1,0.52,0.17,681.5,682.9,679.9,7.3,,,无
1991-05-21,52645.0,青海,野牛沟,38.41666666666666,99.58333333333331,3320.0,1991,5,21,0.3,normal,8.0,22.3,-0.8,0.48,0.19,679.7,682.8,673.6,11.0,,2.7143824969151575,Rain
1991-05-22,52645.0,青海,野牛沟,38.41666666666666,99.58333333333331,3320.0,1991,5,22,0.7,normal,6.9,16.1,2.1,0.68,0.34,676.6,678.4,673.5,4.7,,3.8718955565716184,Rain
1991-05-23,52645.0,青海,野牛沟,38.41666666666666,99.58333333333331,3320.0,1991,5,23,5.0,normal,3.0,8.4,-1.2,0.83,0.56,676.5,677.1,675.9,1.2,,1.6347112322102353,Snow
1991-05-24,52645.0,青海,野牛沟,38.41666666666666,99.58333333333331,3320.0,1991,5,24,0.0,无,4.1,12.3,-2.5,0.6,0.25,677.0,678.6,674.8,4.4,,,无
1991-05-25,52645.0,青海,野牛沟,38.41666666666666,99.58333333333331,3320.0,1991,5,25,0.0,无,5.5,12.9,-1.0,0.64,0.25,678.1,679.0,675.6,4.3,,,无
1991-05-26,52645.0,青海,野牛沟,38.41666666666666,99.58333333333331,3320.0,1991,5,26,0.0,无,5.6,14.1,-2.1,0.64,0.31,680.7,682.2,678.3,4.5,,,无
1991-05-27,52645.0,青海,野牛沟,38.41666666666666,99.58333333333331,3320.0,1991,5,27,2.3,normal,4.8,11.5,0.0,0.81,0.54,680.7,683.7,677.9,2.2,,3.168903444623541,Snow
1991-05-28,52645.0,青海,野牛沟,38.41666666666666,99.58333333333331,3320.0,1991,5,28,1.4,normal,6.0,14.2,1.7,0.75,0.42,680.7,681.4,677.7,5.1,,3.7395167054123,Rain
1991-05-29,52645.0,青海,野牛沟,38.41666666666666,99.58333333333331,3320.0,1991,5,29,0.0,无,7.0,15.7,2.0,0.65,0.28,682.1,683.6,679.8,5.3,,,无
1991-05-30,52645.0,青海,野牛沟,38.41666666666666,99.58333333333331,3320.0,1991,5,30,0.0,无,6.3,16.2,-1.8,0.69,0.34,679.9,682.6,677.1,4.2,,,无
1991-05-31,52645.0,青海,野牛沟,38.41666666666666,99.58333333333331,3320.0,1991,5,31,6.3,normal,4.5,8.3,2.5,0.83,0.57,680.1,680.4,678.3,0.9,,3.0599564109898614,Snow
1991-06-01,52645.0,青海,野牛沟,38.41666666666666,99.58333333333331,3320.0,1991,6,1,3.6,normal,1.3,4.6,0.3,0.91,0.72,682.9,684.2,680.3,1.0,,0.633154759912391,Snow
1991-06-02,52645.0,青海,野牛沟,38.41666666666666,99.58333333333331,3320.0,1991,6,2,0.2,normal,4.0,9.8,-1.7,0.55,0.23,685.3,686.9,683.9,5.5,,0.12120866736170743,Snow
1991-06-03,52645.0,青海,野牛沟,38.41666666666666,99.58333333333331,3320.0,1991,6,3,0.0,无,5.0,12.7,-3.8,0.6,0.3,683.2,684.5,681.4,4.2,,,无
1991-06-04,52645.0,青海,野牛沟,38.41666666666666,99.58333333333331,3320.0,1991,6,4,3.7,normal,4.5,10.9,0.6,0.75,0.34,683.7,684.5,681.4,3.7,,2.363056812312272,Rain
1991-06-05,52645.0,青海,野牛沟,38.41666666666666,99.58333333333331,3320.0,1991,6,5,0.9,normal,5.2,12.2,-2.5,0.68,0.34,684.4,685.9,682.7,3.9,,2.36537205037322,Rain
1991-06-06,52645.0,青海,野牛沟,38.41666666666666,99.58333333333331,3320.0,1991,6,6,1.0,normal,5.4,13.2,-1.5,0.68,0.31,681.8,684.7,679.9,3.8,,2.5394604582881586,Rain
1991-06-07,52645.0,青海,野牛沟,38.41666666666666,99.58333333333331,3320.0,1991,6,7,0.4,normal,6.2,16.6,-2.2,0.67,0.22,678.5,681.6,675.5,5.6,,3.1521146953067403,Rain
1991-06-08,52645.0,青海,野牛沟,38.41666666666666,99.58333333333331,3320.0,1991,6,8,1.7,normal,6.6,15.7,-0.6,0.66,0.34,678.1,679.9,676.8,4.8,,3.408826316672511,Rain
1991-06-09,52645.0,青海,野牛沟,38.41666666666666,99.58333333333331,3320.0,1991,6,9,5.0,normal,5.3,10.6,3.3,0.8,0.49,679.8,682.2,678.5,2.1,,3.5483594018266773,Rain
1991-06-10,52645.0,青海,野牛沟,38.41666666666666,99.58333333333331,3320.0,1991,6,10,0.2,normal,7.5,16.9,-2.1,0.59,0.21,680.5,681.8,678.4,6.0,,3.487030785105003,Rain
1991-06-11,52645.0,青海,野牛沟,38.41666666666666,99.58333333333331,3320.0,1991,6,11,2.3,normal,6.6,16.1,2.1,0.75,0.3,679.5,680.5,678.4,2.4,,4.28990066679082,Rain
1991-06-12,52645.0,青海,野牛沟,38.41666666666666,99.58333333333331,3320.0,1991,6,12,0.0,无,8.7,19.5,-0.5,0.62,0.24,679.3,680.9,676.4,6.8,,,无
1991-06-13,52645.0,青海,野牛沟,38.41666666666666,99.58333333333331,3320.0,1991,6,13,3.7,normal,9.9,14.4,6.6,0.7,0.37,680.4,681.2,677.3,3.6,,6.783091785468147,Rain
1991-06-14,52645.0,青海,野牛沟,38.41666666666666,99.58333333333331,3320.0,1991,6,14,1.8,normal,9.4,15.6,5.4,0.69,0.41,682.5,683.6,680.4,4.5,,6.227945682864093,Rain
1991-06-15,52645.0,青海,野牛沟,38.41666666666666,99.58333333333331,3320.0,1991,6,15,0.0,无,9.1,15.6,2.8,0.6,0.18,682.8,683.9,681.0,7.0,,,无
1991-06-16,52645.0,青海,野牛沟,38.41666666666666,99.58333333333331,3320.0,1991,6,16,0.6,normal,6.5,15.0,-1.6,0.68,0.31,682.7,684.8,680.1,4.6,,3.5258823843492637,Rain
1991-06-17,52645.0,青海,野牛沟,38.41666666666666,99.58333333333331,3320.0,1991,6,17,0.1,normal,7.6,13.6,2.7,0.68,0.39,679.7,681.5,677.7,4.3,,4.50419116904619,Rain
1991-06-18,52645.0,青海,野牛沟,38.41666666666666,99.58333333333331,3320.0,1991,6,18,0.0,无,6.5,14.1,-0.5,0.6,0.24,680.4,681.6,678.9,6.7,,,无
1991-06-19,52645.0,青海,野牛沟,38.41666666666666,99.58333333333331,3320.0,1991,6,19,0.0,无,8.4,18.7,-2.0,0.52,0.2,678.6,680.2,676.2,7.6,,,无
1991-06-20,52645.0,青海,野牛沟,38.41666666666666,99.58333333333331,3320.0,1991,6,20,0.4,normal,9.6,20.2,-0.1,0.62,0.32,678.7,680.8,676.5,6.7,,5.624780146226871,Rain
1991-06-21,52645.0,青海,野牛沟,38.41666666666666,99.58333333333331,3320.0,1991,6,21,11.3,normal,10.4,16.2,6.3,0.75,0.49,683.1,684.5,680.8,4.8,,7.791336382896934,Rain
1991-06-22,52645.0,青海,野牛沟,38.41666666666666,99.58333333333331,3320.0,1991,6,22,0.0,无,12.7,19.4,7.0,0.6,0.27,683.5,684.8,681.4,6.6,,,无
1991-06-23,52645.0,青海,野牛沟,38.41666666666666,99.58333333333331,3320.0,1991,6,23,0.0,无,11.6,20.7,2.0,0.59,0.27,680.6,682.2,678.6,7.9,,,无
1991-06-24,52645.0,青海,野牛沟,38.41666666666666,99.58333333333331,3320.0,1991,6,24,0.0,无,12.0,21.3,2.6,0.51,0.22,679.5,680.6,677.5,8.5,,,无
1991-06-25,52645.0,青海,野牛沟,38.41666666666666,99.58333333333331,3320.0,1991,6,25,0.0,无,15.0,22.3,5.9,0.42,0.17,678.8,679.9,676.5,8.4,,,无
1991-06-26,52645.0,青海,野牛沟,38.41666666666666,99.58333333333331,3320.0,1991,6,26,0.0,无,13.2,19.4,6.0,0.56,0.33,679.5,680.4,678.1,6.5,,,无
1991-06-27,52645.0,青海,野牛沟,38.41666666666666,99.58333333333331,3320.0,1991,6,27,2.3,normal,10.3,15.4,8.1,0.75,0.43,681.2,682.0,679.3,5.0,,7.696543872435417,Rain
1991-06-28,52645.0,青海,野牛沟,38.41666666666666,99.58333333333331,3320.0,1991,6,28,0.5,normal,10.0,14.6,7.3,0.69,0.53,682.8,683.4,681.2,3.9,,6.7672994139436105,Rain
1991-06-29,52645.0,青海,野牛沟,38.41666666666666,99.58333333333331,3320.0,1991,6,29,0.4,normal,8.5,15.5,1.8,0.66,0.38,683.0,683.9,681.8,4.0,,5.104348854702434,Rain
1991-06-30,52645.0,青海,野牛沟,38.41666666666666,99.58333333333331,3320.0,1991,6,30,0.0,无,7.6,14.9,0.4,0.67,0.32,683.1,684.1,681.5,5.1,,,无
1991-07-01,52645.0,青海,野牛沟,38.41666666666666,99.58333333333331,3320.0,1991,7,1,0.0,无,9.8,17.7,2.3,0.65,0.3,682.0,683.8,679.8,5.8,,,无
1991-07-02,52645.0,青海,野牛沟,38.41666666666666,99.58333333333331,3320.0,1991,7,2,1.9,normal,8.1,14.4,2.9,0.69,0.48,680.5,682.4,678.7,4.1,,5.056710978703918,Rain
1991-07-03,52645.0,青海,野牛沟,38.41666666666666,99.58333333333331,3320.0,1991,7,3,1.2,normal,7.8,14.6,4.6,0.71,0.41,680.3,681.7,678.8,3.2,,4.991058716581631,Rain
1991-07-04,52645.0,青海,野牛沟,38.41666666666666,99.58333333333331,3320.0,1991,7,4,6.4,normal,6.3,15.0,0.0,0.83,0.49,680.1,681.4,676.8,2.9,,4.7655876120457785,Rain
1991-07-05,52645.0,青海,野牛沟,38.41666666666666,99.58333333333331,3320.0,1991,7,5,6.0,normal,8.0,15.0,2.8,0.7,0.34,680.5,681.8,679.1,5.4,,5.069890668094028,Rain
1991-07-06,52645.0,青海,野牛沟,38.41666666666666,99.58333333333331,3320.0,1991,7,6,0.0,无,7.9,17.2,-0.6,0.65,0.3,680.4,681.8,677.9,5.7,,,无
1991-07-07,52645.0,青海,野牛沟,38.41666666666666,99.58333333333331,3320.0,1991,7,7,0.0,无,9.3,17.4,3.5,0.59,0.23,681.0,682.0,679.2,6.2,,,无
1991-07-08,52645.0,青海,野牛沟,38.41666666666666,99.58333333333331,3320.0,1991,7,8,0.0,无,9.5,17.3,1.0,0.51,0.28,681.2,682.1,679.6,7.5,,,无
1991-07-09,52645.0,青海,野牛沟,38.41666666666666,99.58333333333331,3320.0,1991,7,9,0.0,无,9.2,18.3,-0.9,0.53,0.24,682.5,683.5,680.2,7.4,,,无
1991-07-10,52645.0,青海,野牛沟,38.41666666666666,99.58333333333331,3320.0,1991,7,10,0.0,无,10.3,18.5,-0.4,0.51,0.25,683.7,685.2,682.5,7.5,,,无
1991-07-11,52645.0,青海,野牛沟,38.41666666666666,99.58333333333331,3320.0,1991,7,11,0.0,无,11.2,19.8,-0.1,0.51,0.28,682.9,684.6,680.2,7.5,,,无
1991-07-12,52645.0,青海,野牛沟,38.41666666666666,99.58333333333331,3320.0,1991,7,12,0.0,无,9.3,18.3,3.5,0.65,0.31,681.2,681.8,680.2,4.5,,,无
1991-07-13,52645.0,青海,野牛沟,38.41666666666666,99.58333333333331,3320.0,1991,7,13,5.9,normal,10.2,15.6,6.5,0.76,0.5,681.5,681.7,681.3,5.3,,7.713573429450986,Rain
1991-07-14,52645.0,青海,野牛沟,38.41666666666666,99.58333333333331,3320.0,1991,7,14,0.0,无,11.5,20.5,2.3,0.64,0.29,681.5,683.0,680.0,7.3,,,无
1991-07-15,52645.0,青海,野牛沟,38.41666666666666,99.58333333333331,3320.0,1991,7,15,0.0,无,13.0,23.6,1.3,0.59,0.23,680.3,681.8,678.7,8.7,,,无
1991-07-16,52645.0,青海,野牛沟,38.41666666666666,99.58333333333331,3320.0,1991,7,16,6.8,normal,13.5,22.3,7.5,0.65,0.34,681.3,683.6,679.4,3.1,,9.40781230207438,Rain
1991-07-17,52645.0,青海,野牛沟,38.41666666666666,99.58333333333331,3320.0,1991,7,17,5.2,normal,13.1,19.9,8.4,0.73,0.48,682.9,684.4,681.0,6.2,,10.036784119116145,Rain
1991-07-18,52645.0,青海,野牛沟,38.41666666666666,99.58333333333331,3320.0,1991,7,18,3.1,normal,12.4,18.7,7.3,0.72,0.48,683.4,684.0,681.0,5.2,,9.28038666567701,Rain
1991-07-19,52645.0,青海,野牛沟,38.41666666666666,99.58333333333331,3320.0,1991,7,19,3.7,normal,11.1,20.6,2.8,0.74,0.35,684.4,685.2,682.3,4.7,,8.32527574366097,Rain
1991-07-20,52645.0,青海,野牛沟,38.41666666666666,99.58333333333331,3320.0,1991,7,20,15.1,normal,8.7,14.2,4.6,0.85,0.61,682.5,684.1,680.9,1.2,,7.242022966045183,Rain
1991-07-21,52645.0,青海,野牛沟,38.41666666666666,99.58333333333331,3320.0,1991,7,21,0.0,无,8.7,17.4,-0.2,0.68,0.36,682.3,683.5,680.5,5.5,,,无
1991-07-22,52645.0,青海,野牛沟,38.41666666666666,99.58333333333331,3320.0,1991,7,22,0.0,无,10.9,19.4,1.7,0.66,0.32,680.9,682.2,678.6,6.2,,,无
1991-07-23,52645.0,青海,野牛沟,38.41666666666666,99.58333333333331,3320.0,1991,7,23,1.7,normal,10.2,15.8,6.0,0.71,0.41,682.5,683.1,679.6,3.2,,7.168084458183457,Rain
1991-07-24,52645.0,青海,野牛沟,38.41666666666666,99.58333333333331,3320.0,1991,7,24,0.0,无,11.3,21.5,1.7,0.69,0.44,683.1,684.4,681.0,6.6,,,无
1991-07-25,52645.0,青海,野牛沟,38.41666666666666,99.58333333333331,3320.0,1991,7,25,0.6,normal,12.9,18.4,9.0,0.74,0.45,682.5,683.1,681.8,4.2,,9.972664452923844,Rain
1991-07-26,52645.0,青海,野牛沟,38.41666666666666,99.58333333333331,3320.0,1991,7,26,0.0,无,12.2,21.7,5.4,0.76,0.41,682.4,683.6,680.1,5.8,,,无
1991-07-27,52645.0,青海,野牛沟,38.41666666666666,99.58333333333331,3320.0,1991,7,27,9.4,normal,9.7,14.7,8.0,0.9,0.63,681.5,682.6,680.1,1.7,,8.706043402629597,Rain
1991-07-28,52645.0,青海,野牛沟,38.41666666666666,99.58333333333331,3320.0,1991,7,28,0.1,normal,10.6,17.1,4.9,0.78,0.52,682.6,683.5,681.6,4.5,,8.30318746294552,Rain
1991-07-29,52645.0,青海,野牛沟,38.41666666666666,99.58333333333331,3320.0,1991,7,29,0.0,无,11.8,17.7,6.1,0.68,0.44,683.0,683.8,681.1,5.8,,,无
1991-07-30,52645.0,青海,野牛沟,38.41666666666666,99.58333333333331,3320.0,1991,7,30,0.0,无,9.7,14.6,5.0,0.59,0.39,682.5,683.4,681.3,4.5,,,无
1991-07-31,52645.0,青海,野牛沟,38.41666666666666,99.58333333333331,3320.0,1991,7,31,4.0,normal,8.4,14.5,4.7,0.76,0.47,681.0,682.5,679.2,3.4,,6.050457369962445,Rain
1991-08-01,52645.0,青海,野牛沟,38.41666666666666,99.58333333333331,3320.0,1991,8,1,1.2,normal,7.6,13.7,1.5,0.79,0.56,681.0,681.5,679.5,3.2,,5.607836737692744,Rain
1991-08-02,52645.0,青海,野牛沟,38.41666666666666,99.58333333333331,3320.0,1991,8,2,0.9,normal,10.6,20.9,0.3,0.63,0.26,681.7,682.8,680.8,6.9,,6.618491965994147,Rain
1991-08-03,52645.0,青海,野牛沟,38.41666666666666,99.58333333333331,3320.0,1991,8,3,0.2,normal,9.7,18.8,2.0,0.69,0.35,682.7,683.8,681.0,5.9,,6.497717422083036,Rain
1991-08-04,52645.0,青海,野牛沟,38.41666666666666,99.58333333333331,3320.0,1991,8,4,10.4,normal,8.3,13.0,5.7,0.84,0.68,683.1,684.2,682.5,2.4,,6.762305612142998,Rain
1991-08-05,52645.0,青海,野牛沟,38.41666666666666,99.58333333333331,3320.0,1991,8,5,0.0,无,11.9,20.2,4.5,0.69,0.34,682.6,684.0,681.3,6.3,,,无
1991-08-06,52645.0,青海,野牛沟,38.41666666666666,99.58333333333331,3320.0,1991,8,6,0.0,无,11.6,20.1,2.2,0.66,0.23,682.5,683.5,681.1,5.8,,,无
1991-08-07,52645.0,青海,野牛沟,38.41666666666666,99.58333333333331,3320.0,1991,8,7,0.3,normal,11.2,19.2,5.6,0.7,0.41,683.0,683.6,681.4,5.5,,7.960127745334584,Rain
1991-08-08,52645.0,青海,野牛沟,38.41666666666666,99.58333333333331,3320.0,1991,8,8,8.7,normal,11.3,18.5,5.8,0.77,0.48,683.2,685.2,681.7,5.5,,8.843996406219595,Rain
1991-08-09,52645.0,青海,野牛沟,38.41666666666666,99.58333333333331,3320.0,1991,8,9,0.0,无,11.4,19.8,2.7,0.71,0.4,681.5,683.6,679.1,6.6,,,无
1991-08-10,52645.0,青海,野牛沟,38.41666666666666,99.58333333333331,3320.0,1991,8,10,0.2,normal,12.5,17.4,7.0,0.73,0.49,679.9,680.1,679.1,3.7,,9.483985094860593,Rain
1991-08-11,52645.0,青海,野牛沟,38.41666666666666,99.58333333333331,3320.0,1991,8,11,0.2,normal,11.8,15.6,9.8,0.78,0.65,681.8,682.4,679.9,3.2,,9.419196897142527,Rain
1991-08-12,52645.0,青海,野牛沟,38.41666666666666,99.58333333333331,3320.0,1991,8,12,11.0,normal,8.3,11.7,6.5,0.84,0.74,682.7,683.6,680.5,2.5,,6.7619471183575675,Rain
1991-08-13,52645.0,青海,野牛沟,38.41666666666666,99.58333333333331,3320.0,1991,8,13,18.3,normal,6.9,12.7,2.7,0.8,0.54,684.9,686.4,682.6,6.1,,5.054198178271574,Rain
1991-08-14,52645.0,青海,野牛沟,38.41666666666666,99.58333333333331,3320.0,1991,8,14,0.0,无,7.7,17.1,-0.6,0.67,0.31,686.6,687.7,684.8,5.2,,,无
1991-08-15,52645.0,青海,野牛沟,38.41666666666666,99.58333333333331,3320.0,1991,8,15,0.0,无,9.2,18.6,0.4,0.62,0.34,686.6,687.8,685.1,5.3,,,无
1991-08-16,52645.0,青海,野牛沟,38.41666666666666,99.58333333333331,3320.0,1991,8,16,1.7,normal,9.2,16.5,2.8,0.66,0.37,685.7,686.8,684.3,6.7,,5.73063701492742,Rain
1991-08-17,52645.0,青海,野牛沟,38.41666666666666,99.58333333333331,3320.0,1991,8,17,0.4,normal,7.0,18.4,-0.4,0.72,0.32,685.1,685.7,683.3,4.8,,4.373172739108742,Rain
1991-08-18,52645.0,青海,野牛沟,38.41666666666666,99.58333333333331,3320.0,1991,8,18,0.1,normal,7.2,18.3,-0.6,0.71,0.36,684.5,685.6,682.8,4.1,,4.4549696167567765,Rain
1991-08-19,52645.0,青海,野牛沟,38.41666666666666,99.58333333333331,3320.0,1991,8,19,0.0,无,9.0,18.1,0.2,0.64,0.29,685.2,686.1,684.2,6.1,,,无
1991-08-20,52645.0,青海,野牛沟,38.41666666666666,99.58333333333331,3320.0,1991,8,20,0.0,无,9.4,20.7,-0.1,0.6,0.29,683.9,685.7,681.2,5.8,,,无
1991-08-21,52645.0,青海,野牛沟,38.41666666666666,99.58333333333331,3320.0,1991,8,21,0.0,无,12.5,23.4,3.5,0.57,0.2,681.7,682.9,679.9,7.3,,,无
1991-08-22,52645.0,青海,野牛沟,38.41666666666666,99.58333333333331,3320.0,1991,8,22,0.0,无,12.0,23.3,2.2,0.61,0.25,681.8,683.4,679.3,8.5,,,无
1991-08-23,52645.0,青海,野牛沟,38.41666666666666,99.58333333333331,3320.0,1991,8,23,0.0,无,13.4,20.6,9.5,0.69,0.49,682.3,683.2,680.2,5.5,,,无
1991-08-24,52645.0,青海,野牛沟,38.41666666666666,99.58333333333331,3320.0,1991,8,24,12.9,normal,9.1,15.0,7.9,0.88,0.61,683.3,683.7,681.5,5.6,,7.925774697183807,Rain
1991-08-25,52645.0,青海,野牛沟,38.41666666666666,99.58333333333331,3320.0,1991,8,25,0.0,无,11.0,18.0,6.8,0.72,0.39,683.2,684.2,681.4,5.2,,,无
1991-08-26,52645.0,青海,野牛沟,38.41666666666666,99.58333333333331,3320.0,1991,8,26,2.0,normal,5.0,12.4,2.3,0.89,0.57,685.4,687.0,682.6,0.6,,4.062762582795192,Rain
1991-08-27,52645.0,青海,野牛沟,38.41666666666666,99.58333333333331,3320.0,1991,8,27,9.3,normal,1.6,8.6,-2.8,0.8,0.52,688.2,689.2,686.9,3.2,,0.08647239887370706,Snow
1991-08-28,52645.0,青海,野牛沟,38.41666666666666,99.58333333333331,3320.0,1991,8,28,0.0,无,4.4,15.0,-4.2,0.65,0.28,686.1,687.8,683.5,4.3,,,无
1991-08-29,52645.0,青海,野牛沟,38.41666666666666,99.58333333333331,3320.0,1991,8,29,0.0,无,6.5,17.3,-2.4,0.62,0.23,683.6,684.6,682.4,5.6,,,无
1991-08-30,52645.0,青海,野牛沟,38.41666666666666,99.58333333333331,3320.0,1991,8,30,0.0,无,5.8,15.2,-2.0,0.7,0.37,682.0,682.7,680.6,2.8,,,无
1991-08-31,52645.0,青海,野牛沟,38.41666666666666,99.58333333333331,3320.0,1991,8,31,0.1,normal,6.2,12.7,0.5,0.74,0.39,682.6,683.3,681.3,2.8,,3.8316743211888094,Rain
1991-09-01,52645.0,青海,野牛沟,38.41666666666666,99.58333333333331,3320.0,1991,9,1,4.5,normal,6.8,15.9,-0.2,0.69,0.28,684.9,685.8,682.7,5.5,,3.897176719644162,Rain
1991-09-02,52645.0,青海,野牛沟,38.41666666666666,99.58333333333331,3320.0,1991,9,2,0.0,无,6.3,15.8,-1.1,0.66,0.26,684.7,686.8,681.7,5.0,,,无
1991-09-03,52645.0,青海,野牛沟,38.41666666666666,99.58333333333331,3320.0,1991,9,3,0.0,无,6.1,14.8,-2.4,0.65,0.23,683.5,685.0,680.9,4.9,,,无
1991-09-04,52645.0,青海,野牛沟,38.41666666666666,99.58333333333331,3320.0,1991,9,4,0.0,无,4.5,13.6,-2.6,0.61,0.23,684.4,685.4,682.2,4.1,,,无
1991-09-05,52645.0,青海,野牛沟,38.41666666666666,99.58333333333331,3320.0,1991,9,5,0.0,无,5.3,17.1,-5.0,0.61,0.19,685.6,687.5,683.7,4.8,,,无
1991-09-06,52645.0,青海,野牛沟,38.41666666666666,99.58333333333331,3320.0,1991,9,6,0.0,无,5.9,17.5,-4.2,0.53,0.17,684.4,685.3,682.0,5.5,,,无
1991-09-07,52645.0,青海,野牛沟,38.41666666666666,99.58333333333331,3320.0,1991,9,7,0.0,无,4.8,14.7,-3.0,0.66,0.3,684.2,685.6,682.1,4.9,,,无
1991-09-08,52645.0,青海,野牛沟,38.41666666666666,99.58333333333331,3320.0,1991,9,8,0.0,无,7.2,16.6,-1.7,0.65,0.24,683.2,684.3,681.8,4.8,,,无
1991-09-09,52645.0,青海,野牛沟,38.41666666666666,99.58333333333331,3320.0,1991,9,9,9.0,normal,3.9,10.8,2.1,0.92,0.39,685.3,685.6,683.3,1.9,,3.2474724339679417,Snow
1991-09-10,52645.0,青海,野牛沟,38.41666666666666,99.58333333333331,3320.0,1991,9,10,2.5,normal,4.3,10.8,-2.2,0.73,0.43,687.3,688.3,685.6,4.0,,2.0083413550689366,Rain
1991-09-11,52645.0,青海,野牛沟,38.41666666666666,99.58333333333331,3320.0,1991,9,11,1.9,normal,2.7,11.5,-3.3,0.75,0.35,689.2,689.9,686.7,2.9,,0.7126035172048661,Snow
1991-09-12,52645.0,青海,野牛沟,38.41666666666666,99.58333333333331,3320.0,1991,9,12,0.0,无,3.8,11.7,-2.7,0.7,0.36,688.5,690.0,686.3,3.7,,,无
1991-09-13,52645.0,青海,野牛沟,38.41666666666666,99.58333333333331,3320.0,1991,9,13,0.0,无,4.2,15.0,-5.7,0.6,0.2,684.8,687.1,681.7,4.0,,,无
1991-09-14,52645.0,青海,野牛沟,38.41666666666666,99.58333333333331,3320.0,1991,9,14,0.0,无,5.8,12.4,2.0,0.55,0.27,683.3,685.3,680.9,5.5,,,无
1991-09-15,52645.0,青海,野牛沟,38.41666666666666,99.58333333333331,3320.0,1991,9,15,0.0,无,2.9,12.0,-2.5,0.69,0.28,684.5,686.0,681.8,3.9,,,无
1991-09-16,52645.0,青海,野牛沟,38.41666666666666,99.58333333333331,3320.0,1991,9,16,0.0,无,1.7,12.9,-7.5,0.57,0.16,684.9,686.6,682.1,4.7,,,无
1991-09-17,52645.0,青海,野牛沟,38.41666666666666,99.58333333333331,3320.0,1991,9,17,0.0,无,1.5,13.4,-7.8,0.58,0.19,685.0,687.2,681.7,4.9,,,无
1991-09-18,52645.0,青海,野牛沟,38.41666666666666,99.58333333333331,3320.0,1991,9,18,0.0,无,2.0,12.9,-6.9,0.52,0.12,684.5,686.3,682.0,4.9,,,无
1991-09-19,52645.0,青海,野牛沟,38.41666666666666,99.58333333333331,3320.0,1991,9,19,0.0,无,2.5,15.4,-7.3,0.58,0.22,683.3,684.7,680.3,3.5,,,无
1991-09-20,52645.0,青海,野牛沟,38.41666666666666,99.58333333333331,3320.0,1991,9,20,0.0,无,4.8,15.3,-4.0,0.6,0.34,682.8,684.0,680.5,4.1,,,无
1991-09-21,52645.0,青海,野牛沟,38.41666666666666,99.58333333333331,3320.0,1991,9,21,0.0,无,3.2,10.9,-4.3,0.68,0.45,684.4,685.1,682.5,3.0,,,无
1991-09-22,52645.0,青海,野牛沟,38.41666666666666,99.58333333333331,3320.0,1991,9,22,0.0,无,3.2,10.6,-1.1,0.71,0.41,686.1,686.9,684.5,2.9,,,无
1991-09-23,52645.0,青海,野牛沟,38.41666666666666,99.58333333333331,3320.0,1991,9,23,1.4,normal,1.9,11.2,-3.8,0.73,0.38,685.3,686.2,682.9,2.7,,-0.19014984854818895,Snow
1991-09-24,52645.0,青海,野牛沟,38.41666666666666,99.58333333333331,3320.0,1991,9,24,0.0,无,3.7,10.9,-0.6,0.68,0.31,684.3,686.2,681.6,2.9,,,无
1991-09-25,52645.0,青海,野牛沟,38.41666666666666,99.58333333333331,3320.0,1991,9,25,0.1,normal,2.4,10.2,-6.0,0.61,0.13,683.6,684.9,681.2,4.6,,-0.7315726607170925,Snow
1991-09-26,52645.0,青海,野牛沟,38.41666666666666,99.58333333333331,3320.0,1991,9,26,0.0,无,0.8,13.1,-9.5,0.56,0.13,684.3,685.6,682.5,4.2,,,无
1991-09-27,52645.0,青海,野牛沟,38.41666666666666,99.58333333333331,3320.0,1991,9,27,0.0,无,1.2,13.8,-9.3,0.45,0.15,684.5,685.5,682.4,3.6,,,无
1991-09-28,52645.0,青海,野牛沟,38.41666666666666,99.58333333333331,3320.0,1991,9,28,0.0,无,1.6,15.2,-9.6,0.49,0.21,684.1,686.1,681.2,5.9,,,无
1991-09-29,52645.0,青海,野牛沟,38.41666666666666,99.58333333333331,3320.0,1991,9,29,0.0,无,3.5,16.3,-7.1,0.47,0.23,680.3,682.8,676.6,4.6,,,无
1991-09-30,52645.0,青海,野牛沟,38.41666666666666,99.58333333333331,3320.0,1991,9,30,0.1,normal,3.1,12.7,-3.5,0.6,0.36,679.1,680.3,676.1,4.1,,-0.21920351847877217,Snow
1991-10-01,52645.0,青海,野牛沟,38.41666666666666,99.58333333333331,3320.0,1991,10,1,0.0,无,2.4,12.5,-4.0,0.68,0.27,680.5,682.3,676.6,3.7,,,无
1991-10-02,52645.0,青海,野牛沟,38.41666666666666,99.58333333333331,3320.0,1991,10,2,3.7,normal,-1.3,2.5,-3.9,0.83,0.6,684.8,687.6,681.0,0.0,,-2.4380862670909353,Snow
1991-10-03,52645.0,青海,野牛沟,38.41666666666666,99.58333333333331,3320.0,1991,10,3,0.0,无,-3.4,5.4,-10.0,0.78,0.38,686.8,688.3,683.8,2.1,,,无
1991-10-04,52645.0,青海,野牛沟,38.41666666666666,99.58333333333331,3320.0,1991,10,4,0.0,无,-2.2,7.0,-8.2,0.67,0.44,685.0,686.2,682.1,3.2,,,无
1991-10-05,52645.0,青海,野牛沟,38.41666666666666,99.58333333333331,3320.0,1991,10,5,0.0,无,-2.9,9.7,-12.9,0.56,0.18,685.7,687.7,682.8,3.7,,,无
1991-10-06,52645.0,青海,野牛沟,38.41666666666666,99.58333333333331,3320.0,1991,10,6,0.0,无,-0.8,10.7,-10.2,0.53,0.17,684.1,685.3,680.9,4.4,,,无
1991-10-07,52645.0,青海,野牛沟,38.41666666666666,99.58333333333331,3320.0,1991,10,7,0.0,无,-0.6,11.1,-10.7,0.49,0.23,682.3,684.2,679.0,3.6,,,无
1991-10-08,52645.0,青海,野牛沟,38.41666666666666,99.58333333333331,3320.0,1991,10,8,0.0,无,0.3,10.5,-8.8,0.51,0.31,681.4,682.6,678.6,3.2,,,无
1991-10-09,52645.0,青海,野牛沟,38.41666666666666,99.58333333333331,3320.0,1991,10,9,1.4,normal,-0.3,8.2,-7.9,0.77,0.45,681.7,682.7,679.9,1.7,,-1.9217833302456766,Snow
1991-10-10,52645.0,青海,野牛沟,38.41666666666666,99.58333333333331,3320.0,1991,10,10,0.7,normal,0.9,7.8,-2.3,0.82,0.44,682.1,682.8,679.8,1.6,,-0.42687118469000307,Snow
1991-10-11,52645.0,青海,野牛沟,38.41666666666666,99.58333333333331,3320.0,1991,10,11,1.7,normal,-0.9,7.2,-7.1,0.74,0.3,682.7,684.1,680.3,2.2,,-2.690410751504557,Snow
1991-10-12,52645.0,青海,野牛沟,38.41666666666666,99.58333333333331,3320.0,1991,10,12,0.0,无,-0.6,9.8,-8.0,0.69,0.34,680.4,681.7,678.6,2.6,,,无
1991-10-13,52645.0,青海,野牛沟,38.41666666666666,99.58333333333331,3320.0,1991,10,13,0.0,无,1.4,11.1,-5.9,0.71,0.37,680.0,681.7,677.4,3.0,,,无
1991-10-14,52645.0,青海,野牛沟,38.41666666666666,99.58333333333331,3320.0,1991,10,14,0.0,无,2.0,8.3,-2.4,0.68,0.36,680.9,682.9,677.9,2.6,,,无
1991-10-15,52645.0,青海,野牛沟,38.41666666666666,99.58333333333331,3320.0,1991,10,15,0.0,无,-0.1,8.7,-6.1,0.63,0.3,684.1,685.8,681.3,3.4,,,无
1991-10-16,52645.0,青海,野牛沟,38.41666666666666,99.58333333333331,3320.0,1991,10,16,0.0,无,-4.1,7.4,-11.4,0.63,0.16,685.5,687.1,682.7,4.2,,,无
1991-10-17,52645.0,青海,野牛沟,38.41666666666666,99.58333333333331,3320.0,1991,10,17,0.0,无,-3.5,9.0,-13.4,0.53,0.2,685.1,686.7,682.4,2.8,,,无
1991-10-18,52645.0,青海,野牛沟,38.41666666666666,99.58333333333331,3320.0,1991,10,18,0.0,无,-1.9,7.9,-10.5,0.51,0.24,684.8,685.9,682.1,3.3,,,无
1991-10-19,52645.0,青海,野牛沟,38.41666666666666,99.58333333333331,3320.0,1991,10,19,0.0,无,-4.3,7.5,-13.8,0.54,0.23,684.8,686.4,682.3,2.7,,,无
1991-10-20,52645.0,青海,野牛沟,38.41666666666666,99.58333333333331,3320.0,1991,10,20,4.9,normal,-3.9,0.9,-6.4,0.7,0.42,684.4,685.5,682.4,0.1,,-5.703272039706024,Snow
1991-10-21,52645.0,青海,野牛沟,38.41666666666666,99.58333333333331,3320.0,1991,10,21,0.6,normal,-5.8,0.1,-11.0,0.81,0.58,685.9,687.0,684.4,2.3,,-6.8300595377716045,Snow
1991-10-22,52645.0,青海,野牛沟,38.41666666666666,99.58333333333331,3320.0,1991,10,22,0.0,无,-5.9,1.0,-11.5,0.68,0.24,685.5,686.4,684.1,4.0,,,无
1991-10-23,52645.0,青海,野牛沟,38.41666666666666,99.58333333333331,3320.0,1991,10,23,0.0,无,-5.0,2.2,-9.9,0.55,0.35,685.2,686.7,683.4,3.8,,,无
1991-10-24,52645.0,青海,野牛沟,38.41666666666666,99.58333333333331,3320.0,1991,10,24,0.0,无,-4.3,7.4,-13.6,0.56,0.18,683.5,686.8,680.1,3.9,,,无
1991-10-25,52645.0,青海,野牛沟,38.41666666666666,99.58333333333331,3320.0,1991,10,25,0.0,无,-4.2,6.4,-12.7,0.57,0.2,683.6,684.7,681.0,3.4,,,无
1991-10-26,52645.0,青海,野牛沟,38.41666666666666,99.58333333333331,3320.0,1991,10,26,0.0,无,-5.9,4.6,-14.6,0.56,0.16,686.6,687.5,684.3,3.5,,,无
1991-10-27,52645.0,青海,野牛沟,38.41666666666666,99.58333333333331,3320.0,1991,10,27,0.0,无,-5.3,5.4,-14.4,0.61,0.25,687.2,688.9,685.2,1.5,,,无
1991-10-28,52645.0,青海,野牛沟,38.41666666666666,99.58333333333331,3320.0,1991,10,28,0.0,无,-5.5,4.0,-13.7,0.59,0.27,685.1,687.0,682.5,1.5,,,无
1991-10-29,52645.0,青海,野牛沟,38.41666666666666,99.58333333333331,3320.0,1991,10,29,0.0,无,-7.3,4.0,-15.4,0.62,0.17,684.3,685.7,682.3,1.8,,,无
1991-10-30,52645.0,青海,野牛沟,38.41666666666666,99.58333333333331,3320.0,1991,10,30,0.0,无,-7.2,8.7,-16.6,0.59,0.24,684.6,686.3,682.5,1.8,,,无
1991-10-31,52645.0,青海,野牛沟,38.41666666666666,99.58333333333331,3320.0,1991,10,31,0.0,无,-6.7,5.5,-16.7,0.51,0.18,683.3,684.6,680.5,3.6,,,无
1991-11-01,52645.0,青海,野牛沟,38.41666666666666,99.58333333333331,3320.0,1991,11,1,0.0,无,-4.0,5.4,-12.9,0.49,0.18,685.1,687.7,682.5,2.5,,,无
1991-11-02,52645.0,青海,野牛沟,38.41666666666666,99.58333333333331,3320.0,1991,11,2,0.0,无,-7.3,5.6,-18.0,0.41,0.19,684.4,685.4,683.2,2.7,,,无
1991-11-03,52645.0,青海,野牛沟,38.41666666666666,99.58333333333331,3320.0,1991,11,3,0.0,无,-8.3,5.5,-18.5,0.49,0.21,684.3,686.8,681.6,2.1,,,无
1991-11-04,52645.0,青海,野牛沟,38.41666666666666,99.58333333333331,3320.0,1991,11,4,0.0,无,-7.3,7.4,-19.0,0.44,0.11,679.4,683.0,675.8,2.1,,,无
1991-11-05,52645.0,青海,野牛沟,38.41666666666666,99.58333333333331,3320.0,1991,11,5,0.0,无,-8.6,3.5,-18.5,0.51,0.24,680.3,683.6,677.9,3.1,,,无
1991-11-06,52645.0,青海,野牛沟,38.41666666666666,99.58333333333331,3320.0,1991,11,6,0.0,无,-9.9,2.2,-18.1,0.55,0.23,683.3,685.6,680.6,1.8,,,无
1991-11-07,52645.0,青海,野牛沟,38.41666666666666,99.58333333333331,3320.0,1991,11,7,0.0,无,-9.8,3.2,-20.4,0.37,0.16,681.0,682.9,678.1,2.6,,,无
1991-11-08,52645.0,青海,野牛沟,38.41666666666666,99.58333333333331,3320.0,1991,11,8,0.0,无,-10.5,-0.4,-17.5,0.48,0.22,679.3,680.1,677.4,2.7,,,无
1991-11-09,52645.0,青海,野牛沟,38.41666666666666,99.58333333333331,3320.0,1991,11,9,0.0,无,-11.5,0.2,-20.8,0.53,0.27,683.7,685.6,680.1,1.5,,,无
1991-11-10,52645.0,青海,野牛沟,38.41666666666666,99.58333333333331,3320.0,1991,11,10,0.0,无,-12.4,0.0,-22.0,0.54,0.32,684.0,685.5,682.0,1.0,,,无
1991-11-11,52645.0,青海,野牛沟,38.41666666666666,99.58333333333331,3320.0,1991,11,11,0.0,无,-10.5,-0.6,-18.4,0.54,0.38,683.6,685.0,680.5,0.9,,,无
1991-11-12,52645.0,青海,野牛沟,38.41666666666666,99.58333333333331,3320.0,1991,11,12,0.0,无,-12.0,0.1,-22.0,0.56,0.27,684.4,686.1,682.6,1.6,,,无
1991-11-13,52645.0,青海,野牛沟,38.41666666666666,99.58333333333331,3320.0,1991,11,13,0.0,无,-11.8,-0.2,-21.4,0.48,0.27,686.1,688.0,683.9,1.3,,,无
1991-11-14,52645.0,青海,野牛沟,38.41666666666666,99.58333333333331,3320.0,1991,11,14,0.0,无,-13.3,-0.1,-22.3,0.51,0.27,686.3,688.0,683.4,1.4,,,无
1991-11-15,52645.0,青海,野牛沟,38.41666666666666,99.58333333333331,3320.0,1991,11,15,0.0,无,-12.4,1.0,-22.4,0.49,0.27,684.0,685.7,681.0,1.2,,,无
1991-11-16,52645.0,青海,野牛沟,38.41666666666666,99.58333333333331,3320.0,1991,11,16,0.0,无,-12.0,-0.4,-21.2,0.46,0.24,684.8,686.4,683.1,2.0,,,无
1991-11-17,52645.0,青海,野牛沟,38.41666666666666,99.58333333333331,3320.0,1991,11,17,0.0,无,-12.8,-0.2,-21.7,0.44,0.27,684.2,686.0,681.7,1.8,,,无
1991-11-18,52645.0,青海,野牛沟,38.41666666666666,99.58333333333331,3320.0,1991,11,18,0.0,无,-12.7,1.4,-22.0,0.44,0.19,684.8,686.2,683.1,1.3,,,无
1991-11-19,52645.0,青海,野牛沟,38.41666666666666,99.58333333333331,3320.0,1991,11,19,0.0,无,-14.1,1.0,-24.0,0.38,0.22,683.5,686.2,680.0,1.6,,,无
1991-11-20,52645.0,青海,野牛沟,38.41666666666666,99.58333333333331,3320.0,1991,11,20,0.0,无,-13.3,1.1,-23.6,0.4,0.18,679.7,681.8,676.9,1.2,,,无
1991-11-21,52645.0,青海,野牛沟,38.41666666666666,99.58333333333331,3320.0,1991,11,21,0.0,无,-12.2,1.8,-23.0,0.42,0.13,679.9,681.7,677.6,1.5,,,无
1991-11-22,52645.0,青海,野牛沟,38.41666666666666,99.58333333333331,3320.0,1991,11,22,0.0,无,-13.7,-1.0,-22.7,0.44,0.13,681.6,682.8,680.0,1.5,,,无
1991-11-23,52645.0,青海,野牛沟,38.41666666666666,99.58333333333331,3320.0,1991,11,23,0.0,无,-15.0,-1.2,-24.4,0.51,0.27,685.0,686.4,682.8,1.3,,,无
1991-11-24,52645.0,青海,野牛沟,38.41666666666666,99.58333333333331,3320.0,1991,11,24,0.0,无,-15.4,0.4,-25.2,0.46,0.26,684.6,686.3,681.6,1.0,,,无
1991-11-25,52645.0,青海,野牛沟,38.41666666666666,99.58333333333331,3320.0,1991,11,25,0.0,无,-14.6,-3.5,-23.9,0.51,0.31,682.8,684.8,679.7,1.1,,,无
1991-11-26,52645.0,青海,野牛沟,38.41666666666666,99.58333333333331,3320.0,1991,11,26,0.0,无,-15.3,-4.5,-24.4,0.74,0.37,684.0,685.8,682.5,0.9,,,无
1991-11-27,52645.0,青海,野牛沟,38.41666666666666,99.58333333333331,3320.0,1991,11,27,0.0,无,-15.8,2.3,-25.5,0.5,0.26,679.9,683.3,676.7,0.9,,,无
1991-11-28,52645.0,青海,野牛沟,38.41666666666666,99.58333333333331,3320.0,1991,11,28,0.0,无,-14.7,-0.6,-24.8,0.41,0.22,678.5,679.9,676.2,1.5,,,无
1991-11-29,52645.0,青海,野牛沟,38.41666666666666,99.58333333333331,3320.0,1991,11,29,0.0,无,-14.4,-1.1,-25.2,0.41,0.25,677.4,679.6,674.6,1.3,,,无
1991-11-30,52645.0,青海,野牛沟,38.41666666666666,99.58333333333331,3320.0,1991,11,30,0.0,无,-14.9,-3.7,-21.8,0.45,0.29,676.7,678.2,674.8,0.7,,,无
1991-12-01,52645.0,青海,野牛沟,38.41666666666666,99.58333333333331,3320.0,1991,12,1,0.0,无,-16.1,-2.5,-26.1,0.46,0.24,678.5,679.9,676.4,1.4,,,无
1991-12-02,52645.0,青海,野牛沟,38.41666666666666,99.58333333333331,3320.0,1991,12,2,0.0,无,-16.1,-4.4,-25.5,0.49,0.31,681.6,683.3,679.6,1.1,,,无
1991-12-03,52645.0,青海,野牛沟,38.41666666666666,99.58333333333331,3320.0,1991,12,3,0.0,无,-15.6,-2.5,-25.6,0.48,0.26,680.9,682.7,678.9,1.0,,,无
1991-12-04,52645.0,青海,野牛沟,38.41666666666666,99.58333333333331,3320.0,1991,12,4,0.0,无,-15.2,-0.3,-25.5,0.38,0.21,679.8,680.9,677.9,1.0,,,无
1991-12-05,52645.0,青海,野牛沟,38.41666666666666,99.58333333333331,3320.0,1991,12,5,0.0,无,-12.6,1.2,-23.4,0.41,0.2,680.4,681.8,678.5,1.2,,,无
1991-12-06,52645.0,青海,野牛沟,38.41666666666666,99.58333333333331,3320.0,1991,12,6,0.0,无,-11.6,-2.8,-16.3,0.43,0.29,681.4,683.6,680.1,1.6,,,无
1991-12-07,52645.0,青海,野牛沟,38.41666666666666,99.58333333333331,3320.0,1991,12,7,0.0,无,-14.6,-1.7,-24.2,0.42,0.27,684.1,685.7,682.5,1.2,,,无
1991-12-08,52645.0,青海,野牛沟,38.41666666666666,99.58333333333331,3320.0,1991,12,8,0.0,无,-14.1,0.3,-24.2,0.52,0.28,683.2,684.9,680.3,0.5,,,无
1991-12-09,52645.0,青海,野牛沟,38.41666666666666,99.58333333333331,3320.0,1991,12,9,2.5,normal,-12.8,-8.6,-17.3,0.7,0.35,681.0,683.1,680.0,0.3,,-13.912301102812293,Snow
1991-12-10,52645.0,青海,野牛沟,38.41666666666666,99.58333333333331,3320.0,1991,12,10,0.3,normal,-20.2,-10.8,-26.4,0.84,0.66,684.4,685.8,683.1,0.6,,-20.559335287769215,Snow
1991-12-11,52645.0,青海,野牛沟,38.41666666666666,99.58333333333331,3320.0,1991,12,11,0.0,无,-22.6,-11.0,-29.2,0.78,0.54,684.1,686.0,681.9,0.4,,,无
1991-12-12,52645.0,青海,野牛沟,38.41666666666666,99.58333333333331,3320.0,1991,12,12,0.0,无,-21.1,-8.3,-27.5,0.72,0.52,683.8,685.3,682.3,0.3,,,无
1991-12-13,52645.0,青海,野牛沟,38.41666666666666,99.58333333333331,3320.0,1991,12,13,0.0,无,-17.5,-5.8,-24.2,0.66,0.46,682.7,684.1,680.8,0.5,,,无
1991-12-14,52645.0,青海,野牛沟,38.41666666666666,99.58333333333331,3320.0,1991,12,14,0.0,无,-16.7,-4.7,-24.1,0.72,0.51,681.6,683.2,679.3,0.5,,,无
1991-12-15,52645.0,青海,野牛沟,38.41666666666666,99.58333333333331,3320.0,1991,12,15,0.0,无,-12.4,5.5,-21.7,0.57,0.29,680.2,681.5,677.1,0.6,,,无
1991-12-16,52645.0,青海,野牛沟,38.41666666666666,99.58333333333331,3320.0,1991,12,16,0.0,无,-10.0,2.7,-19.4,0.58,0.37,681.2,682.6,679.6,1.2,,,无
1991-12-17,52645.0,青海,野牛沟,38.41666666666666,99.58333333333331,3320.0,1991,12,17,0.0,无,-11.7,1.8,-21.4,0.59,0.37,681.3,683.1,679.0,0.7,,,无
1991-12-18,52645.0,青海,野牛沟,38.41666666666666,99.58333333333331,3320.0,1991,12,18,0.0,无,-12.5,-0.2,-20.7,0.55,0.38,679.2,680.7,677.0,0.7,,,无
1991-12-19,52645.0,青海,野牛沟,38.41666666666666,99.58333333333331,3320.0,1991,12,19,0.0,无,-12.9,0.0,-21.3,0.55,0.33,679.0,680.6,676.4,0.7,,,无
1991-12-20,52645.0,青海,野牛沟,38.41666666666666,99.58333333333331,3320.0,1991,12,20,0.0,无,-13.1,-1.2,-22.0,0.63,0.41,679.9,681.8,678.1,0.7,,,无
1991-12-21,52645.0,青海,野牛沟,38.41666666666666,99.58333333333331,3320.0,1991,12,21,0.0,无,-7.6,4.6,-18.1,0.45,0.13,676.3,680.6,672.8,1.6,,,无
1991-12-22,52645.0,青海,野牛沟,38.41666666666666,99.58333333333331,3320.0,1991,12,22,0.0,无,-12.5,2.1,-22.0,0.67,0.23,675.8,676.8,674.5,1.2,,,无
1991-12-23,52645.0,青海,野牛沟,38.41666666666666,99.58333333333331,3320.0,1991,12,23,0.0,无,-18.0,-8.3,-26.6,0.67,0.5,675.6,677.8,672.9,0.3,,,无
1991-12-24,52645.0,青海,野牛沟,38.41666666666666,99.58333333333331,3320.0,1991,12,24,0.7,normal,-13.2,-9.3,-16.5,0.76,0.55,674.4,675.6,673.7,0.1,,-14.072532645824133,Snow
1991-12-25,52645.0,青海,野牛沟,38.41666666666666,99.58333333333331,3320.0,1991,12,25,0.0,无,-18.3,-7.2,-27.5,0.77,0.43,673.4,675.9,670.0,0.4,,,无
1991-12-26,52645.0,青海,野牛沟,38.41666666666666,99.58333333333331,3320.0,1991,12,26,0.0,无,-21.8,-13.6,-29.0,0.67,0.35,672.3,674.0,670.0,0.4,,,无
1991-12-27,52645.0,青海,野牛沟,38.41666666666666,99.58333333333331,3320.0,1991,12,27,0.0,无,-26.7,-14.5,-34.5,0.6,0.31,678.7,680.5,674.0,0.3,,,无
1991-12-28,52645.0,青海,野牛沟,38.41666666666666,99.58333333333331,3320.0,1991,12,28,0.0,无,-26.5,-12.4,-34.5,0.55,0.29,679.0,680.3,676.8,0.3,,,无
1991-12-29,52645.0,青海,野牛沟,38.41666666666666,99.58333333333331,3320.0,1991,12,29,0.0,无,-22.8,-9.1,-30.8,0.5,0.38,676.4,679.1,673.0,0.3,,,无
1991-12-30,52645.0,青海,野牛沟,38.41666666666666,99.58333333333331,3320.0,1991,12,30,0.0,无,-20.3,-12.4,-29.4,0.56,0.43,674.7,676.3,672.1,0.8,,,无
1991-12-31,52645.0,青海,野牛沟,38.41666666666666,99.58333333333331,3320.0,1991,12,31,0.0,无,-21.0,-9.4,-29.4,0.59,0.33,676.4,680.0,673.9,0.6,,,无
1992-01-01,52645.0,青海,野牛沟,38.41666666666666,99.58333333333331,3320.0,1992,1,1,0.0,无,-22.0,-9.7,-30.8,0.57,0.32,677.7,679.2,675.9,0.6,,,无
1992-01-02,52645.0,青海,野牛沟,38.41666666666666,99.58333333333331,3320.0,1992,1,2,0.0,无,-22.0,-7.7,-31.0,0.5,0.29,677.3,678.8,674.9,0.7,,,无
1992-01-03,52645.0,青海,野牛沟,38.41666666666666,99.58333333333331,3320.0,1992,1,3,0.0,无,-19.3,-7.6,-28.9,0.47,0.29,679.7,682.5,676.5,0.5,,,无
1992-01-04,52645.0,青海,野牛沟,38.41666666666666,99.58333333333331,3320.0,1992,1,4,0.0,无,-15.3,-6.9,-24.0,0.48,0.31,676.7,679.2,675.3,0.5,,,无
1992-01-05,52645.0,青海,野牛沟,38.41666666666666,99.58333333333331,3320.0,1992,1,5,0.0,无,-17.5,-6.2,-25.8,0.48,0.21,676.1,677.2,673.7,1.2,,,无
1992-01-06,52645.0,青海,野牛沟,38.41666666666666,99.58333333333331,3320.0,1992,1,6,0.0,无,-19.4,-9.0,-29.4,0.41,0.28,679.9,682.6,676.7,0.6,,,无
1992-01-07,52645.0,青海,野牛沟,38.41666666666666,99.58333333333331,3320.0,1992,1,7,0.0,无,-17.9,-6.9,-25.9,0.49,0.32,680.4,681.9,679.0,0.6,,,无
1992-01-08,52645.0,青海,野牛沟,38.41666666666666,99.58333333333331,3320.0,1992,1,8,0.0,无,-19.6,-4.6,-29.2,0.47,0.24,680.7,682.0,679.1,0.7,,,无
1992-01-09,52645.0,青海,野牛沟,38.41666666666666,99.58333333333331,3320.0,1992,1,9,0.0,无,-17.3,-4.3,-27.8,0.44,0.23,680.6,682.6,678.8,1.0,,,无
1992-01-10,52645.0,青海,野牛沟,38.41666666666666,99.58333333333331,3320.0,1992,1,10,0.0,无,-15.8,-1.4,-26.0,0.43,0.23,678.9,680.5,676.8,0.7,,,无
1992-01-11,52645.0,青海,野牛沟,38.41666666666666,99.58333333333331,3320.0,1992,1,11,0.0,无,-15.2,-1.4,-22.2,0.46,0.29,678.6,680.2,676.2,0.8,,,无
1992-01-12,52645.0,青海,野牛沟,38.41666666666666,99.58333333333331,3320.0,1992,1,12,0.0,无,-18.0,-8.5,-25.1,0.67,0.38,683.4,685.4,680.2,0.8,,,无
1992-01-13,52645.0,青海,野牛沟,38.41666666666666,99.58333333333331,3320.0,1992,1,13,0.0,无,-19.8,-7.6,-28.2,0.63,0.35,685.2,686.9,683.5,0.6,,,无
1992-01-14,52645.0,青海,野牛沟,38.41666666666666,99.58333333333331,3320.0,1992,1,14,0.0,无,-18.5,-6.2,-27.3,0.59,0.29,683.4,685.0,680.6,0.8,,,无
1992-01-15,52645.0,青海,野牛沟,38.41666666666666,99.58333333333331,3320.0,1992,1,15,0.0,无,-18.8,-3.7,-28.3,0.46,0.24,683.1,684.7,680.1,0.7,,,无
1992-01-16,52645.0,青海,野牛沟,38.41666666666666,99.58333333333331,3320.0,1992,1,16,0.0,无,-18.0,-2.4,-27.9,0.41,0.23,681.7,683.6,679.2,0.8,,,无
1992-01-17,52645.0,青海,野牛沟,38.41666666666666,99.58333333333331,3320.0,1992,1,17,0.0,无,-17.6,-3.1,-27.0,0.44,0.25,681.9,683.7,680.0,0.7,,,无
1992-01-18,52645.0,青海,野牛沟,38.41666666666666,99.58333333333331,3320.0,1992,1,18,0.0,无,-15.8,-3.9,-25.8,0.44,0.29,681.7,683.3,679.2,0.8,,,无
1992-01-19,52645.0,青海,野牛沟,38.41666666666666,99.58333333333331,3320.0,1992,1,19,0.0,无,-15.5,-5.6,-25.6,0.53,0.29,681.7,682.9,679.3,0.7,,,无
1992-01-20,52645.0,青海,野牛沟,38.41666666666666,99.58333333333331,3320.0,1992,1,20,0.0,无,-18.5,-4.6,-27.8,0.45,0.23,684.6,686.6,681.6,0.9,,,无
1992-01-21,52645.0,青海,野牛沟,38.41666666666666,99.58333333333331,3320.0,1992,1,21,0.0,无,-17.1,-4.8,-27.3,0.35,0.15,683.4,685.0,680.8,0.8,,,无
1992-01-22,52645.0,青海,野牛沟,38.41666666666666,99.58333333333331,3320.0,1992,1,22,0.0,无,-16.2,-3.6,-25.9,0.52,0.25,682.5,684.0,680.9,0.9,,,无
1992-01-23,52645.0,青海,野牛沟,38.41666666666666,99.58333333333331,3320.0,1992,1,23,0.0,无,-17.2,-4.5,-27.2,0.45,0.25,680.5,682.8,677.8,0.9,,,无
1992-01-24,52645.0,青海,野牛沟,38.41666666666666,99.58333333333331,3320.0,1992,1,24,0.0,无,-16.5,-2.3,-26.5,0.43,0.22,679.6,681.3,677.1,1.1,,,无
1992-01-25,52645.0,青海,野牛沟,38.41666666666666,99.58333333333331,3320.0,1992,1,25,0.0,无,-16.0,0.7,-27.5,0.35,0.16,679.0,680.0,677.3,0.9,,,无
1992-01-26,52645.0,青海,野牛沟,38.41666666666666,99.58333333333331,3320.0,1992,1,26,0.0,无,-14.4,0.0,-24.4,0.36,0.21,680.1,681.4,677.7,1.1,,,无
1992-01-27,52645.0,青海,野牛沟,38.41666666666666,99.58333333333331,3320.0,1992,1,27,0.0,无,-12.5,2.0,-24.0,0.36,0.16,679.2,681.3,676.1,1.1,,,无
1992-01-28,52645.0,青海,野牛沟,38.41666666666666,99.58333333333331,3320.0,1992,1,28,0.0,无,-10.0,2.7,-17.5,0.37,0.24,676.7,678.5,674.9,1.8,,,无
1992-01-29,52645.0,青海,野牛沟,38.41666666666666,99.58333333333331,3320.0,1992,1,29,0.0,无,-11.2,1.4,-19.9,0.42,0.22,680.3,681.5,678.3,1.9,,,无
1992-01-30,52645.0,青海,野牛沟,38.41666666666666,99.58333333333331,3320.0,1992,1,30,0.0,无,-11.1,1.9,-18.5,0.36,0.23,681.2,684.3,679.5,1.3,,,无
1992-01-31,52645.0,青海,野牛沟,38.41666666666666,99.58333333333331,3320.0,1992,1,31,0.0,无,-11.0,2.4,-20.7,0.39,0.24,675.3,680.2,669.6,1.7,,,无
1992-02-01,52645.0,青海,野牛沟,38.41666666666666,99.58333333333331,3320.0,1992,2,1,0.0,无,-10.7,-2.8,-17.2,0.63,0.24,671.0,672.5,668.9,0.9,,,无
1992-02-02,52645.0,青海,野牛沟,38.41666666666666,99.58333333333331,3320.0,1992,2,2,0.6,normal,-13.7,-7.5,-19.8,0.76,0.47,673.8,674.4,672.5,1.0,,-14.54649718720837,Snow
1992-02-03,52645.0,青海,野牛沟,38.41666666666666,99.58333333333331,3320.0,1992,2,3,0.0,无,-16.0,-4.7,-26.9,0.49,0.16,676.1,677.5,674.4,1.2,,,无
1992-02-04,52645.0,青海,野牛沟,38.41666666666666,99.58333333333331,3320.0,1992,2,4,0.0,无,-16.1,-6.1,-27.0,0.42,0.22,676.4,678.6,674.2,1.3,,,无
1992-02-05,52645.0,青海,野牛沟,38.41666666666666,99.58333333333331,3320.0,1992,2,5,0.0,无,-15.4,-7.7,-23.4,0.39,0.15,676.8,678.2,675.5,1.2,,,无
1992-02-06,52645.0,青海,野牛沟,38.41666666666666,99.58333333333331,3320.0,1992,2,6,0.0,无,-18.6,-6.8,-28.9,0.4,0.18,676.3,678.2,673.8,1.3,,,无
1992-02-07,52645.0,青海,野牛沟,38.41666666666666,99.58333333333331,3320.0,1992,2,7,0.0,无,-17.1,-4.1,-27.1,0.41,0.22,673.4,674.6,671.0,1.3,,,无
1992-02-08,52645.0,青海,野牛沟,38.41666666666666,99.58333333333331,3320.0,1992,2,8,0.0,无,-17.7,-5.2,-28.6,0.46,0.16,675.3,677.1,672.6,1.1,,,无
1992-02-09,52645.0,青海,野牛沟,38.41666666666666,99.58333333333331,3320.0,1992,2,9,0.0,无,-16.3,-6.2,-25.9,0.39,0.25,674.5,676.0,672.0,1.4,,,无
1992-02-10,52645.0,青海,野牛沟,38.41666666666666,99.58333333333331,3320.0,1992,2,10,0.0,无,-15.9,-4.1,-26.5,0.42,0.24,674.5,675.7,671.5,1.3,,,无
1992-02-11,52645.0,青海,野牛沟,38.41666666666666,99.58333333333331,3320.0,1992,2,11,0.0,无,-17.1,-6.9,-26.9,0.49,0.15,675.9,677.7,673.9,1.5,,,无
1992-02-12,52645.0,青海,野牛沟,38.41666666666666,99.58333333333331,3320.0,1992,2,12,0.0,无,-17.8,-6.1,-27.4,0.31,0.16,676.0,677.9,672.6,1.7,,,无
1992-02-13,52645.0,青海,野牛沟,38.41666666666666,99.58333333333331,3320.0,1992,2,13,0.0,无,-15.6,-3.6,-25.6,0.27,0.11,672.8,674.3,670.7,2.1,,,无
1992-02-14,52645.0,青海,野牛沟,38.41666666666666,99.58333333333331,3320.0,1992,2,14,0.0,无,-17.8,-4.5,-27.9,0.29,0.15,677.5,679.6,673.2,1.4,,,无
1992-02-15,52645.0,青海,野牛沟,38.41666666666666,99.58333333333331,3320.0,1992,2,15,0.0,无,-17.3,-3.1,-29.1,0.3,0.19,676.3,678.7,672.7,1.2,,,无
1992-02-16,52645.0,青海,野牛沟,38.41666666666666,99.58333333333331,3320.0,1992,2,16,0.0,无,-14.4,-5.2,-24.0,0.36,0.2,673.5,675.3,671.0,1.6,,,无
1992-02-17,52645.0,青海,野牛沟,38.41666666666666,99.58333333333331,3320.0,1992,2,17,0.0,无,-16.9,-5.7,-27.0,0.44,0.19,674.4,675.8,672.0,1.6,,,无
1992-02-18,52645.0,青海,野牛沟,38.41666666666666,99.58333333333331,3320.0,1992,2,18,0.0,无,-18.6,-9.4,-27.6,0.47,0.24,676.7,677.8,674.6,1.5,,,无
1992-02-19,52645.0,青海,野牛沟,38.41666666666666,99.58333333333331,3320.0,1992,2,19,0.0,无,-18.8,-6.1,-29.3,0.44,0.16,678.0,679.9,674.8,1.5,,,无
1992-02-20,52645.0,青海,野牛沟,38.41666666666666,99.58333333333331,3320.0,1992,2,20,0.0,无,-15.1,-5.7,-25.1,0.32,0.19,676.6,678.4,674.5,1.6,,,无
1992-02-21,52645.0,青海,野牛沟,38.41666666666666,99.58333333333331,3320.0,1992,2,21,0.0,无,-14.9,-5.2,-25.0,0.39,0.17,681.7,683.9,678.4,1.3,,,无
1992-02-22,52645.0,青海,野牛沟,38.41666666666666,99.58333333333331,3320.0,1992,2,22,0.0,无,-15.2,-3.0,-25.9,0.35,0.17,682.6,683.7,681.1,1.5,,,无
1992-02-23,52645.0,青海,野牛沟,38.41666666666666,99.58333333333331,3320.0,1992,2,23,0.0,无,-15.2,-3.2,-26.9,0.38,0.25,685.0,687.3,682.4,1.7,,,无
1992-02-24,52645.0,青海,野牛沟,38.41666666666666,99.58333333333331,3320.0,1992,2,24,0.0,无,-13.3,-2.5,-22.4,0.51,0.16,683.1,684.5,680.6,1.9,,,无
1992-02-25,52645.0,青海,野牛沟,38.41666666666666,99.58333333333331,3320.0,1992,2,25,0.0,无,-15.1,-1.7,-26.5,0.33,0.13,682.9,684.7,680.6,2.0,,,无
1992-02-26,52645.0,青海,野牛沟,38.41666666666666,99.58333333333331,3320.0,1992,2,26,0.0,无,-13.4,3.4,-26.7,0.23,0.1,679.5,683.0,674.2,1.8,,,无
1992-02-27,52645.0,青海,野牛沟,38.41666666666666,99.58333333333331,3320.0,1992,2,27,0.0,无,-10.4,4.6,-22.9,0.25,0.12,674.7,677.4,671.2,1.9,,,无
1992-02-28,52645.0,青海,野牛沟,38.41666666666666,99.58333333333331,3320.0,1992,2,28,0.0,无,-7.9,6.6,-19.5,0.3,0.15,672.4,673.4,669.9,2.9,,,无
1992-02-29,52645.0,青海,野牛沟,38.41666666666666,99.58333333333331,3320.0,1992,2,29,0.0,无,-4.7,6.1,-14.6,0.47,0.18,674.0,675.4,671.9,2.6,,,无
1992-03-01,52645.0,青海,野牛沟,38.41666666666666,99.58333333333331,3320.0,1992,3,1,0.0,无,-6.2,6.5,-17.2,0.54,0.3,674.3,675.9,672.3,2.4,,,无
1992-03-02,52645.0,青海,野牛沟,38.41666666666666,99.58333333333331,3320.0,1992,3,2,0.0,无,-6.5,1.2,-13.3,0.56,0.42,676.4,677.5,674.7,2.3,,,无
1992-03-03,52645.0,青海,野牛沟,38.41666666666666,99.58333333333331,3320.0,1992,3,3,0.6,normal,-10.1,-4.0,-14.5,0.72,0.37,679.1,680.4,677.2,1.1,,-11.319262111124427,Snow
1992-03-04,52645.0,青海,野牛沟,38.41666666666666,99.58333333333331,3320.0,1992,3,4,0.1,normal,-9.2,-3.9,-14.4,0.57,0.34,679.5,681.1,678.0,1.4,,-11.184394275907806,Snow
1992-03-05,52645.0,青海,野牛沟,38.41666666666666,99.58333333333331,3320.0,1992,3,5,0.0,无,-10.5,-0.8,-19.6,0.66,0.23,679.0,680.4,677.0,1.8,,,无
1992-03-06,52645.0,青海,野牛沟,38.41666666666666,99.58333333333331,3320.0,1992,3,6,0.0,无,-10.8,-1.0,-20.4,0.39,0.24,678.8,679.9,677.3,2.0,,,无
1992-03-07,52645.0,青海,野牛沟,38.41666666666666,99.58333333333331,3320.0,1992,3,7,0.0,无,-10.7,-2.7,-18.5,0.67,0.33,677.9,679.4,675.9,1.6,,,无
1992-03-08,52645.0,青海,野牛沟,38.41666666666666,99.58333333333331,3320.0,1992,3,8,0.0,无,-11.4,1.4,-22.4,0.63,0.16,677.8,679.0,674.7,2.3,,,无
1992-03-09,52645.0,青海,野牛沟,38.41666666666666,99.58333333333331,3320.0,1992,3,9,0.0,无,-9.4,0.6,-18.0,0.44,0.12,678.0,680.4,677.2,2.5,,,无
1992-03-10,52645.0,青海,野牛沟,38.41666666666666,99.58333333333331,3320.0,1992,3,10,0.0,无,-10.5,2.0,-21.7,0.33,0.11,679.4,680.9,677.2,2.5,,,无
1992-03-11,52645.0,青海,野牛沟,38.41666666666666,99.58333333333331,3320.0,1992,3,11,0.0,无,-9.4,2.9,-21.0,0.32,0.11,678.6,680.2,676.3,1.2,,,无
1992-03-12,52645.0,青海,野牛沟,38.41666666666666,99.58333333333331,3320.0,1992,3,12,0.0,无,-6.6,5.7,-17.8,0.29,0.15,675.4,678.4,672.2,2.9,,,无
1992-03-13,52645.0,青海,野牛沟,38.41666666666666,99.58333333333331,3320.0,1992,3,13,0.0,无,-4.1,7.0,-14.4,0.34,0.22,675.3,677.5,672.9,3.3,,,无
1992-03-14,52645.0,青海,野牛沟,38.41666666666666,99.58333333333331,3320.0,1992,3,14,0.0,无,-5.5,2.8,-10.9,0.5,0.31,675.5,677.9,672.5,2.6,,,无
1992-03-15,52645.0,青海,野牛沟,38.41666666666666,99.58333333333331,3320.0,1992,3,15,1.5,normal,-10.9,-4.2,-15.6,0.88,0.52,677.1,677.9,674.9,0.2,,-11.396485854095143,Snow
1992-03-16,52645.0,青海,野牛沟,38.41666666666666,99.58333333333331,3320.0,1992,3,16,0.2,normal,-11.3,-1.8,-18.1,0.69,0.38,678.8,680.2,676.3,2.1,,-12.561212606003306,Snow
1992-03-17,52645.0,青海,野牛沟,38.41666666666666,99.58333333333331,3320.0,1992,3,17,0.1,normal,-10.3,-1.8,-18.9,0.62,0.25,676.8,678.5,674.9,2.2,,-11.947381985665078,Snow
1992-03-18,52645.0,青海,野牛沟,38.41666666666666,99.58333333333331,3320.0,1992,3,18,0.0,无,-10.5,0.7,-21.1,0.64,0.3,676.3,678.0,673.6,1.6,,,无
1992-03-19,52645.0,青海,野牛沟,38.41666666666666,99.58333333333331,3320.0,1992,3,19,0.3,normal,-7.1,0.7,-11.9,0.75,0.45,675.3,676.0,673.5,1.8,,-8.385332380526695,Snow
1992-03-20,52645.0,青海,野牛沟,38.41666666666666,99.58333333333331,3320.0,1992,3,20,0.0,无,-5.8,4.4,-16.0,0.65,0.25,676.1,677.4,674.0,1.9,,,无
1992-03-21,52645.0,青海,野牛沟,38.41666666666666,99.58333333333331,3320.0,1992,3,21,0.0,无,-7.1,-0.6,-13.3,0.63,0.44,677.8,679.2,676.1,1.7,,,无
1992-03-22,52645.0,青海,野牛沟,38.41666666666666,99.58333333333331,3320.0,1992,3,22,0.0,无,-5.4,3.9,-11.7,0.63,0.26,676.6,680.2,673.5,2.3,,,无
1992-03-23,52645.0,青海,野牛沟,38.41666666666666,99.58333333333331,3320.0,1992,3,23,0.0,无,-6.2,5.5,-16.0,0.52,0.2,675.2,678.1,672.1,3.8,,,无
1992-03-24,52645.0,青海,野牛沟,38.41666666666666,99.58333333333331,3320.0,1992,3,24,0.0,无,-5.6,5.6,-13.4,0.6,0.33,674.5,675.7,672.0,3.2,,,无
1992-03-25,52645.0,青海,野牛沟,38.41666666666666,99.58333333333331,3320.0,1992,3,25,0.0,无,-3.7,5.3,-10.1,0.6,0.19,676.1,677.9,674.2,1.7,,,无
1992-03-26,52645.0,青海,野牛沟,38.41666666666666,99.58333333333331,3320.0,1992,3,26,0.0,无,-3.3,8.0,-13.2,0.52,0.1,676.1,678.1,674.2,4.8,,,无
1992-03-27,52645.0,青海,野牛沟,38.41666666666666,99.58333333333331,3320.0,1992,3,27,0.0,无,-3.9,8.5,-14.0,0.43,0.13,679.1,680.5,676.7,5.2,,,无
1992-03-28,52645.0,青海,野牛沟,38.41666666666666,99.58333333333331,3320.0,1992,3,28,0.0,无,-3.1,4.4,-11.9,0.52,0.25,681.4,682.8,679.5,2.5,,,无
1992-03-29,52645.0,青海,野牛沟,38.41666666666666,99.58333333333331,3320.0,1992,3,29,0.0,无,-1.7,9.6,-10.5,0.58,0.14,676.9,681.6,673.0,3.9,,,无
1992-03-30,52645.0,青海,野牛沟,38.41666666666666,99.58333333333331,3320.0,1992,3,30,3.4,normal,-2.7,5.3,-5.9,0.63,0.27,676.9,678.8,674.0,2.0,,-5.084323232907502,Snow
1992-03-31,52645.0,青海,野牛沟,38.41666666666666,99.58333333333331,3320.0,1992,3,31,1.6,normal,-3.1,5.6,-6.9,0.51,0.07,680.2,681.2,678.4,3.6,,-6.222175900958056,Snow
1992-04-01,52645.0,青海,野牛沟,38.41666666666666,99.58333333333331,3320.0,1992,4,1,0.0,无,-6.1,4.0,-15.5,0.46,0.2,682.2,683.8,679.9,2.2,,,无
1992-04-02,52645.0,青海,野牛沟,38.41666666666666,99.58333333333331,3320.0,1992,4,2,0.0,无,-3.0,8.0,-14.5,0.43,0.16,679.9,683.6,675.5,3.5,,,无
1992-04-03,52645.0,青海,野牛沟,38.41666666666666,99.58333333333331,3320.0,1992,4,3,0.0,无,-1.7,10.0,-13.9,0.28,0.1,679.0,680.5,675.8,5.0,,,无
1992-04-04,52645.0,青海,野牛沟,38.41666666666666,99.58333333333331,3320.0,1992,4,4,0.0,无,-0.6,5.7,-4.4,0.42,0.2,678.9,680.4,677.6,2.9,,,无
1992-04-05,52645.0,青海,野牛沟,38.41666666666666,99.58333333333331,3320.0,1992,4,5,0.0,无,-2.2,8.8,-12.6,0.52,0.22,678.8,680.6,676.3,3.4,,,无
1992-04-06,52645.0,青海,野牛沟,38.41666666666666,99.58333333333331,3320.0,1992,4,6,0.6,normal,0.5,9.6,-3.4,0.52,0.14,677.2,679.9,674.6,4.4,,-3.114539036587689,Snow
1992-04-07,52645.0,青海,野牛沟,38.41666666666666,99.58333333333331,3320.0,1992,4,7,0.0,无,-2.0,2.9,-3.7,0.5,0.33,679.5,680.6,676.0,3.6,,,无
1992-04-08,52645.0,青海,野牛沟,38.41666666666666,99.58333333333331,3320.0,1992,4,8,2.0,normal,-3.2,7.0,-8.6,0.55,0.28,679.8,681.7,676.8,2.9,,-6.044602383929294,Snow
1992-04-09,52645.0,青海,野牛沟,38.41666666666666,99.58333333333331,3320.0,1992,4,9,1.6,normal,-5.6,0.4,-11.5,0.54,0.29,679.6,680.9,677.1,2.3,,-8.182382495434805,Snow
1992-04-10,52645.0,青海,野牛沟,38.41666666666666,99.58333333333331,3320.0,1992,4,10,0.0,无,-5.0,3.0,-11.6,0.36,0.14,680.5,681.6,678.5,3.9,,,无
1992-04-11,52645.0,青海,野牛沟,38.41666666666666,99.58333333333331,3320.0,1992,4,11,0.0,无,-4.8,7.6,-15.5,0.36,0.12,682.7,684.8,679.4,4.1,,,无
1992-04-12,52645.0,青海,野牛沟,38.41666666666666,99.58333333333331,3320.0,1992,4,12,0.0,无,-2.6,7.2,-9.9,0.34,0.19,682.9,684.1,680.8,4.2,,,无
1992-04-13,52645.0,青海,野牛沟,38.41666666666666,99.58333333333331,3320.0,1992,4,13,0.0,无,-2.7,8.2,-12.4,0.3,0.14,685.1,686.6,682.9,5.1,,,无
1992-04-14,52645.0,青海,野牛沟,38.41666666666666,99.58333333333331,3320.0,1992,4,14,0.0,无,-2.7,7.0,-12.1,0.3,0.14,686.2,686.9,684.8,3.3,,,无
1992-04-15,52645.0,青海,野牛沟,38.41666666666666,99.58333333333331,3320.0,1992,4,15,0.0,无,-1.0,12.0,-12.7,0.27,0.06,685.4,688.8,681.4,6.5,,,无
1992-04-16,52645.0,青海,野牛沟,38.41666666666666,99.58333333333331,3320.0,1992,4,16,0.0,无,-0.8,11.5,-11.3,0.29,0.12,681.1,683.8,677.3,6.0,,,无
1992-04-17,52645.0,青海,野牛沟,38.41666666666666,99.58333333333331,3320.0,1992,4,17,0.0,无,0.3,11.5,-8.3,0.33,0.13,679.7,681.4,677.3,5.6,,,无
1992-04-18,52645.0,青海,野牛沟,38.41666666666666,99.58333333333331,3320.0,1992,4,18,0.0,无,2.0,14.3,-10.0,0.37,0.1,679.7,681.7,676.9,6.1,,,无
1992-04-19,52645.0,青海,野牛沟,38.41666666666666,99.58333333333331,3320.0,1992,4,19,0.0,无,0.9,13.1,-9.4,0.31,0.14,679.5,681.0,677.1,7.2,,,无
1992-04-20,52645.0,青海,野牛沟,38.41666666666666,99.58333333333331,3320.0,1992,4,20,0.4,normal,1.6,8.4,-3.4,0.55,0.27,682.0,682.9,679.4,3.0,,-1.9262401513138405,Snow
1992-04-21,52645.0,青海,野牛沟,38.41666666666666,99.58333333333331,3320.0,1992,4,21,0.0,无,0.6,9.5,-6.4,0.52,0.17,680.8,683.3,678.1,5.8,,,无
1992-04-22,52645.0,青海,野牛沟,38.41666666666666,99.58333333333331,3320.0,1992,4,22,0.0,无,-1.7,7.8,-10.5,0.38,0.11,680.6,682.4,677.7,5.4,,,无
1992-04-23,52645.0,青海,野牛沟,38.41666666666666,99.58333333333331,3320.0,1992,4,23,0.0,无,-1.1,10.8,-11.9,0.27,0.08,681.6,683.4,678.9,5.9,,,无
1992-04-24,52645.0,青海,野牛沟,38.41666666666666,99.58333333333331,3320.0,1992,4,24,0.0,无,2.4,8.6,-3.4,0.3,0.15,682.9,685.0,680.1,5.3,,,无
1992-04-25,52645.0,青海,野牛沟,38.41666666666666,99.58333333333331,3320.0,1992,4,25,0.0,无,0.2,14.4,-12.7,0.39,0.09,685.5,688.2,681.5,7.1,,,无
1992-04-26,52645.0,青海,野牛沟,38.41666666666666,99.58333333333331,3320.0,1992,4,26,0.0,无,1.8,12.1,-8.3,0.32,0.13,682.7,684.2,680.1,4.8,,,无
1992-04-27,52645.0,青海,野牛沟,38.41666666666666,99.58333333333331,3320.0,1992,4,27,0.0,无,0.9,11.6,-8.4,0.34,0.17,680.9,682.8,678.1,4.8,,,无
1992-04-28,52645.0,青海,野牛沟,38.41666666666666,99.58333333333331,3320.0,1992,4,28,0.0,无,3.4,8.9,-2.6,0.34,0.24,679.6,681.2,678.9,4.9,,,无
1992-04-29,52645.0,青海,野牛沟,38.41666666666666,99.58333333333331,3320.0,1992,4,29,0.0,无,2.8,17.5,-10.2,0.4,0.11,679.8,681.3,676.4,8.0,,,无
1992-04-30,52645.0,青海,野牛沟,38.41666666666666,99.58333333333331,3320.0,1992,4,30,0.0,无,4.0,16.5,-5.5,0.46,0.22,681.9,684.7,678.5,5.7,,,无
1992-05-01,52645.0,青海,野牛沟,38.41666666666666,99.58333333333331,3320.0,1992,5,1,1.4,normal,4.2,13.3,-2.1,0.54,0.13,682.4,686.2,678.6,4.4,,0.18954320740088182,Snow
1992-05-02,52645.0,青海,野牛沟,38.41666666666666,99.58333333333331,3320.0,1992,5,2,0.0,无,4.8,14.8,-3.1,0.51,0.15,677.4,679.9,675.2,4.2,,,无
1992-05-03,52645.0,青海,野牛沟,38.41666666666666,99.58333333333331,3320.0,1992,5,3,3.8,normal,4.2,10.9,-1.2,0.67,0.39,675.8,677.9,673.8,3.5,,1.3630097582402323,Rain
1992-05-04,52645.0,青海,野牛沟,38.41666666666666,99.58333333333331,3320.0,1992,5,4,4.6,normal,4.7,14.8,0.0,0.61,0.16,678.0,678.9,674.3,5.7,,1.258268138098484,Rain
1992-05-05,52645.0,青海,野牛沟,38.41666666666666,99.58333333333331,3320.0,1992,5,5,4.1,normal,2.8,8.5,-0.5,0.8,0.44,680.6,682.1,678.7,2.0,,1.2043941045259343,Snow
1992-05-06,52645.0,青海,野牛沟,38.41666666666666,99.58333333333331,3320.0,1992,5,6,0.1,normal,3.0,11.3,-4.9,0.54,0.17,683.8,685.5,681.5,4.4,,-0.8191118347501147,Snow
1992-05-07,52645.0,青海,野牛沟,38.41666666666666,99.58333333333331,3320.0,1992,5,7,0.4,normal,2.9,7.5,0.0,0.69,0.35,681.5,682.9,680.8,2.6,,0.38280286622699666,Snow
1992-05-08,52645.0,青海,野牛沟,38.41666666666666,99.58333333333331,3320.0,1992,5,8,2.5,normal,1.8,7.6,-2.3,0.76,0.4,680.5,682.2,677.9,2.6,,-0.050191790653770774,Snow
1992-05-09,52645.0,青海,野牛沟,38.41666666666666,99.58333333333331,3320.0,1992,5,9,0.1,normal,0.3,7.0,-5.8,0.7,0.34,682.7,684.0,681.0,2.4,,-1.8851387412045062,Snow
1992-05-10,52645.0,青海,野牛沟,38.41666666666666,99.58333333333331,3320.0,1992,5,10,0.4,normal,3.1,9.9,-0.9,0.68,0.29,682.0,683.5,680.0,3.2,,0.47856085990743313,Snow
1992-05-11,52645.0,青海,野牛沟,38.41666666666666,99.58333333333331,3320.0,1992,5,11,2.8,normal,1.4,7.7,-4.8,0.73,0.4,682.9,684.1,681.4,4.0,,-0.6517220202853702,Snow
1992-05-12,52645.0,青海,野牛沟,38.41666666666666,99.58333333333331,3320.0,1992,5,12,0.2,normal,2.7,9.9,-5.0,0.69,0.37,682.5,683.9,680.8,2.8,,0.20444500377140518,Snow
1992-05-13,52645.0,青海,野牛沟,38.41666666666666,99.58333333333331,3320.0,1992,5,13,1.0,normal,2.5,8.9,-2.8,0.59,0.16,683.1,684.6,680.8,6.1,,-0.8153641472464956,Snow
1992-05-14,52645.0,青海,野牛沟,38.41666666666666,99.58333333333331,3320.0,1992,5,14,0.0,无,1.1,9.8,-10.4,0.38,0.12,683.1,684.4,681.8,9.2,,,无
1992-05-15,52645.0,青海,野牛沟,38.41666666666666,99.58333333333331,3320.0,1992,5,15,0.0,无,1.0,9.5,-7.0,0.56,0.23,682.4,684.1,680.1,5.3,,,无
1992-05-16,52645.0,青海,野牛沟,38.41666666666666,99.58333333333331,3320.0,1992,5,16,0.3,normal,-1.0,4.5,-4.5,0.75,0.47,681.9,683.2,681.0,3.6,,-2.7133639168948553,Snow
1992-05-17,52645.0,青海,野牛沟,38.41666666666666,99.58333333333331,3320.0,1992,5,17,0.7,normal,-3.3,1.2,-4.9,0.74,0.45,682.1,683.1,681.7,2.3,,-4.906036863449148,Snow
1992-05-18,52645.0,青海,野牛沟,38.41666666666666,99.58333333333331,3320.0,1992,5,18,0.8,normal,-1.9,2.7,-7.0,0.62,0.43,683.2,684.4,681.6,2.8,,-4.430353459385432,Snow
1992-05-19,52645.0,青海,野牛沟,38.41666666666666,99.58333333333331,3320.0,1992,5,19,0.0,无,-0.8,6.6,-8.4,0.56,0.31,683.6,684.3,682.3,4.6,,,无
1992-05-20,52645.0,青海,野牛沟,38.41666666666666,99.58333333333331,3320.0,1992,5,20,0.0,无,1.4,9.2,-7.2,0.53,0.28,682.6,683.9,680.9,5.6,,,无
1992-05-21,52645.0,青海,野牛沟,38.41666666666666,99.58333333333331,3320.0,1992,5,21,0.0,无,3.4,12.1,-6.4,0.48,0.25,682.9,684.1,681.6,6.0,,,无
1992-05-22,52645.0,青海,野牛沟,38.41666666666666,99.58333333333331,3320.0,1992,5,22,0.0,无,4.0,13.3,-7.3,0.4,0.15,685.0,686.2,682.5,8.4,,,无
1992-05-23,52645.0,青海,野牛沟,38.41666666666666,99.58333333333331,3320.0,1992,5,23,0.0,无,3.8,12.9,-4.5,0.53,0.18,685.8,686.7,683.6,5.7,,,无
1992-05-24,52645.0,青海,野牛沟,38.41666666666666,99.58333333333331,3320.0,1992,5,24,0.0,无,2.8,11.2,-4.9,0.71,0.39,686.0,686.8,685.0,4.5,,,无
1992-05-25,52645.0,青海,野牛沟,38.41666666666666,99.58333333333331,3320.0,1992,5,25,0.0,无,5.8,11.6,0.4,0.54,0.32,684.9,686.8,683.5,5.6,,,无
1992-05-26,52645.0,青海,野牛沟,38.41666666666666,99.58333333333331,3320.0,1992,5,26,0.0,无,6.6,15.5,-4.1,0.54,0.2,682.4,684.6,679.0,7.0,,,无
1992-05-27,52645.0,青海,野牛沟,38.41666666666666,99.58333333333331,3320.0,1992,5,27,3.4,normal,5.9,12.4,3.3,0.77,0.3,680.0,681.4,678.8,3.2,,3.833191243983074,Rain
1992-05-28,52645.0,青海,野牛沟,38.41666666666666,99.58333333333331,3320.0,1992,5,28,0.0,无,4.9,12.2,-1.7,0.71,0.47,683.4,684.0,681.4,4.4,,,无
1992-05-29,52645.0,青海,野牛沟,38.41666666666666,99.58333333333331,3320.0,1992,5,29,0.1,normal,5.7,14.0,-2.6,0.74,0.38,683.4,684.9,681.4,4.8,,3.374481679203325,Rain
1992-05-30,52645.0,青海,野牛沟,38.41666666666666,99.58333333333331,3320.0,1992,5,30,5.9,normal,6.8,15.0,1.0,0.7,0.33,682.4,684.4,679.5,6.6,,3.9909153193336033,Rain
1992-05-31,52645.0,青海,野牛沟,38.41666666666666,99.58333333333331,3320.0,1992,5,31,4.6,normal,5.8,11.4,2.4,0.78,0.49,681.4,682.1,679.6,4.1,,3.834832837519113,Rain
1992-06-01,52645.0,青海,野牛沟,38.41666666666666,99.58333333333331,3320.0,1992,6,1,6.7,normal,2.7,6.9,1.0,0.9,0.61,682.3,683.6,680.0,2.1,,1.9163339707890747,Snow
1992-06-02,52645.0,青海,野牛沟,38.41666666666666,99.58333333333331,3320.0,1992,6,2,0.3,normal,5.3,11.8,-0.5,0.6,0.25,685.7,686.8,683.6,6.4,,1.7033217116418564,Rain
1992-06-03,52645.0,青海,野牛沟,38.41666666666666,99.58333333333331,3320.0,1992,6,3,0.0,无,7.0,16.2,-2.9,0.51,0.19,685.9,687.0,684.8,7.7,,,无
1992-06-04,52645.0,青海,野牛沟,38.41666666666666,99.58333333333331,3320.0,1992,6,4,0.0,无,7.2,18.7,-2.3,0.56,0.15,684.9,686.3,681.9,8.6,,,无
1992-06-05,52645.0,青海,野牛沟,38.41666666666666,99.58333333333331,3320.0,1992,6,5,5.2,normal,5.5,12.4,-0.4,0.6,0.25,684.9,685.6,683.9,7.5,,1.8743668315817485,Rain
1992-06-06,52645.0,青海,野牛沟,38.41666666666666,99.58333333333331,3320.0,1992,6,6,0.0,无,5.3,12.6,-2.8,0.55,0.18,686.0,686.4,685.0,7.6,,,无
1992-06-07,52645.0,青海,野牛沟,38.41666666666666,99.58333333333331,3320.0,1992,6,7,0.0,无,6.9,17.3,-4.0,0.48,0.19,685.9,687.7,683.1,8.2,,,无
1992-06-08,52645.0,青海,野牛沟,38.41666666666666,99.58333333333331,3320.0,1992,6,8,0.0,无,9.2,20.7,-3.5,0.46,0.16,682.8,684.8,679.9,9.4,,,无
1992-06-09,52645.0,青海,野牛沟,38.41666666666666,99.58333333333331,3320.0,1992,6,9,0.0,无,11.4,22.2,-1.1,0.45,0.21,682.2,683.9,680.1,11.0,,,无
1992-06-10,52645.0,青海,野牛沟,38.41666666666666,99.58333333333331,3320.0,1992,6,10,0.9,normal,8.0,15.0,3.4,0.55,0.42,684.0,685.4,681.6,5.7,,3.4963092630610193,Rain
1992-06-11,52645.0,青海,野牛沟,38.41666666666666,99.58333333333331,3320.0,1992,6,11,0.0,无,7.7,14.1,-1.2,0.57,0.31,683.9,685.1,682.5,6.9,,,无
1992-06-12,52645.0,青海,野牛沟,38.41666666666666,99.58333333333331,3320.0,1992,6,12,0.0,无,8.4,12.7,4.1,0.59,0.39,683.1,683.8,681.6,4.9,,,无
1992-06-13,52645.0,青海,野牛沟,38.41666666666666,99.58333333333331,3320.0,1992,6,13,0.2,normal,7.6,14.8,3.6,0.78,0.38,682.5,683.8,680.9,4.7,,5.511345535183074,Rain
1992-06-14,52645.0,青海,野牛沟,38.41666666666666,99.58333333333331,3320.0,1992,6,14,0.0,无,8.8,15.4,5.9,0.65,0.34,682.3,682.9,680.9,4.7,,,无
1992-06-15,52645.0,青海,野牛沟,38.41666666666666,99.58333333333331,3320.0,1992,6,15,0.2,normal,8.2,17.8,1.5,0.66,0.29,683.0,683.7,681.1,6.9,,4.838332313660039,Rain
1992-06-16,52645.0,青海,野牛沟,38.41666666666666,99.58333333333331,3320.0,1992,6,16,4.2,normal,10.5,18.5,4.4,0.67,0.34,684.0,685.8,682.0,7.6,,6.992973844733608,Rain
1992-06-17,52645.0,青海,野牛沟,38.41666666666666,99.58333333333331,3320.0,1992,6,17,7.9,normal,9.8,15.4,5.4,0.74,0.47,683.4,685.0,681.5,5.2,,7.132285152185109,Rain
1992-06-18,52645.0,青海,野牛沟,38.41666666666666,99.58333333333331,3320.0,1992,6,18,0.0,无,8.1,17.8,0.6,0.75,0.42,681.5,683.6,679.4,6.2,,,无
1992-06-19,52645.0,青海,野牛沟,38.41666666666666,99.58333333333331,3320.0,1992,6,19,13.3,normal,7.0,14.4,4.1,0.79,0.51,682.9,684.9,680.9,2.9,,5.049745685435876,Rain
1992-06-20,52645.0,青海,野牛沟,38.41666666666666,99.58333333333331,3320.0,1992,6,20,5.1,normal,6.7,13.4,0.8,0.63,0.21,683.4,685.2,681.2,7.1,,3.209840539688762,Rain
1992-06-21,52645.0,青海,野牛沟,38.41666666666666,99.58333333333331,3320.0,1992,6,21,0.0,无,6.7,15.6,-0.4,0.67,0.28,681.7,683.8,678.9,7.2,,,无
1992-06-22,52645.0,青海,野牛沟,38.41666666666666,99.58333333333331,3320.0,1992,6,22,0.0,无,6.8,15.8,0.3,0.65,0.3,679.9,681.9,677.6,6.7,,,无
1992-06-23,52645.0,青海,野牛沟,38.41666666666666,99.58333333333331,3320.0,1992,6,23,0.2,normal,5.8,13.3,-0.6,0.62,0.32,680.7,681.5,679.1,6.3,,2.3181629648804547,Rain
1992-06-24,52645.0,青海,野牛沟,38.41666666666666,99.58333333333331,3320.0,1992,6,24,2.1,normal,4.3,7.8,3.3,0.92,0.67,681.2,682.0,680.0,0.7,,3.6361844922856035,Snow
1992-06-25,52645.0,青海,野牛沟,38.41666666666666,99.58333333333331,3320.0,1992,6,25,0.0,无,6.8,12.4,1.2,0.64,0.39,681.8,682.5,681.2,5.2,,,无
1992-06-26,52645.0,青海,野牛沟,38.41666666666666,99.58333333333331,3320.0,1992,6,26,0.0,无,7.0,14.9,-2.5,0.6,0.26,681.9,683.3,680.1,6.3,,,无
1992-06-27,52645.0,青海,野牛沟,38.41666666666666,99.58333333333331,3320.0,1992,6,27,0.0,无,7.2,13.2,1.6,0.63,0.33,681.9,683.0,680.6,5.0,,,无
1992-06-28,52645.0,青海,野牛沟,38.41666666666666,99.58333333333331,3320.0,1992,6,28,0.0,无,8.2,13.3,2.7,0.57,0.26,683.2,683.9,682.0,5.0,,,无
1992-06-29,52645.0,青海,野牛沟,38.41666666666666,99.58333333333331,3320.0,1992,6,29,0.0,无,9.8,16.9,2.5,0.49,0.22,683.6,684.7,682.0,7.5,,,无
1992-06-30,52645.0,青海,野牛沟,38.41666666666666,99.58333333333331,3320.0,1992,6,30,0.0,无,9.8,17.7,1.2,0.51,0.27,683.4,684.5,681.9,7.9,,,无
1992-07-01,52645.0,青海,野牛沟,38.41666666666666,99.58333333333331,3320.0,1992,7,1,0.0,无,9.3,17.6,-0.1,0.53,0.26,682.0,683.2,680.4,4.7,,,无
1992-07-02,52645.0,青海,野牛沟,38.41666666666666,99.58333333333331,3320.0,1992,7,2,0.0,无,8.4,14.7,3.8,0.66,0.33,681.9,682.5,680.6,5.4,,,无
1992-07-03,52645.0,青海,野牛沟,38.41666666666666,99.58333333333331,3320.0,1992,7,3,0.0,无,8.8,19.2,1.0,0.74,0.34,680.8,682.1,678.6,6.2,,,无
1992-07-04,52645.0,青海,野牛沟,38.41666666666666,99.58333333333331,3320.0,1992,7,4,0.0,无,10.0,19.2,3.2,0.76,0.48,681.1,681.9,680.7,2.2,,,无
1992-07-05,52645.0,青海,野牛沟,38.41666666666666,99.58333333333331,3320.0,1992,7,5,0.0,无,11.0,19.1,3.4,0.6,0.36,683.1,683.8,680.9,7.9,,,无
1992-07-06,52645.0,青海,野牛沟,38.41666666666666,99.58333333333331,3320.0,1992,7,6,11.2,normal,9.4,13.9,6.4,0.8,0.48,685.9,687.7,683.7,2.5,,7.398815903793445,Rain
1992-07-07,52645.0,青海,野牛沟,38.41666666666666,99.58333333333331,3320.0,1992,7,7,33.9,normal,3.7,9.7,0.0,0.9,0.71,685.1,685.6,683.6,3.3,,2.8879968291932068,Snow
1992-07-08,52645.0,青海,野牛沟,38.41666666666666,99.58333333333331,3320.0,1992,7,8,0.1,normal,5.9,11.6,0.5,0.75,0.37,686.1,686.8,684.8,4.5,,3.6553791180007744,Rain
1992-07-09,52645.0,青海,野牛沟,38.41666666666666,99.58333333333331,3320.0,1992,7,9,0.4,normal,5.2,11.2,-0.2,0.74,0.48,685.5,686.8,683.3,4.3,,2.9191784248450547,Rain
1992-07-10,52645.0,青海,野牛沟,38.41666666666666,99.58333333333331,3320.0,1992,7,10,0.0,无,7.0,16.0,-1.6,0.63,0.24,685.0,686.1,683.3,5.5,,,无
1992-07-11,52645.0,青海,野牛沟,38.41666666666666,99.58333333333331,3320.0,1992,7,11,1.3,normal,7.0,14.2,2.5,0.76,0.39,684.5,685.6,683.5,3.8,,4.76237375835646,Rain
1992-07-12,52645.0,青海,野牛沟,38.41666666666666,99.58333333333331,3320.0,1992,7,12,1.2,normal,8.5,15.6,4.0,0.73,0.46,686.7,687.8,685.4,5.8,,5.843062117486562,Rain
1992-07-13,52645.0,青海,野牛沟,38.41666666666666,99.58333333333331,3320.0,1992,7,13,20.9,normal,4.6,10.9,0.9,0.91,0.58,686.9,687.5,686.2,1.3,,3.8468758668958403,Rain
1992-07-14,52645.0,青海,野牛沟,38.41666666666666,99.58333333333331,3320.0,1992,7,14,0.0,无,6.6,13.1,0.6,0.75,0.41,686.3,687.7,684.7,4.6,,,无
1992-07-15,52645.0,青海,野牛沟,38.41666666666666,99.58333333333331,3320.0,1992,7,15,0.2,normal,6.2,14.4,0.9,0.77,0.41,685.7,686.2,684.0,4.6,,4.118977462514732,Rain
1992-07-16,52645.0,青海,野牛沟,38.41666666666666,99.58333333333331,3320.0,1992,7,16,0.2,normal,8.3,14.4,2.2,0.71,0.46,686.6,687.3,685.4,4.3,,5.45479879311888,Rain
1992-07-17,52645.0,青海,野牛沟,38.41666666666666,99.58333333333331,3320.0,1992,7,17,0.0,无,8.9,18.3,0.1,0.7,0.36,684.9,687.1,682.1,6.3,,,无
1992-07-18,52645.0,青海,野牛沟,38.41666666666666,99.58333333333331,3320.0,1992,7,18,4.8,normal,9.5,19.5,2.0,0.71,0.32,682.0,683.1,679.1,6.7,,6.533384024085156,Rain
1992-07-19,52645.0,青海,野牛沟,38.41666666666666,99.58333333333331,3320.0,1992,7,19,0.9,normal,8.5,14.6,2.7,0.74,0.45,681.5,682.6,680.3,3.7,,5.938029484969243,Rain
1992-07-20,52645.0,青海,野牛沟,38.41666666666666,99.58333333333331,3320.0,1992,7,20,4.5,normal,8.3,15.8,2.8,0.71,0.32,683.6,684.5,681.5,6.4,,5.449590650140768,Rain
1992-07-21,52645.0,青海,野牛沟,38.41666666666666,99.58333333333331,3320.0,1992,7,21,0.0,无,10.0,18.9,1.4,0.66,0.32,683.5,685.1,681.4,6.5,,,无
1992-07-22,52645.0,青海,野牛沟,38.41666666666666,99.58333333333331,3320.0,1992,7,22,1.9,normal,11.2,16.3,6.0,0.65,0.43,683.2,684.0,681.7,5.3,,7.38163563419127,Rain
1992-07-23,52645.0,青海,野牛沟,38.41666666666666,99.58333333333331,3320.0,1992,7,23,0.9,normal,10.5,17.9,4.1,0.68,0.31,682.4,685.0,680.4,6.6,,7.102862720998586,Rain
1992-07-24,52645.0,青海,野牛沟,38.41666666666666,99.58333333333331,3320.0,1992,7,24,1.5,normal,8.8,16.3,2.7,0.81,0.48,681.5,682.8,679.7,2.9,,6.933115137415569,Rain
1992-07-25,52645.0,青海,野牛沟,38.41666666666666,99.58333333333331,3320.0,1992,7,25,7.8,normal,9.2,15.6,4.4,0.74,0.37,682.2,683.1,680.7,5.7,,6.580591261882298,Rain
1992-07-26,52645.0,青海,野牛沟,38.41666666666666,99.58333333333331,3320.0,1992,7,26,0.0,无,11.5,17.1,7.4,0.61,0.33,683.0,684.2,681.5,6.7,,,无
1992-07-27,52645.0,青海,野牛沟,38.41666666666666,99.58333333333331,3320.0,1992,7,27,0.0,无,11.2,14.5,8.4,0.55,0.29,681.8,682.6,680.8,5.0,,,无
1992-07-28,52645.0,青海,野牛沟,38.41666666666666,99.58333333333331,3320.0,1992,7,28,1.1,normal,6.6,14.3,1.2,0.74,0.41,685.7,686.3,682.3,5.2,,4.203100024273216,Rain
1992-07-29,52645.0,青海,野牛沟,38.41666666666666,99.58333333333331,3320.0,1992,7,29,0.0,无,8.0,17.5,-0.7,0.66,0.33,686.5,687.8,684.2,5.2,,,无
1992-07-30,52645.0,青海,野牛沟,38.41666666666666,99.58333333333331,3320.0,1992,7,30,0.0,无,10.5,19.8,0.4,0.58,0.22,684.1,686.6,681.3,6.4,,,无
1992-07-31,52645.0,青海,野牛沟,38.41666666666666,99.58333333333331,3320.0,1992,7,31,0.0,无,10.0,19.9,1.5,0.64,0.25,682.9,684.3,680.5,6.2,,,无
1992-08-01,52645.0,青海,野牛沟,38.41666666666666,99.58333333333331,3320.0,1992,8,1,18.1,normal,7.5,11.7,4.6,0.87,0.56,683.5,683.8,682.7,2.4,,6.288974828214271,Rain
1992-08-02,52645.0,青海,野牛沟,38.41666666666666,99.58333333333331,3320.0,1992,8,2,1.2,normal,9.3,17.5,4.0,0.7,0.26,684.1,685.2,682.5,6.8,,6.248752466813863,Rain
1992-08-03,52645.0,青海,野牛沟,38.41666666666666,99.58333333333331,3320.0,1992,8,3,0.0,无,9.7,16.8,3.1,0.58,0.29,684.5,684.9,683.6,7.9,,,无
1992-08-04,52645.0,青海,野牛沟,38.41666666666666,99.58333333333331,3320.0,1992,8,4,0.0,无,8.6,19.1,-0.2,0.69,0.3,685.9,686.9,683.6,6.2,,,无
1992-08-05,52645.0,青海,野牛沟,38.41666666666666,99.58333333333331,3320.0,1992,8,5,2.2,normal,8.5,14.2,1.6,0.73,0.41,686.4,687.7,685.3,4.5,,5.842583256520322,Rain
1992-08-06,52645.0,青海,野牛沟,38.41666666666666,99.58333333333331,3320.0,1992,8,6,0.0,无,8.9,18.5,0.9,0.75,0.37,685.2,686.3,683.2,5.1,,,无
1992-08-07,52645.0,青海,野牛沟,38.41666666666666,99.58333333333331,3320.0,1992,8,7,0.0,无,10.6,19.5,1.6,0.67,0.4,683.0,684.9,680.9,6.7,,,无
1992-08-08,52645.0,青海,野牛沟,38.41666666666666,99.58333333333331,3320.0,1992,8,8,0.0,无,12.7,19.3,6.2,0.65,0.43,683.0,684.0,681.9,6.6,,,无
1992-08-09,52645.0,青海,野牛沟,38.41666666666666,99.58333333333331,3320.0,1992,8,9,0.0,无,13.8,20.7,9.3,0.69,0.44,683.6,684.4,682.1,6.4,,,无
1992-08-10,52645.0,青海,野牛沟,38.41666666666666,99.58333333333331,3320.0,1992,8,10,8.5,normal,12.6,19.0,8.4,0.84,0.58,684.4,685.2,682.3,3.9,,10.852937280314915,Rain
1992-08-11,52645.0,青海,野牛沟,38.41666666666666,99.58333333333331,3320.0,1992,8,11,5.1,normal,11.8,15.8,10.0,0.88,0.64,684.8,685.5,683.7,2.0,,10.52939186674552,Rain
1992-08-12,52645.0,青海,野牛沟,38.41666666666666,99.58333333333331,3320.0,1992,8,12,2.7,normal,10.7,14.2,8.6,0.83,0.61,687.3,688.8,685.5,3.0,,8.941523032239363,Rain
1992-08-13,52645.0,青海,野牛沟,38.41666666666666,99.58333333333331,3320.0,1992,8,13,0.1,normal,8.9,16.6,2.3,0.69,0.34,689.3,690.4,687.2,6.1,,5.791693394516275,Rain
1992-08-14,52645.0,青海,野牛沟,38.41666666666666,99.58333333333331,3320.0,1992,8,14,0.0,无,9.2,18.5,-0.8,0.6,0.25,687.6,689.1,685.3,7.5,,,无
1992-08-15,52645.0,青海,野牛沟,38.41666666666666,99.58333333333331,3320.0,1992,8,15,0.0,无,9.3,20.6,-1.9,0.57,0.25,685.4,687.0,682.7,8.0,,,无
1992-08-16,52645.0,青海,野牛沟,38.41666666666666,99.58333333333331,3320.0,1992,8,16,6.4,normal,8.6,15.5,4.5,0.72,0.45,684.4,685.5,682.8,3.2,,5.8268381512357825,Rain
1992-08-17,52645.0,青海,野牛沟,38.41666666666666,99.58333333333331,3320.0,1992,8,17,2.3,normal,8.4,16.2,2.4,0.72,0.34,683.3,686.0,680.8,6.5,,5.643166146513532,Rain
1992-08-18,52645.0,青海,野牛沟,38.41666666666666,99.58333333333331,3320.0,1992,8,18,3.0,normal,8.1,13.3,2.7,0.79,0.54,680.5,681.6,679.6,2.8,,6.074212892948396,Rain
1992-08-19,52645.0,青海,野牛沟,38.41666666666666,99.58333333333331,3320.0,1992,8,19,16.2,normal,5.7,9.8,1.5,0.87,0.58,681.4,682.8,679.6,1.5,,4.55862589518675,Rain
1992-08-20,52645.0,青海,野牛沟,38.41666666666666,99.58333333333331,3320.0,1992,8,20,2.8,normal,6.9,14.4,0.8,0.71,0.28,683.7,684.6,682.2,5.7,,4.181850231484607,Rain
1992-08-21,52645.0,青海,野牛沟,38.41666666666666,99.58333333333331,3320.0,1992,8,21,0.1,normal,5.8,15.0,-0.5,0.74,0.38,684.9,685.8,682.5,4.4,,3.468459588906483,Rain
1992-08-22,52645.0,青海,野牛沟,38.41666666666666,99.58333333333331,3320.0,1992,8,22,0.0,无,6.5,14.2,-0.2,0.69,0.28,685.6,686.7,684.1,5.4,,,无
1992-08-23,52645.0,青海,野牛沟,38.41666666666666,99.58333333333331,3320.0,1992,8,23,0.0,无,5.4,15.2,-3.0,0.66,0.29,686.3,687.4,684.2,5.2,,,无
1992-08-24,52645.0,青海,野牛沟,38.41666666666666,99.58333333333331,3320.0,1992,8,24,0.0,无,7.8,13.8,2.5,0.62,0.3,687.0,688.3,685.1,5.4,,,无
1992-08-25,52645.0,青海,野牛沟,38.41666666666666,99.58333333333331,3320.0,1992,8,25,2.9,normal,6.5,14.0,-0.2,0.72,0.37,686.5,688.4,683.8,5.2,,3.920754118688694,Rain
1992-08-26,52645.0,青海,野牛沟,38.41666666666666,99.58333333333331,3320.0,1992,8,26,2.6,normal,6.4,14.1,0.4,0.75,0.38,685.2,686.8,682.3,4.9,,4.114219817400886,Rain
1992-08-27,52645.0,青海,野牛沟,38.41666666666666,99.58333333333331,3320.0,1992,8,27,0.2,normal,6.3,16.8,-1.7,0.72,0.3,683.9,684.8,682.2,4.5,,3.734520384087614,Rain
1992-08-28,52645.0,青海,野牛沟,38.41666666666666,99.58333333333331,3320.0,1992,8,28,3.7,normal,5.7,14.2,0.2,0.81,0.31,686.1,687.5,684.1,5.6,,4.021613748485007,Rain
1992-08-29,52645.0,青海,野牛沟,38.41666666666666,99.58333333333331,3320.0,1992,8,29,0.0,无,6.6,14.3,0.5,0.76,0.46,686.9,687.8,685.4,4.2,,,无
1992-08-30,52645.0,青海,野牛沟,38.41666666666666,99.58333333333331,3320.0,1992,8,30,4.7,normal,7.6,14.3,2.4,0.7,0.4,688.0,688.9,686.2,6.1,,4.7226655209157675,Rain
1992-08-31,52645.0,青海,野牛沟,38.41666666666666,99.58333333333331,3320.0,1992,8,31,0.0,无,7.1,18.4,-3.0,0.65,0.28,687.9,689.1,685.7,5.1,,,无
1992-09-01,52645.0,青海,野牛沟,38.41666666666666,99.58333333333331,3320.0,1992,9,1,0.0,无,9.1,22.0,-1.2,0.61,0.22,686.3,687.8,684.5,6.5,,,无
1992-09-02,52645.0,青海,野牛沟,38.41666666666666,99.58333333333331,3320.0,1992,9,2,0.0,无,9.4,19.5,1.6,0.55,0.15,686.6,688.6,684.6,7.2,,,无
1992-09-03,52645.0,青海,野牛沟,38.41666666666666,99.58333333333331,3320.0,1992,9,3,0.0,无,8.9,20.7,-1.6,0.57,0.21,682.5,685.9,678.6,6.9,,,无
1992-09-04,52645.0,青海,野牛沟,38.41666666666666,99.58333333333331,3320.0,1992,9,4,0.0,无,8.1,15.3,5.2,0.57,0.31,682.6,683.9,679.3,7.1,,,无
1992-09-05,52645.0,青海,野牛沟,38.41666666666666,99.58333333333331,3320.0,1992,9,5,1.4,normal,6.2,15.4,1.2,0.62,0.15,685.5,686.9,683.3,6.2,,2.6784954720255483,Rain
1992-09-06,52645.0,青海,野牛沟,38.41666666666666,99.58333333333331,3320.0,1992,9,6,0.0,无,3.7,16.2,-6.5,0.53,0.14,685.5,687.3,682.3,5.9,,,无
1992-09-07,52645.0,青海,野牛沟,38.41666666666666,99.58333333333331,3320.0,1992,9,7,0.0,无,5.6,13.3,-2.1,0.48,0.22,685.1,686.0,683.8,5.1,,,无
1992-09-08,52645.0,青海,野牛沟,38.41666666666666,99.58333333333331,3320.0,1992,9,8,0.0,无,5.0,14.3,-3.7,0.6,0.19,684.5,686.4,681.9,4.8,,,无
1992-09-09,52645.0,青海,野牛沟,38.41666666666666,99.58333333333331,3320.0,1992,9,9,0.0,无,8.0,17.3,1.3,0.61,0.42,682.2,683.7,680.2,4.9,,,无
1992-09-10,52645.0,青海,野牛沟,38.41666666666666,99.58333333333331,3320.0,1992,9,10,0.0,无,10.3,21.7,2.4,0.68,0.35,679.5,681.5,675.6,6.6,,,无
1992-09-11,52645.0,青海,野牛沟,38.41666666666666,99.58333333333331,3320.0,1992,9,11,12.4,normal,8.3,15.5,3.4,0.86,0.62,683.1,684.4,677.0,1.1,,6.959158710153948,Rain
1992-09-12,52645.0,青海,野牛沟,38.41666666666666,99.58333333333331,3320.0,1992,9,12,1.1,normal,5.2,11.2,1.1,0.81,0.47,682.7,685.2,680.4,2.2,,3.5474736610899216,Rain
1992-09-13,52645.0,青海,野牛沟,38.41666666666666,99.58333333333331,3320.0,1992,9,13,1.9,normal,5.0,9.9,0.5,0.75,0.54,682.2,683.3,680.8,3.3,,2.8212426300805182,Rain
1992-09-14,52645.0,青海,野牛沟,38.41666666666666,99.58333333333331,3320.0,1992,9,14,0.0,无,4.2,10.1,0.3,0.71,0.42,684.2,684.8,682.2,3.2,,,无
1992-09-15,52645.0,青海,野牛沟,38.41666666666666,99.58333333333331,3320.0,1992,9,15,0.0,无,3.8,11.2,-1.0,0.69,0.32,685.8,687.3,684.1,4.3,,,无
1992-09-16,52645.0,青海,野牛沟,38.41666666666666,99.58333333333331,3320.0,1992,9,16,0.0,无,2.8,12.1,-4.9,0.66,0.28,684.8,686.2,682.6,3.4,,,无
1992-09-17,52645.0,青海,野牛沟,38.41666666666666,99.58333333333331,3320.0,1992,9,17,0.0,无,4.5,12.1,-2.9,0.66,0.25,684.5,686.3,682.0,3.7,,,无
1992-09-18,52645.0,青海,野牛沟,38.41666666666666,99.58333333333331,3320.0,1992,9,18,9.0,normal,2.4,12.0,-3.9,0.81,0.44,683.8,685.0,681.6,2.4,,0.9128498079314307,Snow
1992-09-19,52645.0,青海,野牛沟,38.41666666666666,99.58333333333331,3320.0,1992,9,19,4.4,normal,4.0,11.4,-1.5,0.76,0.42,686.6,688.1,684.1,3.8,,1.993286032081687,Rain
1992-09-20,52645.0,青海,野牛沟,38.41666666666666,99.58333333333331,3320.0,1992,9,20,0.0,无,6.5,15.7,-1.3,0.69,0.37,687.2,688.8,684.6,3.7,,,无
1992-09-21,52645.0,青海,野牛沟,38.41666666666666,99.58333333333331,3320.0,1992,9,21,0.4,normal,7.0,11.6,3.1,0.75,0.44,685.6,687.2,683.7,3.0,,4.666914683753878,Rain
1992-09-22,52645.0,青海,野牛沟,38.41666666666666,99.58333333333331,3320.0,1992,9,22,2.6,normal,4.0,10.9,0.6,0.84,0.4,684.7,685.3,682.5,2.9,,2.675205172366364,Snow
1992-09-23,52645.0,青海,野牛沟,38.41666666666666,99.58333333333331,3320.0,1992,9,23,0.6,normal,3.2,9.4,-0.3,0.79,0.35,686.7,687.6,685.2,2.9,,1.5036856956177092,Snow
1992-09-24,52645.0,青海,野牛沟,38.41666666666666,99.58333333333331,3320.0,1992,9,24,4.4,normal,0.4,7.5,-8.3,0.78,0.37,687.7,689.5,686.5,2.9,,-1.1889228562323462,Snow
1992-09-25,52645.0,青海,野牛沟,38.41666666666666,99.58333333333331,3320.0,1992,9,25,0.0,无,2.7,9.3,-2.3,0.69,0.3,687.0,688.4,685.0,3.3,,,无
1992-09-26,52645.0,青海,野牛沟,38.41666666666666,99.58333333333331,3320.0,1992,9,26,1.0,normal,2.3,9.8,-2.0,0.74,0.31,686.0,687.6,683.2,2.7,,0.25828941591437005,Snow
1992-09-27,52645.0,青海,野牛沟,38.41666666666666,99.58333333333331,3320.0,1992,9,27,0.0,无,2.3,10.3,-2.9,0.65,0.2,687.5,688.7,684.7,4.9,,,无
1992-09-28,52645.0,青海,野牛沟,38.41666666666666,99.58333333333331,3320.0,1992,9,28,0.0,无,1.4,11.7,-6.7,0.56,0.21,687.0,689.6,683.5,4.4,,,无
1992-09-29,52645.0,青海,野牛沟,38.41666666666666,99.58333333333331,3320.0,1992,9,29,0.0,无,1.5,11.5,-5.1,0.53,0.14,682.3,683.7,679.9,4.5,,,无
1992-09-30,52645.0,青海,野牛沟,38.41666666666666,99.58333333333331,3320.0,1992,9,30,0.0,无,2.0,12.7,-7.9,0.49,0.13,680.7,683.1,677.8,4.4,,,无
1992-10-01,52645.0,青海,野牛沟,38.41666666666666,99.58333333333331,3320.0,1992,10,1,0.0,无,2.2,8.7,-4.5,0.52,0.29,679.8,682.1,678.3,3.6,,,无
1992-10-02,52645.0,青海,野牛沟,38.41666666666666,99.58333333333331,3320.0,1992,10,2,0.0,无,-1.6,4.5,-7.3,0.65,0.47,684.1,685.2,681.9,3.3,,,无
1992-10-03,52645.0,青海,野牛沟,38.41666666666666,99.58333333333331,3320.0,1992,10,3,0.0,无,-0.8,4.0,-3.6,0.68,0.57,686.6,687.6,684.5,2.5,,,无
1992-10-04,52645.0,青海,野牛沟,38.41666666666666,99.58333333333331,3320.0,1992,10,4,0.0,无,-0.4,8.7,-7.5,0.69,0.36,686.1,688.4,682.3,2.0,,,无
1992-10-05,52645.0,青海,野牛沟,38.41666666666666,99.58333333333331,3320.0,1992,10,5,2.2,normal,-0.7,6.3,-4.0,0.77,0.35,684.2,685.6,682.8,0.9,,-2.290918506382238,Snow
1992-10-06,52645.0,青海,野牛沟,38.41666666666666,99.58333333333331,3320.0,1992,10,6,0.0,无,-1.3,9.0,-9.5,0.56,0.21,684.9,686.6,682.8,3.1,,,无
1992-10-07,52645.0,青海,野牛沟,38.41666666666666,99.58333333333331,3320.0,1992,10,7,0.0,无,0.3,11.4,-8.4,0.54,0.23,685.0,686.7,683.1,4.5,,,无
1992-10-08,52645.0,青海,野牛沟,38.41666666666666,99.58333333333331,3320.0,1992,10,8,0.0,无,2.1,10.4,-4.7,0.58,0.33,686.9,688.0,684.5,2.3,,,无
1992-10-09,52645.0,青海,野牛沟,38.41666666666666,99.58333333333331,3320.0,1992,10,9,0.0,无,1.8,11.6,-7.1,0.54,0.16,687.1,688.8,684.2,3.6,,,无
1992-10-10,52645.0,青海,野牛沟,38.41666666666666,99.58333333333331,3320.0,1992,10,10,0.0,无,1.8,11.4,-6.8,0.53,0.26,685.2,686.7,682.7,4.3,,,无
1992-10-11,52645.0,青海,野牛沟,38.41666666666666,99.58333333333331,3320.0,1992,10,11,0.2,normal,1.6,5.7,-0.5,0.68,0.44,685.8,686.3,684.5,2.3,,-0.8610924365009742,Snow
1992-10-12,52645.0,青海,野牛沟,38.41666666666666,99.58333333333331,3320.0,1992,10,12,0.8,normal,-0.9,6.6,-6.4,0.7,0.37,686.4,687.8,684.0,1.2,,-2.9681371347514807,Snow
1992-10-13,52645.0,青海,野牛沟,38.41666666666666,99.58333333333331,3320.0,1992,10,13,0.7,normal,-2.0,3.3,-7.1,0.72,0.44,687.1,688.3,685.6,1.8,,-3.832597570653582,Snow
1992-10-14,52645.0,青海,野牛沟,38.41666666666666,99.58333333333331,3320.0,1992,10,14,0.0,无,-4.4,4.9,-10.5,0.68,0.35,687.0,688.3,684.6,1.6,,,无
1992-10-15,52645.0,青海,野牛沟,38.41666666666666,99.58333333333331,3320.0,1992,10,15,0.0,无,-3.8,6.1,-11.1,0.64,0.2,684.5,686.0,682.3,2.0,,,无
1992-10-16,52645.0,青海,野牛沟,38.41666666666666,99.58333333333331,3320.0,1992,10,16,0.0,无,-3.6,6.5,-11.2,0.56,0.25,685.0,686.5,684.1,2.2,,,无
1992-10-17,52645.0,青海,野牛沟,38.41666666666666,99.58333333333331,3320.0,1992,10,17,0.0,无,-3.2,6.7,-11.4,0.55,0.2,683.7,685.2,682.0,3.3,,,无
1992-10-18,52645.0,青海,野牛沟,38.41666666666666,99.58333333333331,3320.0,1992,10,18,0.0,无,-3.0,9.3,-12.0,0.59,0.26,684.4,686.0,682.3,3.1,,,无
1992-10-19,52645.0,青海,野牛沟,38.41666666666666,99.58333333333331,3320.0,1992,10,19,0.2,normal,-2.9,2.7,-7.7,0.76,0.46,683.7,684.4,682.4,0.9,,-4.405856827266521,Snow
1992-10-20,52645.0,青海,野牛沟,38.41666666666666,99.58333333333331,3320.0,1992,10,20,9.6,normal,-4.4,0.4,-8.1,0.79,0.61,684.0,685.4,681.6,0.6,,-5.623787957027138,Snow
1992-10-21,52645.0,青海,野牛沟,38.41666666666666,99.58333333333331,3320.0,1992,10,21,1.9,normal,-12.8,-3.7,-22.9,0.79,0.53,684.1,686.2,680.5,0.7,,-13.57356052246502,Snow
1992-10-22,52645.0,青海,野牛沟,38.41666666666666,99.58333333333331,3320.0,1992,10,22,0.0,无,-10.4,-0.4,-19.3,0.59,0.24,682.3,683.6,680.6,2.3,,,无
1992-10-23,52645.0,青海,野牛沟,38.41666666666666,99.58333333333331,3320.0,1992,10,23,0.0,无,-8.2,5.5,-17.3,0.54,0.17,686.3,688.1,685.9,1.7,,,无
1992-10-24,52645.0,青海,野牛沟,38.41666666666666,99.58333333333331,3320.0,1992,10,24,0.0,无,-6.1,4.9,-15.0,0.6,0.31,684.9,687.0,681.5,1.9,,,无
1992-10-25,52645.0,青海,野牛沟,38.41666666666666,99.58333333333331,3320.0,1992,10,25,0.0,无,-5.0,3.1,-11.3,0.62,0.3,683.1,683.8,681.6,2.0,,,无
1992-10-26,52645.0,青海,野牛沟,38.41666666666666,99.58333333333331,3320.0,1992,10,26,0.0,无,-4.1,4.2,-10.3,0.63,0.22,684.2,685.5,682.3,3.4,,,无
1992-10-27,52645.0,青海,野牛沟,38.41666666666666,99.58333333333331,3320.0,1992,10,27,0.0,无,-6.4,4.7,-14.4,0.5,0.15,687.5,689.3,684.2,2.2,,,无
1992-10-28,52645.0,青海,野牛沟,38.41666666666666,99.58333333333331,3320.0,1992,10,28,0.0,无,-6.3,5.4,-15.2,0.44,0.12,689.0,690.1,687.5,3.0,,,无
1992-10-29,52645.0,青海,野牛沟,38.41666666666666,99.58333333333331,3320.0,1992,10,29,0.0,无,-5.7,6.7,-15.6,0.43,0.09,688.9,690.9,685.9,2.3,,,无
1992-10-30,52645.0,青海,野牛沟,38.41666666666666,99.58333333333331,3320.0,1992,10,30,0.0,无,-6.0,5.5,-15.5,0.44,0.08,688.2,690.3,686.3,2.1,,,无
1992-10-31,52645.0,青海,野牛沟,38.41666666666666,99.58333333333331,3320.0,1992,10,31,0.0,无,-6.7,6.4,-16.5,0.48,0.19,686.4,688.4,683.6,1.7,,,无
1992-11-01,52645.0,青海,野牛沟,38.41666666666666,99.58333333333331,3320.0,1992,11,1,0.0,无,-4.8,7.7,-13.2,0.48,0.16,684.3,685.6,681.0,2.8,,,无
1992-11-02,52645.0,青海,野牛沟,38.41666666666666,99.58333333333331,3320.0,1992,11,2,0.0,无,-6.5,1.1,-13.0,0.61,0.21,688.5,690.0,685.6,1.5,,,无
1992-11-03,52645.0,青海,野牛沟,38.41666666666666,99.58333333333331,3320.0,1992,11,3,0.0,无,-8.3,3.3,-16.9,0.52,0.22,687.3,689.4,684.0,1.2,,,无
1992-11-04,52645.0,青海,野牛沟,38.41666666666666,99.58333333333331,3320.0,1992,11,4,0.0,无,-8.3,5.2,-18.0,0.45,0.12,684.1,685.3,680.2,1.6,,,无
1992-11-05,52645.0,青海,野牛沟,38.41666666666666,99.58333333333331,3320.0,1992,11,5,0.0,无,-5.4,5.1,-13.4,0.44,0.27,680.3,682.6,677.0,2.0,,,无
1992-11-06,52645.0,青海,野牛沟,38.41666666666666,99.58333333333331,3320.0,1992,11,6,3.0,normal,-7.7,-1.2,-9.9,0.75,0.28,681.2,682.8,678.6,1.2,,-8.938292161116014,Snow
1992-11-07,52645.0,青海,野牛沟,38.41666666666666,99.58333333333331,3320.0,1992,11,7,0.0,无,-14.7,-6.8,-18.9,0.46,0.31,684.6,690.0,680.9,1.1,,,无
1992-11-08,52645.0,青海,野牛沟,38.41666666666666,99.58333333333331,3320.0,1992,11,8,0.0,无,-17.9,-3.3,-27.3,0.52,0.26,692.4,693.7,690.0,1.3,,,无
1992-11-09,52645.0,青海,野牛沟,38.41666666666666,99.58333333333331,3320.0,1992,11,9,0.0,无,-14.1,-1.0,-23.6,0.51,0.2,691.2,694.0,688.2,1.1,,,无
1992-11-10,52645.0,青海,野牛沟,38.41666666666666,99.58333333333331,3320.0,1992,11,10,0.0,无,-13.3,-1.0,-22.3,0.47,0.14,687.4,688.9,684.8,1.5,,,无
1992-11-11,52645.0,青海,野牛沟,38.41666666666666,99.58333333333331,3320.0,1992,11,11,0.0,无,-11.5,0.2,-21.8,0.44,0.27,687.5,689.1,685.6,1.6,,,无
1992-11-12,52645.0,青海,野牛沟,38.41666666666666,99.58333333333331,3320.0,1992,11,12,0.0,无,-8.6,4.3,-18.9,0.49,0.26,688.0,690.0,685.0,1.9,,,无
1992-11-13,52645.0,青海,野牛沟,38.41666666666666,99.58333333333331,3320.0,1992,11,13,0.0,无,-7.0,3.4,-17.3,0.47,0.2,682.7,686.0,679.5,2.0,,,无
1992-11-14,52645.0,青海,野牛沟,38.41666666666666,99.58333333333331,3320.0,1992,11,14,0.1,normal,-8.6,-1.1,-15.8,0.47,0.12,684.6,686.4,679.8,2.8,,-11.13033137895275,Snow
1992-11-15,52645.0,青海,野牛沟,38.41666666666666,99.58333333333331,3320.0,1992,11,15,0.0,无,-12.4,0.1,-22.0,0.4,0.16,686.2,688.2,684.2,1.4,,,无
1992-11-16,52645.0,青海,野牛沟,38.41666666666666,99.58333333333331,3320.0,1992,11,16,0.0,无,-10.2,1.6,-19.2,0.46,0.21,682.9,685.5,680.0,1.2,,,无
1992-11-17,52645.0,青海,野牛沟,38.41666666666666,99.58333333333331,3320.0,1992,11,17,0.0,无,-8.1,4.9,-18.7,0.5,0.22,677.7,680.9,674.3,1.2,,,无
1992-11-18,52645.0,青海,野牛沟,38.41666666666666,99.58333333333331,3320.0,1992,11,18,0.0,无,-6.4,0.5,-9.9,0.45,0.16,680.4,685.3,675.4,3.0,,,无
1992-11-19,52645.0,青海,野牛沟,38.41666666666666,99.58333333333331,3320.0,1992,11,19,0.0,无,-15.6,-4.8,-23.5,0.44,0.23,688.1,689.9,685.3,1.0,,,无
1992-11-20,52645.0,青海,野牛沟,38.41666666666666,99.58333333333331,3320.0,1992,11,20,0.0,无,-15.6,-1.7,-25.4,0.41,0.21,684.0,689.5,678.8,1.0,,,无
1992-11-21,52645.0,青海,野牛沟,38.41666666666666,99.58333333333331,3320.0,1992,11,21,0.0,无,-13.5,0.6,-21.8,0.36,0.11,679.5,681.5,677.8,1.5,,,无
1992-11-22,52645.0,青海,野牛沟,38.41666666666666,99.58333333333331,3320.0,1992,11,22,0.0,无,-13.3,0.2,-22.9,0.44,0.23,684.0,686.1,681.5,1.0,,,无
1992-11-23,52645.0,青海,野牛沟,38.41666666666666,99.58333333333331,3320.0,1992,11,23,0.0,无,-13.5,0.4,-22.4,0.39,0.18,685.5,686.9,683.2,1.5,,,无
1992-11-24,52645.0,青海,野牛沟,38.41666666666666,99.58333333333331,3320.0,1992,11,24,0.0,无,-13.2,0.2,-23.0,0.38,0.18,688.6,690.1,686.4,1.5,,,无
1992-11-25,52645.0,青海,野牛沟,38.41666666666666,99.58333333333331,3320.0,1992,11,25,0.0,无,-11.6,0.7,-21.2,0.42,0.18,689.3,691.0,686.9,1.2,,,无
1992-11-26,52645.0,青海,野牛沟,38.41666666666666,99.58333333333331,3320.0,1992,11,26,0.0,无,-12.4,1.4,-21.8,0.46,0.25,685.4,687.2,682.9,1.3,,,无
1992-11-27,52645.0,青海,野牛沟,38.41666666666666,99.58333333333331,3320.0,1992,11,27,0.0,无,-12.8,0.6,-21.7,0.5,0.23,685.2,686.6,683.5,1.1,,,无
1992-11-28,52645.0,青海,野牛沟,38.41666666666666,99.58333333333331,3320.0,1992,11,28,0.0,无,-13.9,2.1,-23.2,0.49,0.17,686.3,687.9,684.2,1.3,,,无
1992-11-29,52645.0,青海,野牛沟,38.41666666666666,99.58333333333331,3320.0,1992,11,29,0.0,无,-13.2,2.4,-22.9,0.41,0.14,685.9,687.2,684.0,1.1,,,无
1992-11-30,52645.0,青海,野牛沟,38.41666666666666,99.58333333333331,3320.0,1992,11,30,0.0,无,-12.4,1.2,-22.0,0.37,0.15,688.3,690.0,686.0,1.1,,,无
1992-12-01,52645.0,青海,野牛沟,38.41666666666666,99.58333333333331,3320.0,1992,12,1,0.0,无,-13.3,-0.1,-22.5,0.42,0.19,687.3,689.1,684.6,0.9,,,无
1992-12-02,52645.0,青海,野牛沟,38.41666666666666,99.58333333333331,3320.0,1992,12,2,0.0,无,-13.8,-0.9,-23.7,0.44,0.23,684.8,687.2,682.1,0.9,,,无
1992-12-03,52645.0,青海,野牛沟,38.41666666666666,99.58333333333331,3320.0,1992,12,3,0.0,无,-13.2,0.4,-22.1,0.48,0.25,682.0,683.5,679.6,0.8,,,无
1992-12-04,52645.0,青海,野牛沟,38.41666666666666,99.58333333333331,3320.0,1992,12,4,0.0,无,-12.7,0.7,-22.4,0.43,0.27,681.3,682.7,679.5,0.8,,,无
1992-12-05,52645.0,青海,野牛沟,38.41666666666666,99.58333333333331,3320.0,1992,12,5,0.0,无,-13.8,-1.8,-22.1,0.44,0.24,681.9,683.3,679.4,1.2,,,无
1992-12-06,52645.0,青海,野牛沟,38.41666666666666,99.58333333333331,3320.0,1992,12,6,0.0,无,-15.3,-2.4,-23.8,0.47,0.28,680.2,681.6,677.9,1.6,,,无
1992-12-07,52645.0,青海,野牛沟,38.41666666666666,99.58333333333331,3320.0,1992,12,7,0.0,无,-15.4,-4.3,-25.9,0.49,0.31,679.2,681.1,675.6,0.9,,,无
1992-12-08,52645.0,青海,野牛沟,38.41666666666666,99.58333333333331,3320.0,1992,12,8,0.7,normal,-13.9,-6.4,-21.0,0.68,0.47,680.9,683.3,677.8,0.5,,-15.008961982737429,Snow
1992-12-09,52645.0,青海,野牛沟,38.41666666666666,99.58333333333331,3320.0,1992,12,9,0.0,无,-14.5,-2.4,-22.5,0.56,0.27,679.7,680.6,678.2,1.3,,,无
1992-12-10,52645.0,青海,野牛沟,38.41666666666666,99.58333333333331,3320.0,1992,12,10,0.0,无,-17.2,-4.0,-26.4,0.49,0.28,682.3,684.0,680.3,0.7,,,无
1992-12-11,52645.0,青海,野牛沟,38.41666666666666,99.58333333333331,3320.0,1992,12,11,0.0,无,-15.6,0.3,-24.9,0.42,0.21,679.7,682.4,677.3,1.3,,,无
1992-12-12,52645.0,青海,野牛沟,38.41666666666666,99.58333333333331,3320.0,1992,12,12,0.0,无,-12.6,0.3,-22.2,0.43,0.21,677.6,679.3,675.4,1.2,,,无
1992-12-13,52645.0,青海,野牛沟,38.41666666666666,99.58333333333331,3320.0,1992,12,13,0.0,无,-11.2,-2.6,-18.0,0.51,0.34,679.0,682.0,677.5,0.7,,,无
1992-12-14,52645.0,青海,野牛沟,38.41666666666666,99.58333333333331,3320.0,1992,12,14,0.0,无,-15.3,-3.8,-24.3,0.51,0.18,683.6,685.4,682.0,0.9,,,无
1992-12-15,52645.0,青海,野牛沟,38.41666666666666,99.58333333333331,3320.0,1992,12,15,0.0,无,-13.0,-1.7,-23.4,0.37,0.21,681.6,683.8,679.1,1.3,,,无
1992-12-16,52645.0,青海,野牛沟,38.41666666666666,99.58333333333331,3320.0,1992,12,16,0.0,无,-12.8,-3.7,-21.0,0.46,0.18,678.9,680.2,676.9,0.5,,,无
1992-12-17,52645.0,青海,野牛沟,38.41666666666666,99.58333333333331,3320.0,1992,12,17,0.0,无,-13.5,-2.7,-22.6,0.48,0.19,679.5,681.0,678.0,1.0,,,无
1992-12-18,52645.0,青海,野牛沟,38.41666666666666,99.58333333333331,3320.0,1992,12,18,0.0,无,-14.9,-3.1,-23.6,0.37,0.16,680.7,683.0,678.9,0.7,,,无
1992-12-19,52645.0,青海,野牛沟,38.41666666666666,99.58333333333331,3320.0,1992,12,19,0.0,无,-14.2,-2.5,-25.6,0.35,0.19,676.0,679.1,673.2,1.0,,,无
1992-12-20,52645.0,青海,野牛沟,38.41666666666666,99.58333333333331,3320.0,1992,12,20,0.0,无,-12.4,-2.5,-18.2,0.33,0.12,680.4,683.9,674.7,1.2,,,无
1992-12-21,52645.0,青海,野牛沟,38.41666666666666,99.58333333333331,3320.0,1992,12,21,0.0,无,-17.0,-0.3,-26.9,0.28,0.12,679.0,681.9,675.9,1.0,,,无
1992-12-22,52645.0,青海,野牛沟,38.41666666666666,99.58333333333331,3320.0,1992,12,22,0.0,无,-14.4,-6.8,-19.4,0.27,0.08,682.4,687.3,677.1,1.6,,,无
1992-12-23,52645.0,青海,野牛沟,38.41666666666666,99.58333333333331,3320.0,1992,12,23,0.0,无,-19.1,-4.5,-28.3,0.23,0.11,684.9,688.3,681.1,0.9,,,无
1992-12-24,52645.0,青海,野牛沟,38.41666666666666,99.58333333333331,3320.0,1992,12,24,0.0,无,-14.9,0.5,-23.9,0.26,0.15,678.0,681.1,676.3,1.4,,,无
1992-12-25,52645.0,青海,野牛沟,38.41666666666666,99.58333333333331,3320.0,1992,12,25,0.0,无,-13.6,-0.8,-23.0,0.35,0.2,679.0,681.3,676.8,1.4,,,无
1992-12-26,52645.0,青海,野牛沟,38.41666666666666,99.58333333333331,3320.0,1992,12,26,0.0,无,-14.0,-3.4,-21.0,0.49,0.28,678.7,680.2,676.8,0.6,,,无
1992-12-27,52645.0,青海,野牛沟,38.41666666666666,99.58333333333331,3320.0,1992,12,27,0.0,无,-16.3,-4.2,-23.9,0.52,0.24,677.6,680.0,675.0,0.4,,,无
1992-12-28,52645.0,青海,野牛沟,38.41666666666666,99.58333333333331,3320.0,1992,12,28,0.0,无,-16.6,-5.2,-24.2,0.38,0.2,678.5,679.8,676.3,1.6,,,无
1992-12-29,52645.0,青海,野牛沟,38.41666666666666,99.58333333333331,3320.0,1992,12,29,0.0,无,-16.6,-4.3,-24.1,0.33,0.18,679.7,680.7,678.7,0.7,,,无
1992-12-30,52645.0,青海,野牛沟,38.41666666666666,99.58333333333331,3320.0,1992,12,30,0.0,无,-18.3,-3.8,-27.1,0.29,0.12,680.4,681.3,679.9,0.9,,,无
1992-12-31,52645.0,青海,野牛沟,38.41666666666666,99.58333333333331,3320.0,1992,12,31,0.0,无,-16.3,-2.1,-24.4,0.26,0.06,681.2,682.6,678.8,1.8,,,无
1993-01-01,52645.0,青海,野牛沟,38.41666666666666,99.58333333333331,3320.0,1993,1,1,0.0,无,-15.1,-2.5,-24.0,0.24,0.11,678.6,680.5,675.7,1.0,,,无
1993-01-02,52645.0,青海,野牛沟,38.41666666666666,99.58333333333331,3320.0,1993,1,2,0.0,无,-12.6,-5.1,-18.5,0.28,0.15,680.3,681.7,677.6,1.0,,,无
1993-01-03,52645.0,青海,野牛沟,38.41666666666666,99.58333333333331,3320.0,1993,1,3,0.0,无,-12.9,-3.7,-21.0,0.39,0.28,680.4,682.4,677.4,0.7,,,无
1993-01-04,52645.0,青海,野牛沟,38.41666666666666,99.58333333333331,3320.0,1993,1,4,0.0,无,-15.1,-5.1,-23.5,0.43,0.31,677.5,679.5,674.1,0.8,,,无
1993-01-05,52645.0,青海,野牛沟,38.41666666666666,99.58333333333331,3320.0,1993,1,5,0.7,normal,-18.0,-9.2,-26.4,0.55,0.41,678.4,680.2,677.0,0.3,,-19.195705559434664,Snow
1993-01-06,52645.0,青海,野牛沟,38.41666666666666,99.58333333333331,3320.0,1993,1,6,0.0,无,-19.7,-5.8,-27.5,0.45,0.22,675.6,678.5,672.9,0.8,,,无
1993-01-07,52645.0,青海,野牛沟,38.41666666666666,99.58333333333331,3320.0,1993,1,7,0.2,normal,-17.8,-9.2,-24.5,0.51,0.44,673.8,675.8,671.8,0.0,,-19.128397246996663,Snow
1993-01-08,52645.0,青海,野牛沟,38.41666666666666,99.58333333333331,3320.0,1993,1,8,0.0,无,-19.4,-11.8,-26.4,0.56,0.45,677.7,680.0,675.0,0.4,,,无
1993-01-09,52645.0,青海,野牛沟,38.41666666666666,99.58333333333331,3320.0,1993,1,9,0.2,normal,-19.1,-11.6,-24.5,0.55,0.48,676.3,677.2,674.8,0.1,,-20.209419323541404,Snow
1993-01-10,52645.0,青海,野牛沟,38.41666666666666,99.58333333333331,3320.0,1993,1,10,0.7,normal,-20.3,-13.4,-27.4,0.57,0.44,677.0,677.8,676.0,0.7,,-21.271184537641396,Snow
1993-01-11,52645.0,青海,野牛沟,38.41666666666666,99.58333333333331,3320.0,1993,1,11,0.0,无,-23.6,-12.4,-31.0,0.49,0.32,676.2,677.4,675.0,0.7,,,无
1993-01-12,52645.0,青海,野牛沟,38.41666666666666,99.58333333333331,3320.0,1993,1,12,0.0,无,-24.0,-12.8,-29.7,0.47,0.33,675.7,676.8,674.4,0.3,,,无
1993-01-13,52645.0,青海,野牛沟,38.41666666666666,99.58333333333331,3320.0,1993,1,13,0.0,无,-24.1,-13.9,-31.8,0.46,0.28,678.3,680.1,676.4,0.5,,,无
1993-01-14,52645.0,青海,野牛沟,38.41666666666666,99.58333333333331,3320.0,1993,1,14,0.0,无,-25.0,-12.4,-33.4,0.43,0.26,677.5,679.2,675.2,0.5,,,无
1993-01-15,52645.0,青海,野牛沟,38.41666666666666,99.58333333333331,3320.0,1993,1,15,0.0,无,-24.6,-11.7,-32.6,0.42,0.21,677.6,679.2,676.3,0.5,,,无
1993-01-16,52645.0,青海,野牛沟,38.41666666666666,99.58333333333331,3320.0,1993,1,16,0.0,无,-22.3,-12.2,-29.4,0.42,0.29,677.0,678.4,675.7,0.5,,,无
1993-01-17,52645.0,青海,野牛沟,38.41666666666666,99.58333333333331,3320.0,1993,1,17,0.0,无,-23.2,-9.8,-31.7,0.38,0.19,675.5,678.5,671.9,0.6,,,无
1993-01-18,52645.0,青海,野牛沟,38.41666666666666,99.58333333333331,3320.0,1993,1,18,0.0,无,-20.4,-7.2,-29.9,0.38,0.19,673.2,675.5,670.8,0.8,,,无
1993-01-19,52645.0,青海,野牛沟,38.41666666666666,99.58333333333331,3320.0,1993,1,19,0.0,无,-18.2,-4.4,-27.1,0.37,0.2,671.9,673.7,670.4,0.6,,,无
1993-01-20,52645.0,青海,野牛沟,38.41666666666666,99.58333333333331,3320.0,1993,1,20,0.0,无,-17.8,-4.5,-26.1,0.39,0.21,674.0,675.1,672.6,0.8,,,无
1993-01-21,52645.0,青海,野牛沟,38.41666666666666,99.58333333333331,3320.0,1993,1,21,0.0,无,-16.4,-8.1,-22.5,0.41,0.28,675.7,677.0,674.1,0.8,,,无
1993-01-22,52645.0,青海,野牛沟,38.41666666666666,99.58333333333331,3320.0,1993,1,22,0.3,normal,-16.7,-7.3,-24.1,0.48,0.31,676.9,678.7,675.5,0.6,,-18.21557082786255,Snow
1993-01-23,52645.0,青海,野牛沟,38.41666666666666,99.58333333333331,3320.0,1993,1,23,0.0,无,-19.2,-6.7,-27.5,0.43,0.21,676.8,678.8,675.0,0.7,,,无
1993-01-24,52645.0,青海,野牛沟,38.41666666666666,99.58333333333331,3320.0,1993,1,24,0.0,无,-19.1,-4.8,-28.4,0.34,0.13,675.9,677.7,673.9,0.9,,,无
1993-01-25,52645.0,青海,野牛沟,38.41666666666666,99.58333333333331,3320.0,1993,1,25,0.0,无,-17.3,-5.0,-27.5,0.32,0.12,678.2,679.9,675.3,1.3,,,无
1993-01-26,52645.0,青海,野牛沟,38.41666666666666,99.58333333333331,3320.0,1993,1,26,0.0,无,-15.5,-5.1,-24.2,0.36,0.16,682.5,684.5,678.8,0.8,,,无
1993-01-27,52645.0,青海,野牛沟,38.41666666666666,99.58333333333331,3320.0,1993,1,27,0.0,无,-18.3,-3.6,-29.4,0.3,0.08,681.5,683.4,678.4,1.1,,,无
1993-01-28,52645.0,青海,野牛沟,38.41666666666666,99.58333333333331,3320.0,1993,1,28,0.0,无,-15.2,-5.5,-25.2,0.29,0.18,681.7,683.5,680.6,1.1,,,无
1993-01-29,52645.0,青海,野牛沟,38.41666666666666,99.58333333333331,3320.0,1993,1,29,0.0,无,-16.8,-2.1,-27.0,0.31,0.08,681.6,683.7,678.8,1.1,,,无
1993-01-30,52645.0,青海,野牛沟,38.41666666666666,99.58333333333331,3320.0,1993,1,30,0.0,无,-14.6,0.5,-25.4,0.26,0.1,680.0,681.0,678.1,1.2,,,无
1993-01-31,52645.0,青海,野牛沟,38.41666666666666,99.58333333333331,3320.0,1993,1,31,0.0,无,-12.8,1.2,-24.0,0.3,0.13,682.0,683.5,679.8,1.1,,,无
1993-02-01,52645.0,青海,野牛沟,38.41666666666666,99.58333333333331,3320.0,1993,2,1,0.0,无,-12.3,0.8,-23.3,0.29,0.13,683.8,685.5,681.1,1.5,,,无
1993-02-02,52645.0,青海,野牛沟,38.41666666666666,99.58333333333331,3320.0,1993,2,2,0.0,无,-11.1,-0.8,-21.6,0.28,0.1,683.2,685.2,681.8,1.6,,,无
1993-02-03,52645.0,青海,野牛沟,38.41666666666666,99.58333333333331,3320.0,1993,2,3,0.0,无,-13.6,-0.2,-23.3,0.23,0.11,683.2,685.1,682.1,1.6,,,无
1993-02-04,52645.0,青海,野牛沟,38.41666666666666,99.58333333333331,3320.0,1993,2,4,0.0,无,-10.0,4.8,-21.5,0.27,0.08,682.9,684.8,680.5,1.7,,,无
1993-02-05,52645.0,青海,野牛沟,38.41666666666666,99.58333333333331,3320.0,1993,2,5,0.0,无,0.0,7.1,-10.0,0.12,0.04,676.0,681.2,672.1,4.7,,,无
1993-02-06,52645.0,青海,野牛沟,38.41666666666666,99.58333333333331,3320.0,1993,2,6,0.0,无,-7.4,3.9,-18.2,0.3,0.11,677.8,679.3,674.6,2.8,,,无
1993-02-07,52645.0,青海,野牛沟,38.41666666666666,99.58333333333331,3320.0,1993,2,7,0.0,无,-6.4,0.3,-12.3,0.43,0.17,678.4,680.3,676.6,1.6,,,无
1993-02-08,52645.0,青海,野牛沟,38.41666666666666,99.58333333333331,3320.0,1993,2,8,0.0,无,-11.0,1.1,-21.0,0.33,0.12,683.0,685.7,679.7,1.7,,,无
1993-02-09,52645.0,青海,野牛沟,38.41666666666666,99.58333333333331,3320.0,1993,2,9,0.0,无,-7.4,2.4,-16.0,0.32,0.17,680.2,680.9,679.8,1.3,,,无
1993-02-10,52645.0,青海,野牛沟,38.41666666666666,99.58333333333331,3320.0,1993,2,10,0.0,无,-10.2,2.7,-19.8,0.39,0.08,683.1,684.1,680.7,2.2,,,无
1993-02-11,52645.0,青海,野牛沟,38.41666666666666,99.58333333333331,3320.0,1993,2,11,0.0,无,-10.5,3.2,-21.2,0.27,0.11,682.0,683.8,679.5,2.0,,,无
1993-02-12,52645.0,青海,野牛沟,38.41666666666666,99.58333333333331,3320.0,1993,2,12,0.0,无,-9.4,4.0,-20.0,0.36,0.14,681.3,683.5,678.2,1.7,,,无
1993-02-13,52645.0,青海,野牛沟,38.41666666666666,99.58333333333331,3320.0,1993,2,13,0.0,无,-8.2,3.9,-18.5,0.3,0.17,679.3,680.7,677.0,1.9,,,无
1993-02-14,52645.0,青海,野牛沟,38.41666666666666,99.58333333333331,3320.0,1993,2,14,0.0,无,-7.4,-0.2,-16.7,0.32,0.12,680.1,682.0,678.2,2.1,,,无
1993-02-15,52645.0,青海,野牛沟,38.41666666666666,99.58333333333331,3320.0,1993,2,15,0.0,无,-10.2,2.5,-22.1,0.26,0.09,677.4,680.7,673.7,2.2,,,无
1993-02-16,52645.0,青海,野牛沟,38.41666666666666,99.58333333333331,3320.0,1993,2,16,0.0,无,-9.8,1.3,-18.5,0.22,0.11,674.0,674.9,672.5,2.4,,,无
1993-02-17,52645.0,青海,野牛沟,38.41666666666666,99.58333333333331,3320.0,1993,2,17,0.0,无,-9.0,5.3,-20.7,0.2,0.07,671.9,675.4,668.1,2.6,,,无
1993-02-18,52645.0,青海,野牛沟,38.41666666666666,99.58333333333331,3320.0,1993,2,18,0.0,无,-3.3,7.5,-15.9,0.18,0.09,668.3,670.5,665.1,2.4,,,无
1993-02-19,52645.0,青海,野牛沟,38.41666666666666,99.58333333333331,3320.0,1993,2,19,0.0,无,-6.8,4.2,-14.8,0.46,0.15,670.3,672.3,666.9,3.6,,,无
1993-02-20,52645.0,青海,野牛沟,38.41666666666666,99.58333333333331,3320.0,1993,2,20,0.1,normal,-9.0,-3.3,-11.3,0.48,0.33,673.2,675.4,669.9,1.0,,-11.45392795628737,Snow
1993-02-21,52645.0,青海,野牛沟,38.41666666666666,99.58333333333331,3320.0,1993,2,21,0.7,normal,-12.1,-5.0,-16.5,0.52,0.34,676.6,677.7,675.4,1.1,,-13.97864401145052,Snow
1993-02-22,52645.0,青海,野牛沟,38.41666666666666,99.58333333333331,3320.0,1993,2,22,0.0,无,-13.4,-4.1,-23.1,0.44,0.2,677.1,679.3,674.6,1.8,,,无
1993-02-23,52645.0,青海,野牛沟,38.41666666666666,99.58333333333331,3320.0,1993,2,23,0.0,无,-9.8,-3.8,-16.6,0.41,0.25,674.3,675.3,672.5,1.7,,,无
1993-02-24,52645.0,青海,野牛沟,38.41666666666666,99.58333333333331,3320.0,1993,2,24,0.0,无,-14.3,-2.5,-25.1,0.39,0.13,676.1,678.4,673.5,1.3,,,无
1993-02-25,52645.0,青海,野牛沟,38.41666666666666,99.58333333333331,3320.0,1993,2,25,0.0,无,-11.8,-0.1,-23.5,0.34,0.15,674.0,675.6,670.9,2.1,,,无
1993-02-26,52645.0,青海,野牛沟,38.41666666666666,99.58333333333331,3320.0,1993,2,26,0.0,无,-13.2,1.6,-22.7,0.37,0.11,674.5,676.1,671.7,2.5,,,无
1993-02-27,52645.0,青海,野牛沟,38.41666666666666,99.58333333333331,3320.0,1993,2,27,0.0,无,-11.9,-3.5,-19.0,0.33,0.11,675.9,677.8,674.1,1.6,,,无
1993-02-28,52645.0,青海,野牛沟,38.41666666666666,99.58333333333331,3320.0,1993,2,28,0.0,无,-11.0,0.9,-19.6,0.3,0.13,677.7,679.6,675.6,1.6,,,无
1993-03-01,52645.0,青海,野牛沟,38.41666666666666,99.58333333333331,3320.0,1993,3,1,0.0,无,-10.1,1.8,-21.4,0.3,0.08,677.4,678.9,674.7,2.7,,,无
1993-03-02,52645.0,青海,野牛沟,38.41666666666666,99.58333333333331,3320.0,1993,3,2,0.0,无,-10.4,0.7,-21.0,0.23,0.1,679.9,680.8,676.4,2.5,,,无
1993-03-03,52645.0,青海,野牛沟,38.41666666666666,99.58333333333331,3320.0,1993,3,3,0.0,无,-10.3,3.3,-21.5,0.24,0.02,679.8,681.4,677.3,2.1,,,无
1993-03-04,52645.0,青海,野牛沟,38.41666666666666,99.58333333333331,3320.0,1993,3,4,0.0,无,-5.9,5.5,-18.5,0.25,0.03,674.9,678.1,671.2,4.3,,,无
1993-03-05,52645.0,青海,野牛沟,38.41666666666666,99.58333333333331,3320.0,1993,3,5,0.0,无,-6.0,0.3,-13.9,0.23,0.14,676.0,676.9,673.8,3.5,,,无
1993-03-06,52645.0,青海,野牛沟,38.41666666666666,99.58333333333331,3320.0,1993,3,6,0.0,无,-6.1,5.6,-16.4,0.3,0.08,677.4,678.5,675.6,4.2,,,无
1993-03-07,52645.0,青海,野牛沟,38.41666666666666,99.58333333333331,3320.0,1993,3,7,0.0,无,-8.8,5.0,-19.0,0.28,0.09,679.1,681.0,675.8,2.5,,,无
1993-03-08,52645.0,青海,野牛沟,38.41666666666666,99.58333333333331,3320.0,1993,3,8,0.0,无,-7.1,2.8,-14.7,0.2,0.06,680.3,681.8,677.5,2.8,,,无
1993-03-09,52645.0,青海,野牛沟,38.41666666666666,99.58333333333331,3320.0,1993,3,9,0.0,无,-8.4,6.7,-20.3,0.27,0.09,680.4,682.1,677.6,3.3,,,无
1993-03-10,52645.0,青海,野牛沟,38.41666666666666,99.58333333333331,3320.0,1993,3,10,0.0,无,-4.9,10.3,-16.7,0.23,0.01,680.9,683.1,679.3,5.0,,,无
1993-03-11,52645.0,青海,野牛沟,38.41666666666666,99.58333333333331,3320.0,1993,3,11,0.0,无,-4.8,10.4,-18.0,0.23,0.02,678.8,681.3,674.8,3.0,,,无
1993-03-12,52645.0,青海,野牛沟,38.41666666666666,99.58333333333331,3320.0,1993,3,12,0.0,无,-1.3,11.7,-13.2,0.36,0.1,674.2,676.4,671.1,3.7,,,无
1993-03-13,52645.0,青海,野牛沟,38.41666666666666,99.58333333333331,3320.0,1993,3,13,0.0,无,-2.4,11.5,-13.5,0.3,0.11,672.4,674.1,670.0,4.0,,,无
1993-03-14,52645.0,青海,野牛沟,38.41666666666666,99.58333333333331,3320.0,1993,3,14,1.0,normal,-3.8,6.2,-9.4,0.5,0.3,673.9,675.7,671.1,1.5,,-6.89895996385419,Snow
1993-03-15,52645.0,青海,野牛沟,38.41666666666666,99.58333333333331,3320.0,1993,3,15,0.2,normal,-2.7,7.3,-8.9,0.47,0.14,674.0,675.7,672.8,3.0,,-6.1740690810218934,Snow
1993-03-16,52645.0,青海,野牛沟,38.41666666666666,99.58333333333331,3320.0,1993,3,16,1.5,normal,-3.8,2.2,-7.5,0.55,0.18,675.0,675.7,674.2,0.3,,-6.5747234838397395,Snow
1993-03-17,52645.0,青海,野牛沟,38.41666666666666,99.58333333333331,3320.0,1993,3,17,1.0,normal,-4.3,-0.6,-6.7,0.61,0.34,676.8,677.4,675.1,0.8,,-6.631272626739864,Snow
1993-03-18,52645.0,青海,野牛沟,38.41666666666666,99.58333333333331,3320.0,1993,3,18,0.0,无,-6.8,-0.2,-12.9,0.48,0.26,678.0,679.0,676.1,1.9,,,无
1993-03-19,52645.0,青海,野牛沟,38.41666666666666,99.58333333333331,3320.0,1993,3,19,0.4,normal,-7.7,-2.5,-10.4,0.51,0.31,677.1,678.1,675.7,1.3,,-10.171587360771056,Snow
1993-03-20,52645.0,青海,野牛沟,38.41666666666666,99.58333333333331,3320.0,1993,3,20,0.0,无,-7.6,-0.1,-12.5,0.49,0.23,676.6,678.5,674.2,1.5,,,无
1993-03-21,52645.0,青海,野牛沟,38.41666666666666,99.58333333333331,3320.0,1993,3,21,0.0,无,-8.8,-0.2,-14.5,0.51,0.19,674.0,675.9,671.9,1.8,,,无
1993-03-22,52645.0,青海,野牛沟,38.41666666666666,99.58333333333331,3320.0,1993,3,22,0.5,normal,-9.6,-0.2,-19.1,0.45,0.11,675.5,677.4,673.9,1.9,,-12.106228484948861,Snow
1993-03-23,52645.0,青海,野牛沟,38.41666666666666,99.58333333333331,3320.0,1993,3,23,0.0,无,-8.1,3.2,-18.5,0.37,0.12,673.4,676.1,672.0,2.8,,,无
1993-03-24,52645.0,青海,野牛沟,38.41666666666666,99.58333333333331,3320.0,1993,3,24,0.0,无,-6.1,5.7,-16.4,0.38,0.09,673.5,674.9,671.6,3.0,,,无
1993-03-25,52645.0,青海,野牛沟,38.41666666666666,99.58333333333331,3320.0,1993,3,25,0.4,normal,-2.1,6.0,-7.9,0.49,0.16,674.9,676.9,672.7,3.4,,-5.530602206361359,Snow
1993-03-26,52645.0,青海,野牛沟,38.41666666666666,99.58333333333331,3320.0,1993,3,26,0.0,无,-3.5,8.3,-13.5,0.43,0.17,674.1,675.9,671.4,3.7,,,无
1993-03-27,52645.0,青海,野牛沟,38.41666666666666,99.58333333333331,3320.0,1993,3,27,2.7,normal,-2.1,2.7,-5.4,0.54,0.33,675.5,677.1,672.3,1.8,,-5.178002241555357,Snow
1993-03-28,52645.0,青海,野牛沟,38.41666666666666,99.58333333333331,3320.0,1993,3,28,1.3,normal,-5.5,-2.3,-6.6,0.6,0.37,679.2,680.3,677.1,0.3,,-7.748270113224911,Snow
1993-03-29,52645.0,青海,野牛沟,38.41666666666666,99.58333333333331,3320.0,1993,3,29,0.0,无,-8.2,2.3,-16.9,0.35,0.04,680.6,682.0,678.4,2.3,,,无
1993-03-30,52645.0,青海,野牛沟,38.41666666666666,99.58333333333331,3320.0,1993,3,30,0.0,无,-7.7,3.6,-17.8,0.28,0.01,678.2,680.7,675.5,3.4,,,无
1993-03-31,52645.0,青海,野牛沟,38.41666666666666,99.58333333333331,3320.0,1993,3,31,0.3,normal,-7.8,1.5,-16.1,0.48,0.11,675.2,676.6,673.2,2.3,,-10.418124265858783,Snow
1993-04-01,52645.0,青海,野牛沟,38.41666666666666,99.58333333333331,3320.0,1993,4,1,0.0,无,-4.9,5.3,-14.0,0.43,0.18,675.9,677.4,674.3,2.5,,,无
1993-04-02,52645.0,青海,野牛沟,38.41666666666666,99.58333333333331,3320.0,1993,4,2,0.0,无,-1.6,3.4,-6.8,0.3,0.14,676.5,678.0,674.7,3.4,,,无
1993-04-03,52645.0,青海,野牛沟,38.41666666666666,99.58333333333331,3320.0,1993,4,3,0.1,normal,-6.0,3.4,-14.1,0.45,0.14,677.4,679.2,674.0,3.5,,-9.049435026533303,Snow
1993-04-04,52645.0,青海,野牛沟,38.41666666666666,99.58333333333331,3320.0,1993,4,4,0.2,normal,-6.0,-0.3,-10.9,0.46,0.17,678.3,679.2,677.1,2.2,,-8.989368904012235,Snow
1993-04-05,52645.0,青海,野牛沟,38.41666666666666,99.58333333333331,3320.0,1993,4,5,0.0,无,-7.2,2.8,-15.1,0.33,0.16,679.3,680.1,677.5,3.3,,,无
1993-04-06,52645.0,青海,野牛沟,38.41666666666666,99.58333333333331,3320.0,1993,4,6,0.0,无,-7.8,0.3,-14.6,0.37,0.14,681.4,682.7,679.2,2.9,,,无
1993-04-07,52645.0,青海,野牛沟,38.41666666666666,99.58333333333331,3320.0,1993,4,7,0.0,无,-7.6,0.3,-16.2,0.28,0.08,680.7,682.1,678.7,3.5,,,无
1993-04-08,52645.0,青海,野牛沟,38.41666666666666,99.58333333333331,3320.0,1993,4,8,0.0,无,-7.4,4.1,-18.1,0.31,0.09,679.7,681.2,676.9,4.6,,,无
1993-04-09,52645.0,青海,野牛沟,38.41666666666666,99.58333333333331,3320.0,1993,4,9,0.0,无,-5.7,4.5,-14.4,0.3,0.1,681.2,682.9,678.6,3.3,,,无
1993-04-10,52645.0,青海,野牛沟,38.41666666666666,99.58333333333331,3320.0,1993,4,10,0.0,无,-5.1,5.5,-13.7,0.38,0.19,679.8,681.4,676.8,3.8,,,无
1993-04-11,52645.0,青海,野牛沟,38.41666666666666,99.58333333333331,3320.0,1993,4,11,1.0,normal,-4.4,0.0,-8.8,0.58,0.26,679.3,680.7,677.9,2.3,,-6.898538308546072,Snow
1993-04-12,52645.0,青海,野牛沟,38.41666666666666,99.58333333333331,3320.0,1993,4,12,1.1,normal,-5.5,0.6,-10.4,0.58,0.27,680.5,681.4,679.1,1.6,,-7.861238107209645,Snow
1993-04-13,52645.0,青海,野牛沟,38.41666666666666,99.58333333333331,3320.0,1993,4,13,1.2,normal,-4.3,3.3,-12.3,0.55,0.38,682.2,683.6,680.4,2.9,,-6.989662180395286,Snow
1993-04-14,52645.0,青海,野牛沟,38.41666666666666,99.58333333333331,3320.0,1993,4,14,0.3,normal,-4.6,5.7,-10.7,0.47,0.18,683.3,684.8,681.0,3.0,,-7.7368064773836975,Snow
1993-04-15,52645.0,青海,野牛沟,38.41666666666666,99.58333333333331,3320.0,1993,4,15,0.0,无,-1.9,11.0,-11.9,0.4,0.09,680.3,683.0,677.2,4.9,,,无
1993-04-16,52645.0,青海,野牛沟,38.41666666666666,99.58333333333331,3320.0,1993,4,16,0.0,无,-1.8,8.9,-10.2,0.35,0.08,678.9,680.6,677.1,5.7,,,无
1993-04-17,52645.0,青海,野牛沟,38.41666666666666,99.58333333333331,3320.0,1993,4,17,0.0,无,-1.2,11.7,-12.3,0.33,0.07,680.3,682.3,677.5,5.7,,,无
1993-04-18,52645.0,青海,野牛沟,38.41666666666666,99.58333333333331,3320.0,1993,4,18,0.0,无,0.5,11.7,-6.4,0.3,0.14,681.8,682.8,678.5,4.2,,,无
1993-04-19,52645.0,青海,野牛沟,38.41666666666666,99.58333333333331,3320.0,1993,4,19,0.0,无,1.0,10.5,-9.8,0.33,0.09,683.0,684.7,680.7,5.5,,,无
1993-04-20,52645.0,青海,野牛沟,38.41666666666666,99.58333333333331,3320.0,1993,4,20,0.3,normal,-0.4,7.8,-6.3,0.35,0.19,682.2,683.1,680.7,4.5,,-5.17019945476378,Snow
1993-04-21,52645.0,青海,野牛沟,38.41666666666666,99.58333333333331,3320.0,1993,4,21,0.0,无,0.3,12.4,-11.0,0.31,0.04,683.0,685.0,680.0,7.2,,,无
1993-04-22,52645.0,青海,野牛沟,38.41666666666666,99.58333333333331,3320.0,1993,4,22,0.0,无,3.6,14.3,-6.7,0.21,0.11,680.8,681.9,679.0,7.2,,,无
1993-04-23,52645.0,青海,野牛沟,38.41666666666666,99.58333333333331,3320.0,1993,4,23,0.0,无,2.6,14.0,-7.4,0.31,0.08,681.3,682.5,679.0,6.5,,,无
1993-04-24,52645.0,青海,野牛沟,38.41666666666666,99.58333333333331,3320.0,1993,4,24,0.0,无,3.3,12.3,-6.5,0.27,0.15,683.2,684.4,681.0,5.4,,,无
1993-04-25,52645.0,青海,野牛沟,38.41666666666666,99.58333333333331,3320.0,1993,4,25,0.0,无,4.5,17.6,-7.3,0.32,0.05,682.7,685.1,679.4,7.8,,,无
1993-04-26,52645.0,青海,野牛沟,38.41666666666666,99.58333333333331,3320.0,1993,4,26,0.0,无,5.3,17.6,-6.4,0.35,0.04,678.3,681.0,674.3,7.3,,,无
1993-04-27,52645.0,青海,野牛沟,38.41666666666666,99.58333333333331,3320.0,1993,4,27,0.0,无,4.3,13.0,-1.6,0.41,0.21,677.6,678.8,675.2,5.0,,,无
1993-04-28,52645.0,青海,野牛沟,38.41666666666666,99.58333333333331,3320.0,1993,4,28,0.0,无,2.6,13.3,-8.9,0.34,0.12,677.6,679.1,675.5,5.7,,,无
1993-04-29,52645.0,青海,野牛沟,38.41666666666666,99.58333333333331,3320.0,1993,4,29,0.1,normal,2.0,15.1,-7.4,0.44,0.15,677.5,678.7,674.3,4.8,,-2.54092099993684,Snow
1993-04-30,52645.0,青海,野牛沟,38.41666666666666,99.58333333333331,3320.0,1993,4,30,0.7,normal,1.9,9.3,-4.3,0.58,0.38,678.4,679.5,676.4,3.2,,-1.429614678950215,Snow
1993-05-01,52645.0,青海,野牛沟,38.41666666666666,99.58333333333331,3320.0,1993,5,1,0.4,normal,1.0,8.7,-4.0,0.45,0.2,681.1,682.4,679.0,5.0,,-3.2541789458248127,Snow
1993-05-02,52645.0,青海,野牛沟,38.41666666666666,99.58333333333331,3320.0,1993,5,2,0.0,无,1.2,11.0,-9.2,0.27,0.04,680.0,682.4,676.0,5.8,,,无
1993-05-03,52645.0,青海,野牛沟,38.41666666666666,99.58333333333331,3320.0,1993,5,3,0.0,无,1.8,13.5,-9.3,0.35,0.15,678.2,679.0,675.7,6.2,,,无
1993-05-04,52645.0,青海,野牛沟,38.41666666666666,99.58333333333331,3320.0,1993,5,4,0.4,normal,1.5,11.4,-6.3,0.51,0.21,679.3,680.3,676.4,4.1,,-2.3503734773354124,Snow
1993-05-05,52645.0,青海,野牛沟,38.41666666666666,99.58333333333331,3320.0,1993,5,5,0.0,无,3.2,12.9,-4.0,0.41,0.06,678.5,681.2,675.1,5.8,,,无
1993-05-06,52645.0,青海,野牛沟,38.41666666666666,99.58333333333331,3320.0,1993,5,6,0.0,无,1.0,10.1,-7.2,0.24,0.07,679.1,681.0,676.0,6.6,,,无
1993-05-07,52645.0,青海,野牛沟,38.41666666666666,99.58333333333331,3320.0,1993,5,7,0.0,无,0.5,6.9,-7.0,0.34,0.18,679.4,681.4,677.4,6.4,,,无
1993-05-08,52645.0,青海,野牛沟,38.41666666666666,99.58333333333331,3320.0,1993,5,8,2.2,normal,2.6,14.4,-5.5,0.47,0.05,679.8,681.8,676.7,8.2,,-1.7823950241737707,Snow
1993-05-09,52645.0,青海,野牛沟,38.41666666666666,99.58333333333331,3320.0,1993,5,9,0.0,无,6.5,19.2,-7.4,0.29,0.08,677.3,680.1,673.0,7.8,,,无
1993-05-10,52645.0,青海,野牛沟,38.41666666666666,99.58333333333331,3320.0,1993,5,10,4.6,normal,6.2,15.6,0.5,0.49,0.14,674.7,675.4,673.7,4.6,,1.3364796437609927,Rain
1993-05-11,52645.0,青海,野牛沟,38.41666666666666,99.58333333333331,3320.0,1993,5,11,0.6,normal,0.2,4.0,-1.0,0.71,0.49,677.2,677.9,675.0,2.1,,-1.9100414895694984,Snow
1993-05-12,52645.0,青海,野牛沟,38.41666666666666,99.58333333333331,3320.0,1993,5,12,2.2,normal,-2.2,2.7,-5.4,0.63,0.46,680.2,681.0,677.7,3.4,,-4.633710794277577,Snow
1993-05-13,52645.0,青海,野牛沟,38.41666666666666,99.58333333333331,3320.0,1993,5,13,2.8,normal,-1.0,6.5,-4.6,0.7,0.4,681.4,682.4,679.5,2.2,,-3.067313534490057,Snow
1993-05-14,52645.0,青海,野牛沟,38.41666666666666,99.58333333333331,3320.0,1993,5,14,6.3,normal,-2.3,2.4,-6.5,0.73,0.55,683.6,684.3,682.4,2.6,,-4.046507308108409,Snow
1993-05-15,52645.0,青海,野牛沟,38.41666666666666,99.58333333333331,3320.0,1993,5,15,0.7,normal,-2.9,-0.7,-4.9,0.7,0.57,684.0,685.3,682.7,1.8,,-4.791780745592109,Snow
1993-05-16,52645.0,青海,野牛沟,38.41666666666666,99.58333333333331,3320.0,1993,5,16,0.0,无,-2.6,4.5,-9.8,0.44,0.24,681.6,683.5,679.7,4.3,,,无
1993-05-17,52645.0,青海,野牛沟,38.41666666666666,99.58333333333331,3320.0,1993,5,17,0.0,无,1.6,9.9,-8.0,0.36,0.18,679.6,681.7,677.2,6.0,,,无
1993-05-18,52645.0,青海,野牛沟,38.41666666666666,99.58333333333331,3320.0,1993,5,18,0.0,无,4.6,12.2,-4.7,0.44,0.25,678.1,679.2,676.9,5.7,,,无
1993-05-19,52645.0,青海,野牛沟,38.41666666666666,99.58333333333331,3320.0,1993,5,19,1.8,normal,2.1,7.8,-1.6,0.54,0.36,680.3,683.2,678.1,1.9,,-1.5903056431017992,Snow
1993-05-20,52645.0,青海,野牛沟,38.41666666666666,99.58333333333331,3320.0,1993,5,20,0.1,normal,0.5,8.0,-7.4,0.53,0.33,683.8,684.3,682.5,3.6,,-3.0164048259908105,Snow
1993-05-21,52645.0,青海,野牛沟,38.41666666666666,99.58333333333331,3320.0,1993,5,21,0.0,无,3.0,11.5,-4.9,0.5,0.22,684.5,686.1,682.2,5.9,,,无
1993-05-22,52645.0,青海,野牛沟,38.41666666666666,99.58333333333331,3320.0,1993,5,22,0.0,无,2.8,11.2,-6.3,0.46,0.2,683.8,685.7,681.8,4.9,,,无
1993-05-23,52645.0,青海,野牛沟,38.41666666666666,99.58333333333331,3320.0,1993,5,23,0.0,无,3.0,15.4,-5.9,0.52,0.24,683.2,684.1,680.6,5.9,,,无
1993-05-24,52645.0,青海,野牛沟,38.41666666666666,99.58333333333331,3320.0,1993,5,24,2.2,normal,2.3,11.5,-2.9,0.74,0.34,684.0,684.7,682.3,3.2,,0.25531677184288615,Snow
1993-05-25,52645.0,青海,野牛沟,38.41666666666666,99.58333333333331,3320.0,1993,5,25,0.7,normal,1.6,7.3,-1.5,0.73,0.47,684.8,685.2,684.1,2.5,,-0.4656253732946025,Snow
1993-05-26,52645.0,青海,野牛沟,38.41666666666666,99.58333333333331,3320.0,1993,5,26,0.0,无,4.7,14.0,-5.0,0.47,0.15,685.7,687.1,683.5,6.0,,,无
1993-05-27,52645.0,青海,野牛沟,38.41666666666666,99.58333333333331,3320.0,1993,5,27,0.0,无,7.3,17.8,-4.6,0.39,0.1,683.0,684.6,681.7,8.9,,,无
1993-05-28,52645.0,青海,野牛沟,38.41666666666666,99.58333333333331,3320.0,1993,5,28,1.1,normal,6.0,16.0,-2.1,0.51,0.14,682.1,684.5,678.8,6.5,,1.4011466124391392,Rain
1993-05-29,52645.0,青海,野牛沟,38.41666666666666,99.58333333333331,3320.0,1993,5,29,2.3,normal,4.4,13.7,-1.1,0.72,0.21,680.8,682.8,677.7,5.4,,2.0004494730456424,Rain
1993-05-30,52645.0,青海,野牛沟,38.41666666666666,99.58333333333331,3320.0,1993,5,30,2.0,normal,5.6,10.7,1.1,0.7,0.46,678.6,681.0,675.9,4.1,,2.9011928626048844,Rain
1993-05-31,52645.0,青海,野牛沟,38.41666666666666,99.58333333333331,3320.0,1993,5,31,0.8,normal,5.3,13.1,0.5,0.64,0.32,679.7,680.9,677.7,5.4,,2.0693879255608083,Rain
1993-06-01,52645.0,青海,野牛沟,38.41666666666666,99.58333333333331,3320.0,1993,6,1,0.0,无,7.0,15.4,-1.0,0.6,0.29,680.1,681.4,678.3,6.0,,,无
1993-06-02,52645.0,青海,野牛沟,38.41666666666666,99.58333333333331,3320.0,1993,6,2,6.2,normal,4.2,11.5,0.7,0.71,0.34,680.3,680.8,678.9,2.2,,1.7289332443791539,Rain
1993-06-03,52645.0,青海,野牛沟,38.41666666666666,99.58333333333331,3320.0,1993,6,3,0.3,normal,4.2,9.9,0.9,0.74,0.51,682.0,682.9,680.6,4.4,,1.9965743690340298,Rain
1993-06-04,52645.0,青海,野牛沟,38.41666666666666,99.58333333333331,3320.0,1993,6,4,0.8,normal,4.7,15.0,-3.0,0.64,0.23,682.3,683.0,679.5,5.3,,1.5466496646645789,Rain
1993-06-05,52645.0,青海,野牛沟,38.41666666666666,99.58333333333331,3320.0,1993,6,5,2.3,normal,7.2,15.0,0.2,0.59,0.25,682.5,684.4,680.5,6.5,,3.234403014044358,Rain
1993-06-06,52645.0,青海,野牛沟,38.41666666666666,99.58333333333331,3320.0,1993,6,6,0.1,normal,6.8,14.5,-1.3,0.63,0.25,681.5,683.0,679.3,5.4,,3.2930381224352923,Rain
1993-06-07,52645.0,青海,野牛沟,38.41666666666666,99.58333333333331,3320.0,1993,6,7,0.0,无,8.7,18.4,-2.3,0.52,0.18,681.2,682.7,678.2,6.8,,,无
1993-06-08,52645.0,青海,野牛沟,38.41666666666666,99.58333333333331,3320.0,1993,6,8,0.4,normal,8.4,18.3,-1.2,0.59,0.17,681.7,682.5,679.0,6.7,,4.263450314807611,Rain
1993-06-09,52645.0,青海,野牛沟,38.41666666666666,99.58333333333331,3320.0,1993,6,9,2.4,normal,6.0,9.1,3.6,0.76,0.62,683.0,683.5,681.9,1.1,,3.8365539647779334,Rain
1993-06-10,52645.0,青海,野牛沟,38.41666666666666,99.58333333333331,3320.0,1993,6,10,14.4,normal,3.6,9.3,0.2,0.85,0.56,683.3,684.0,681.6,3.8,,2.376820004520517,Snow
1993-06-11,52645.0,青海,野牛沟,38.41666666666666,99.58333333333331,3320.0,1993,6,11,22.4,normal,2.6,8.2,0.0,0.82,0.53,684.2,685.7,682.3,2.5,,1.1823009990929423,Snow
1993-06-12,52645.0,青海,野牛沟,38.41666666666666,99.58333333333331,3320.0,1993,6,12,0.0,无,5.5,14.5,-3.0,0.53,0.23,681.6,683.5,679.0,6.2,,,无
1993-06-13,52645.0,青海,野牛沟,38.41666666666666,99.58333333333331,3320.0,1993,6,13,0.9,normal,6.1,13.9,-1.0,0.64,0.26,681.3,682.1,679.4,4.7,,2.7771749450763794,Rain
1993-06-14,52645.0,青海,野牛沟,38.41666666666666,99.58333333333331,3320.0,1993,6,14,1.0,normal,6.5,17.4,-1.2,0.66,0.23,682.0,683.8,678.8,7.0,,3.3282504513761557,Rain
1993-06-15,52645.0,青海,野牛沟,38.41666666666666,99.58333333333331,3320.0,1993,6,15,1.4,normal,5.0,11.2,0.0,0.78,0.45,682.3,682.9,681.1,2.1,,3.091300848569589,Rain
1993-06-16,52645.0,青海,野牛沟,38.41666666666666,99.58333333333331,3320.0,1993,6,16,0.0,无,7.7,17.0,-0.9,0.6,0.19,682.1,684.1,679.6,6.9,,,无
1993-06-17,52645.0,青海,野牛沟,38.41666666666666,99.58333333333331,3320.0,1993,6,17,3.0,normal,8.5,16.0,3.5,0.63,0.31,681.3,682.3,679.6,6.0,,4.780632640878895,Rain
1993-06-18,52645.0,青海,野牛沟,38.41666666666666,99.58333333333331,3320.0,1993,6,18,0.0,无,7.9,16.3,1.0,0.7,0.37,681.5,682.4,679.5,5.2,,,无
1993-06-19,52645.0,青海,野牛沟,38.41666666666666,99.58333333333331,3320.0,1993,6,19,0.4,normal,8.2,11.5,6.0,0.7,0.51,681.1,682.3,679.6,2.5,,5.25135223635989,Rain
1993-06-20,52645.0,青海,野牛沟,38.41666666666666,99.58333333333331,3320.0,1993,6,20,7.5,normal,4.8,9.3,1.4,0.79,0.59,683.4,684.5,680.7,2.5,,2.9951934606516994,Snow
1993-06-21,52645.0,青海,野牛沟,38.41666666666666,99.58333333333331,3320.0,1993,6,21,0.0,无,6.7,15.5,-0.2,0.7,0.31,685.4,686.3,682.9,4.9,,,无
1993-06-22,52645.0,青海,野牛沟,38.41666666666666,99.58333333333331,3320.0,1993,6,22,0.6,normal,6.0,17.0,-0.5,0.73,0.23,685.5,687.0,681.9,5.4,,3.5586584609747574,Rain
1993-06-23,52645.0,青海,野牛沟,38.41666666666666,99.58333333333331,3320.0,1993,6,23,5.1,normal,6.2,13.7,-0.5,0.71,0.4,683.4,686.0,680.8,4.8,,3.5471883829551176,Rain
1993-06-24,52645.0,青海,野牛沟,38.41666666666666,99.58333333333331,3320.0,1993,6,24,0.0,无,8.7,18.0,-0.7,0.59,0.28,681.5,683.8,677.5,7.2,,,无
1993-06-25,52645.0,青海,野牛沟,38.41666666666666,99.58333333333331,3320.0,1993,6,25,4.4,normal,7.2,15.8,4.5,0.76,0.37,679.1,679.6,677.8,1.9,,4.93951616129737,Rain
1993-06-26,52645.0,青海,野牛沟,38.41666666666666,99.58333333333331,3320.0,1993,6,26,8.8,normal,6.1,13.0,0.6,0.81,0.52,681.3,682.4,679.6,3.7,,4.392782867625571,Rain
1993-06-27,52645.0,青海,野牛沟,38.41666666666666,99.58333333333331,3320.0,1993,6,27,9.0,normal,6.4,14.1,1.8,0.75,0.33,684.5,685.3,682.4,5.2,,4.113196635230811,Rain
1993-06-28,52645.0,青海,野牛沟,38.41666666666666,99.58333333333331,3320.0,1993,6,28,0.0,无,8.2,15.8,0.5,0.58,0.2,685.8,687.0,683.9,8.2,,,无
1993-06-29,52645.0,青海,野牛沟,38.41666666666666,99.58333333333331,3320.0,1993,6,29,0.0,无,7.9,16.3,-0.2,0.61,0.27,684.9,686.8,682.0,7.4,,,无
1993-06-30,52645.0,青海,野牛沟,38.41666666666666,99.58333333333331,3320.0,1993,6,30,1.7,normal,8.4,13.3,3.1,0.67,0.44,682.4,684.1,680.8,4.3,,5.119900127052408,Rain
1993-07-01,52645.0,青海,野牛沟,38.41666666666666,99.58333333333331,3320.0,1993,7,1,0.7,normal,7.5,16.4,0.6,0.68,0.32,682.3,683.0,679.8,7.2,,4.419819580427631,Rain
1993-07-02,52645.0,青海,野牛沟,38.41666666666666,99.58333333333331,3320.0,1993,7,2,1.4,normal,7.1,13.2,1.5,0.78,0.48,682.6,683.4,681.3,3.5,,5.046200102590235,Rain
1993-07-03,52645.0,青海,野牛沟,38.41666666666666,99.58333333333331,3320.0,1993,7,3,5.1,normal,6.7,15.8,0.7,0.78,0.39,683.1,683.8,680.7,3.9,,4.674601852453297,Rain
1993-07-04,52645.0,青海,野牛沟,38.41666666666666,99.58333333333331,3320.0,1993,7,4,2.5,normal,7.7,14.5,2.7,0.67,0.34,683.4,684.5,681.4,5.7,,4.498487537771285,Rain
1993-07-05,52645.0,青海,野牛沟,38.41666666666666,99.58333333333331,3320.0,1993,7,5,0.8,normal,5.1,14.0,-0.1,0.8,0.44,682.7,684.1,679.3,3.9,,3.3641468104927386,Rain
1993-07-06,52645.0,青海,野牛沟,38.41666666666666,99.58333333333331,3320.0,1993,7,6,0.4,normal,7.0,15.2,-0.1,0.62,0.34,682.1,683.9,679.0,6.5,,3.3680388051189825,Rain
1993-07-07,52645.0,青海,野牛沟,38.41666666666666,99.58333333333331,3320.0,1993,7,7,0.5,normal,7.8,14.4,-0.2,0.61,0.34,681.3,682.8,679.4,6.7,,3.958241061432095,Rain
1993-07-08,52645.0,青海,野牛沟,38.41666666666666,99.58333333333331,3320.0,1993,7,8,0.8,normal,6.2,15.1,-1.3,0.73,0.41,681.5,682.2,679.5,5.4,,3.7349267145521425,Rain
1993-07-09,52645.0,青海,野牛沟,38.41666666666666,99.58333333333331,3320.0,1993,7,9,0.0,无,9.5,20.1,-0.3,0.64,0.26,679.5,681.0,677.9,6.2,,,无
1993-07-10,52645.0,青海,野牛沟,38.41666666666666,99.58333333333331,3320.0,1993,7,10,9.4,normal,10.5,19.4,2.9,0.67,0.33,679.6,682.4,677.1,8.6,,6.984049050152028,Rain
1993-07-11,52645.0,青海,野牛沟,38.41666666666666,99.58333333333331,3320.0,1993,7,11,17.8,normal,9.8,14.9,7.8,0.83,0.47,678.0,679.7,676.0,5.1,,8.079779226887688,Rain
1993-07-12,52645.0,青海,野牛沟,38.41666666666666,99.58333333333331,3320.0,1993,7,12,9.9,normal,8.5,11.5,6.1,0.87,0.71,680.0,680.7,678.6,5.9,,7.246955341783647,Rain
1993-07-13,52645.0,青海,野牛沟,38.41666666666666,99.58333333333331,3320.0,1993,7,13,1.0,normal,9.1,12.5,7.8,0.88,0.71,680.6,680.9,679.4,4.4,,7.924001601395925,Rain
1993-07-14,52645.0,青海,野牛沟,38.41666666666666,99.58333333333331,3320.0,1993,7,14,9.3,normal,7.9,13.3,5.7,0.84,0.62,682.3,682.8,680.7,4.2,,6.381286080892212,Rain
1993-07-15,52645.0,青海,野牛沟,38.41666666666666,99.58333333333331,3320.0,1993,7,15,5.9,normal,7.9,14.3,3.5,0.8,0.55,682.6,684.0,680.9,3.7,,5.98895424985034,Rain
1993-07-16,52645.0,青海,野牛沟,38.41666666666666,99.58333333333331,3320.0,1993,7,16,2.1,normal,9.2,17.5,1.2,0.73,0.33,682.6,684.0,680.2,6.5,,6.475460183977817,Rain
1993-07-17,52645.0,青海,野牛沟,38.41666666666666,99.58333333333331,3320.0,1993,7,17,0.1,normal,11.0,16.9,6.1,0.7,0.4,682.4,683.1,680.9,4.8,,7.778674964210128,Rain
1993-07-18,52645.0,青海,野牛沟,38.41666666666666,99.58333333333331,3320.0,1993,7,18,6.7,normal,10.1,16.8,6.3,0.75,0.45,681.1,683.5,679.2,5.2,,7.5123808956451965,Rain
1993-07-19,52645.0,青海,野牛沟,38.41666666666666,99.58333333333331,3320.0,1993,7,19,5.2,normal,9.5,14.9,6.7,0.81,0.51,681.9,682.6,680.4,3.5,,7.592128328328527,Rain
1993-07-20,52645.0,青海,野牛沟,38.41666666666666,99.58333333333331,3320.0,1993,7,20,5.4,normal,8.8,14.4,4.4,0.79,0.45,682.4,683.2,681.0,4.0,,6.73028965846751,Rain
1993-07-21,52645.0,青海,野牛沟,38.41666666666666,99.58333333333331,3320.0,1993,7,21,14.7,normal,6.9,14.6,0.6,0.71,0.31,683.1,684.0,681.5,5.8,,4.180809129887666,Rain
1993-07-22,52645.0,青海,野牛沟,38.41666666666666,99.58333333333331,3320.0,1993,7,22,1.0,normal,8.6,16.8,0.9,0.68,0.33,682.4,683.1,680.1,4.5,,5.40386377570242,Rain
1993-07-23,52645.0,青海,野牛沟,38.41666666666666,99.58333333333331,3320.0,1993,7,23,0.0,无,9.1,14.7,2.9,0.73,0.45,681.5,682.3,680.8,2.7,,,无
1993-07-24,52645.0,青海,野牛沟,38.41666666666666,99.58333333333331,3320.0,1993,7,24,0.0,无,10.8,21.0,2.0,0.68,0.37,680.8,682.0,679.3,6.9,,,无
1993-07-25,52645.0,青海,野牛沟,38.41666666666666,99.58333333333331,3320.0,1993,7,25,0.0,无,13.0,21.6,5.0,0.69,0.46,680.3,681.1,678.9,6.6,,,无
1993-07-26,52645.0,青海,野牛沟,38.41666666666666,99.58333333333331,3320.0,1993,7,26,0.0,无,13.6,22.0,5.8,0.71,0.45,680.8,681.4,679.5,5.8,,,无
1993-07-27,52645.0,青海,野牛沟,38.41666666666666,99.58333333333331,3320.0,1993,7,27,1.3,normal,11.7,17.1,7.5,0.82,0.59,683.5,684.1,681.0,2.3,,9.77517289846832,Rain
1993-07-28,52645.0,青海,野牛沟,38.41666666666666,99.58333333333331,3320.0,1993,7,28,30.2,normal,10.5,13.6,7.5,0.86,0.66,683.4,684.3,682.3,5.0,,9.065661036725828,Rain
1993-07-29,52645.0,青海,野牛沟,38.41666666666666,99.58333333333331,3320.0,1993,7,29,0.0,无,9.7,17.2,3.3,0.71,0.39,682.4,684.4,680.0,5.7,,,无
1993-07-30,52645.0,青海,野牛沟,38.41666666666666,99.58333333333331,3320.0,1993,7,30,0.0,无,10.7,17.6,5.9,0.58,0.35,681.0,681.8,678.9,5.9,,,无
1993-07-31,52645.0,青海,野牛沟,38.41666666666666,99.58333333333331,3320.0,1993,7,31,0.3,normal,9.4,18.4,1.2,0.69,0.31,681.4,682.3,680.1,6.1,,6.225872681048847,Rain
1993-08-01,52645.0,青海,野牛沟,38.41666666666666,99.58333333333331,3320.0,1993,8,1,1.0,normal,9.7,14.4,5.1,0.8,0.44,682.7,683.3,680.5,3.6,,7.67641115705175,Rain
1993-08-02,52645.0,青海,野牛沟,38.41666666666666,99.58333333333331,3320.0,1993,8,2,0.0,无,11.8,17.9,7.6,0.7,0.43,683.0,684.3,681.7,5.9,,,无
1993-08-03,52645.0,青海,野牛沟,38.41666666666666,99.58333333333331,3320.0,1993,8,3,5.5,normal,11.1,18.4,6.3,0.64,0.33,682.7,683.9,681.4,7.5,,7.175441296009661,Rain
1993-08-04,52645.0,青海,野牛沟,38.41666666666666,99.58333333333331,3320.0,1993,8,4,6.2,normal,7.8,14.2,3.5,0.79,0.41,683.6,685.1,681.5,1.7,,5.797774097647168,Rain
1993-08-05,52645.0,青海,野牛沟,38.41666666666666,99.58333333333331,3320.0,1993,8,5,0.5,normal,9.8,18.2,2.8,0.69,0.22,685.3,686.7,683.9,5.1,,6.592401507595578,Rain
1993-08-06,52645.0,青海,野牛沟,38.41666666666666,99.58333333333331,3320.0,1993,8,6,3.5,normal,10.9,17.7,5.6,0.67,0.42,685.3,686.9,683.5,6.7,,7.3517399092905,Rain
1993-08-07,52645.0,青海,野牛沟,38.41666666666666,99.58333333333331,3320.0,1993,8,7,0.2,normal,9.0,17.6,3.2,0.7,0.4,684.4,686.7,682.1,4.5,,5.978769487430715,Rain
1993-08-08,52645.0,青海,野牛沟,38.41666666666666,99.58333333333331,3320.0,1993,8,8,2.4,normal,8.1,15.0,3.5,0.7,0.4,683.4,685.3,680.8,6.5,,5.165333921655084,Rain
1993-08-09,52645.0,青海,野牛沟,38.41666666666666,99.58333333333331,3320.0,1993,8,9,11.0,normal,7.5,14.8,2.8,0.77,0.49,680.9,682.8,678.9,4.3,,5.317856169266171,Rain
1993-08-10,52645.0,青海,野牛沟,38.41666666666666,99.58333333333331,3320.0,1993,8,10,12.0,normal,8.0,16.2,2.1,0.74,0.43,680.3,681.2,678.8,5.8,,5.477968719453279,Rain
1993-08-11,52645.0,青海,野牛沟,38.41666666666666,99.58333333333331,3320.0,1993,8,11,2.5,normal,9.7,16.7,5.1,0.79,0.53,680.5,681.4,679.2,4.7,,7.568612151215182,Rain
1993-08-12,52645.0,青海,野牛沟,38.41666666666666,99.58333333333331,3320.0,1993,8,12,9.6,normal,6.7,10.6,4.1,0.82,0.71,681.8,682.6,681.4,3.3,,5.052163985853517,Rain
1993-08-13,52645.0,青海,野牛沟,38.41666666666666,99.58333333333331,3320.0,1993,8,13,8.5,normal,7.8,13.3,6.1,0.83,0.58,682.5,682.8,681.3,2.6,,6.189066395936869,Rain
1993-08-14,52645.0,青海,野牛沟,38.41666666666666,99.58333333333331,3320.0,1993,8,14,5.1,normal,6.6,12.2,3.1,0.81,0.55,684.0,684.5,682.7,2.7,,4.866118455992914,Rain
1993-08-15,52645.0,青海,野牛沟,38.41666666666666,99.58333333333331,3320.0,1993,8,15,3.8,normal,7.4,13.9,3.9,0.77,0.48,685.3,685.7,683.8,3.5,,5.231030905613401,Rain
1993-08-16,52645.0,青海,野牛沟,38.41666666666666,99.58333333333331,3320.0,1993,8,16,0.6,normal,9.1,15.4,4.4,0.71,0.4,685.3,686.0,683.8,5.1,,6.1769393643772075,Rain
1993-08-17,52645.0,青海,野牛沟,38.41666666666666,99.58333333333331,3320.0,1993,8,17,11.0,normal,8.5,15.6,4.3,0.74,0.43,685.5,686.4,684.4,5.0,,5.944168145901663,Rain
1993-08-18,52645.0,青海,野牛沟,38.41666666666666,99.58333333333331,3320.0,1993,8,18,1.8,normal,7.3,14.8,1.7,0.77,0.37,685.0,686.2,683.2,3.9,,5.137922500626897,Rain
1993-08-19,52645.0,青海,野牛沟,38.41666666666666,99.58333333333331,3320.0,1993,8,19,1.4,normal,7.4,16.2,1.4,0.72,0.37,683.9,685.3,681.4,4.9,,4.734922175973426,Rain
1993-08-20,52645.0,青海,野牛沟,38.41666666666666,99.58333333333331,3320.0,1993,8,20,0.0,无,8.6,19.3,0.6,0.72,0.31,682.1,683.3,680.3,5.3,,,无
1993-08-21,52645.0,青海,野牛沟,38.41666666666666,99.58333333333331,3320.0,1993,8,21,1.5,normal,9.0,12.9,4.5,0.81,0.53,679.9,681.9,677.3,2.2,,7.119545045857021,Rain
1993-08-22,52645.0,青海,野牛沟,38.41666666666666,99.58333333333331,3320.0,1993,8,22,16.3,normal,7.7,13.3,3.4,0.77,0.52,679.7,681.1,677.3,3.9,,5.501658516362222,Rain
1993-08-23,52645.0,青海,野牛沟,38.41666666666666,99.58333333333331,3320.0,1993,8,23,1.1,normal,7.7,15.4,2.4,0.77,0.39,683.5,684.6,681.1,4.2,,5.506748636904244,Rain
1993-08-24,52645.0,青海,野牛沟,38.41666666666666,99.58333333333331,3320.0,1993,8,24,6.8,normal,7.4,14.0,1.7,0.78,0.49,684.0,685.2,681.9,5.1,,5.327146441239292,Rain
1993-08-25,52645.0,青海,野牛沟,38.41666666666666,99.58333333333331,3320.0,1993,8,25,0.0,无,8.1,17.7,1.2,0.75,0.31,683.8,685.1,682.6,5.3,,,无
1993-08-26,52645.0,青海,野牛沟,38.41666666666666,99.58333333333331,3320.0,1993,8,26,4.5,normal,8.6,16.8,2.3,0.75,0.45,684.2,685.5,682.9,3.9,,6.136918583787163,Rain
1993-08-27,52645.0,青海,野牛沟,38.41666666666666,99.58333333333331,3320.0,1993,8,27,8.2,normal,6.4,11.7,3.8,0.78,0.48,686.9,688.0,684.2,4.2,,4.400229742018902,Rain
1993-08-28,52645.0,青海,野牛沟,38.41666666666666,99.58333333333331,3320.0,1993,8,28,0.3,normal,6.1,14.3,-0.6,0.74,0.38,686.0,688.7,682.7,3.8,,3.7451893963603444,Rain
1993-08-29,52645.0,青海,野牛沟,38.41666666666666,99.58333333333331,3320.0,1993,8,29,0.4,normal,3.5,8.7,-2.2,0.7,0.4,685.5,686.5,684.4,3.1,,1.0167388523079035,Snow
1993-08-30,52645.0,青海,野牛沟,38.41666666666666,99.58333333333331,3320.0,1993,8,30,0.0,无,4.6,13.3,-2.6,0.7,0.35,687.6,688.4,685.9,5.3,,,无
1993-08-31,52645.0,青海,野牛沟,38.41666666666666,99.58333333333331,3320.0,1993,8,31,0.0,无,4.7,13.6,-2.8,0.67,0.29,686.7,687.4,684.8,4.7,,,无
1993-09-01,52645.0,青海,野牛沟,38.41666666666666,99.58333333333331,3320.0,1993,9,1,0.0,无,4.5,13.8,-2.9,0.69,0.23,687.6,688.7,685.5,5.2,,,无
1993-09-02,52645.0,青海,野牛沟,38.41666666666666,99.58333333333331,3320.0,1993,9,2,0.0,无,5.6,15.4,-2.6,0.67,0.25,686.6,688.2,683.9,4.9,,,无
1993-09-03,52645.0,青海,野牛沟,38.41666666666666,99.58333333333331,3320.0,1993,9,3,0.0,无,7.5,19.4,-2.0,0.6,0.21,683.2,685.3,680.3,7.3,,,无
1993-09-04,52645.0,青海,野牛沟,38.41666666666666,99.58333333333331,3320.0,1993,9,4,0.0,无,9.7,18.0,1.7,0.48,0.35,680.3,681.0,678.0,5.8,,,无
1993-09-05,52645.0,青海,野牛沟,38.41666666666666,99.58333333333331,3320.0,1993,9,5,10.8,normal,3.5,13.3,0.3,0.89,0.52,683.4,686.4,679.8,1.3,,2.6111761449782955,Snow
1993-09-06,52645.0,青海,野牛沟,38.41666666666666,99.58333333333331,3320.0,1993,9,6,2.4,normal,2.0,8.7,-1.9,0.83,0.3,689.0,690.8,686.4,4.3,,0.6982512737028967,Snow
1993-09-07,52645.0,青海,野牛沟,38.41666666666666,99.58333333333331,3320.0,1993,9,7,0.0,无,2.9,12.8,-5.3,0.7,0.24,686.2,688.4,683.4,4.0,,,无
1993-09-08,52645.0,青海,野牛沟,38.41666666666666,99.58333333333331,3320.0,1993,9,8,0.0,无,4.9,16.2,-2.8,0.64,0.3,683.6,684.7,681.6,6.0,,,无
1993-09-09,52645.0,青海,野牛沟,38.41666666666666,99.58333333333331,3320.0,1993,9,9,0.0,无,5.4,15.4,-2.0,0.65,0.26,683.7,684.9,682.0,5.6,,,无
1993-09-10,52645.0,青海,野牛沟,38.41666666666666,99.58333333333331,3320.0,1993,9,10,0.0,无,3.7,15.0,-5.1,0.6,0.21,684.6,685.9,681.2,5.7,,,无
1993-09-11,52645.0,青海,野牛沟,38.41666666666666,99.58333333333331,3320.0,1993,9,11,0.0,无,2.6,13.7,-6.5,0.6,0.22,684.8,686.1,682.5,5.0,,,无
1993-09-12,52645.0,青海,野牛沟,38.41666666666666,99.58333333333331,3320.0,1993,9,12,0.0,无,3.5,14.4,-5.8,0.64,0.32,683.7,685.3,681.5,4.8,,,无
1993-09-13,52645.0,青海,野牛沟,38.41666666666666,99.58333333333331,3320.0,1993,9,13,0.0,无,4.7,11.2,1.0,0.68,0.37,684.0,684.8,682.1,3.1,,,无
1993-09-14,52645.0,青海,野牛沟,38.41666666666666,99.58333333333331,3320.0,1993,9,14,0.0,无,4.4,15.5,-4.8,0.68,0.34,685.7,687.7,682.7,4.5,,,无
1993-09-15,52645.0,青海,野牛沟,38.41666666666666,99.58333333333331,3320.0,1993,9,15,4.7,normal,4.7,10.3,1.9,0.83,0.5,684.2,685.0,682.3,2.2,,3.2534146361074034,Snow
1993-09-16,52645.0,青海,野牛沟,38.41666666666666,99.58333333333331,3320.0,1993,9,16,0.0,无,3.3,11.8,-4.3,0.69,0.3,686.1,686.9,684.0,3.4,,,无
1993-09-17,52645.0,青海,野牛沟,38.41666666666666,99.58333333333331,3320.0,1993,9,17,0.0,无,3.5,14.7,-5.2,0.7,0.32,687.0,688.5,684.8,3.8,,,无
1993-09-18,52645.0,青海,野牛沟,38.41666666666666,99.58333333333331,3320.0,1993,9,18,0.0,无,4.5,16.3,-4.2,0.64,0.21,685.9,687.5,683.4,4.0,,,无
1993-09-19,52645.0,青海,野牛沟,38.41666666666666,99.58333333333331,3320.0,1993,9,19,0.0,无,5.1,13.5,-1.6,0.61,0.31,687.7,689.4,684.9,4.0,,,无
1993-09-20,52645.0,青海,野牛沟,38.41666666666666,99.58333333333331,3320.0,1993,9,20,1.5,normal,4.8,10.4,1.6,0.76,0.44,688.9,689.6,687.6,3.2,,2.7359476291196883,Rain
1993-09-21,52645.0,青海,野牛沟,38.41666666666666,99.58333333333331,3320.0,1993,9,21,0.0,无,3.0,13.6,-3.6,0.77,0.29,688.9,690.6,685.8,3.1,,,无
1993-09-22,52645.0,青海,野牛沟,38.41666666666666,99.58333333333331,3320.0,1993,9,22,0.0,无,3.7,13.2,-4.6,0.7,0.35,688.3,689.7,685.6,4.0,,,无
1993-09-23,52645.0,青海,野牛沟,38.41666666666666,99.58333333333331,3320.0,1993,9,23,0.0,无,3.6,10.8,-2.2,0.67,0.31,687.2,688.4,685.5,3.3,,,无
1993-09-24,52645.0,青海,野牛沟,38.41666666666666,99.58333333333331,3320.0,1993,9,24,0.0,无,3.5,16.5,-5.9,0.61,0.21,684.5,686.6,682.0,3.8,,,无
1993-09-25,52645.0,青海,野牛沟,38.41666666666666,99.58333333333331,3320.0,1993,9,25,0.4,normal,2.9,10.4,-1.6,0.74,0.51,684.5,685.4,683.0,3.0,,0.8071286471439754,Snow
1993-09-26,52645.0,青海,野牛沟,38.41666666666666,99.58333333333331,3320.0,1993,9,26,0.8,normal,3.7,10.8,-1.2,0.71,0.34,685.0,686.2,682.5,4.0,,1.2833996923730107,Snow
1993-09-27,52645.0,青海,野牛沟,38.41666666666666,99.58333333333331,3320.0,1993,9,27,0.0,无,3.0,12.4,-5.0,0.58,0.2,684.3,685.5,682.4,5.4,,,无
1993-09-28,52645.0,青海,野牛沟,38.41666666666666,99.58333333333331,3320.0,1993,9,28,0.0,无,1.3,11.3,-6.2,0.6,0.37,682.9,684.8,680.6,3.0,,,无
1993-09-29,52645.0,青海,野牛沟,38.41666666666666,99.58333333333331,3320.0,1993,9,29,0.0,无,1.3,13.6,-7.8,0.57,0.18,685.2,686.3,682.2,3.8,,,无
1993-09-30,52645.0,青海,野牛沟,38.41666666666666,99.58333333333331,3320.0,1993,9,30,5.1,normal,-2.1,6.0,-4.8,0.81,0.34,687.1,687.5,685.5,0.7,,-3.3276075804306293,Snow
1993-10-01,52645.0,青海,野牛沟,38.41666666666666,99.58333333333331,3320.0,1993,10,1,0.0,无,-1.5,8.3,-6.7,0.85,0.45,687.2,689.0,684.4,1.5,,,无
1993-10-02,52645.0,青海,野牛沟,38.41666666666666,99.58333333333331,3320.0,1993,10,2,0.0,无,1.6,12.0,-7.3,0.63,0.26,684.2,685.5,681.6,3.3,,,无
1993-10-03,52645.0,青海,野牛沟,38.41666666666666,99.58333333333331,3320.0,1993,10,3,5.6,normal,-0.5,6.3,-2.0,0.9,0.43,685.5,686.5,682.8,1.2,,-1.1876657358078946,Snow
1993-10-04,52645.0,青海,野牛沟,38.41666666666666,99.58333333333331,3320.0,1993,10,4,1.8,normal,-2.2,6.4,-10.1,0.72,0.44,687.1,688.1,685.7,2.4,,-4.015915482728283,Snow
1993-10-05,52645.0,青海,野牛沟,38.41666666666666,99.58333333333331,3320.0,1993,10,5,0.0,无,-0.9,9.3,-7.1,0.66,0.32,686.0,687.2,684.0,2.6,,,无
1993-10-06,52645.0,青海,野牛沟,38.41666666666666,99.58333333333331,3320.0,1993,10,6,0.0,无,0.7,12.8,-7.6,0.6,0.21,683.2,685.0,681.2,3.0,,,无
1993-10-07,52645.0,青海,野牛沟,38.41666666666666,99.58333333333331,3320.0,1993,10,7,0.0,无,2.0,14.7,-6.8,0.63,0.18,681.6,683.3,679.5,3.0,,,无
1993-10-08,52645.0,青海,野牛沟,38.41666666666666,99.58333333333331,3320.0,1993,10,8,0.0,无,2.6,13.2,-5.8,0.51,0.11,683.1,684.9,680.1,4.8,,,无
1993-10-09,52645.0,青海,野牛沟,38.41666666666666,99.58333333333331,3320.0,1993,10,9,0.0,无,1.7,14.2,-7.7,0.65,0.23,683.4,685.2,680.8,3.2,,,无
1993-10-10,52645.0,青海,野牛沟,38.41666666666666,99.58333333333331,3320.0,1993,10,10,0.0,无,0.0,8.4,-6.1,0.67,0.39,682.3,684.0,680.2,2.8,,,无
1993-10-11,52645.0,青海,野牛沟,38.41666666666666,99.58333333333331,3320.0,1993,10,11,2.9,normal,-1.8,7.3,-6.2,0.78,0.41,683.7,685.0,680.4,0.5,,-3.248797709801763,Snow
1993-10-12,52645.0,青海,野牛沟,38.41666666666666,99.58333333333331,3320.0,1993,10,12,1.0,normal,-4.3,-0.2,-8.3,0.86,0.68,686.8,687.8,685.0,1.0,,-5.1133618348994725,Snow
1993-10-13,52645.0,青海,野牛沟,38.41666666666666,99.58333333333331,3320.0,1993,10,13,0.2,normal,-2.3,4.5,-6.2,0.7,0.31,688.2,690.1,686.1,2.5,,-4.238476037192949,Snow
1993-10-14,52645.0,青海,野牛沟,38.41666666666666,99.58333333333331,3320.0,1993,10,14,0.0,无,-3.1,5.8,-9.0,0.62,0.24,686.2,687.3,684.1,2.7,,,无
1993-10-15,52645.0,青海,野牛沟,38.41666666666666,99.58333333333331,3320.0,1993,10,15,0.0,无,-3.6,5.7,-9.9,0.57,0.28,686.3,687.4,683.8,2.7,,,无
1993-10-16,52645.0,青海,野牛沟,38.41666666666666,99.58333333333331,3320.0,1993,10,16,0.1,normal,-5.1,1.9,-9.6,0.7,0.39,688.2,689.7,686.3,1.7,,-6.794314886897639,Snow
1993-10-17,52645.0,青海,野牛沟,38.41666666666666,99.58333333333331,3320.0,1993,10,17,0.0,无,-5.2,3.8,-12.3,0.64,0.18,690.2,691.6,688.6,1.7,,,无
1993-10-18,52645.0,青海,野牛沟,38.41666666666666,99.58333333333331,3320.0,1993,10,18,0.0,无,-5.1,5.1,-12.2,0.56,0.21,688.6,690.2,686.0,2.3,,,无
1993-10-19,52645.0,青海,野牛沟,38.41666666666666,99.58333333333331,3320.0,1993,10,19,0.0,无,-5.5,5.1,-13.1,0.55,0.22,687.5,689.1,684.8,2.4,,,无
1993-10-20,52645.0,青海,野牛沟,38.41666666666666,99.58333333333331,3320.0,1993,10,20,0.0,无,-5.5,5.4,-13.4,0.53,0.25,686.2,687.7,683.6,1.6,,,无
1993-10-21,52645.0,青海,野牛沟,38.41666666666666,99.58333333333331,3320.0,1993,10,21,0.0,无,-4.7,3.1,-11.4,0.68,0.35,686.1,687.7,684.0,1.8,,,无
1993-10-22,52645.0,青海,野牛沟,38.41666666666666,99.58333333333331,3320.0,1993,10,22,5.6,normal,-6.1,1.0,-11.8,0.73,0.42,687.0,688.3,685.5,3.6,,-7.548097581300666,Snow
1993-10-23,52645.0,青海,野牛沟,38.41666666666666,99.58333333333331,3320.0,1993,10,23,0.0,无,-7.0,4.2,-14.2,0.65,0.3,685.0,687.0,682.6,1.6,,,无
1993-10-24,52645.0,青海,野牛沟,38.41666666666666,99.58333333333331,3320.0,1993,10,24,2.3,normal,-6.4,-0.4,-11.0,0.79,0.52,683.3,684.4,681.2,0.7,,-7.508407836316153,Snow
1993-10-25,52645.0,青海,野牛沟,38.41666666666666,99.58333333333331,3320.0,1993,10,25,2.6,normal,-10.9,-3.6,-17.9,0.84,0.64,683.5,684.7,681.2,2.8,,-11.558884025071517,Snow
1993-10-26,52645.0,青海,野牛沟,38.41666666666666,99.58333333333331,3320.0,1993,10,26,0.0,无,-12.0,-1.1,-19.9,0.72,0.42,683.0,684.1,681.5,0.8,,,无
1993-10-27,52645.0,青海,野牛沟,38.41666666666666,99.58333333333331,3320.0,1993,10,27,0.0,无,-7.2,0.1,-13.7,0.48,0.19,682.6,683.4,681.5,2.4,,,无
1993-10-28,52645.0,青海,野牛沟,38.41666666666666,99.58333333333331,3320.0,1993,10,28,0.0,无,-10.4,-2.0,-17.7,0.55,0.31,686.5,688.0,682.8,1.8,,,无
1993-10-29,52645.0,青海,野牛沟,38.41666666666666,99.58333333333331,3320.0,1993,10,29,0.0,无,-11.1,1.3,-19.0,0.59,0.2,691.3,692.6,688.0,1.0,,,无
1993-10-30,52645.0,青海,野牛沟,38.41666666666666,99.58333333333331,3320.0,1993,10,30,0.0,无,-10.7,2.4,-18.9,0.61,0.25,691.1,692.7,688.9,1.5,,,无
1993-10-31,52645.0,青海,野牛沟,38.41666666666666,99.58333333333331,3320.0,1993,10,31,0.0,无,-8.8,3.8,-18.2,0.59,0.24,687.8,690.5,684.5,1.3,,,无
1993-11-01,52645.0,青海,野牛沟,38.41666666666666,99.58333333333331,3320.0,1993,11,1,0.0,无,-8.8,3.5,-17.8,0.56,0.19,687.2,689.0,685.7,1.6,,,无
1993-11-02,52645.0,青海,野牛沟,38.41666666666666,99.58333333333331,3320.0,1993,11,2,0.0,无,-6.9,4.9,-15.1,0.64,0.25,686.7,688.9,685.0,1.5,,,无
1993-11-03,52645.0,青海,野牛沟,38.41666666666666,99.58333333333331,3320.0,1993,11,3,0.0,无,-6.4,7.6,-15.7,0.68,0.25,684.4,686.6,682.5,1.6,,,无
1993-11-04,52645.0,青海,野牛沟,38.41666666666666,99.58333333333331,3320.0,1993,11,4,0.0,无,-3.2,11.8,-13.5,0.6,0.16,681.2,683.6,678.3,2.2,,,无
1993-11-05,52645.0,青海,野牛沟,38.41666666666666,99.58333333333331,3320.0,1993,11,5,0.0,无,-3.7,13.0,-11.7,0.59,0.27,679.4,680.8,678.3,2.2,,,无
1993-11-06,52645.0,青海,野牛沟,38.41666666666666,99.58333333333331,3320.0,1993,11,6,0.0,无,-1.4,7.9,-10.5,0.6,0.32,679.7,681.2,678.3,2.3,,,无
1993-11-07,52645.0,青海,野牛沟,38.41666666666666,99.58333333333331,3320.0,1993,11,7,0.0,无,-3.0,7.6,-11.6,0.71,0.32,679.2,681.2,676.0,2.3,,,无
1993-11-08,52645.0,青海,野牛沟,38.41666666666666,99.58333333333331,3320.0,1993,11,8,0.0,无,-4.2,6.5,-12.6,0.67,0.24,678.9,680.9,676.9,2.1,,,无
1993-11-09,52645.0,青海,野牛沟,38.41666666666666,99.58333333333331,3320.0,1993,11,9,0.0,无,-2.6,6.8,-9.7,0.56,0.35,678.6,679.9,677.1,2.1,,,无
1993-11-10,52645.0,青海,野牛沟,38.41666666666666,99.58333333333331,3320.0,1993,11,10,0.0,无,-4.2,3.8,-9.6,0.59,0.34,682.0,684.2,679.9,1.9,,,无
1993-11-11,52645.0,青海,野牛沟,38.41666666666666,99.58333333333331,3320.0,1993,11,11,0.0,无,-7.8,4.8,-15.7,0.57,0.13,685.7,687.3,684.2,1.6,,,无
1993-11-12,52645.0,青海,野牛沟,38.41666666666666,99.58333333333331,3320.0,1993,11,12,0.0,无,-7.5,4.8,-16.1,0.48,0.1,682.2,684.2,680.8,1.6,,,无
1993-11-13,52645.0,青海,野牛沟,38.41666666666666,99.58333333333331,3320.0,1993,11,13,0.0,无,-6.4,7.3,-15.5,0.5,0.1,681.4,684.2,678.5,1.8,,,无
1993-11-14,52645.0,青海,野牛沟,38.41666666666666,99.58333333333331,3320.0,1993,11,14,0.0,无,-3.3,7.4,-14.2,0.41,0.12,677.9,680.2,675.9,2.5,,,无
1993-11-15,52645.0,青海,野牛沟,38.41666666666666,99.58333333333331,3320.0,1993,11,15,0.0,无,-2.0,4.2,-10.0,0.45,0.15,677.1,678.2,676.1,3.4,,,无
1993-11-16,52645.0,青海,野牛沟,38.41666666666666,99.58333333333331,3320.0,1993,11,16,0.0,无,-2.6,4.3,-10.5,0.54,0.22,678.0,678.8,676.9,2.5,,,无
1993-11-17,52645.0,青海,野牛沟,38.41666666666666,99.58333333333331,3320.0,1993,11,17,0.0,无,-6.2,1.8,-13.3,0.66,0.3,679.9,681.7,678.1,1.7,,,无
1993-11-18,52645.0,青海,野牛沟,38.41666666666666,99.58333333333331,3320.0,1993,11,18,0.0,无,-8.3,3.0,-16.7,0.62,0.22,676.8,679.6,674.0,1.1,,,无
1993-11-19,52645.0,青海,野牛沟,38.41666666666666,99.58333333333331,3320.0,1993,11,19,0.0,无,-11.7,3.4,-18.5,0.65,0.35,677.6,679.9,674.5,0.9,,,无
1993-11-20,52645.0,青海,野牛沟,38.41666666666666,99.58333333333331,3320.0,1993,11,20,0.6,normal,-11.5,-7.2,-13.5,0.7,0.53,682.6,683.5,679.9,0.3,,-12.70095122695881,Snow
1993-11-21,52645.0,青海,野牛沟,38.41666666666666,99.58333333333331,3320.0,1993,11,21,0.0,无,-12.6,-3.2,-20.9,0.61,0.36,680.1,683.6,677.7,1.4,,,无
1993-11-22,52645.0,青海,野牛沟,38.41666666666666,99.58333333333331,3320.0,1993,11,22,0.0,无,-11.6,0.0,-19.7,0.58,0.19,679.3,680.7,677.3,1.4,,,无
1993-11-23,52645.0,青海,野牛沟,38.41666666666666,99.58333333333331,3320.0,1993,11,23,0.0,无,-11.0,1.1,-19.9,0.5,0.15,682.1,683.9,680.3,1.3,,,无
1993-11-24,52645.0,青海,野牛沟,38.41666666666666,99.58333333333331,3320.0,1993,11,24,0.0,无,-10.6,1.4,-19.1,0.48,0.13,679.1,681.1,677.0,1.7,,,无
1993-11-25,52645.0,青海,野牛沟,38.41666666666666,99.58333333333331,3320.0,1993,11,25,0.0,无,-9.6,-3.9,-14.2,0.51,0.14,680.0,680.8,678.3,1.7,,,无
1993-11-26,52645.0,青海,野牛沟,38.41666666666666,99.58333333333331,3320.0,1993,11,26,0.0,无,-8.5,-0.2,-14.9,0.52,0.3,679.4,681.3,677.3,2.4,,,无
1993-11-27,52645.0,青海,野牛沟,38.41666666666666,99.58333333333331,3320.0,1993,11,27,0.0,无,-9.8,2.0,-18.5,0.55,0.2,682.2,683.4,680.5,1.1,,,无
1993-11-28,52645.0,青海,野牛沟,38.41666666666666,99.58333333333331,3320.0,1993,11,28,0.0,无,-7.8,3.4,-19.3,0.41,0.12,678.8,681.2,673.7,1.0,,,无
1993-11-29,52645.0,青海,野牛沟,38.41666666666666,99.58333333333331,3320.0,1993,11,29,0.0,无,-7.9,1.2,-15.0,0.39,0.15,679.2,682.8,677.1,3.2,,,无
1993-11-30,52645.0,青海,野牛沟,38.41666666666666,99.58333333333331,3320.0,1993,11,30,0.0,无,-8.0,4.0,-17.6,0.45,0.17,677.1,682.8,674.2,2.3,,,无
1993-12-01,52645.0,青海,野牛沟,38.41666666666666,99.58333333333331,3320.0,1993,12,1,0.0,无,-5.4,4.6,-14.2,0.46,0.21,674.1,675.6,672.1,2.4,,,无
1993-12-02,52645.0,青海,野牛沟,38.41666666666666,99.58333333333331,3320.0,1993,12,2,0.0,无,-10.1,-1.6,-12.8,0.69,0.42,676.6,678.4,674.9,0.9,,,无
1993-12-03,52645.0,青海,野牛沟,38.41666666666666,99.58333333333331,3320.0,1993,12,3,0.0,无,-12.5,-1.5,-21.1,0.65,0.27,679.9,681.3,678.1,1.2,,,无
1993-12-04,52645.0,青海,野牛沟,38.41666666666666,99.58333333333331,3320.0,1993,12,4,0.0,无,-13.7,-3.7,-19.6,0.62,0.32,681.8,683.1,680.0,0.6,,,无
1993-12-05,52645.0,青海,野牛沟,38.41666666666666,99.58333333333331,3320.0,1993,12,5,0.0,无,-13.3,1.5,-21.3,0.63,0.25,683.8,685.8,681.5,0.9,,,无
1993-12-06,52645.0,青海,野牛沟,38.41666666666666,99.58333333333331,3320.0,1993,12,6,0.0,无,-10.8,3.4,-19.0,0.47,0.14,684.4,686.7,681.9,1.4,,,无
1993-12-07,52645.0,青海,野牛沟,38.41666666666666,99.58333333333331,3320.0,1993,12,7,0.0,无,-11.2,4.7,-19.6,0.42,0.17,681.3,684.2,678.4,1.2,,,无
1993-12-08,52645.0,青海,野牛沟,38.41666666666666,99.58333333333331,3320.0,1993,12,8,0.0,无,-7.4,3.0,-15.0,0.43,0.23,678.7,680.3,676.2,1.4,,,无
1993-12-09,52645.0,青海,野牛沟,38.41666666666666,99.58333333333331,3320.0,1993,12,9,0.0,无,-10.5,1.2,-19.9,0.58,0.2,682.4,684.8,680.0,1.7,,,无
1993-12-10,52645.0,青海,野牛沟,38.41666666666666,99.58333333333331,3320.0,1993,12,10,0.0,无,-9.8,3.3,-19.9,0.52,0.23,677.7,681.5,673.5,1.4,,,无
1993-12-11,52645.0,青海,野牛沟,38.41666666666666,99.58333333333331,3320.0,1993,12,11,0.0,无,-9.5,-1.0,-14.8,0.49,0.35,674.1,674.9,671.7,1.9,,,无
1993-12-12,52645.0,青海,野牛沟,38.41666666666666,99.58333333333331,3320.0,1993,12,12,0.0,无,-14.8,-3.7,-22.9,0.62,0.23,676.1,677.6,674.0,1.3,,,无
1993-12-13,52645.0,青海,野牛沟,38.41666666666666,99.58333333333331,3320.0,1993,12,13,0.0,无,-17.5,-5.6,-25.0,0.58,0.33,677.9,678.8,676.0,0.6,,,无
1993-12-14,52645.0,青海,野牛沟,38.41666666666666,99.58333333333331,3320.0,1993,12,14,0.0,无,-18.8,-5.7,-26.3,0.63,0.25,680.1,681.6,678.8,0.8,,,无
1993-12-15,52645.0,青海,野牛沟,38.41666666666666,99.58333333333331,3320.0,1993,12,15,0.0,无,-16.7,-6.6,-24.2,0.58,0.2,681.5,683.2,679.6,1.0,,,无
1993-12-16,52645.0,青海,野牛沟,38.41666666666666,99.58333333333331,3320.0,1993,12,16,0.0,无,-18.5,-9.0,-26.2,0.72,0.25,685.6,687.1,683.2,0.7,,,无
1993-12-17,52645.0,青海,野牛沟,38.41666666666666,99.58333333333331,3320.0,1993,12,17,0.0,无,-19.7,-8.4,-27.1,0.59,0.2,685.3,686.6,683.3,0.6,,,无
1993-12-18,52645.0,青海,野牛沟,38.41666666666666,99.58333333333331,3320.0,1993,12,18,0.0,无,-20.2,-7.0,-28.5,0.53,0.25,682.5,685.4,679.1,0.8,,,无
1993-12-19,52645.0,青海,野牛沟,38.41666666666666,99.58333333333331,3320.0,1993,12,19,0.0,无,-16.9,-3.6,-25.5,0.5,0.21,677.4,679.5,675.0,1.4,,,无
1993-12-20,52645.0,青海,野牛沟,38.41666666666666,99.58333333333331,3320.0,1993,12,20,0.0,无,-16.2,-6.2,-25.4,0.43,0.22,682.1,683.9,678.9,0.9,,,无
1993-12-21,52645.0,青海,野牛沟,38.41666666666666,99.58333333333331,3320.0,1993,12,21,0.0,无,-16.9,-6.5,-25.9,0.49,0.21,681.6,683.1,678.5,0.7,,,无
1993-12-22,52645.0,青海,野牛沟,38.41666666666666,99.58333333333331,3320.0,1993,12,22,0.0,无,-18.2,-6.7,-27.1,0.52,0.2,682.1,683.7,680.2,0.8,,,无
1993-12-23,52645.0,青海,野牛沟,38.41666666666666,99.58333333333331,3320.0,1993,12,23,0.0,无,-13.3,-2.7,-20.2,0.43,0.11,682.5,684.3,679.7,1.5,,,无
1993-12-24,52645.0,青海,野牛沟,38.41666666666666,99.58333333333331,3320.0,1993,12,24,0.0,无,-13.8,-1.5,-24.5,0.42,0.24,684.7,686.4,683.1,1.3,,,无
1993-12-25,52645.0,青海,野牛沟,38.41666666666666,99.58333333333331,3320.0,1993,12,25,0.0,无,-8.1,3.7,-16.8,0.33,0.17,684.4,685.8,683.4,2.2,,,无
1993-12-26,52645.0,青海,野牛沟,38.41666666666666,99.58333333333331,3320.0,1993,12,26,0.0,无,-12.9,1.8,-21.9,0.49,0.22,684.8,686.3,681.8,1.1,,,无
1993-12-27,52645.0,青海,野牛沟,38.41666666666666,99.58333333333331,3320.0,1993,12,27,0.0,无,-13.9,0.3,-23.3,0.49,0.25,682.8,684.9,680.0,1.0,,,无
1993-12-28,52645.0,青海,野牛沟,38.41666666666666,99.58333333333331,3320.0,1993,12,28,0.0,无,-13.9,0.9,-23.4,0.51,0.23,678.4,681.0,675.4,1.1,,,无
1993-12-29,52645.0,青海,野牛沟,38.41666666666666,99.58333333333331,3320.0,1993,12,29,0.0,无,-11.8,1.4,-20.8,0.46,0.27,677.3,680.0,674.4,1.3,,,无
1993-12-30,52645.0,青海,野牛沟,38.41666666666666,99.58333333333331,3320.0,1993,12,30,0.0,无,-14.2,-2.6,-23.6,0.57,0.24,681.3,683.1,679.4,1.2,,,无
1993-12-31,52645.0,青海,野牛沟,38.41666666666666,99.58333333333331,3320.0,1993,12,31,0.0,无,-15.5,-2.8,-22.4,0.49,0.25,678.9,681.3,676.2,1.1,,,无
1994-01-01,52645.0,青海,野牛沟,38.41666666666666,99.58333333333331,3320.0,1994,1,1,0.0,无,-16.0,-3.6,-25.8,0.47,0.22,677.1,679.2,673.8,1.3,,,无
1994-01-02,52645.0,青海,野牛沟,38.41666666666666,99.58333333333331,3320.0,1994,1,2,0.0,无,-12.3,-2.5,-18.0,0.4,0.21,676.6,678.5,674.7,1.4,,,无
1994-01-03,52645.0,青海,野牛沟,38.41666666666666,99.58333333333331,3320.0,1994,1,3,0.0,无,-15.3,0.2,-24.9,0.4,0.2,678.2,679.5,676.0,1.3,,,无
1994-01-04,52645.0,青海,野牛沟,38.41666666666666,99.58333333333331,3320.0,1994,1,4,0.0,无,-16.7,-6.5,-25.3,0.49,0.26,676.4,677.5,674.7,0.6,,,无
1994-01-05,52645.0,青海,野牛沟,38.41666666666666,99.58333333333331,3320.0,1994,1,5,0.0,无,-15.4,-5.3,-24.9,0.39,0.15,678.0,679.9,676.6,1.0,,,无
1994-01-06,52645.0,青海,野牛沟,38.41666666666666,99.58333333333331,3320.0,1994,1,6,0.0,无,-18.0,-7.3,-24.2,0.39,0.19,679.8,681.2,678.2,1.2,,,无
1994-01-07,52645.0,青海,野牛沟,38.41666666666666,99.58333333333331,3320.0,1994,1,7,0.0,无,-19.2,-6.0,-27.7,0.45,0.19,679.5,680.9,677.9,0.9,,,无
1994-01-08,52645.0,青海,野牛沟,38.41666666666666,99.58333333333331,3320.0,1994,1,8,0.0,无,-18.3,-3.1,-27.9,0.36,0.15,677.5,680.4,673.3,1.3,,,无
1994-01-09,52645.0,青海,野牛沟,38.41666666666666,99.58333333333331,3320.0,1994,1,9,0.0,无,-16.8,-3.8,-25.8,0.46,0.21,675.9,677.6,674.1,1.1,,,无
1994-01-10,52645.0,青海,野牛沟,38.41666666666666,99.58333333333331,3320.0,1994,1,10,0.0,无,-15.4,-3.8,-24.5,0.54,0.22,676.6,678.1,674.5,1.4,,,无
1994-01-11,52645.0,青海,野牛沟,38.41666666666666,99.58333333333331,3320.0,1994,1,11,0.0,无,-14.9,-8.1,-20.8,0.55,0.35,676.9,679.7,674.7,0.7,,,无
1994-01-12,52645.0,青海,野牛沟,38.41666666666666,99.58333333333331,3320.0,1994,1,12,0.1,normal,-14.2,-7.8,-18.3,0.64,0.26,679.2,679.8,678.2,0.7,,-15.42793763721647,Snow
1994-01-13,52645.0,青海,野牛沟,38.41666666666666,99.58333333333331,3320.0,1994,1,13,0.0,无,-19.6,-6.0,-28.3,0.51,0.18,677.8,680.1,675.7,0.8,,,无
1994-01-14,52645.0,青海,野牛沟,38.41666666666666,99.58333333333331,3320.0,1994,1,14,0.0,无,-18.1,-2.9,-28.1,0.43,0.15,673.9,676.5,670.5,1.1,,,无
1994-01-15,52645.0,青海,野牛沟,38.41666666666666,99.58333333333331,3320.0,1994,1,15,0.0,无,-13.2,0.0,-22.5,0.43,0.21,668.9,670.9,666.7,1.3,,,无
1994-01-16,52645.0,青海,野牛沟,38.41666666666666,99.58333333333331,3320.0,1994,1,16,0.0,无,-14.7,-5.7,-19.7,0.6,0.36,672.8,674.2,668.8,0.7,,,无
1994-01-17,52645.0,青海,野牛沟,38.41666666666666,99.58333333333331,3320.0,1994,1,17,0.0,无,-18.9,-10.5,-26.7,0.71,0.33,675.5,677.4,673.9,0.6,,,无
1994-01-18,52645.0,青海,野牛沟,38.41666666666666,99.58333333333331,3320.0,1994,1,18,0.0,无,-20.1,-9.8,-29.9,0.57,0.27,674.5,675.6,672.1,0.6,,,无
1994-01-19,52645.0,青海,野牛沟,38.41666666666666,99.58333333333331,3320.0,1994,1,19,0.0,无,-18.7,-3.3,-27.8,0.62,0.23,676.4,677.7,674.2,0.8,,,无
1994-01-20,52645.0,青海,野牛沟,38.41666666666666,99.58333333333331,3320.0,1994,1,20,0.0,无,-19.0,-6.1,-28.1,0.51,0.24,679.2,680.6,676.9,1.1,,,无
1994-01-21,52645.0,青海,野牛沟,38.41666666666666,99.58333333333331,3320.0,1994,1,21,0.0,无,-17.0,-3.5,-25.7,0.44,0.18,677.2,678.3,675.3,1.3,,,无
1994-01-22,52645.0,青海,野牛沟,38.41666666666666,99.58333333333331,3320.0,1994,1,22,0.0,无,-17.0,-2.9,-26.6,0.43,0.11,678.7,679.9,676.4,1.7,,,无
1994-01-23,52645.0,青海,野牛沟,38.41666666666666,99.58333333333331,3320.0,1994,1,23,0.0,无,-17.4,-1.7,-27.5,0.33,0.11,678.3,679.6,675.7,1.5,,,无
1994-01-24,52645.0,青海,野牛沟,38.41666666666666,99.58333333333331,3320.0,1994,1,24,0.0,无,-14.3,0.3,-25.2,0.31,0.11,679.0,681.3,675.8,2.1,,,无
1994-01-25,52645.0,青海,野牛沟,38.41666666666666,99.58333333333331,3320.0,1994,1,25,0.0,无,-12.7,-0.1,-22.6,0.3,0.12,676.6,678.6,674.8,2.4,,,无
1994-01-26,52645.0,青海,野牛沟,38.41666666666666,99.58333333333331,3320.0,1994,1,26,0.0,无,-13.8,-1.2,-23.8,0.39,0.2,679.3,681.2,677.4,1.4,,,无
1994-01-27,52645.0,青海,野牛沟,38.41666666666666,99.58333333333331,3320.0,1994,1,27,0.0,无,-14.9,0.6,-26.0,0.38,0.12,680.0,681.6,677.7,1.3,,,无
1994-01-28,52645.0,青海,野牛沟,38.41666666666666,99.58333333333331,3320.0,1994,1,28,0.0,无,-13.7,4.0,-23.7,0.31,0.1,676.7,678.4,674.9,1.4,,,无
1994-01-29,52645.0,青海,野牛沟,38.41666666666666,99.58333333333331,3320.0,1994,1,29,0.0,无,-11.1,-2.6,-17.3,0.4,0.13,675.8,677.1,674.6,1.0,,,无
1994-01-30,52645.0,青海,野牛沟,38.41666666666666,99.58333333333331,3320.0,1994,1,30,0.2,normal,-10.2,-2.7,-16.4,0.51,0.3,674.3,677.7,670.5,1.6,,-12.353153604329968,Snow
1994-01-31,52645.0,青海,野牛沟,38.41666666666666,99.58333333333331,3320.0,1994,1,31,0.4,normal,-15.2,-7.4,-21.1,0.81,0.53,675.0,676.0,673.5,0.4,,-15.807659367438674,Snow
1994-02-01,52645.0,青海,野牛沟,38.41666666666666,99.58333333333331,3320.0,1994,2,1,0.0,无,-17.8,-5.1,-26.2,0.74,0.41,678.9,680.8,676.0,0.7,,,无
1994-02-02,52645.0,青海,野牛沟,38.41666666666666,99.58333333333331,3320.0,1994,2,2,0.0,无,-16.2,-2.7,-26.8,0.59,0.33,676.9,680.2,673.4,0.7,,,无
1994-02-03,52645.0,青海,野牛沟,38.41666666666666,99.58333333333331,3320.0,1994,2,3,0.0,无,-14.0,-3.2,-23.6,0.53,0.26,675.3,677.2,673.8,1.7,,,无
1994-02-04,52645.0,青海,野牛沟,38.41666666666666,99.58333333333331,3320.0,1994,2,4,0.0,无,-15.2,-2.1,-26.7,0.46,0.17,675.6,677.3,673.5,1.5,,,无
1994-02-05,52645.0,青海,野牛沟,38.41666666666666,99.58333333333331,3320.0,1994,2,5,0.0,无,-12.4,0.0,-22.4,0.39,0.08,675.5,676.8,673.7,1.8,,,无
1994-02-06,52645.0,青海,野牛沟,38.41666666666666,99.58333333333331,3320.0,1994,2,6,0.0,无,-15.6,-0.5,-27.7,0.37,0.16,675.0,677.5,671.5,1.4,,,无
1994-02-07,52645.0,青海,野牛沟,38.41666666666666,99.58333333333331,3320.0,1994,2,7,0.0,无,-11.2,-1.4,-20.1,0.39,0.15,676.7,678.3,672.5,2.8,,,无
1994-02-08,52645.0,青海,野牛沟,38.41666666666666,99.58333333333331,3320.0,1994,2,8,0.0,无,-14.1,1.6,-25.4,0.36,0.16,675.8,678.5,673.2,1.3,,,无
1994-02-09,52645.0,青海,野牛沟,38.41666666666666,99.58333333333331,3320.0,1994,2,9,0.0,无,-12.3,1.9,-23.2,0.42,0.22,670.3,674.4,665.1,1.6,,,无
1994-02-10,52645.0,青海,野牛沟,38.41666666666666,99.58333333333331,3320.0,1994,2,10,0.9,normal,-8.9,-1.6,-12.0,0.64,0.17,669.7,671.1,665.6,0.4,,-10.599815110590654,Snow
1994-02-11,52645.0,青海,野牛沟,38.41666666666666,99.58333333333331,3320.0,1994,2,11,0.0,无,-13.7,-1.9,-23.8,0.57,0.14,671.2,673.1,668.7,1.3,,,无
1994-02-12,52645.0,青海,野牛沟,38.41666666666666,99.58333333333331,3320.0,1994,2,12,0.2,normal,-8.2,0.5,-18.6,0.62,0.33,669.1,670.6,666.6,1.5,,-10.067846343558951,Snow
1994-02-13,52645.0,青海,野牛沟,38.41666666666666,99.58333333333331,3320.0,1994,2,13,2.3,normal,-11.6,-6.8,-18.4,0.82,0.66,671.5,673.6,669.5,0.7,,-12.321012792175349,Snow
1994-02-14,52645.0,青海,野牛沟,38.41666666666666,99.58333333333331,3320.0,1994,2,14,1.3,normal,-15.6,-7.6,-24.9,0.74,0.53,675.7,676.7,673.6,0.4,,-16.411161965374454,Snow
1994-02-15,52645.0,青海,野牛沟,38.41666666666666,99.58333333333331,3320.0,1994,2,15,0.0,无,-16.1,-6.1,-25.5,0.61,0.4,676.7,678.2,674.5,0.9,,,无
1994-02-16,52645.0,青海,野牛沟,38.41666666666666,99.58333333333331,3320.0,1994,2,16,0.0,无,-13.8,-4.6,-22.9,0.7,0.37,675.3,677.3,672.7,0.6,,,无
1994-02-17,52645.0,青海,野牛沟,38.41666666666666,99.58333333333331,3320.0,1994,2,17,0.0,无,-14.4,-4.5,-24.9,0.6,0.37,673.2,674.5,670.7,1.0,,,无
1994-02-18,52645.0,青海,野牛沟,38.41666666666666,99.58333333333331,3320.0,1994,2,18,0.0,无,-12.3,-4.9,-22.6,0.61,0.44,674.2,676.0,672.3,1.1,,,无
1994-02-19,52645.0,青海,野牛沟,38.41666666666666,99.58333333333331,3320.0,1994,2,19,0.1,normal,-11.3,-3.8,-17.3,0.69,0.33,675.9,678.3,673.7,1.3,,-12.56500487766884,Snow
1994-02-20,52645.0,青海,野牛沟,38.41666666666666,99.58333333333331,3320.0,1994,2,20,0.0,无,-13.5,-1.5,-24.7,0.41,0.16,675.8,678.8,671.1,1.4,,,无
1994-02-21,52645.0,青海,野牛沟,38.41666666666666,99.58333333333331,3320.0,1994,2,21,0.0,无,-9.8,5.1,-22.5,0.38,0.14,669.4,673.2,665.2,2.5,,,无
1994-02-22,52645.0,青海,野牛沟,38.41666666666666,99.58333333333331,3320.0,1994,2,22,0.5,normal,-11.0,0.0,-17.1,0.52,0.17,668.4,670.6,665.8,1.0,,-13.024204187734302,Snow
1994-02-23,52645.0,青海,野牛沟,38.41666666666666,99.58333333333331,3320.0,1994,2,23,0.1,normal,-12.5,-3.1,-19.5,0.7,0.43,671.3,674.3,668.5,1.4,,-13.644562230633422,Snow
1994-02-24,52645.0,青海,野牛沟,38.41666666666666,99.58333333333331,3320.0,1994,2,24,0.0,无,-12.1,-2.3,-23.3,0.62,0.24,676.3,678.0,674.2,1.7,,,无
1994-02-25,52645.0,青海,野牛沟,38.41666666666666,99.58333333333331,3320.0,1994,2,25,0.0,无,-8.2,-0.3,-17.0,0.42,0.12,676.1,677.6,674.5,1.9,,,无
1994-02-26,52645.0,青海,野牛沟,38.41666666666666,99.58333333333331,3320.0,1994,2,26,0.0,无,-12.6,-4.6,-22.3,0.55,0.25,676.4,678.5,674.2,1.6,,,无
1994-02-27,52645.0,青海,野牛沟,38.41666666666666,99.58333333333331,3320.0,1994,2,27,0.0,无,-13.6,-1.3,-23.4,0.51,0.18,676.2,677.7,673.3,1.7,,,无
1994-02-28,52645.0,青海,野牛沟,38.41666666666666,99.58333333333331,3320.0,1994,2,28,0.0,无,-13.7,-2.2,-22.1,0.55,0.28,678.1,679.8,675.2,1.7,,,无
1994-03-01,52645.0,青海,野牛沟,38.41666666666666,99.58333333333331,3320.0,1994,3,1,0.7,normal,-15.3,-5.9,-24.0,0.61,0.31,679.6,681.1,676.6,2.0,,-16.539772694213276,Snow
1994-03-02,52645.0,青海,野牛沟,38.41666666666666,99.58333333333331,3320.0,1994,3,2,1.9,normal,-12.4,-2.3,-23.7,0.63,0.28,678.5,680.3,676.8,1.1,,-13.813119027024104,Snow
1994-03-03,52645.0,青海,野牛沟,38.41666666666666,99.58333333333331,3320.0,1994,3,3,0.0,无,-11.2,1.1,-22.4,0.42,0.14,677.3,679.0,675.6,2.0,,,无
1994-03-04,52645.0,青海,野牛沟,38.41666666666666,99.58333333333331,3320.0,1994,3,4,0.0,无,-10.1,3.5,-23.4,0.35,0.16,675.3,677.2,672.4,2.1,,,无
1994-03-05,52645.0,青海,野牛沟,38.41666666666666,99.58333333333331,3320.0,1994,3,5,0.0,无,-7.5,0.2,-14.3,0.37,0.19,674.1,675.4,672.2,2.2,,,无
1994-03-06,52645.0,青海,野牛沟,38.41666666666666,99.58333333333331,3320.0,1994,3,6,0.0,无,-8.2,-0.3,-18.0,0.51,0.18,673.5,676.2,671.5,2.5,,,无
1994-03-07,52645.0,青海,野牛沟,38.41666666666666,99.58333333333331,3320.0,1994,3,7,0.0,无,-7.7,-0.9,-14.1,0.47,0.18,673.4,674.7,671.9,3.0,,,无
1994-03-08,52645.0,青海,野牛沟,38.41666666666666,99.58333333333331,3320.0,1994,3,8,0.0,无,-11.0,-0.9,-16.8,0.48,0.22,675.0,676.2,671.4,1.7,,,无
1994-03-09,52645.0,青海,野牛沟,38.41666666666666,99.58333333333331,3320.0,1994,3,9,0.0,无,-9.7,0.8,-21.1,0.46,0.13,675.8,677.9,673.7,3.0,,,无
1994-03-10,52645.0,青海,野牛沟,38.41666666666666,99.58333333333331,3320.0,1994,3,10,0.0,无,-6.9,6.1,-17.6,0.42,0.12,672.1,675.1,669.1,3.0,,,无
1994-03-11,52645.0,青海,野牛沟,38.41666666666666,99.58333333333331,3320.0,1994,3,11,0.0,无,-5.7,0.3,-11.4,0.47,0.24,671.5,672.6,669.5,2.2,,,无
1994-03-12,52645.0,青海,野牛沟,38.41666666666666,99.58333333333331,3320.0,1994,3,12,0.0,无,-11.0,-3.3,-14.0,0.57,0.28,673.6,677.4,670.9,1.6,,,无
1994-03-13,52645.0,青海,野牛沟,38.41666666666666,99.58333333333331,3320.0,1994,3,13,0.0,无,-14.6,-4.3,-24.0,0.47,0.12,678.2,680.2,675.7,2.3,,,无
1994-03-14,52645.0,青海,野牛沟,38.41666666666666,99.58333333333331,3320.0,1994,3,14,0.0,无,-11.9,2.3,-22.6,0.45,0.15,674.6,678.0,670.6,3.1,,,无
1994-03-15,52645.0,青海,野牛沟,38.41666666666666,99.58333333333331,3320.0,1994,3,15,0.0,无,-7.6,6.5,-17.8,0.47,0.11,677.0,678.6,672.6,3.2,,,无
1994-03-16,52645.0,青海,野牛沟,38.41666666666666,99.58333333333331,3320.0,1994,3,16,0.1,normal,-7.3,-0.3,-15.0,0.55,0.39,679.8,680.5,678.2,2.3,,-9.607913754395462,Snow
1994-03-17,52645.0,青海,野牛沟,38.41666666666666,99.58333333333331,3320.0,1994,3,17,0.0,无,-7.4,2.7,-17.4,0.55,0.09,680.2,681.5,679.4,3.0,,,无
1994-03-18,52645.0,青海,野牛沟,38.41666666666666,99.58333333333331,3320.0,1994,3,18,0.0,无,-9.0,2.8,-18.6,0.46,0.12,679.2,680.6,676.9,1.9,,,无
1994-03-19,52645.0,青海,野牛沟,38.41666666666666,99.58333333333331,3320.0,1994,3,19,0.0,无,-9.2,2.3,-19.1,0.56,0.27,680.5,681.8,677.9,2.3,,,无
1994-03-20,52645.0,青海,野牛沟,38.41666666666666,99.58333333333331,3320.0,1994,3,20,1.7,normal,-8.0,-2.1,-15.4,0.64,0.29,680.0,682.2,676.8,0.6,,-9.767910782150459,Snow
1994-03-21,52645.0,青海,野牛沟,38.41666666666666,99.58333333333331,3320.0,1994,3,21,0.0,无,-10.3,-4.0,-17.1,0.49,0.29,679.0,681.4,676.1,2.5,,,无
1994-03-22,52645.0,青海,野牛沟,38.41666666666666,99.58333333333331,3320.0,1994,3,22,0.0,无,-14.2,-1.3,-25.1,0.42,0.22,685.7,688.3,681.4,1.8,,,无
1994-03-23,52645.0,青海,野牛沟,38.41666666666666,99.58333333333331,3320.0,1994,3,23,0.0,无,-8.8,5.8,-20.6,0.35,0.05,684.0,685.7,681.4,3.2,,,无
1994-03-24,52645.0,青海,野牛沟,38.41666666666666,99.58333333333331,3320.0,1994,3,24,0.0,无,-7.4,4.9,-16.5,0.4,0.15,681.1,683.7,677.5,5.8,,,无
1994-03-25,52645.0,青海,野牛沟,38.41666666666666,99.58333333333331,3320.0,1994,3,25,0.1,normal,-6.0,1.0,-12.6,0.58,0.34,681.0,681.7,679.4,2.4,,-8.300133589790931,Snow
1994-03-26,52645.0,青海,野牛沟,38.41666666666666,99.58333333333331,3320.0,1994,3,26,0.6,normal,-5.4,3.0,-13.2,0.66,0.23,680.9,682.7,679.0,1.7,,-7.309499233268437,Snow
1994-03-27,52645.0,青海,野牛沟,38.41666666666666,99.58333333333331,3320.0,1994,3,27,2.0,normal,-5.3,0.0,-11.6,0.65,0.34,683.0,684.0,680.6,1.5,,-7.273278506037868,Snow
1994-03-28,52645.0,青海,野牛沟,38.41666666666666,99.58333333333331,3320.0,1994,3,28,0.0,无,-7.8,3.9,-17.5,0.48,0.11,684.4,686.5,681.4,3.2,,,无
1994-03-29,52645.0,青海,野牛沟,38.41666666666666,99.58333333333331,3320.0,1994,3,29,0.0,无,-5.3,3.8,-14.2,0.52,0.18,682.7,684.4,680.5,2.8,,,无
1994-03-30,52645.0,青海,野牛沟,38.41666666666666,99.58333333333331,3320.0,1994,3,30,1.6,normal,-6.2,2.1,-13.6,0.71,0.19,681.9,683.4,679.2,2.4,,-7.756739934856767,Snow
1994-03-31,52645.0,青海,野牛沟,38.41666666666666,99.58333333333331,3320.0,1994,3,31,0.8,normal,-6.0,2.2,-12.7,0.51,0.18,681.6,682.8,680.3,3.0,,-8.694864172113505,Snow
1994-04-01,52645.0,青海,野牛沟,38.41666666666666,99.58333333333331,3320.0,1994,4,1,0.0,无,-5.2,5.5,-15.0,0.48,0.12,681.6,684.0,678.1,3.2,,,无
1994-04-02,52645.0,青海,野牛沟,38.41666666666666,99.58333333333331,3320.0,1994,4,2,0.0,无,-1.5,7.4,-8.1,0.4,0.1,677.5,678.9,675.6,4.4,,,无
1994-04-03,52645.0,青海,野牛沟,38.41666666666666,99.58333333333331,3320.0,1994,4,3,0.0,无,-1.3,8.0,-9.9,0.45,0.18,678.3,679.7,675.8,3.6,,,无
1994-04-04,52645.0,青海,野牛沟,38.41666666666666,99.58333333333331,3320.0,1994,4,4,0.0,无,-1.5,12.2,-13.2,0.41,0.13,679.0,680.7,676.1,5.0,,,无
1994-04-05,52645.0,青海,野牛沟,38.41666666666666,99.58333333333331,3320.0,1994,4,5,0.0,无,1.4,15.6,-11.2,0.32,0.08,677.8,680.0,674.7,6.1,,,无
1994-04-06,52645.0,青海,野牛沟,38.41666666666666,99.58333333333331,3320.0,1994,4,6,0.0,无,5.5,18.0,-7.9,0.27,0.1,674.0,676.3,670.4,7.0,,,无
1994-04-07,52645.0,青海,野牛沟,38.41666666666666,99.58333333333331,3320.0,1994,4,7,0.0,无,6.5,18.0,0.1,0.37,0.16,673.6,674.7,671.3,6.7,,,无
1994-04-08,52645.0,青海,野牛沟,38.41666666666666,99.58333333333331,3320.0,1994,4,8,0.0,无,6.5,17.8,-1.7,0.43,0.14,673.1,674.7,669.9,7.1,,,无
1994-04-09,52645.0,青海,野牛沟,38.41666666666666,99.58333333333331,3320.0,1994,4,9,0.0,无,2.2,9.5,-2.5,0.53,0.17,677.9,679.1,673.4,4.7,,,无
1994-04-10,52645.0,青海,野牛沟,38.41666666666666,99.58333333333331,3320.0,1994,4,10,0.0,无,-0.6,10.3,-6.7,0.52,0.2,677.1,679.3,673.5,4.9,,,无
1994-04-11,52645.0,青海,野牛沟,38.41666666666666,99.58333333333331,3320.0,1994,4,11,0.2,normal,-5.5,-1.1,-7.0,0.67,0.49,679.3,680.7,677.2,1.6,,-7.345350345013322,Snow
1994-04-12,52645.0,青海,野牛沟,38.41666666666666,99.58333333333331,3320.0,1994,4,12,0.0,无,-8.2,-1.8,-14.9,0.71,0.46,681.3,682.0,679.6,1.4,,,无
1994-04-13,52645.0,青海,野牛沟,38.41666666666666,99.58333333333331,3320.0,1994,4,13,0.1,normal,-6.5,1.8,-13.0,0.64,0.22,683.1,684.3,680.5,2.0,,-8.40943093857835,Snow
1994-04-14,52645.0,青海,野牛沟,38.41666666666666,99.58333333333331,3320.0,1994,4,14,0.2,normal,-5.7,6.9,-15.5,0.58,0.08,682.9,685.2,679.0,3.7,,-8.03194732782702,Snow
1994-04-15,52645.0,青海,野牛沟,38.41666666666666,99.58333333333331,3320.0,1994,4,15,0.0,无,-2.5,9.7,-13.0,0.39,0.07,680.7,682.2,678.2,4.8,,,无
1994-04-16,52645.0,青海,野牛沟,38.41666666666666,99.58333333333331,3320.0,1994,4,16,0.0,无,-0.2,9.7,-7.9,0.38,0.1,679.2,680.4,676.7,4.4,,,无
1994-04-17,52645.0,青海,野牛沟,38.41666666666666,99.58333333333331,3320.0,1994,4,17,0.0,无,0.6,11.7,-9.2,0.42,0.15,677.9,680.5,673.8,6.0,,,无
1994-04-18,52645.0,青海,野牛沟,38.41666666666666,99.58333333333331,3320.0,1994,4,18,0.1,normal,0.7,5.2,-2.8,0.62,0.16,677.1,677.7,674.9,3.6,,-2.153512424313244,Snow
1994-04-19,52645.0,青海,野牛沟,38.41666666666666,99.58333333333331,3320.0,1994,4,19,0.0,无,-1.8,4.1,-7.9,0.78,0.53,678.5,679.1,676.7,1.6,,,无
1994-04-20,52645.0,青海,野牛沟,38.41666666666666,99.58333333333331,3320.0,1994,4,20,1.1,normal,-1.7,7.0,-10.7,0.57,0.22,679.5,680.9,677.1,3.3,,-4.612782742169839,Snow
1994-04-21,52645.0,青海,野牛沟,38.41666666666666,99.58333333333331,3320.0,1994,4,21,0.0,无,-1.5,8.4,-9.4,0.54,0.18,679.4,680.8,676.8,3.0,,,无
1994-04-22,52645.0,青海,野牛沟,38.41666666666666,99.58333333333331,3320.0,1994,4,22,0.1,normal,-1.2,3.8,-5.6,0.61,0.36,680.2,681.3,678.2,2.4,,-3.8905490077983673,Snow
1994-04-23,52645.0,青海,野牛沟,38.41666666666666,99.58333333333331,3320.0,1994,4,23,0.0,无,-0.4,6.1,-4.5,0.63,0.26,679.7,680.7,677.9,2.8,,,无
1994-04-24,52645.0,青海,野牛沟,38.41666666666666,99.58333333333331,3320.0,1994,4,24,1.8,normal,-1.5,2.5,-4.1,0.74,0.44,680.0,680.6,678.4,1.3,,-3.2473040015377963,Snow
1994-04-25,52645.0,青海,野牛沟,38.41666666666666,99.58333333333331,3320.0,1994,4,25,0.0,无,-2.2,2.5,-6.6,0.61,0.43,681.4,681.6,680.2,1.9,,,无
1994-04-26,52645.0,青海,野牛沟,38.41666666666666,99.58333333333331,3320.0,1994,4,26,0.1,normal,-3.3,4.4,-6.8,0.74,0.38,682.5,682.9,681.0,2.5,,-4.905489660942064,Snow
1994-04-27,52645.0,青海,野牛沟,38.41666666666666,99.58333333333331,3320.0,1994,4,27,0.3,normal,-2.8,6.7,-9.4,0.78,0.34,683.5,684.4,681.9,1.9,,-4.184570281073499,Snow
1994-04-28,52645.0,青海,野牛沟,38.41666666666666,99.58333333333331,3320.0,1994,4,28,0.7,normal,-0.5,11.9,-12.6,0.56,0.21,683.1,684.6,680.9,4.9,,-3.641123673680169,Snow
1994-04-29,52645.0,青海,野牛沟,38.41666666666666,99.58333333333331,3320.0,1994,4,29,0.0,无,5.1,17.4,-6.4,0.4,0.15,679.8,681.9,676.6,7.3,,,无
1994-04-30,52645.0,青海,野牛沟,38.41666666666666,99.58333333333331,3320.0,1994,4,30,0.0,无,6.9,19.5,-5.3,0.4,0.12,676.6,677.8,674.2,8.8,,,无
1994-05-01,52645.0,青海,野牛沟,38.41666666666666,99.58333333333331,3320.0,1994,5,1,0.0,无,4.3,13.3,-0.4,0.58,0.31,676.5,679.2,673.7,6.3,,,无
1994-05-02,52645.0,青海,野牛沟,38.41666666666666,99.58333333333331,3320.0,1994,5,2,7.2,normal,-3.9,2.3,-7.9,0.74,0.44,681.2,682.5,678.7,2.7,,-5.462089086177149,Snow
1994-05-03,52645.0,青海,野牛沟,38.41666666666666,99.58333333333331,3320.0,1994,5,3,0.0,无,-1.2,5.2,-9.3,0.44,0.15,683.6,684.4,681.4,5.7,,,无
1994-05-04,52645.0,青海,野牛沟,38.41666666666666,99.58333333333331,3320.0,1994,5,4,0.0,无,-0.5,10.0,-9.0,0.52,0.27,683.3,684.7,680.1,5.3,,,无
1994-05-05,52645.0,青海,野牛沟,38.41666666666666,99.58333333333331,3320.0,1994,5,5,0.0,无,0.1,3.8,-3.0,0.61,0.38,683.0,683.7,681.7,3.2,,,无
1994-05-06,52645.0,青海,野牛沟,38.41666666666666,99.58333333333331,3320.0,1994,5,6,0.0,无,0.1,10.4,-8.0,0.54,0.22,682.2,683.6,678.5,6.0,,,无
1994-05-07,52645.0,青海,野牛沟,38.41666666666666,99.58333333333331,3320.0,1994,5,7,0.0,无,2.9,13.0,-6.8,0.45,0.12,682.2,683.7,679.2,6.7,,,无
1994-05-08,52645.0,青海,野牛沟,38.41666666666666,99.58333333333331,3320.0,1994,5,8,0.0,无,3.4,15.9,-6.6,0.52,0.17,680.6,681.9,677.8,6.7,,,无
1994-05-09,52645.0,青海,野牛沟,38.41666666666666,99.58333333333331,3320.0,1994,5,9,0.0,无,4.8,14.3,-2.3,0.47,0.14,681.8,682.9,680.0,6.8,,,无
1994-05-10,52645.0,青海,野牛沟,38.41666666666666,99.58333333333331,3320.0,1994,5,10,0.0,无,6.0,18.4,-7.1,0.51,0.16,679.4,682.4,674.9,9.6,,,无
1994-05-11,52645.0,青海,野牛沟,38.41666666666666,99.58333333333331,3320.0,1994,5,11,0.0,无,5.5,14.1,3.5,0.59,0.28,676.7,678.1,674.9,5.6,,,无
1994-05-12,52645.0,青海,野牛沟,38.41666666666666,99.58333333333331,3320.0,1994,5,12,0.2,normal,3.3,8.7,-0.4,0.75,0.46,680.6,681.3,678.1,3.6,,1.2532414613666853,Snow
1994-05-13,52645.0,青海,野牛沟,38.41666666666666,99.58333333333331,3320.0,1994,5,13,5.4,normal,2.9,10.8,-2.4,0.68,0.25,683.8,685.0,681.3,4.0,,0.3025256836994794,Snow
1994-05-14,52645.0,青海,野牛沟,38.41666666666666,99.58333333333331,3320.0,1994,5,14,0.0,无,3.7,12.6,-3.1,0.65,0.23,684.7,685.8,682.5,5.4,,,无
1994-05-15,52645.0,青海,野牛沟,38.41666666666666,99.58333333333331,3320.0,1994,5,15,0.0,无,5.8,12.2,-1.7,0.51,0.18,685.0,686.5,682.9,6.4,,,无
1994-05-16,52645.0,青海,野牛沟,38.41666666666666,99.58333333333331,3320.0,1994,5,16,0.0,无,4.3,12.8,-4.7,0.46,0.15,686.4,687.8,683.3,7.7,,,无
1994-05-17,52645.0,青海,野牛沟,38.41666666666666,99.58333333333331,3320.0,1994,5,17,0.0,无,4.9,15.3,-5.6,0.47,0.03,685.8,688.0,682.1,6.5,,,无
1994-05-18,52645.0,青海,野牛沟,38.41666666666666,99.58333333333331,3320.0,1994,5,18,0.0,无,6.8,16.7,-2.6,0.44,0.05,682.7,684.2,680.1,6.7,,,无
1994-05-19,52645.0,青海,野牛沟,38.41666666666666,99.58333333333331,3320.0,1994,5,19,0.0,无,5.5,14.2,-2.4,0.58,0.23,683.5,685.0,681.7,6.7,,,无
1994-05-20,52645.0,青海,野牛沟,38.41666666666666,99.58333333333331,3320.0,1994,5,20,0.0,无,6.4,15.3,-3.4,0.31,0.11,685.7,686.5,684.7,8.0,,,无
1994-05-21,52645.0,青海,野牛沟,38.41666666666666,99.58333333333331,3320.0,1994,5,21,0.0,无,4.8,16.4,-5.1,0.44,0.13,684.9,686.4,681.6,7.2,,,无
1994-05-22,52645.0,青海,野牛沟,38.41666666666666,99.58333333333331,3320.0,1994,5,22,2.9,normal,2.6,12.8,-4.3,0.62,0.24,682.0,684.5,679.4,3.4,,-0.47582568973505435,Snow
1994-05-23,52645.0,青海,野牛沟,38.41666666666666,99.58333333333331,3320.0,1994,5,23,3.8,normal,1.6,11.0,-6.3,0.63,0.29,682.7,685.1,680.6,4.0,,-1.2696552970116448,Snow
1994-05-24,52645.0,青海,野牛沟,38.41666666666666,99.58333333333331,3320.0,1994,5,24,0.0,无,3.6,11.5,-3.2,0.62,0.24,681.8,683.3,679.7,5.0,,,无
1994-05-25,52645.0,青海,野牛沟,38.41666666666666,99.58333333333331,3320.0,1994,5,25,0.0,无,3.8,9.2,-1.0,0.54,0.1,684.5,685.4,682.2,5.4,,,无
1994-05-26,52645.0,青海,野牛沟,38.41666666666666,99.58333333333331,3320.0,1994,5,26,0.0,无,4.0,14.3,-5.0,0.43,0.12,686.0,687.3,683.8,6.8,,,无
1994-05-27,52645.0,青海,野牛沟,38.41666666666666,99.58333333333331,3320.0,1994,5,27,0.0,无,5.6,15.1,-3.2,0.43,0.17,683.3,685.2,681.0,7.2,,,无
1994-05-28,52645.0,青海,野牛沟,38.41666666666666,99.58333333333331,3320.0,1994,5,28,0.0,无,5.6,15.2,-5.3,0.4,0.14,684.1,685.5,681.9,8.1,,,无
1994-05-29,52645.0,青海,野牛沟,38.41666666666666,99.58333333333331,3320.0,1994,5,29,2.4,normal,4.0,12.4,0.3,0.58,0.18,684.4,685.9,682.7,4.4,,0.39282411216984503,Snow
1994-05-30,52645.0,青海,野牛沟,38.41666666666666,99.58333333333331,3320.0,1994,5,30,0.2,normal,6.6,16.5,-0.8,0.6,0.18,684.2,686.2,681.2,6.1,,2.823679875108307,Rain
1994-05-31,52645.0,青海,野牛沟,38.41666666666666,99.58333333333331,3320.0,1994,5,31,0.0,无,8.5,18.6,-2.9,0.48,0.15,682.0,684.0,679.8,7.7,,,无
1994-06-01,52645.0,青海,野牛沟,38.41666666666666,99.58333333333331,3320.0,1994,6,1,2.0,normal,6.8,16.8,-0.1,0.59,0.24,681.7,683.6,679.0,3.8,,2.8883839848019077,Rain
1994-06-02,52645.0,青海,野牛沟,38.41666666666666,99.58333333333331,3320.0,1994,6,2,0.3,normal,6.1,11.2,3.3,0.73,0.48,682.0,683.9,679.7,4.1,,3.6444044525666763,Rain
1994-06-03,52645.0,青海,野牛沟,38.41666666666666,99.58333333333331,3320.0,1994,6,3,1.6,normal,5.8,10.6,2.8,0.72,0.43,680.1,680.6,679.6,2.6,,3.2733531992301623,Rain
1994-06-04,52645.0,青海,野牛沟,38.41666666666666,99.58333333333331,3320.0,1994,6,4,0.0,无,5.7,15.8,-3.2,0.63,0.19,681.7,683.4,679.9,6.2,,,无
1994-06-05,52645.0,青海,野牛沟,38.41666666666666,99.58333333333331,3320.0,1994,6,5,10.0,normal,4.4,11.4,1.5,0.83,0.37,684.0,684.9,680.3,0.8,,2.968910364952815,Snow
1994-06-06,52645.0,青海,野牛沟,38.41666666666666,99.58333333333331,3320.0,1994,6,6,1.3,normal,4.8,7.7,2.3,0.81,0.64,683.9,685.1,682.8,1.3,,3.1723542491186008,Snow
1994-06-07,52645.0,青海,野牛沟,38.41666666666666,99.58333333333331,3320.0,1994,6,7,0.0,无,6.6,14.4,1.3,0.68,0.28,684.4,685.2,683.1,6.2,,,无
1994-06-08,52645.0,青海,野牛沟,38.41666666666666,99.58333333333331,3320.0,1994,6,8,0.0,无,6.8,15.9,-1.3,0.59,0.16,684.5,686.2,681.5,6.3,,,无
1994-06-09,52645.0,青海,野牛沟,38.41666666666666,99.58333333333331,3320.0,1994,6,9,1.5,normal,7.0,13.5,1.6,0.63,0.33,681.7,683.4,680.0,4.9,,3.468639293152642,Rain
1994-06-10,52645.0,青海,野牛沟,38.41666666666666,99.58333333333331,3320.0,1994,6,10,0.5,normal,5.1,13.2,-1.2,0.8,0.34,680.8,682.3,678.6,3.5,,3.3619763509037215,Rain
1994-06-11,52645.0,青海,野牛沟,38.41666666666666,99.58333333333331,3320.0,1994,6,11,0.4,normal,8.6,15.4,2.1,0.67,0.33,680.6,682.1,679.5,5.7,,5.294350455319985,Rain
1994-06-12,52645.0,青海,野牛沟,38.41666666666666,99.58333333333331,3320.0,1994,6,12,0.0,无,8.9,18.0,0.0,0.65,0.31,679.6,680.8,677.7,6.9,,,无
1994-06-13,52645.0,青海,野牛沟,38.41666666666666,99.58333333333331,3320.0,1994,6,13,6.7,normal,10.5,17.3,6.9,0.74,0.37,680.1,681.9,678.1,5.5,,7.768758801040421,Rain
1994-06-14,52645.0,青海,野牛沟,38.41666666666666,99.58333333333331,3320.0,1994,6,14,9.8,normal,10.1,15.8,6.7,0.76,0.47,679.7,680.7,678.5,3.6,,7.618687054438342,Rain
1994-06-15,52645.0,青海,野牛沟,38.41666666666666,99.58333333333331,3320.0,1994,6,15,0.0,无,11.2,17.0,4.8,0.65,0.44,679.4,679.7,678.8,6.7,,,无
1994-06-16,52645.0,青海,野牛沟,38.41666666666666,99.58333333333331,3320.0,1994,6,16,0.0,无,11.4,19.6,2.7,0.62,0.3,679.5,680.5,677.9,8.1,,,无
1994-06-17,52645.0,青海,野牛沟,38.41666666666666,99.58333333333331,3320.0,1994,6,17,1.1,normal,9.2,16.4,6.5,0.79,0.46,681.1,681.7,679.0,3.1,,7.102317637472413,Rain
1994-06-18,52645.0,青海,野牛沟,38.41666666666666,99.58333333333331,3320.0,1994,6,18,6.1,normal,7.3,8.8,6.5,0.86,0.73,682.1,683.2,681.7,0.4,,6.001117518129635,Rain
1994-06-19,52645.0,青海,野牛沟,38.41666666666666,99.58333333333331,3320.0,1994,6,19,9.5,normal,6.9,14.1,1.8,0.75,0.38,681.5,682.6,679.6,5.0,,4.568890561392087,Rain
1994-06-20,52645.0,青海,野牛沟,38.41666666666666,99.58333333333331,3320.0,1994,6,20,3.6,normal,6.1,12.1,0.6,0.75,0.51,682.7,683.4,681.1,4.3,,3.834480537981624,Rain
1994-06-21,52645.0,青海,野牛沟,38.41666666666666,99.58333333333331,3320.0,1994,6,21,2.5,normal,6.6,14.6,0.7,0.74,0.44,682.6,684.1,680.4,4.1,,4.198357468829701,Rain
1994-06-22,52645.0,青海,野牛沟,38.41666666666666,99.58333333333331,3320.0,1994,6,22,2.4,normal,6.3,13.0,1.6,0.76,0.42,680.9,682.7,679.0,4.5,,4.110746974184765,Rain
1994-06-23,52645.0,青海,野牛沟,38.41666666666666,99.58333333333331,3320.0,1994,6,23,0.0,无,6.1,13.0,1.2,0.67,0.29,682.4,683.4,680.3,5.1,,,无
1994-06-24,52645.0,青海,野牛沟,38.41666666666666,99.58333333333331,3320.0,1994,6,24,0.0,无,6.0,14.4,-1.2,0.62,0.22,683.3,684.5,680.9,6.6,,,无
1994-06-25,52645.0,青海,野牛沟,38.41666666666666,99.58333333333331,3320.0,1994,6,25,0.0,无,7.7,16.6,-1.5,0.54,0.26,680.5,682.7,678.7,7.8,,,无
1994-06-26,52645.0,青海,野牛沟,38.41666666666666,99.58333333333331,3320.0,1994,6,26,0.5,normal,6.5,15.7,-1.1,0.67,0.28,679.1,680.3,677.4,4.3,,3.4206906405285187,Rain
1994-06-27,52645.0,青海,野牛沟,38.41666666666666,99.58333333333331,3320.0,1994,6,27,3.0,normal,8.1,15.5,3.6,0.76,0.38,680.5,681.5,679.2,5.3,,5.772694597684613,Rain
1994-06-28,52645.0,青海,野牛沟,38.41666666666666,99.58333333333331,3320.0,1994,6,28,7.5,normal,7.7,13.8,4.0,0.78,0.51,680.9,681.7,680.4,3.5,,5.602359080524617,Rain
1994-06-29,52645.0,青海,野牛沟,38.41666666666666,99.58333333333331,3320.0,1994,6,29,12.3,normal,5.4,8.7,2.2,0.85,0.64,682.5,683.0,681.7,1.6,,4.0937286919477645,Rain
1994-06-30,52645.0,青海,野牛沟,38.41666666666666,99.58333333333331,3320.0,1994,6,30,2.3,normal,7.0,11.9,2.0,0.72,0.48,682.5,683.4,681.5,4.0,,4.368839749632936,Rain
1994-07-01,52645.0,青海,野牛沟,38.41666666666666,99.58333333333331,3320.0,1994,7,1,0.9,normal,6.4,11.6,2.6,0.76,0.48,683.4,683.9,681.9,3.8,,4.206624323502379,Rain
1994-07-02,52645.0,青海,野牛沟,38.41666666666666,99.58333333333331,3320.0,1994,7,2,8.5,normal,6.8,14.1,0.3,0.75,0.46,683.8,684.8,682.0,3.9,,4.480251358612066,Rain
1994-07-03,52645.0,青海,野牛沟,38.41666666666666,99.58333333333331,3320.0,1994,7,3,1.2,normal,9.6,17.9,2.0,0.66,0.35,682.9,684.6,681.2,8.1,,6.079377217696442,Rain
1994-07-04,52645.0,青海,野牛沟,38.41666666666666,99.58333333333331,3320.0,1994,7,4,7.4,normal,8.0,17.9,2.6,0.75,0.35,681.9,683.0,679.8,4.9,,5.581545650326913,Rain
1994-07-05,52645.0,青海,野牛沟,38.41666666666666,99.58333333333331,3320.0,1994,7,5,17.8,normal,7.2,12.6,1.3,0.8,0.6,681.8,683.9,680.4,2.9,,5.331870967048125,Rain
1994-07-06,52645.0,青海,野牛沟,38.41666666666666,99.58333333333331,3320.0,1994,7,6,16.3,normal,7.6,14.8,3.6,0.82,0.53,681.2,682.5,679.3,4.1,,5.901260533469359,Rain
1994-07-07,52645.0,青海,野牛沟,38.41666666666666,99.58333333333331,3320.0,1994,7,7,11.2,normal,5.3,10.7,3.9,0.86,0.56,681.7,683.0,680.3,3.2,,4.086276914825597,Rain
1994-07-08,52645.0,青海,野牛沟,38.41666666666666,99.58333333333331,3320.0,1994,7,8,0.0,无,5.9,15.1,-0.6,0.79,0.51,682.2,683.2,679.6,4.6,,,无
1994-07-09,52645.0,青海,野牛沟,38.41666666666666,99.58333333333331,3320.0,1994,7,9,0.0,无,9.0,15.0,3.5,0.71,0.37,681.7,682.7,680.2,5.2,,,无
1994-07-10,52645.0,青海,野牛沟,38.41666666666666,99.58333333333331,3320.0,1994,7,10,13.4,normal,5.4,12.1,0.0,0.8,0.5,684.1,684.6,681.0,2.4,,3.647036034263418,Rain
1994-07-11,52645.0,青海,野牛沟,38.41666666666666,99.58333333333331,3320.0,1994,7,11,0.0,无,8.1,15.0,-0.2,0.65,0.35,683.9,685.0,682.5,6.2,,,无
1994-07-12,52645.0,青海,野牛沟,38.41666666666666,99.58333333333331,3320.0,1994,7,12,0.0,无,10.0,19.8,0.8,0.64,0.26,681.5,683.2,679.3,7.5,,,无
1994-07-13,52645.0,青海,野牛沟,38.41666666666666,99.58333333333331,3320.0,1994,7,13,0.0,无,12.0,21.4,2.8,0.64,0.32,681.2,682.2,679.4,7.8,,,无
1994-07-14,52645.0,青海,野牛沟,38.41666666666666,99.58333333333331,3320.0,1994,7,14,0.0,无,13.3,20.2,7.0,0.69,0.41,682.0,682.7,681.0,6.3,,,无
1994-07-15,52645.0,青海,野牛沟,38.41666666666666,99.58333333333331,3320.0,1994,7,15,0.0,无,13.8,23.2,5.1,0.68,0.37,683.0,684.1,681.8,8.1,,,无
1994-07-16,52645.0,青海,野牛沟,38.41666666666666,99.58333333333331,3320.0,1994,7,16,0.0,无,13.5,22.4,4.4,0.65,0.32,683.7,684.8,681.8,8.0,,,无
1994-07-17,52645.0,青海,野牛沟,38.41666666666666,99.58333333333331,3320.0,1994,7,17,15.7,normal,12.4,17.8,7.1,0.79,0.54,683.8,686.1,681.9,3.6,,10.095165799480984,Rain
1994-07-18,52645.0,青海,野牛沟,38.41666666666666,99.58333333333331,3320.0,1994,7,18,0.2,normal,11.1,19.5,2.1,0.64,0.26,684.4,685.5,682.4,6.3,,7.179261906995715,Rain
1994-07-19,52645.0,青海,野牛沟,38.41666666666666,99.58333333333331,3320.0,1994,7,19,0.0,无,11.6,22.6,3.0,0.67,0.24,682.4,683.7,680.2,7.4,,,无
1994-07-20,52645.0,青海,野牛沟,38.41666666666666,99.58333333333331,3320.0,1994,7,20,1.1,normal,12.6,20.2,4.9,0.67,0.38,679.9,681.9,677.6,6.0,,8.854652531937234,Rain
1994-07-21,52645.0,青海,野牛沟,38.41666666666666,99.58333333333331,3320.0,1994,7,21,3.7,normal,10.5,16.2,8.8,0.74,0.56,680.8,681.5,679.2,3.8,,7.769833051125059,Rain
1994-07-22,52645.0,青海,野牛沟,38.41666666666666,99.58333333333331,3320.0,1994,7,22,0.9,normal,9.4,17.7,1.9,0.73,0.37,681.6,682.5,680.0,4.7,,6.656415086634833,Rain
1994-07-23,52645.0,青海,野牛沟,38.41666666666666,99.58333333333331,3320.0,1994,7,23,1.4,normal,10.4,19.8,1.1,0.67,0.28,682.1,683.7,679.9,6.4,,6.900091329366762,Rain
1994-07-24,52645.0,青海,野牛沟,38.41666666666666,99.58333333333331,3320.0,1994,7,24,6.0,normal,9.0,17.8,3.2,0.8,0.38,682.5,684.1,681.1,5.2,,7.019967913405192,Rain
1994-07-25,52645.0,青海,野牛沟,38.41666666666666,99.58333333333331,3320.0,1994,7,25,14.4,normal,7.7,14.2,3.4,0.81,0.61,683.0,684.8,681.8,3.6,,5.899888952556833,Rain
1994-07-26,52645.0,青海,野牛沟,38.41666666666666,99.58333333333331,3320.0,1994,7,26,4.3,normal,7.3,12.0,4.7,0.76,0.52,682.7,683.3,681.8,0.5,,5.036937073260401,Rain
1994-07-27,52645.0,青海,野牛沟,38.41666666666666,99.58333333333331,3320.0,1994,7,27,4.5,normal,7.1,16.6,1.0,0.81,0.37,684.3,685.1,682.3,4.5,,5.336836576859354,Rain
1994-07-28,52645.0,青海,野牛沟,38.41666666666666,99.58333333333331,3320.0,1994,7,28,3.7,normal,8.7,16.3,1.7,0.66,0.31,685.1,686.3,683.5,6.5,,5.286081962155307,Rain
1994-07-29,52645.0,青海,野牛沟,38.41666666666666,99.58333333333331,3320.0,1994,7,29,0.0,无,9.2,19.5,0.4,0.67,0.29,683.2,685.0,680.0,4.7,,,无
1994-07-30,52645.0,青海,野牛沟,38.41666666666666,99.58333333333331,3320.0,1994,7,30,0.0,无,12.3,20.7,2.7,0.63,0.29,681.8,683.1,680.0,7.2,,,无
1994-07-31,52645.0,青海,野牛沟,38.41666666666666,99.58333333333331,3320.0,1994,7,31,0.4,normal,12.4,19.2,5.5,0.65,0.39,681.0,682.2,679.5,6.1,,8.436012419214244,Rain
1994-08-01,52645.0,青海,野牛沟,38.41666666666666,99.58333333333331,3320.0,1994,8,1,3.6,normal,12.1,19.8,3.5,0.69,0.35,680.9,682.8,680.0,6.6,,8.649695507885994,Rain
1994-08-02,52645.0,青海,野牛沟,38.41666666666666,99.58333333333331,3320.0,1994,8,2,0.0,无,11.1,20.6,3.1,0.66,0.3,681.1,682.4,679.1,7.3,,,无
1994-08-03,52645.0,青海,野牛沟,38.41666666666666,99.58333333333331,3320.0,1994,8,3,0.0,无,11.0,21.2,1.0,0.64,0.31,680.9,682.7,678.0,5.9,,,无
1994-08-04,52645.0,青海,野牛沟,38.41666666666666,99.58333333333331,3320.0,1994,8,4,0.0,无,11.3,22.3,3.5,0.57,0.19,680.3,682.0,676.9,8.5,,,无
1994-08-05,52645.0,青海,野牛沟,38.41666666666666,99.58333333333331,3320.0,1994,8,5,0.0,无,9.4,15.9,2.9,0.66,0.45,680.3,682.0,678.7,6.4,,,无
1994-08-06,52645.0,青海,野牛沟,38.41666666666666,99.58333333333331,3320.0,1994,8,6,0.0,无,8.5,18.8,-0.3,0.66,0.24,683.0,685.3,680.4,6.8,,,无
1994-08-07,52645.0,青海,野牛沟,38.41666666666666,99.58333333333331,3320.0,1994,8,7,0.0,无,8.5,15.9,0.7,0.63,0.21,683.9,685.3,682.3,5.4,,,无
1994-08-08,52645.0,青海,野牛沟,38.41666666666666,99.58333333333331,3320.0,1994,8,8,0.0,无,9.3,20.6,-0.6,0.62,0.23,682.5,684.8,679.9,7.1,,,无
1994-08-09,52645.0,青海,野牛沟,38.41666666666666,99.58333333333331,3320.0,1994,8,9,0.0,无,8.4,16.2,0.5,0.7,0.38,681.1,681.7,680.0,3.8,,,无
1994-08-10,52645.0,青海,野牛沟,38.41666666666666,99.58333333333331,3320.0,1994,8,10,0.1,normal,11.7,20.7,5.5,0.65,0.3,680.5,681.4,679.1,7.2,,7.817056485779115,Rain
1994-08-11,52645.0,青海,野牛沟,38.41666666666666,99.58333333333331,3320.0,1994,8,11,3.0,normal,8.6,14.8,4.1,0.77,0.51,680.8,681.7,679.5,2.2,,6.337473181631119,Rain
1994-08-12,52645.0,青海,野牛沟,38.41666666666666,99.58333333333331,3320.0,1994,8,12,7.3,normal,7.7,13.6,3.7,0.8,0.57,684.0,685.6,680.0,2.7,,5.8030814248264795,Rain
1994-08-13,52645.0,青海,野牛沟,38.41666666666666,99.58333333333331,3320.0,1994,8,13,0.0,无,8.3,17.8,2.4,0.73,0.23,686.6,687.6,685.0,6.2,,,无
1994-08-14,52645.0,青海,野牛沟,38.41666666666666,99.58333333333331,3320.0,1994,8,14,0.0,无,9.7,18.8,0.9,0.6,0.33,685.7,687.4,683.6,6.2,,,无
1994-08-15,52645.0,青海,野牛沟,38.41666666666666,99.58333333333331,3320.0,1994,8,15,0.1,normal,9.4,17.9,0.3,0.66,0.42,684.6,686.1,682.6,6.7,,5.905641471659258,Rain
1994-08-16,52645.0,青海,野牛沟,38.41666666666666,99.58333333333331,3320.0,1994,8,16,0.0,无,8.1,17.5,-0.4,0.7,0.45,684.1,685.3,682.5,4.8,,,无
1994-08-17,52645.0,青海,野牛沟,38.41666666666666,99.58333333333331,3320.0,1994,8,17,0.0,无,9.7,20.1,0.4,0.68,0.32,684.4,686.5,682.6,6.7,,,无
1994-08-18,52645.0,青海,野牛沟,38.41666666666666,99.58333333333331,3320.0,1994,8,18,0.0,无,10.6,21.0,2.3,0.7,0.38,682.9,683.9,681.6,7.0,,,无
1994-08-19,52645.0,青海,野牛沟,38.41666666666666,99.58333333333331,3320.0,1994,8,19,24.8,normal,6.9,12.7,5.2,0.9,0.66,685.5,686.8,683.4,1.8,,5.992160773100559,Rain
1994-08-20,52645.0,青海,野牛沟,38.41666666666666,99.58333333333331,3320.0,1994,8,20,6.1,normal,7.9,15.6,1.8,0.76,0.36,687.1,688.2,685.5,5.4,,5.597234265321327,Rain
1994-08-21,52645.0,青海,野牛沟,38.41666666666666,99.58333333333331,3320.0,1994,8,21,0.0,无,8.5,19.0,0.3,0.71,0.11,686.2,687.7,684.6,5.5,,,无
1994-08-22,52645.0,青海,野牛沟,38.41666666666666,99.58333333333331,3320.0,1994,8,22,0.1,normal,8.0,17.3,1.2,0.73,0.25,686.1,687.8,684.1,5.2,,5.385689225431727,Rain
1994-08-23,52645.0,青海,野牛沟,38.41666666666666,99.58333333333331,3320.0,1994,8,23,9.8,normal,7.7,16.4,1.6,0.7,0.19,687.4,688.5,685.5,6.6,,4.811784334395477,Rain
1994-08-24,52645.0,青海,野牛沟,38.41666666666666,99.58333333333331,3320.0,1994,8,24,0.0,无,6.6,18.2,-0.6,0.76,0.27,685.0,686.7,682.2,4.8,,,无
1994-08-25,52645.0,青海,野牛沟,38.41666666666666,99.58333333333331,3320.0,1994,8,25,0.0,无,7.3,15.8,1.6,0.79,0.23,684.3,686.0,682.1,5.0,,,无
1994-08-26,52645.0,青海,野牛沟,38.41666666666666,99.58333333333331,3320.0,1994,8,26,0.2,normal,8.0,19.2,-0.6,0.74,0.19,683.3,684.5,681.0,5.4,,5.482582489094248,Rain
1994-08-27,52645.0,青海,野牛沟,38.41666666666666,99.58333333333331,3320.0,1994,8,27,0.0,无,9.4,18.1,1.3,0.71,0.09,684.4,685.7,682.5,5.7,,,无
1994-08-28,52645.0,青海,野牛沟,38.41666666666666,99.58333333333331,3320.0,1994,8,28,0.0,无,9.6,21.0,-0.2,0.7,0.23,683.5,684.8,681.6,6.5,,,无
1994-08-29,52645.0,青海,野牛沟,38.41666666666666,99.58333333333331,3320.0,1994,8,29,0.6,normal,9.7,15.5,6.0,0.77,0.39,684.3,685.5,682.4,3.9,,7.361917719675746,Rain
1994-08-30,52645.0,青海,野牛沟,38.41666666666666,99.58333333333331,3320.0,1994,8,30,0.0,无,8.9,18.2,0.6,0.77,0.31,684.2,685.4,683.3,5.5,,,无
1994-08-31,52645.0,青海,野牛沟,38.41666666666666,99.58333333333331,3320.0,1994,8,31,0.0,无,9.5,18.0,1.3,0.69,0.44,684.5,685.8,682.3,6.0,,,无
1994-09-01,52645.0,青海,野牛沟,38.41666666666666,99.58333333333331,3320.0,1994,9,1,0.0,无,10.9,22.7,0.9,0.7,0.32,683.3,684.6,681.0,7.5,,,无
1994-09-02,52645.0,青海,野牛沟,38.41666666666666,99.58333333333331,3320.0,1994,9,2,8.3,normal,10.0,20.3,3.7,0.81,0.46,683.7,685.3,680.0,5.2,,8.064512604466266,Rain
1994-09-03,52645.0,青海,野牛沟,38.41666666666666,99.58333333333331,3320.0,1994,9,3,7.1,normal,8.6,15.7,4.0,0.74,0.39,685.1,686.9,683.9,4.6,,6.0351966333036655,Rain
1994-09-04,52645.0,青海,野牛沟,38.41666666666666,99.58333333333331,3320.0,1994,9,4,0.0,无,7.4,15.5,0.6,0.68,0.23,685.2,686.9,682.8,6.4,,,无
1994-09-05,52645.0,青海,野牛沟,38.41666666666666,99.58333333333331,3320.0,1994,9,5,0.0,无,6.4,18.2,-3.9,0.61,0.21,683.6,685.5,680.6,5.3,,,无
1994-09-06,52645.0,青海,野牛沟,38.41666666666666,99.58333333333331,3320.0,1994,9,6,0.4,normal,5.7,14.5,-0.6,0.78,0.24,681.2,682.0,679.2,3.2,,3.7415024309299527,Rain
1994-09-07,52645.0,青海,野牛沟,38.41666666666666,99.58333333333331,3320.0,1994,9,7,3.3,normal,7.5,18.4,1.0,0.8,0.46,681.6,682.3,679.2,4.0,,5.612857374833742,Rain
1994-09-08,52645.0,青海,野牛沟,38.41666666666666,99.58333333333331,3320.0,1994,9,8,1.2,normal,7.8,12.1,5.8,0.77,0.64,685.3,685.9,682.3,2.8,,5.601856591496923,Rain
1994-09-09,52645.0,青海,野牛沟,38.41666666666666,99.58333333333331,3320.0,1994,9,9,0.3,normal,5.2,9.6,2.1,0.75,0.48,686.0,687.0,684.3,3.1,,3.0108975321836207,Rain
1994-09-10,52645.0,青海,野牛沟,38.41666666666666,99.58333333333331,3320.0,1994,9,10,0.1,normal,5.2,11.4,0.5,0.69,0.45,685.8,687.2,684.3,3.8,,2.4606793121019654,Rain
1994-09-11,52645.0,青海,野牛沟,38.41666666666666,99.58333333333331,3320.0,1994,9,11,0.2,normal,5.8,12.9,1.7,0.72,0.49,686.0,687.4,684.6,2.6,,3.2831535894362185,Rain
1994-09-12,52645.0,青海,野牛沟,38.41666666666666,99.58333333333331,3320.0,1994,9,12,0.0,无,7.5,15.3,2.3,0.68,0.35,684.9,686.8,682.2,5.1,,,无
1994-09-13,52645.0,青海,野牛沟,38.41666666666666,99.58333333333331,3320.0,1994,9,13,5.1,normal,8.0,15.8,3.2,0.79,0.42,682.7,684.7,679.6,5.1,,5.983479054161767,Rain
1994-09-14,52645.0,青海,野牛沟,38.41666666666666,99.58333333333331,3320.0,1994,9,14,8.6,normal,7.3,9.0,5.7,0.87,0.61,682.2,682.4,681.2,0.6,,6.095947492712557,Rain
1994-09-15,52645.0,青海,野牛沟,38.41666666666666,99.58333333333331,3320.0,1994,9,15,2.5,normal,4.8,8.0,3.6,0.86,0.59,685.2,686.7,682.4,0.6,,3.6103229994106956,Snow
1994-09-16,52645.0,青海,野牛沟,38.41666666666666,99.58333333333331,3320.0,1994,9,16,0.0,无,5.9,13.1,0.0,0.71,0.36,686.2,687.8,683.8,3.6,,,无
1994-09-17,52645.0,青海,野牛沟,38.41666666666666,99.58333333333331,3320.0,1994,9,17,0.0,无,6.4,14.3,0.4,0.67,0.45,682.4,684.4,680.1,4.4,,,无
1994-09-18,52645.0,青海,野牛沟,38.41666666666666,99.58333333333331,3320.0,1994,9,18,0.0,无,4.9,12.3,-1.3,0.74,0.53,680.1,683.1,677.6,3.5,,,无
1994-09-19,52645.0,青海,野牛沟,38.41666666666666,99.58333333333331,3320.0,1994,9,19,0.0,无,5.8,11.3,3.1,0.75,0.54,678.8,679.8,677.0,2.4,,,无
1994-09-20,52645.0,青海,野牛沟,38.41666666666666,99.58333333333331,3320.0,1994,9,20,0.0,无,3.2,10.8,-2.9,0.66,0.37,682.1,683.0,679.8,3.7,,,无
1994-09-21,52645.0,青海,野牛沟,38.41666666666666,99.58333333333331,3320.0,1994,9,21,0.0,无,2.6,13.9,-6.2,0.64,0.17,684.4,686.0,681.9,4.0,,,无
1994-09-22,52645.0,青海,野牛沟,38.41666666666666,99.58333333333331,3320.0,1994,9,22,0.0,无,4.3,14.2,-3.1,0.59,0.32,684.3,685.7,682.2,4.1,,,无
1994-09-23,52645.0,青海,野牛沟,38.41666666666666,99.58333333333331,3320.0,1994,9,23,1.7,normal,5.4,14.4,1.8,0.82,0.42,684.0,685.3,680.6,4.0,,3.826950276693375,Rain
1994-09-24,52645.0,青海,野牛沟,38.41666666666666,99.58333333333331,3320.0,1994,9,24,2.4,normal,3.1,8.2,1.0,0.81,0.52,686.0,686.8,683.2,1.1,,1.5743783735531425,Snow
1994-09-25,52645.0,青海,野牛沟,38.41666666666666,99.58333333333331,3320.0,1994,9,25,0.2,normal,1.0,6.4,-3.0,0.81,0.64,686.8,687.8,684.6,1.3,,-0.4030319255718551,Snow
1994-09-26,52645.0,青海,野牛沟,38.41666666666666,99.58333333333331,3320.0,1994,9,26,0.1,normal,0.3,4.3,-2.0,0.78,0.53,685.6,686.9,683.7,1.1,,-1.2847929456852603,Snow
1994-09-27,52645.0,青海,野牛沟,38.41666666666666,99.58333333333331,3320.0,1994,9,27,0.0,无,-0.9,8.4,-8.0,0.68,0.19,686.9,688.0,685.1,3.6,,,无
1994-09-28,52645.0,青海,野牛沟,38.41666666666666,99.58333333333331,3320.0,1994,9,28,0.0,无,-0.5,9.2,-8.9,0.67,0.31,688.0,689.6,686.1,3.4,,,无
1994-09-29,52645.0,青海,野牛沟,38.41666666666666,99.58333333333331,3320.0,1994,9,29,0.0,无,-0.1,11.0,-8.5,0.64,0.19,686.7,688.2,684.2,3.6,,,无
1994-09-30,52645.0,青海,野牛沟,38.41666666666666,99.58333333333331,3320.0,1994,9,30,0.0,无,1.0,10.2,-5.6,0.6,0.27,685.6,686.4,683.8,3.5,,,无
1994-10-01,52645.0,青海,野牛沟,38.41666666666666,99.58333333333331,3320.0,1994,10,1,0.0,无,-0.8,7.8,-7.9,0.56,0.24,687.2,688.6,685.1,3.5,,,无
1994-10-02,52645.0,青海,野牛沟,38.41666666666666,99.58333333333331,3320.0,1994,10,2,0.0,无,-1.9,8.5,-8.9,0.59,0.12,684.5,686.8,681.9,3.5,,,无
1994-10-03,52645.0,青海,野牛沟,38.41666666666666,99.58333333333331,3320.0,1994,10,3,0.0,无,-1.5,8.5,-9.5,0.58,0.22,684.7,686.1,682.1,2.0,,,无
1994-10-04,52645.0,青海,野牛沟,38.41666666666666,99.58333333333331,3320.0,1994,10,4,0.0,无,-1.1,9.4,-10.0,0.48,0.13,684.8,686.0,682.3,3.4,,,无
1994-10-05,52645.0,青海,野牛沟,38.41666666666666,99.58333333333331,3320.0,1994,10,5,0.0,无,-1.6,8.9,-10.6,0.54,0.18,684.8,686.2,682.2,3.1,,,无
1994-10-06,52645.0,青海,野牛沟,38.41666666666666,99.58333333333331,3320.0,1994,10,6,0.0,无,-0.6,10.8,-10.2,0.51,0.13,683.2,684.6,680.5,3.5,,,无
1994-10-07,52645.0,青海,野牛沟,38.41666666666666,99.58333333333331,3320.0,1994,10,7,0.0,无,0.2,8.3,-3.6,0.71,0.38,682.8,683.8,681.2,2.2,,,无
1994-10-08,52645.0,青海,野牛沟,38.41666666666666,99.58333333333331,3320.0,1994,10,8,0.7,normal,1.3,7.6,-3.0,0.7,0.32,684.5,685.9,683.3,2.0,,-0.9756796181844729,Snow
1994-10-09,52645.0,青海,野牛沟,38.41666666666666,99.58333333333331,3320.0,1994,10,9,0.0,无,3.2,9.1,-0.8,0.7,0.34,684.2,685.7,682.5,2.7,,,无
1994-10-10,52645.0,青海,野牛沟,38.41666666666666,99.58333333333331,3320.0,1994,10,10,0.1,normal,0.3,7.6,-9.4,0.54,0.11,683.1,684.9,680.4,2.6,,-3.109681787828804,Snow
1994-10-11,52645.0,青海,野牛沟,38.41666666666666,99.58333333333331,3320.0,1994,10,11,0.0,无,-3.6,6.0,-11.8,0.48,0.11,682.9,684.9,680.3,3.5,,,无
1994-10-12,52645.0,青海,野牛沟,38.41666666666666,99.58333333333331,3320.0,1994,10,12,0.0,无,-3.4,6.4,-12.3,0.48,0.1,681.1,682.8,678.5,2.9,,,无
1994-10-13,52645.0,青海,野牛沟,38.41666666666666,99.58333333333331,3320.0,1994,10,13,0.0,无,-2.1,9.6,-10.7,0.56,0.19,679.1,680.8,676.1,3.0,,,无
1994-10-14,52645.0,青海,野牛沟,38.41666666666666,99.58333333333331,3320.0,1994,10,14,0.0,无,-2.7,9.8,-9.4,0.63,0.24,679.2,680.3,676.1,2.0,,,无
1994-10-15,52645.0,青海,野牛沟,38.41666666666666,99.58333333333331,3320.0,1994,10,15,0.0,无,-2.0,6.8,-9.0,0.63,0.29,680.4,681.2,677.4,1.3,,,无
1994-10-16,52645.0,青海,野牛沟,38.41666666666666,99.58333333333331,3320.0,1994,10,16,0.0,无,-2.5,4.4,-7.1,0.65,0.43,683.1,684.2,680.9,2.7,,,无
1994-10-17,52645.0,青海,野牛沟,38.41666666666666,99.58333333333331,3320.0,1994,10,17,0.9,normal,-3.8,-0.9,-5.2,0.84,0.55,684.3,685.8,682.6,0.2,,-4.755476006014425,Snow
1994-10-18,52645.0,青海,野牛沟,38.41666666666666,99.58333333333331,3320.0,1994,10,18,0.0,无,-6.5,-2.1,-12.1,0.54,0.18,685.6,688.0,683.7,2.5,,,无
1994-10-19,52645.0,青海,野牛沟,38.41666666666666,99.58333333333331,3320.0,1994,10,19,0.0,无,-8.8,0.8,-17.3,0.42,0.13,690.2,691.9,688.0,2.7,,,无
1994-10-20,52645.0,青海,野牛沟,38.41666666666666,99.58333333333331,3320.0,1994,10,20,0.0,无,-7.6,5.7,-17.7,0.53,0.08,689.9,692.0,686.8,1.7,,,无
1994-10-21,52645.0,青海,野牛沟,38.41666666666666,99.58333333333331,3320.0,1994,10,21,0.0,无,-4.8,7.8,-13.5,0.49,0.11,687.8,689.0,685.6,2.1,,,无
1994-10-22,52645.0,青海,野牛沟,38.41666666666666,99.58333333333331,3320.0,1994,10,22,0.0,无,-5.2,7.0,-14.8,0.46,0.09,687.6,689.7,684.4,2.3,,,无
1994-10-23,52645.0,青海,野牛沟,38.41666666666666,99.58333333333331,3320.0,1994,10,23,0.0,无,-5.8,7.1,-14.7,0.46,0.11,686.8,688.9,684.5,2.6,,,无
1994-10-24,52645.0,青海,野牛沟,38.41666666666666,99.58333333333331,3320.0,1994,10,24,0.0,无,-4.8,8.3,-14.4,0.48,0.13,685.5,687.6,682.7,2.3,,,无
1994-10-25,52645.0,青海,野牛沟,38.41666666666666,99.58333333333331,3320.0,1994,10,25,0.0,无,-3.9,10.5,-15.4,0.47,0.12,683.1,684.8,680.1,2.6,,,无
1994-10-26,52645.0,青海,野牛沟,38.41666666666666,99.58333333333331,3320.0,1994,10,26,0.0,无,-2.7,6.5,-9.9,0.46,0.26,680.5,682.3,677.2,2.3,,,无
1994-10-27,52645.0,青海,野牛沟,38.41666666666666,99.58333333333331,3320.0,1994,10,27,0.0,无,-7.1,2.0,-13.6,0.48,0.09,682.7,684.4,680.2,2.6,,,无
1994-10-28,52645.0,青海,野牛沟,38.41666666666666,99.58333333333331,3320.0,1994,10,28,0.0,无,-8.7,3.8,-17.7,0.48,0.11,683.9,685.3,681.4,1.5,,,无
1994-10-29,52645.0,青海,野牛沟,38.41666666666666,99.58333333333331,3320.0,1994,10,29,0.0,无,-7.8,3.4,-16.7,0.47,0.16,684.4,685.5,682.1,1.8,,,无
1994-10-30,52645.0,青海,野牛沟,38.41666666666666,99.58333333333331,3320.0,1994,10,30,0.0,无,-7.4,4.2,-16.4,0.47,0.21,685.1,686.5,683.1,1.6,,,无
1994-10-31,52645.0,青海,野牛沟,38.41666666666666,99.58333333333331,3320.0,1994,10,31,0.0,无,-7.5,3.3,-16.1,0.52,0.25,685.7,687.3,683.3,2.5,,,无
1994-11-01,52645.0,青海,野牛沟,38.41666666666666,99.58333333333331,3320.0,1994,11,1,0.0,无,-7.9,3.7,-16.0,0.51,0.13,687.9,690.1,685.7,2.6,,,无
1994-11-02,52645.0,青海,野牛沟,38.41666666666666,99.58333333333331,3320.0,1994,11,2,0.0,无,-8.1,5.7,-18.4,0.43,0.16,686.8,689.1,683.7,1.9,,,无
1994-11-03,52645.0,青海,野牛沟,38.41666666666666,99.58333333333331,3320.0,1994,11,3,1.6,normal,-8.4,2.4,-15.5,0.58,0.23,685.4,686.8,683.6,1.6,,-10.4140027922227,Snow
1994-11-04,52645.0,青海,野牛沟,38.41666666666666,99.58333333333331,3320.0,1994,11,4,0.0,无,-7.5,4.4,-13.9,0.66,0.17,687.3,688.9,685.2,0.6,,,无
1994-11-05,52645.0,青海,野牛沟,38.41666666666666,99.58333333333331,3320.0,1994,11,5,0.0,无,-7.7,6.3,-16.7,0.48,0.15,687.6,689.3,686.3,1.7,,,无
1994-11-06,52645.0,青海,野牛沟,38.41666666666666,99.58333333333331,3320.0,1994,11,6,0.0,无,-7.2,7.6,-16.5,0.48,0.12,687.5,688.9,686.0,1.9,,,无
1994-11-07,52645.0,青海,野牛沟,38.41666666666666,99.58333333333331,3320.0,1994,11,7,0.0,无,-7.4,8.3,-16.9,0.46,0.11,685.5,687.9,682.1,2.0,,,无
1994-11-08,52645.0,青海,野牛沟,38.41666666666666,99.58333333333331,3320.0,1994,11,8,0.0,无,-5.7,7.5,-16.1,0.45,0.12,684.1,685.6,682.2,2.2,,,无
1994-11-09,52645.0,青海,野牛沟,38.41666666666666,99.58333333333331,3320.0,1994,11,9,0.0,无,-5.4,8.5,-16.5,0.44,0.14,686.5,688.4,684.5,2.0,,,无
1994-11-10,52645.0,青海,野牛沟,38.41666666666666,99.58333333333331,3320.0,1994,11,10,0.0,无,-3.6,9.2,-13.8,0.47,0.14,685.3,687.0,683.1,3.3,,,无
1994-11-11,52645.0,青海,野牛沟,38.41666666666666,99.58333333333331,3320.0,1994,11,11,0.0,无,-4.5,8.5,-13.9,0.52,0.18,683.6,685.2,681.5,2.5,,,无
1994-11-12,52645.0,青海,野牛沟,38.41666666666666,99.58333333333331,3320.0,1994,11,12,0.0,无,-4.8,9.5,-15.9,0.49,0.21,681.3,683.7,678.2,2.3,,,无
1994-11-13,52645.0,青海,野牛沟,38.41666666666666,99.58333333333331,3320.0,1994,11,13,0.0,无,-5.3,6.7,-14.7,0.51,0.28,680.8,682.0,678.9,1.9,,,无
1994-11-14,52645.0,青海,野牛沟,38.41666666666666,99.58333333333331,3320.0,1994,11,14,0.0,无,-5.6,3.8,-15.2,0.6,0.37,682.7,684.4,680.8,1.6,,,无
1994-11-15,52645.0,青海,野牛沟,38.41666666666666,99.58333333333331,3320.0,1994,11,15,0.0,无,-4.2,4.1,-12.4,0.7,0.36,684.5,685.8,682.0,1.6,,,无
1994-11-16,52645.0,青海,野牛沟,38.41666666666666,99.58333333333331,3320.0,1994,11,16,2.5,normal,-8.7,-1.5,-11.0,0.75,0.41,686.1,687.2,685.1,0.7,,-9.86753132477316,Snow
1994-11-17,52645.0,青海,野牛沟,38.41666666666666,99.58333333333331,3320.0,1994,11,17,0.0,无,-13.0,1.1,-20.7,0.65,0.29,685.9,687.8,683.9,0.8,,,无
1994-11-18,52645.0,青海,野牛沟,38.41666666666666,99.58333333333331,3320.0,1994,11,18,0.0,无,-12.4,0.8,-20.7,0.6,0.27,684.9,686.8,683.0,1.2,,,无
1994-11-19,52645.0,青海,野牛沟,38.41666666666666,99.58333333333331,3320.0,1994,11,19,0.0,无,-11.3,0.8,-20.7,0.58,0.29,683.1,684.8,681.0,0.8,,,无
1994-11-20,52645.0,青海,野牛沟,38.41666666666666,99.58333333333331,3320.0,1994,11,20,0.0,无,-9.9,2.2,-18.8,0.53,0.2,684.1,685.7,682.0,1.2,,,无
1994-11-21,52645.0,青海,野牛沟,38.41666666666666,99.58333333333331,3320.0,1994,11,21,0.0,无,-10.2,1.4,-19.8,0.54,0.21,685.4,687.3,684.0,1.2,,,无
1994-11-22,52645.0,青海,野牛沟,38.41666666666666,99.58333333333331,3320.0,1994,11,22,0.0,无,-10.1,3.3,-19.2,0.53,0.21,684.4,686.5,682.6,1.3,,,无
1994-11-23,52645.0,青海,野牛沟,38.41666666666666,99.58333333333331,3320.0,1994,11,23,0.0,无,-10.6,5.2,-19.8,0.54,0.2,683.5,685.5,681.1,1.1,,,无
1994-11-24,52645.0,青海,野牛沟,38.41666666666666,99.58333333333331,3320.0,1994,11,24,0.0,无,-9.8,3.7,-19.0,0.52,0.19,682.5,684.5,680.4,1.6,,,无
1994-11-25,52645.0,青海,野牛沟,38.41666666666666,99.58333333333331,3320.0,1994,11,25,0.0,无,-10.2,4.0,-18.4,0.53,0.26,681.8,683.8,680.6,1.2,,,无
1994-11-26,52645.0,青海,野牛沟,38.41666666666666,99.58333333333331,3320.0,1994,11,26,0.0,无,-9.0,4.8,-18.0,0.58,0.29,680.0,682.0,677.1,1.0,,,无
1994-11-27,52645.0,青海,野牛沟,38.41666666666666,99.58333333333331,3320.0,1994,11,27,0.0,无,-6.1,4.7,-14.5,0.51,0.23,677.6,679.3,675.0,1.5,,,无
1994-11-28,52645.0,青海,野牛沟,38.41666666666666,99.58333333333331,3320.0,1994,11,28,0.0,无,-7.6,2.1,-13.9,0.64,0.37,678.4,679.3,676.6,1.6,,,无
1994-11-29,52645.0,青海,野牛沟,38.41666666666666,99.58333333333331,3320.0,1994,11,29,0.0,无,-11.0,-0.2,-18.9,0.61,0.25,678.8,679.9,677.2,1.0,,,无
1994-11-30,52645.0,青海,野牛沟,38.41666666666666,99.58333333333331,3320.0,1994,11,30,0.0,无,-12.2,-0.8,-20.4,0.5,0.21,680.7,682.1,678.4,1.1,,,无
1994-12-01,52645.0,青海,野牛沟,38.41666666666666,99.58333333333331,3320.0,1994,12,1,0.0,无,-14.4,-2.3,-22.6,0.43,0.13,682.9,684.2,681.1,1.0,,,无
1994-12-02,52645.0,青海,野牛沟,38.41666666666666,99.58333333333331,3320.0,1994,12,2,0.0,无,-15.1,-2.2,-23.2,0.49,0.26,681.1,683.0,678.2,1.0,,,无
1994-12-03,52645.0,青海,野牛沟,38.41666666666666,99.58333333333331,3320.0,1994,12,3,0.0,无,-14.8,-4.5,-22.9,0.5,0.25,681.8,683.4,679.3,1.0,,,无
1994-12-04,52645.0,青海,野牛沟,38.41666666666666,99.58333333333331,3320.0,1994,12,4,0.0,无,-15.5,-1.9,-24.0,0.52,0.18,683.9,685.6,682.1,1.2,,,无
1994-12-05,52645.0,青海,野牛沟,38.41666666666666,99.58333333333331,3320.0,1994,12,5,0.0,无,-13.4,1.1,-22.7,0.46,0.21,682.9,684.4,680.5,1.2,,,无
1994-12-06,52645.0,青海,野牛沟,38.41666666666666,99.58333333333331,3320.0,1994,12,6,0.0,无,-10.7,0.8,-20.3,0.45,0.18,678.9,681.3,675.7,1.5,,,无
1994-12-07,52645.0,青海,野牛沟,38.41666666666666,99.58333333333331,3320.0,1994,12,7,0.0,无,-8.3,2.7,-17.7,0.39,0.2,675.4,676.6,672.3,1.8,,,无
1994-12-08,52645.0,青海,野牛沟,38.41666666666666,99.58333333333331,3320.0,1994,12,8,0.0,无,-9.9,-0.2,-19.2,0.49,0.3,675.8,677.9,672.5,1.2,,,无
1994-12-09,52645.0,青海,野牛沟,38.41666666666666,99.58333333333331,3320.0,1994,12,9,0.0,无,-11.4,-2.5,-16.5,0.67,0.4,673.4,674.2,671.3,0.5,,,无
1994-12-10,52645.0,青海,野牛沟,38.41666666666666,99.58333333333331,3320.0,1994,12,10,0.0,无,-12.6,-8.1,-17.4,0.77,0.6,675.5,676.7,674.2,0.1,,,无
1994-12-11,52645.0,青海,野牛沟,38.41666666666666,99.58333333333331,3320.0,1994,12,11,0.1,normal,-14.7,-9.5,-19.2,0.78,0.62,677.5,678.9,676.7,0.3,,-15.42516241183716,Snow
1994-12-12,52645.0,青海,野牛沟,38.41666666666666,99.58333333333331,3320.0,1994,12,12,0.0,无,-17.7,-9.6,-23.4,0.67,0.39,679.3,680.7,678.0,0.6,,,无
1994-12-13,52645.0,青海,野牛沟,38.41666666666666,99.58333333333331,3320.0,1994,12,13,0.0,无,-19.6,-6.7,-28.9,0.52,0.2,677.6,680.5,675.5,0.7,,,无
1994-12-14,52645.0,青海,野牛沟,38.41666666666666,99.58333333333331,3320.0,1994,12,14,0.0,无,-17.4,-3.8,-26.8,0.49,0.18,679.3,681.0,677.6,1.0,,,无
1994-12-15,52645.0,青海,野牛沟,38.41666666666666,99.58333333333331,3320.0,1994,12,15,0.0,无,-15.8,-4.0,-25.4,0.46,0.21,679.2,680.3,677.2,0.8,,,无
1994-12-16,52645.0,青海,野牛沟,38.41666666666666,99.58333333333331,3320.0,1994,12,16,0.0,无,-14.0,-5.1,-21.5,0.42,0.25,681.3,682.6,679.6,0.9,,,无
1994-12-17,52645.0,青海,野牛沟,38.41666666666666,99.58333333333331,3320.0,1994,12,17,0.0,无,-13.9,-4.3,-24.9,0.49,0.27,682.1,684.2,679.9,1.0,,,无
1994-12-18,52645.0,青海,野牛沟,38.41666666666666,99.58333333333331,3320.0,1994,12,18,0.5,normal,-12.0,-6.4,-16.3,0.64,0.29,681.5,682.0,680.8,,,-13.403656998660495,Snow
1994-12-19,52645.0,青海,野牛沟,38.41666666666666,99.58333333333331,3320.0,1994,12,19,0.0,无,-11.0,-6.2,-15.8,0.32,0.25,681.4,685.1,679.4,2.9,,,无
1994-12-20,52645.0,青海,野牛沟,38.41666666666666,99.58333333333331,3320.0,1994,12,20,0.0,无,-19.9,-5.9,-29.4,0.5,0.2,687.1,689.1,684.2,0.8,,,无
1994-12-21,52645.0,青海,野牛沟,38.41666666666666,99.58333333333331,3320.0,1994,12,21,0.0,无,-18.8,-5.1,-27.8,0.5,0.22,681.9,685.3,678.6,1.0,,,无
1994-12-22,52645.0,青海,野牛沟,38.41666666666666,99.58333333333331,3320.0,1994,12,22,0.0,无,-16.4,-0.7,-26.2,0.48,0.16,679.7,681.9,676.6,0.8,,,无
1994-12-23,52645.0,青海,野牛沟,38.41666666666666,99.58333333333331,3320.0,1994,12,23,0.0,无,-14.9,-0.3,-24.3,0.39,0.12,678.4,680.2,676.8,1.1,,,无
1994-12-24,52645.0,青海,野牛沟,38.41666666666666,99.58333333333331,3320.0,1994,12,24,0.0,无,-15.8,-2.8,-23.0,0.47,0.17,677.8,679.3,675.4,0.8,,,无
1994-12-25,52645.0,青海,野牛沟,38.41666666666666,99.58333333333331,3320.0,1994,12,25,0.0,无,-15.7,-1.4,-24.4,0.46,0.21,677.4,678.8,675.2,0.7,,,无
1994-12-26,52645.0,青海,野牛沟,38.41666666666666,99.58333333333331,3320.0,1994,12,26,0.0,无,-12.6,-2.4,-20.1,0.43,0.25,677.9,679.1,675.7,1.4,,,无
1994-12-27,52645.0,青海,野牛沟,38.41666666666666,99.58333333333331,3320.0,1994,12,27,0.0,无,-15.0,-2.9,-24.2,0.37,0.15,680.5,681.7,678.4,1.1,,,无
1994-12-28,52645.0,青海,野牛沟,38.41666666666666,99.58333333333331,3320.0,1994,12,28,0.0,无,-15.3,-4.1,-24.1,0.47,0.21,679.6,681.7,677.4,0.8,,,无
1994-12-29,52645.0,青海,野牛沟,38.41666666666666,99.58333333333331,3320.0,1994,12,29,0.0,无,-15.2,-4.7,-23.8,0.47,0.23,676.4,678.5,673.8,0.9,,,无
1994-12-30,52645.0,青海,野牛沟,38.41666666666666,99.58333333333331,3320.0,1994,12,30,0.0,无,-16.2,-5.7,-24.7,0.71,0.37,678.5,680.9,675.8,0.8,,,无
1994-12-31,52645.0,青海,野牛沟,38.41666666666666,99.58333333333331,3320.0,1994,12,31,0.0,无,-17.3,-10.3,-24.4,0.67,0.58,677.7,679.3,676.1,0.6,,,无
1995-01-01,52645.0,青海,野牛沟,38.41666666666666,99.58333333333331,3320.0,1995,1,1,0.8,normal,-16.4,-12.1,-21.2,0.85,0.65,678.6,679.8,677.3,0.0,,-16.841294996882127,Snow
1995-01-02,52645.0,青海,野牛沟,38.41666666666666,99.58333333333331,3320.0,1995,1,2,0.0,无,-21.5,-13.3,-28.4,0.76,0.53,678.9,680.6,677.3,0.6,,,无
1995-01-03,52645.0,青海,野牛沟,38.41666666666666,99.58333333333331,3320.0,1995,1,3,0.0,无,-23.2,-11.6,-30.1,0.7,0.43,680.3,681.3,678.3,0.4,,,无
1995-01-04,52645.0,青海,野牛沟,38.41666666666666,99.58333333333331,3320.0,1995,1,4,0.0,无,-22.9,-11.3,-30.7,0.65,0.36,683.2,685.7,681.3,0.6,,,无
1995-01-05,52645.0,青海,野牛沟,38.41666666666666,99.58333333333331,3320.0,1995,1,5,0.0,无,-22.4,-9.1,-30.7,0.64,0.34,682.6,684.3,680.7,0.7,,,无
1995-01-06,52645.0,青海,野牛沟,38.41666666666666,99.58333333333331,3320.0,1995,1,6,0.0,无,-22.1,-9.1,-30.3,0.62,0.33,680.2,682.9,677.3,0.7,,,无
1995-01-07,52645.0,青海,野牛沟,38.41666666666666,99.58333333333331,3320.0,1995,1,7,0.0,无,-19.5,-3.3,-28.9,0.57,0.24,679.5,681.9,677.9,0.6,,,无
1995-01-08,52645.0,青海,野牛沟,38.41666666666666,99.58333333333331,3320.0,1995,1,8,0.0,无,-15.8,-0.1,-25.0,0.52,0.22,678.6,680.5,675.7,1.3,,,无
1995-01-09,52645.0,青海,野牛沟,38.41666666666666,99.58333333333331,3320.0,1995,1,9,0.0,无,-16.5,-7.2,-22.8,0.63,0.25,676.2,678.8,673.8,0.7,,,无
1995-01-10,52645.0,青海,野牛沟,38.41666666666666,99.58333333333331,3320.0,1995,1,10,0.0,无,-15.1,-5.5,-24.2,0.63,0.43,675.0,676.5,672.2,0.7,,,无
1995-01-11,52645.0,青海,野牛沟,38.41666666666666,99.58333333333331,3320.0,1995,1,11,0.0,无,-17.1,-6.1,-26.9,0.57,0.23,676.6,678.0,674.3,0.9,,,无
1995-01-12,52645.0,青海,野牛沟,38.41666666666666,99.58333333333331,3320.0,1995,1,12,0.0,无,-18.3,-5.3,-27.8,0.45,0.2,678.1,680.0,675.2,1.1,,,无
1995-01-13,52645.0,青海,野牛沟,38.41666666666666,99.58333333333331,3320.0,1995,1,13,0.0,无,-17.7,-6.5,-27.0,0.52,0.28,676.2,678.3,674.2,0.7,,,无
1995-01-14,52645.0,青海,野牛沟,38.41666666666666,99.58333333333331,3320.0,1995,1,14,0.0,无,-16.2,-4.3,-26.2,0.51,0.22,676.2,677.7,674.6,1.0,,,无
1995-01-15,52645.0,青海,野牛沟,38.41666666666666,99.58333333333331,3320.0,1995,1,15,0.0,无,-15.3,-2.9,-24.7,0.45,0.17,678.9,680.9,676.9,1.2,,,无
1995-01-16,52645.0,青海,野牛沟,38.41666666666666,99.58333333333331,3320.0,1995,1,16,0.0,无,-16.5,-6.2,-25.1,0.47,0.22,679.7,680.9,677.9,0.8,,,无
1995-01-17,52645.0,青海,野牛沟,38.41666666666666,99.58333333333331,3320.0,1995,1,17,0.0,无,-11.6,-0.1,-21.5,0.57,0.29,677.7,679.8,675.2,1.1,,,无
1995-01-18,52645.0,青海,野牛沟,38.41666666666666,99.58333333333331,3320.0,1995,1,18,0.5,normal,-13.2,-6.9,-17.6,0.76,0.35,676.1,677.5,675.0,0.3,,-14.070945444878436,Snow
1995-01-19,52645.0,青海,野牛沟,38.41666666666666,99.58333333333331,3320.0,1995,1,19,0.0,无,-14.9,-4.9,-23.9,0.67,0.32,672.9,678.5,669.8,0.5,,,无
1995-01-20,52645.0,青海,野牛沟,38.41666666666666,99.58333333333331,3320.0,1995,1,20,0.0,无,-16.3,-9.0,-23.2,0.66,0.42,669.8,671.0,667.7,0.7,,,无
1995-01-21,52645.0,青海,野牛沟,38.41666666666666,99.58333333333331,3320.0,1995,1,21,1.9,normal,-18.0,-12.5,-21.0,0.81,0.61,671.0,672.1,669.4,0.4,,-18.506574293675044,Snow
1995-01-22,52645.0,青海,野牛沟,38.41666666666666,99.58333333333331,3320.0,1995,1,22,0.1,normal,-21.6,-15.2,-29.6,0.78,0.52,674.5,676.5,671.7,0.5,,-22.05154908008913,Snow
1995-01-23,52645.0,青海,野牛沟,38.41666666666666,99.58333333333331,3320.0,1995,1,23,0.0,无,-22.4,-13.2,-30.7,0.65,0.39,676.0,677.8,673.7,0.7,,,无
1995-01-24,52645.0,青海,野牛沟,38.41666666666666,99.58333333333331,3320.0,1995,1,24,0.0,无,-23.3,-9.2,-32.4,0.65,0.3,675.8,677.3,673.8,0.5,,,无
1995-01-25,52645.0,青海,野牛沟,38.41666666666666,99.58333333333331,3320.0,1995,1,25,0.0,无,-22.1,-8.5,-31.5,0.61,0.27,678.0,680.0,675.8,0.8,,,无
1995-01-26,52645.0,青海,野牛沟,38.41666666666666,99.58333333333331,3320.0,1995,1,26,0.0,无,-20.9,-5.6,-30.8,0.58,0.25,677.5,678.9,675.4,0.7,,,无
1995-01-27,52645.0,青海,野牛沟,38.41666666666666,99.58333333333331,3320.0,1995,1,27,0.0,无,-16.6,-4.9,-25.2,0.52,0.3,678.4,679.5,677.2,0.9,,,无
1995-01-28,52645.0,青海,野牛沟,38.41666666666666,99.58333333333331,3320.0,1995,1,28,0.0,无,-16.3,-3.8,-25.2,0.57,0.3,679.1,679.8,676.9,1.3,,,无
1995-01-29,52645.0,青海,野牛沟,38.41666666666666,99.58333333333331,3320.0,1995,1,29,0.0,无,-18.3,-5.0,-27.9,0.56,0.2,679.7,681.1,676.9,0.8,,,无
1995-01-30,52645.0,青海,野牛沟,38.41666666666666,99.58333333333331,3320.0,1995,1,30,0.0,无,-17.8,-4.2,-27.4,0.43,0.2,681.1,682.6,678.8,0.7,,,无
1995-01-31,52645.0,青海,野牛沟,38.41666666666666,99.58333333333331,3320.0,1995,1,31,0.0,无,-16.8,-10.1,-21.6,0.56,0.24,681.3,682.2,679.9,0.8,,,无
1995-02-01,52645.0,青海,野牛沟,38.41666666666666,99.58333333333331,3320.0,1995,2,1,0.2,normal,-19.6,-10.2,-27.7,0.61,0.35,681.2,682.6,680.1,0.8,,-20.521401279190556,Snow
1995-02-02,52645.0,青海,野牛沟,38.41666666666666,99.58333333333331,3320.0,1995,2,2,0.0,无,-22.4,-13.1,-31.1,0.57,0.39,679.3,681.6,677.3,0.8,,,无
1995-02-03,52645.0,青海,野牛沟,38.41666666666666,99.58333333333331,3320.0,1995,2,3,0.0,无,-22.2,-9.1,-32.2,0.51,0.19,682.1,682.9,680.5,0.9,,,无
1995-02-04,52645.0,青海,野牛沟,38.41666666666666,99.58333333333331,3320.0,1995,2,4,0.0,无,-20.3,-5.6,-30.8,0.4,0.15,682.6,684.2,681.4,1.1,,,无
1995-02-05,52645.0,青海,野牛沟,38.41666666666666,99.58333333333331,3320.0,1995,2,5,0.0,无,-18.3,-3.2,-28.7,0.44,0.18,681.8,683.5,679.6,1.0,,,无
1995-02-06,52645.0,青海,野牛沟,38.41666666666666,99.58333333333331,3320.0,1995,2,6,0.0,无,-15.0,-2.7,-26.4,0.44,0.15,680.5,682.5,677.8,1.1,,,无
1995-02-07,52645.0,青海,野牛沟,38.41666666666666,99.58333333333331,3320.0,1995,2,7,0.0,无,-12.2,-1.7,-22.0,0.33,0.12,675.6,678.7,672.2,1.6,,,无
1995-02-08,52645.0,青海,野牛沟,38.41666666666666,99.58333333333331,3320.0,1995,2,8,0.0,无,-14.5,-1.4,-25.2,0.33,0.06,676.9,678.8,673.0,1.5,,,无
1995-02-09,52645.0,青海,野牛沟,38.41666666666666,99.58333333333331,3320.0,1995,2,9,0.0,无,-13.7,-0.5,-23.5,0.34,0.06,677.4,679.2,675.1,1.3,,,无
1995-02-10,52645.0,青海,野牛沟,38.41666666666666,99.58333333333331,3320.0,1995,2,10,0.6,normal,-12.1,-1.8,-22.7,0.58,0.17,677.6,679.4,675.3,1.1,,-13.738255835476952,Snow
1995-02-11,52645.0,青海,野牛沟,38.41666666666666,99.58333333333331,3320.0,1995,2,11,1.0,normal,-15.1,-3.7,-22.8,0.67,0.36,676.4,677.8,674.5,0.3,,-16.164799469943752,Snow
1995-02-12,52645.0,青海,野牛沟,38.41666666666666,99.58333333333331,3320.0,1995,2,12,0.0,无,-15.5,-1.4,-24.3,0.62,0.24,677.3,678.0,675.4,0.9,,,无
1995-02-13,52645.0,青海,野牛沟,38.41666666666666,99.58333333333331,3320.0,1995,2,13,0.0,无,-14.4,1.4,-24.9,0.48,0.13,679.7,681.5,676.7,0.9,,,无
1995-02-14,52645.0,青海,野牛沟,38.41666666666666,99.58333333333331,3320.0,1995,2,14,0.0,无,-13.0,-2.0,-20.8,0.52,0.21,677.9,679.4,676.2,1.3,,,无
1995-02-15,52645.0,青海,野牛沟,38.41666666666666,99.58333333333331,3320.0,1995,2,15,0.0,无,-14.0,-1.0,-23.7,0.53,0.1,677.3,678.9,675.1,1.3,,,无
1995-02-16,52645.0,青海,野牛沟,38.41666666666666,99.58333333333331,3320.0,1995,2,16,0.0,无,-13.4,-1.0,-24.2,0.45,0.18,676.4,678.5,673.1,1.3,,,无
1995-02-17,52645.0,青海,野牛沟,38.41666666666666,99.58333333333331,3320.0,1995,2,17,0.0,无,-11.6,1.7,-22.1,0.43,0.16,673.2,675.3,670.2,1.4,,,无
1995-02-18,52645.0,青海,野牛沟,38.41666666666666,99.58333333333331,3320.0,1995,2,18,0.0,无,-11.0,0.1,-22.4,0.47,0.25,671.1,672.9,668.0,1.4,,,无
1995-02-19,52645.0,青海,野牛沟,38.41666666666666,99.58333333333331,3320.0,1995,2,19,0.2,normal,-7.4,-1.6,-13.0,0.59,0.25,671.3,672.4,669.7,1.5,,-9.503595618599757,Snow
1995-02-20,52645.0,青海,野牛沟,38.41666666666666,99.58333333333331,3320.0,1995,2,20,0.1,normal,-12.2,-2.3,-20.1,0.55,0.33,674.4,675.8,672.2,1.3,,-13.952636841065566,Snow
1995-02-21,52645.0,青海,野牛沟,38.41666666666666,99.58333333333331,3320.0,1995,2,21,0.2,normal,-13.7,-5.2,-20.0,0.6,0.39,675.6,676.7,673.8,1.1,,-15.115545148433199,Snow
1995-02-22,52645.0,青海,野牛沟,38.41666666666666,99.58333333333331,3320.0,1995,2,22,0.4,normal,-15.8,-8.6,-22.1,0.63,0.49,675.9,677.0,673.8,0.3,,-16.9423536583678,Snow
1995-02-23,52645.0,青海,野牛沟,38.41666666666666,99.58333333333331,3320.0,1995,2,23,1.2,normal,-16.6,-9.4,-25.7,0.59,0.33,676.7,679.1,674.5,0.6,,-17.800249718486796,Snow
1995-02-24,52645.0,青海,野牛沟,38.41666666666666,99.58333333333331,3320.0,1995,2,24,0.0,无,-18.5,-9.8,-26.7,0.43,0.17,678.9,681.0,676.3,1.0,,,无
1995-02-25,52645.0,青海,野牛沟,38.41666666666666,99.58333333333331,3320.0,1995,2,25,0.0,无,-19.6,-7.6,-29.3,0.43,0.16,677.6,679.6,674.9,1.2,,,无
1995-02-26,52645.0,青海,野牛沟,38.41666666666666,99.58333333333331,3320.0,1995,2,26,0.0,无,-18.0,-5.3,-27.6,0.38,0.14,676.5,677.4,675.4,1.6,,,无
1995-02-27,52645.0,青海,野牛沟,38.41666666666666,99.58333333333331,3320.0,1995,2,27,0.0,无,-15.6,-0.1,-27.3,0.31,0.1,677.3,679.9,672.9,1.6,,,无
1995-02-28,52645.0,青海,野牛沟,38.41666666666666,99.58333333333331,3320.0,1995,2,28,0.0,无,-14.0,-0.1,-25.2,0.36,0.09,672.2,673.7,670.4,2.0,,,无
1995-03-01,52645.0,青海,野牛沟,38.41666666666666,99.58333333333331,3320.0,1995,3,1,0.0,无,-14.3,-3.5,-23.2,0.37,0.11,674.1,676.3,670.8,1.3,,,无
1995-03-02,52645.0,青海,野牛沟,38.41666666666666,99.58333333333331,3320.0,1995,3,2,0.0,无,-15.7,-3.3,-25.0,0.37,0.08,681.2,683.4,676.3,1.6,,,无
1995-03-03,52645.0,青海,野牛沟,38.41666666666666,99.58333333333331,3320.0,1995,3,3,0.0,无,-14.9,-1.0,-26.3,0.26,0.1,682.5,684.8,680.7,1.8,,,无
1995-03-04,52645.0,青海,野牛沟,38.41666666666666,99.58333333333331,3320.0,1995,3,4,0.0,无,-12.5,0.2,-23.9,0.33,0.11,678.1,681.8,673.4,1.6,,,无
1995-03-05,52645.0,青海,野牛沟,38.41666666666666,99.58333333333331,3320.0,1995,3,5,0.1,normal,-11.6,-0.9,-22.2,0.42,0.08,678.1,680.6,675.0,1.9,,-13.945463943352859,Snow
1995-03-06,52645.0,青海,野牛沟,38.41666666666666,99.58333333333331,3320.0,1995,3,6,0.0,无,-11.6,1.4,-22.8,0.32,0.1,675.0,676.9,671.5,2.3,,,无
1995-03-07,52645.0,青海,野牛沟,38.41666666666666,99.58333333333331,3320.0,1995,3,7,0.0,无,-12.0,1.3,-21.6,0.35,0.15,675.1,677.0,672.0,1.9,,,无
1995-03-08,52645.0,青海,野牛沟,38.41666666666666,99.58333333333331,3320.0,1995,3,8,0.0,无,-13.7,-2.5,-20.7,0.36,0.11,676.0,679.1,672.6,1.9,,,无
1995-03-09,52645.0,青海,野牛沟,38.41666666666666,99.58333333333331,3320.0,1995,3,9,0.0,无,-15.9,-2.3,-27.3,0.27,0.05,678.2,681.9,673.9,2.0,,,无
1995-03-10,52645.0,青海,野牛沟,38.41666666666666,99.58333333333331,3320.0,1995,3,10,0.0,无,-14.8,-2.5,-25.0,0.18,0.06,675.2,679.2,671.7,2.7,,,无
1995-03-11,52645.0,青海,野牛沟,38.41666666666666,99.58333333333331,3320.0,1995,3,11,0.0,无,-14.6,-0.7,-26.6,0.19,0.06,678.4,680.6,674.5,2.9,,,无
1995-03-12,52645.0,青海,野牛沟,38.41666666666666,99.58333333333331,3320.0,1995,3,12,0.0,无,-12.5,-0.3,-24.4,0.23,0.08,675.9,678.2,672.3,2.5,,,无
1995-03-13,52645.0,青海,野牛沟,38.41666666666666,99.58333333333331,3320.0,1995,3,13,0.3,normal,-10.1,-2.0,-19.2,0.46,0.15,675.4,677.0,673.7,1.1,,-12.489611036000262,Snow
1995-03-14,52645.0,青海,野牛沟,38.41666666666666,99.58333333333331,3320.0,1995,3,14,0.0,无,-9.5,1.0,-20.1,0.31,0.06,673.5,675.6,672.0,2.4,,,无
1995-03-15,52645.0,青海,野牛沟,38.41666666666666,99.58333333333331,3320.0,1995,3,15,0.0,无,-4.3,-0.8,-8.9,0.17,0.07,671.8,673.3,669.5,4.0,,,无
1995-03-16,52645.0,青海,野牛沟,38.41666666666666,99.58333333333331,3320.0,1995,3,16,0.0,无,-11.5,-4.6,-19.0,0.3,0.08,677.9,680.5,670.0,3.5,,,无
1995-03-17,52645.0,青海,野牛沟,38.41666666666666,99.58333333333331,3320.0,1995,3,17,0.0,无,-13.8,-2.3,-25.7,0.21,0.07,682.8,683.5,680.5,2.9,,,无
1995-03-18,52645.0,青海,野牛沟,38.41666666666666,99.58333333333331,3320.0,1995,3,18,0.0,无,-11.4,3.5,-23.4,0.23,0.05,683.2,685.1,680.7,2.4,,,无
1995-03-19,52645.0,青海,野牛沟,38.41666666666666,99.58333333333331,3320.0,1995,3,19,0.0,无,-8.2,4.1,-18.6,0.21,0.07,680.7,681.5,679.7,3.4,,,无
1995-03-20,52645.0,青海,野牛沟,38.41666666666666,99.58333333333331,3320.0,1995,3,20,0.0,无,-7.1,7.3,-20.0,0.28,0.07,681.2,682.5,679.2,3.3,,,无
1995-03-21,52645.0,青海,野牛沟,38.41666666666666,99.58333333333331,3320.0,1995,3,21,0.0,无,-5.2,10.4,-18.2,0.23,0.04,680.3,681.6,678.3,4.6,,,无
1995-03-22,52645.0,青海,野牛沟,38.41666666666666,99.58333333333331,3320.0,1995,3,22,0.0,无,-4.6,8.5,-15.1,0.24,0.08,678.4,680.2,675.3,3.4,,,无
1995-03-23,52645.0,青海,野牛沟,38.41666666666666,99.58333333333331,3320.0,1995,3,23,2.3,normal,-6.0,-1.0,-7.7,0.59,0.23,678.6,680.4,677.0,0.7,,-8.24885985257669,Snow
1995-03-24,52645.0,青海,野牛沟,38.41666666666666,99.58333333333331,3320.0,1995,3,24,1.8,normal,-13.1,-6.5,-23.0,0.52,0.23,684.7,686.6,680.4,1.6,,-14.851099701733034,Snow
1995-03-25,52645.0,青海,野牛沟,38.41666666666666,99.58333333333331,3320.0,1995,3,25,0.0,无,-14.2,2.9,-26.8,0.41,0.16,683.9,688.0,677.6,2.1,,,无
1995-03-26,52645.0,青海,野牛沟,38.41666666666666,99.58333333333331,3320.0,1995,3,26,0.0,无,-4.0,10.2,-14.2,0.43,0.12,675.9,677.8,672.8,3.8,,,无
1995-03-27,52645.0,青海,野牛沟,38.41666666666666,99.58333333333331,3320.0,1995,3,27,0.5,normal,-2.8,7.2,-8.9,0.56,0.12,673.7,675.1,671.0,2.2,,-5.647843697993404,Snow
1995-03-28,52645.0,青海,野牛沟,38.41666666666666,99.58333333333331,3320.0,1995,3,28,0.5,normal,-3.3,6.8,-11.0,0.49,0.07,675.9,677.7,674.0,3.8,,-6.536177147952533,Snow
1995-03-29,52645.0,青海,野牛沟,38.41666666666666,99.58333333333331,3320.0,1995,3,29,0.0,无,-4.4,8.4,-13.6,0.44,0.07,675.4,676.5,672.7,4.3,,,无
1995-03-30,52645.0,青海,野牛沟,38.41666666666666,99.58333333333331,3320.0,1995,3,30,0.0,无,-5.7,1.0,-11.4,0.48,0.33,677.3,678.0,676.3,3.4,,,无
1995-03-31,52645.0,青海,野牛沟,38.41666666666666,99.58333333333331,3320.0,1995,3,31,0.0,无,-3.5,2.5,-7.9,0.55,0.27,677.0,678.2,675.4,2.4,,,无
1995-04-01,52645.0,青海,野牛沟,38.41666666666666,99.58333333333331,3320.0,1995,4,1,0.0,无,-2.6,3.9,-5.8,0.56,0.31,677.8,679.4,676.0,3.1,,,无
1995-04-02,52645.0,青海,野牛沟,38.41666666666666,99.58333333333331,3320.0,1995,4,2,0.6,normal,-4.0,0.8,-7.6,0.73,0.32,679.3,680.4,677.8,0.4,,-5.618381746492207,Snow
1995-04-03,52645.0,青海,野牛沟,38.41666666666666,99.58333333333331,3320.0,1995,4,3,0.4,normal,-4.2,2.8,-10.0,0.61,0.25,678.1,679.6,677.1,2.2,,-6.540040900561324,Snow
1995-04-04,52645.0,青海,野牛沟,38.41666666666666,99.58333333333331,3320.0,1995,4,4,0.6,normal,-4.3,1.3,-7.2,0.6,0.26,678.5,678.9,677.5,1.8,,-6.68930472582669,Snow
1995-04-05,52645.0,青海,野牛沟,38.41666666666666,99.58333333333331,3320.0,1995,4,5,0.2,normal,-6.4,-1.6,-11.3,0.56,0.25,683.1,685.9,678.6,2.0,,-8.758377679841928,Snow
1995-04-06,52645.0,青海,野牛沟,38.41666666666666,99.58333333333331,3320.0,1995,4,6,0.0,无,-6.6,3.8,-15.1,0.46,0.15,684.0,687.3,680.0,2.7,,,无
1995-04-07,52645.0,青海,野牛沟,38.41666666666666,99.58333333333331,3320.0,1995,4,7,0.0,无,-5.5,4.5,-13.7,0.46,0.1,678.7,680.8,675.8,4.0,,,无
1995-04-08,52645.0,青海,野牛沟,38.41666666666666,99.58333333333331,3320.0,1995,4,8,0.0,无,-6.6,-0.5,-12.2,0.49,0.19,678.6,678.8,677.0,2.1,,,无
1995-04-09,52645.0,青海,野牛沟,38.41666666666666,99.58333333333331,3320.0,1995,4,9,0.0,无,-4.8,4.7,-12.0,0.45,0.08,679.4,679.8,677.5,4.0,,,无
1995-04-10,52645.0,青海,野牛沟,38.41666666666666,99.58333333333331,3320.0,1995,4,10,0.0,无,-3.3,7.2,-13.1,0.25,0.05,681.8,683.7,679.7,6.5,,,无
1995-04-11,52645.0,青海,野牛沟,38.41666666666666,99.58333333333331,3320.0,1995,4,11,0.0,无,-1.9,11.4,-14.6,0.26,0.0,682.6,685.6,678.0,5.8,,,无
1995-04-12,52645.0,青海,野牛沟,38.41666666666666,99.58333333333331,3320.0,1995,4,12,0.0,无,-2.4,7.7,-12.2,0.3,0.01,677.2,679.0,674.9,5.5,,,无
1995-04-13,52645.0,青海,野牛沟,38.41666666666666,99.58333333333331,3320.0,1995,4,13,2.1,normal,-3.0,1.3,-6.5,0.72,0.18,677.0,678.3,675.7,2.6,,-4.764798236673955,Snow
1995-04-14,52645.0,青海,野牛沟,38.41666666666666,99.58333333333331,3320.0,1995,4,14,0.9,normal,-3.0,5.3,-8.3,0.6,0.08,675.3,676.3,673.5,1.7,,-5.5517496132735955,Snow
1995-04-15,52645.0,青海,野牛沟,38.41666666666666,99.58333333333331,3320.0,1995,4,15,0.5,normal,-6.8,-3.3,-10.1,0.68,0.35,678.2,680.1,676.1,1.2,,-8.474178674562896,Snow
1995-04-16,52645.0,青海,野牛沟,38.41666666666666,99.58333333333331,3320.0,1995,4,16,0.0,无,-8.1,1.4,-16.4,0.54,0.2,678.6,680.6,676.8,2.1,,,无
1995-04-17,52645.0,青海,野牛沟,38.41666666666666,99.58333333333331,3320.0,1995,4,17,0.9,normal,-4.2,1.8,-7.4,0.58,0.28,680.3,681.3,677.1,2.6,,-6.721126431699047,Snow
1995-04-18,52645.0,青海,野牛沟,38.41666666666666,99.58333333333331,3320.0,1995,4,18,0.1,normal,-2.9,4.3,-9.1,0.5,0.1,680.3,682.1,677.8,3.2,,-6.119339856242703,Snow
1995-04-19,52645.0,青海,野牛沟,38.41666666666666,99.58333333333331,3320.0,1995,4,19,0.0,无,-1.0,12.5,-12.4,0.41,0.06,676.3,678.9,672.4,4.8,,,无
1995-04-20,52645.0,青海,野牛沟,38.41666666666666,99.58333333333331,3320.0,1995,4,20,0.0,无,1.9,12.4,-4.4,0.48,0.07,673.5,674.2,673.0,4.5,,,无
1995-04-21,52645.0,青海,野牛沟,38.41666666666666,99.58333333333331,3320.0,1995,4,21,0.7,normal,-3.0,3.8,-6.9,0.61,0.37,674.6,678.1,672.2,1.2,,-5.487269745956307,Snow
1995-04-22,52645.0,青海,野牛沟,38.41666666666666,99.58333333333331,3320.0,1995,4,22,3.6,normal,-8.3,-4.2,-11.9,0.7,0.42,678.3,679.5,677.2,0.3,,-9.74684749759717,Snow
1995-04-23,52645.0,青海,野牛沟,38.41666666666666,99.58333333333331,3320.0,1995,4,23,0.1,normal,-8.0,3.3,-14.8,0.56,0.14,679.0,680.4,676.7,2.9,,-10.17287451774719,Snow
1995-04-24,52645.0,青海,野牛沟,38.41666666666666,99.58333333333331,3320.0,1995,4,24,1.2,normal,-4.6,-1.1,-9.0,0.51,0.27,681.1,682.4,677.5,2.0,,-7.496991629670977,Snow
1995-04-25,52645.0,青海,野牛沟,38.41666666666666,99.58333333333331,3320.0,1995,4,25,1.1,normal,-5.4,1.0,-10.2,0.72,0.33,678.7,681.8,676.1,1.3,,-6.9688392886402495,Snow
1995-04-26,52645.0,青海,野牛沟,38.41666666666666,99.58333333333331,3320.0,1995,4,26,0.2,normal,-2.5,4.5,-8.4,0.45,0.1,680.1,681.3,676.7,4.2,,-6.126959100061851,Snow
1995-04-27,52645.0,青海,野牛沟,38.41666666666666,99.58333333333331,3320.0,1995,4,27,0.0,无,-1.4,9.0,-11.4,0.37,0.03,681.9,684.3,679.0,4.9,,,无
1995-04-28,52645.0,青海,野牛沟,38.41666666666666,99.58333333333331,3320.0,1995,4,28,0.0,无,-0.2,9.6,-9.2,0.37,0.06,682.4,683.9,679.2,5.7,,,无
1995-04-29,52645.0,青海,野牛沟,38.41666666666666,99.58333333333331,3320.0,1995,4,29,0.0,无,-0.2,9.5,-9.5,0.39,0.04,682.9,684.1,680.9,6.1,,,无
1995-04-30,52645.0,青海,野牛沟,38.41666666666666,99.58333333333331,3320.0,1995,4,30,0.0,无,0.0,11.8,-9.9,0.44,0.01,679.2,682.0,675.6,6.7,,,无
1995-05-01,52645.0,青海,野牛沟,38.41666666666666,99.58333333333331,3320.0,1995,5,1,0.0,无,0.4,8.9,-7.8,0.38,0.09,680.5,681.9,676.7,6.4,,,无
1995-05-02,52645.0,青海,野牛沟,38.41666666666666,99.58333333333331,3320.0,1995,5,2,0.0,无,-0.6,11.9,-12.5,0.31,0.0,682.5,684.0,680.1,7.3,,,无
1995-05-03,52645.0,青海,野牛沟,38.41666666666666,99.58333333333331,3320.0,1995,5,3,0.0,无,-1.2,7.6,-10.5,0.41,0.05,685.0,685.7,681.2,6.9,,,无
1995-05-04,52645.0,青海,野牛沟,38.41666666666666,99.58333333333331,3320.0,1995,5,4,0.0,无,-0.5,11.4,-10.4,0.43,0.14,684.8,687.0,681.1,6.8,,,无
1995-05-05,52645.0,青海,野牛沟,38.41666666666666,99.58333333333331,3320.0,1995,5,5,0.0,无,2.6,9.8,-4.0,0.43,0.14,684.2,684.9,682.0,7.3,,,无
1995-05-06,52645.0,青海,野牛沟,38.41666666666666,99.58333333333331,3320.0,1995,5,6,0.0,无,1.6,11.8,-7.9,0.55,0.27,685.9,687.0,684.2,5.2,,,无
1995-05-07,52645.0,青海,野牛沟,38.41666666666666,99.58333333333331,3320.0,1995,5,7,0.0,无,3.6,14.8,-7.3,0.46,0.16,685.1,687.5,681.3,6.3,,,无
1995-05-08,52645.0,青海,野牛沟,38.41666666666666,99.58333333333331,3320.0,1995,5,8,0.0,无,4.4,13.3,-4.6,0.48,0.26,681.4,683.4,679.4,7.4,,,无
1995-05-09,52645.0,青海,野牛沟,38.41666666666666,99.58333333333331,3320.0,1995,5,9,0.0,无,3.3,12.3,-6.0,0.55,0.25,682.4,683.9,680.9,6.5,,,无
1995-05-10,52645.0,青海,野牛沟,38.41666666666666,99.58333333333331,3320.0,1995,5,10,0.0,无,5.9,19.3,-6.6,0.5,0.18,680.6,682.6,677.1,8.6,,,无
1995-05-11,52645.0,青海,野牛沟,38.41666666666666,99.58333333333331,3320.0,1995,5,11,0.0,无,6.9,17.4,-4.5,0.52,0.16,680.3,682.1,678.2,7.9,,,无
1995-05-12,52645.0,青海,野牛沟,38.41666666666666,99.58333333333331,3320.0,1995,5,12,0.0,无,7.1,16.0,-1.2,0.49,0.05,681.1,682.8,679.2,10.3,,,无
1995-05-13,52645.0,青海,野牛沟,38.41666666666666,99.58333333333331,3320.0,1995,5,13,0.0,无,2.2,8.5,-6.3,0.5,0.25,684.3,685.5,682.8,5.6,,,无
1995-05-14,52645.0,青海,野牛沟,38.41666666666666,99.58333333333331,3320.0,1995,5,14,0.0,无,2.4,11.2,-6.0,0.46,0.17,683.3,685.5,680.3,6.2,,,无
1995-05-15,52645.0,青海,野牛沟,38.41666666666666,99.58333333333331,3320.0,1995,5,15,0.0,无,1.0,10.7,-7.0,0.5,0.17,679.8,681.9,677.2,5.1,,,无
1995-05-16,52645.0,青海,野牛沟,38.41666666666666,99.58333333333331,3320.0,1995,5,16,0.1,normal,4.5,12.4,-1.9,0.53,0.17,678.2,680.0,677.2,6.9,,0.3353285565458419,Snow
1995-05-17,52645.0,青海,野牛沟,38.41666666666666,99.58333333333331,3320.0,1995,5,17,0.0,无,4.9,18.6,-7.9,0.36,0.09,675.2,679.2,671.1,9.5,,,无
1995-05-18,52645.0,青海,野牛沟,38.41666666666666,99.58333333333331,3320.0,1995,5,18,0.0,无,6.5,17.4,1.0,0.44,0.14,674.9,676.3,673.2,9.5,,,无
1995-05-19,52645.0,青海,野牛沟,38.41666666666666,99.58333333333331,3320.0,1995,5,19,0.0,无,1.4,7.6,-1.3,0.74,0.45,679.6,680.6,676.3,4.6,,,无
1995-05-20,52645.0,青海,野牛沟,38.41666666666666,99.58333333333331,3320.0,1995,5,20,4.2,normal,-2.3,2.3,-4.1,0.86,0.59,682.6,684.5,680.6,0.6,,-3.195588008893231,Snow
1995-05-21,52645.0,青海,野牛沟,38.41666666666666,99.58333333333331,3320.0,1995,5,21,1.0,normal,-2.6,11.9,-15.6,0.64,0.14,682.5,686.2,677.6,5.4,,-4.9175514453480895,Snow
1995-05-22,52645.0,青海,野牛沟,38.41666666666666,99.58333333333331,3320.0,1995,5,22,0.0,无,5.3,16.2,-5.0,0.45,0.14,676.7,677.9,674.5,7.9,,,无
1995-05-23,52645.0,青海,野牛沟,38.41666666666666,99.58333333333331,3320.0,1995,5,23,0.1,normal,4.6,15.0,-3.7,0.59,0.22,679.0,681.5,675.4,6.9,,0.9873510957532483,Rain
1995-05-24,52645.0,青海,野牛沟,38.41666666666666,99.58333333333331,3320.0,1995,5,24,0.0,无,4.7,12.6,0.4,0.67,0.33,682.9,684.4,681.3,4.5,,,无
1995-05-25,52645.0,青海,野牛沟,38.41666666666666,99.58333333333331,3320.0,1995,5,25,0.4,normal,5.3,13.2,-3.3,0.67,0.38,684.2,685.0,682.6,4.2,,2.3611698766939027,Rain
1995-05-26,52645.0,青海,野牛沟,38.41666666666666,99.58333333333331,3320.0,1995,5,26,0.0,无,6.9,16.7,-3.6,0.55,0.22,682.6,684.8,679.6,6.8,,,无
1995-05-27,52645.0,青海,野牛沟,38.41666666666666,99.58333333333331,3320.0,1995,5,27,1.2,normal,6.8,14.7,-0.2,0.47,0.25,683.5,684.7,680.8,5.9,,1.6464188118279077,Rain
1995-05-28,52645.0,青海,野牛沟,38.41666666666666,99.58333333333331,3320.0,1995,5,28,0.0,无,6.3,17.7,-2.4,0.58,0.09,684.5,686.4,682.5,7.3,,,无
1995-05-29,52645.0,青海,野牛沟,38.41666666666666,99.58333333333331,3320.0,1995,5,29,0.2,normal,6.7,16.3,3.9,0.51,0.2,683.2,684.7,680.0,5.8,,1.9838981671797695,Rain
1995-05-30,52645.0,青海,野牛沟,38.41666666666666,99.58333333333331,3320.0,1995,5,30,0.0,无,9.0,19.8,0.9,0.53,0.14,683.0,683.8,681.6,8.1,,,无
1995-05-31,52645.0,青海,野牛沟,38.41666666666666,99.58333333333331,3320.0,1995,5,31,0.0,无,10.4,20.3,0.0,0.4,0.18,683.3,685.1,680.7,9.1,,,无
1995-06-01,52645.0,青海,野牛沟,38.41666666666666,99.58333333333331,3320.0,1995,6,1,0.0,无,7.1,17.0,-0.5,0.59,0.21,685.1,686.6,682.9,5.4,,,无
1995-06-02,52645.0,青海,野牛沟,38.41666666666666,99.58333333333331,3320.0,1995,6,2,0.9,normal,5.5,15.4,-0.9,0.76,0.35,685.2,687.4,682.0,4.6,,3.3776784827911888,Rain
1995-06-03,52645.0,青海,野牛沟,38.41666666666666,99.58333333333331,3320.0,1995,6,3,0.7,normal,10.0,17.7,0.5,0.61,0.3,682.7,684.3,681.0,6.7,,5.868849330452206,Rain
1995-06-04,52645.0,青海,野牛沟,38.41666666666666,99.58333333333331,3320.0,1995,6,4,0.0,无,8.6,17.1,0.5,0.63,0.32,683.1,683.9,681.8,4.9,,,无
1995-06-05,52645.0,青海,野牛沟,38.41666666666666,99.58333333333331,3320.0,1995,6,5,4.7,normal,7.8,16.0,4.2,0.76,0.38,684.1,685.6,681.2,2.5,,5.5006854817175155,Rain
1995-06-06,52645.0,青海,野牛沟,38.41666666666666,99.58333333333331,3320.0,1995,6,6,0.4,normal,8.1,14.0,3.7,0.65,0.38,684.2,684.9,682.7,6.2,,4.647596563521099,Rain
1995-06-07,52645.0,青海,野牛沟,38.41666666666666,99.58333333333331,3320.0,1995,6,7,0.0,无,7.0,16.5,-2.4,0.53,0.06,685.4,686.7,683.1,7.6,,,无
1995-06-08,52645.0,青海,野牛沟,38.41666666666666,99.58333333333331,3320.0,1995,6,8,0.0,无,7.5,16.0,-2.5,0.42,0.11,683.6,684.7,681.8,8.8,,,无
1995-06-09,52645.0,青海,野牛沟,38.41666666666666,99.58333333333331,3320.0,1995,6,9,0.0,无,6.1,15.5,-4.8,0.36,0.14,683.6,684.9,682.0,8.7,,,无
1995-06-10,52645.0,青海,野牛沟,38.41666666666666,99.58333333333331,3320.0,1995,6,10,0.0,无,7.4,19.6,-5.0,0.38,0.11,681.7,683.4,678.7,9.8,,,无
1995-06-11,52645.0,青海,野牛沟,38.41666666666666,99.58333333333331,3320.0,1995,6,11,0.0,无,9.7,19.4,-0.5,0.4,0.21,680.8,682.6,679.0,7.6,,,无
1995-06-12,52645.0,青海,野牛沟,38.41666666666666,99.58333333333331,3320.0,1995,6,12,13.5,normal,7.6,14.4,2.5,0.74,0.34,681.8,682.9,679.5,4.0,,5.113692768656182,Rain
1995-06-13,52645.0,青海,野牛沟,38.41666666666666,99.58333333333331,3320.0,1995,6,13,0.1,normal,6.5,13.8,1.7,0.75,0.4,682.4,683.7,680.8,3.2,,4.202143618112992,Rain
1995-06-14,52645.0,青海,野牛沟,38.41666666666666,99.58333333333331,3320.0,1995,6,14,2.2,normal,5.7,14.3,-0.4,0.75,0.35,683.0,684.4,680.8,4.7,,3.466776208312674,Rain
1995-06-15,52645.0,青海,野牛沟,38.41666666666666,99.58333333333331,3320.0,1995,6,15,12.7,normal,2.5,14.2,-0.1,0.89,0.61,682.0,683.4,680.6,0.2,,1.6432603160961046,Snow
1995-06-16,52645.0,青海,野牛沟,38.41666666666666,99.58333333333331,3320.0,1995,6,16,0.2,normal,4.3,9.7,0.3,0.6,0.3,682.1,683.4,680.7,7.1,,0.8285768394612036,Snow
1995-06-17,52645.0,青海,野牛沟,38.41666666666666,99.58333333333331,3320.0,1995,6,17,0.0,无,5.7,14.7,-3.3,0.53,0.21,680.8,683.3,678.1,7.3,,,无
1995-06-18,52645.0,青海,野牛沟,38.41666666666666,99.58333333333331,3320.0,1995,6,18,0.0,无,7.6,16.3,-1.0,0.57,0.21,679.5,680.6,677.3,7.9,,,无
1995-06-19,52645.0,青海,野牛沟,38.41666666666666,99.58333333333331,3320.0,1995,6,19,5.5,normal,6.1,11.0,2.5,0.77,0.53,680.0,681.2,678.6,2.5,,4.018645510787615,Rain
1995-06-20,52645.0,青海,野牛沟,38.41666666666666,99.58333333333331,3320.0,1995,6,20,0.8,normal,4.9,10.0,2.2,0.87,0.58,680.1,681.7,678.2,2.9,,3.7892777843899905,Rain
1995-06-21,52645.0,青海,野牛沟,38.41666666666666,99.58333333333331,3320.0,1995,6,21,2.9,normal,7.5,15.2,1.1,0.65,0.2,681.0,682.4,678.4,6.2,,4.110834729076971,Rain
1995-06-22,52645.0,青海,野牛沟,38.41666666666666,99.58333333333331,3320.0,1995,6,22,0.0,无,8.9,17.5,-0.3,0.54,0.14,679.7,681.2,677.4,7.8,,,无
1995-06-23,52645.0,青海,野牛沟,38.41666666666666,99.58333333333331,3320.0,1995,6,23,0.0,无,10.6,17.5,3.0,0.5,0.19,679.7,680.3,678.4,8.9,,,无
1995-06-24,52645.0,青海,野牛沟,38.41666666666666,99.58333333333331,3320.0,1995,6,24,0.0,无,9.9,17.0,3.7,0.43,0.21,681.6,682.7,680.1,9.1,,,无
1995-06-25,52645.0,青海,野牛沟,38.41666666666666,99.58333333333331,3320.0,1995,6,25,2.0,normal,8.4,12.7,3.4,0.6,0.35,683.6,685.1,681.7,4.2,,4.3765391410412535,Rain
1995-06-26,52645.0,青海,野牛沟,38.41666666666666,99.58333333333331,3320.0,1995,6,26,0.4,normal,8.8,14.8,3.6,0.59,0.28,684.7,685.6,683.8,5.9,,4.614880219218667,Rain
1995-06-27,52645.0,青海,野牛沟,38.41666666666666,99.58333333333331,3320.0,1995,6,27,0.0,无,9.0,19.8,-0.6,0.6,0.21,682.9,684.3,680.8,5.6,,,无
1995-06-28,52645.0,青海,野牛沟,38.41666666666666,99.58333333333331,3320.0,1995,6,28,1.2,normal,8.3,13.3,6.2,0.71,0.34,681.6,682.6,680.2,4.2,,5.446107413124808,Rain
1995-06-29,52645.0,青海,野牛沟,38.41666666666666,99.58333333333331,3320.0,1995,6,29,0.0,无,7.7,15.7,-0.6,0.57,0.24,681.5,682.7,680.0,6.9,,,无
1995-06-30,52645.0,青海,野牛沟,38.41666666666666,99.58333333333331,3320.0,1995,6,30,0.0,无,8.1,15.5,-1.6,0.39,0.24,682.0,683.3,680.8,9.2,,,无
1995-07-01,52645.0,青海,野牛沟,38.41666666666666,99.58333333333331,3320.0,1995,7,1,0.2,normal,7.7,12.0,4.6,0.52,0.29,681.9,682.5,681.0,4.9,,2.914404711536007,Rain
1995-07-02,52645.0,青海,野牛沟,38.41666666666666,99.58333333333331,3320.0,1995,7,2,0.0,无,7.3,15.7,-1.3,0.61,0.31,681.9,683.1,680.0,8.1,,,无
1995-07-03,52645.0,青海,野牛沟,38.41666666666666,99.58333333333331,3320.0,1995,7,3,0.0,无,9.0,18.4,-1.3,0.55,0.28,682.6,684.0,680.8,8.4,,,无
1995-07-04,52645.0,青海,野牛沟,38.41666666666666,99.58333333333331,3320.0,1995,7,4,0.1,normal,8.5,15.7,1.1,0.55,0.29,684.1,684.9,682.4,5.9,,3.9178184281467887,Rain
1995-07-05,52645.0,青海,野牛沟,38.41666666666666,99.58333333333331,3320.0,1995,7,5,0.0,无,7.8,13.3,1.3,0.65,0.38,683.9,684.8,682.6,6.2,,,无
1995-07-06,52645.0,青海,野牛沟,38.41666666666666,99.58333333333331,3320.0,1995,7,6,0.0,无,8.9,19.7,-2.0,0.53,0.24,681.8,683.3,679.4,7.2,,,无
1995-07-07,52645.0,青海,野牛沟,38.41666666666666,99.58333333333331,3320.0,1995,7,7,0.1,normal,10.0,21.0,-1.1,0.47,0.21,682.3,683.3,680.0,7.7,,4.225294316687314,Rain
1995-07-08,52645.0,青海,野牛沟,38.41666666666666,99.58333333333331,3320.0,1995,7,8,0.0,无,10.0,20.2,0.0,0.56,0.26,682.0,683.5,679.4,7.9,,,无
1995-07-09,52645.0,青海,野牛沟,38.41666666666666,99.58333333333331,3320.0,1995,7,9,3.4,normal,9.5,17.4,1.9,0.68,0.38,680.9,682.3,679.2,6.3,,6.205741643952289,Rain
1995-07-10,52645.0,青海,野牛沟,38.41666666666666,99.58333333333331,3320.0,1995,7,10,5.3,normal,8.9,19.3,1.8,0.77,0.33,679.4,681.5,676.7,7.8,,6.613710006229154,Rain
1995-07-11,52645.0,青海,野牛沟,38.41666666666666,99.58333333333331,3320.0,1995,7,11,9.3,normal,9.7,15.8,5.3,0.79,0.53,678.5,679.6,677.4,5.3,,7.566194981027068,Rain
1995-07-12,52645.0,青海,野牛沟,38.41666666666666,99.58333333333331,3320.0,1995,7,12,7.7,normal,10.4,17.8,5.4,0.79,0.4,680.3,680.7,678.3,6.2,,8.222251804939585,Rain
1995-07-13,52645.0,青海,野牛沟,38.41666666666666,99.58333333333331,3320.0,1995,7,13,15.6,normal,8.3,13.1,3.5,0.85,0.63,681.3,682.8,680.3,3.0,,6.859396680198135,Rain
1995-07-14,52645.0,青海,野牛沟,38.41666666666666,99.58333333333331,3320.0,1995,7,14,4.5,normal,9.6,16.2,5.9,0.75,0.41,681.7,682.3,679.8,4.9,,7.053240983520941,Rain
1995-07-15,52645.0,青海,野牛沟,38.41666666666666,99.58333333333331,3320.0,1995,7,15,12.4,normal,9.3,15.5,4.3,0.79,0.51,682.0,683.0,680.3,5.0,,7.196805860197135,Rain
1995-07-16,52645.0,青海,野牛沟,38.41666666666666,99.58333333333331,3320.0,1995,7,16,4.9,normal,7.7,10.4,5.5,0.89,0.73,682.4,682.9,681.3,3.2,,6.671372071821664,Rain
1995-07-17,52645.0,青海,野牛沟,38.41666666666666,99.58333333333331,3320.0,1995,7,17,4.2,normal,8.7,16.3,2.1,0.8,0.54,682.4,683.7,679.9,7.1,,6.7386313300249645,Rain
1995-07-18,52645.0,青海,野牛沟,38.41666666666666,99.58333333333331,3320.0,1995,7,18,2.6,normal,8.5,15.0,3.6,0.9,0.63,683.4,684.2,681.0,5.6,,7.54298102958296,Rain
1995-07-19,52645.0,青海,野牛沟,38.41666666666666,99.58333333333331,3320.0,1995,7,19,0.4,normal,10.2,19.6,1.2,0.74,0.37,682.9,684.9,680.2,7.0,,7.498101721319057,Rain
1995-07-20,52645.0,青海,野牛沟,38.41666666666666,99.58333333333331,3320.0,1995,7,20,0.0,无,12.6,22.8,3.2,0.77,0.45,680.5,681.7,678.9,8.4,,,无
1995-07-21,52645.0,青海,野牛沟,38.41666666666666,99.58333333333331,3320.0,1995,7,21,7.5,normal,9.1,18.8,4.9,0.92,0.56,681.5,683.5,679.7,4.0,,8.321951165528422,Rain
1995-07-22,52645.0,青海,野牛沟,38.41666666666666,99.58333333333331,3320.0,1995,7,22,1.2,normal,7.9,14.7,3.0,0.88,0.67,682.5,683.8,680.0,5.6,,6.76878613089023,Rain
1995-07-23,52645.0,青海,野牛沟,38.41666666666666,99.58333333333331,3320.0,1995,7,23,4.0,normal,8.8,14.7,4.4,0.86,0.61,683.0,683.7,681.6,5.4,,7.4377342791711465,Rain
1995-07-24,52645.0,青海,野牛沟,38.41666666666666,99.58333333333331,3320.0,1995,7,24,0.0,无,8.1,17.1,1.6,0.78,0.52,682.9,685.5,680.5,5.5,,,无
1995-07-25,52645.0,青海,野牛沟,38.41666666666666,99.58333333333331,3320.0,1995,7,25,0.0,无,11.1,21.3,1.1,0.65,0.24,679.5,681.7,677.7,7.1,,,无
1995-07-26,52645.0,青海,野牛沟,38.41666666666666,99.58333333333331,3320.0,1995,7,26,0.0,无,13.1,22.6,4.0,0.57,0.23,679.4,680.7,677.7,9.6,,,无
1995-07-27,52645.0,青海,野牛沟,38.41666666666666,99.58333333333331,3320.0,1995,7,27,1.9,normal,13.7,20.1,7.1,0.69,0.47,680.7,682.0,679.0,6.5,,10.086890568625332,Rain
1995-07-28,52645.0,青海,野牛沟,38.41666666666666,99.58333333333331,3320.0,1995,7,28,10.0,normal,10.1,14.6,9.0,0.86,0.73,682.1,682.3,679.5,2.0,,8.681657139094266,Rain
1995-07-29,52645.0,青海,野牛沟,38.41666666666666,99.58333333333331,3320.0,1995,7,29,1.3,normal,10.8,14.4,8.0,0.79,0.62,683.2,684.4,682.3,2.8,,8.599412752926344,Rain
1995-07-30,52645.0,青海,野牛沟,38.41666666666666,99.58333333333331,3320.0,1995,7,30,27.6,normal,6.3,12.1,4.4,0.84,0.71,683.9,684.2,682.8,0.9,,4.861534951765782,Rain
1995-07-31,52645.0,青海,野牛沟,38.41666666666666,99.58333333333331,3320.0,1995,7,31,1.5,normal,8.8,16.8,3.6,0.81,0.49,683.8,684.2,683.3,5.3,,6.93560001349073,Rain
1995-08-01,52645.0,青海,野牛沟,38.41666666666666,99.58333333333331,3320.0,1995,8,1,8.9,normal,9.1,14.1,6.4,0.77,0.52,683.8,684.4,682.8,5.1,,6.8050074105407665,Rain
1995-08-02,52645.0,青海,野牛沟,38.41666666666666,99.58333333333331,3320.0,1995,8,2,3.0,normal,7.6,12.6,3.6,0.76,0.59,683.2,684.4,681.2,5.2,,5.314712462007205,Rain
1995-08-03,52645.0,青海,野牛沟,38.41666666666666,99.58333333333331,3320.0,1995,8,3,0.0,无,8.8,17.3,2.3,0.72,0.31,682.1,683.4,680.2,5.1,,,无
1995-08-04,52645.0,青海,野牛沟,38.41666666666666,99.58333333333331,3320.0,1995,8,4,0.0,无,9.5,19.3,1.4,0.68,0.28,682.5,683.2,680.9,5.6,,,无
1995-08-05,52645.0,青海,野牛沟,38.41666666666666,99.58333333333331,3320.0,1995,8,5,0.0,无,11.7,19.2,4.1,0.64,0.29,683.4,684.7,682.4,6.1,,,无
1995-08-06,52645.0,青海,野牛沟,38.41666666666666,99.58333333333331,3320.0,1995,8,6,0.0,无,11.3,20.2,2.2,0.64,0.34,683.0,684.5,681.3,5.8,,,无
1995-08-07,52645.0,青海,野牛沟,38.41666666666666,99.58333333333331,3320.0,1995,8,7,0.0,无,11.7,19.4,4.9,0.73,0.44,681.8,682.8,680.7,6.0,,,无
1995-08-08,52645.0,青海,野牛沟,38.41666666666666,99.58333333333331,3320.0,1995,8,8,0.4,normal,12.7,18.2,8.3,0.75,0.54,680.0,681.1,678.6,3.8,,9.903595962628412,Rain
1995-08-09,52645.0,青海,野牛沟,38.41666666666666,99.58333333333331,3320.0,1995,8,9,3.0,normal,11.5,15.9,9.1,0.84,0.62,681.1,682.6,679.1,1.7,,9.803566027066676,Rain
1995-08-10,52645.0,青海,野牛沟,38.41666666666666,99.58333333333331,3320.0,1995,8,10,12.5,normal,9.0,14.6,4.8,0.81,0.52,684.6,686.1,682.6,4.0,,7.124622422008433,Rain
1995-08-11,52645.0,青海,野牛沟,38.41666666666666,99.58333333333331,3320.0,1995,8,11,0.4,normal,7.9,16.4,1.1,0.77,0.41,685.8,687.3,683.6,4.7,,5.695227842626669,Rain
1995-08-12,52645.0,青海,野牛沟,38.41666666666666,99.58333333333331,3320.0,1995,8,12,1.8,normal,5.4,11.8,3.5,0.85,0.55,684.2,685.2,682.1,4.2,,4.09515084419755,Rain
1995-08-13,52645.0,青海,野牛沟,38.41666666666666,99.58333333333331,3320.0,1995,8,13,0.8,normal,6.2,14.0,-1.5,0.75,0.44,683.7,686.0,681.5,5.9,,3.927973831582059,Rain
1995-08-14,52645.0,青海,野牛沟,38.41666666666666,99.58333333333331,3320.0,1995,8,14,0.5,normal,7.0,14.8,1.8,0.73,0.41,683.3,684.4,681.0,5.4,,4.4682882025068205,Rain
1995-08-15,52645.0,青海,野牛沟,38.41666666666666,99.58333333333331,3320.0,1995,8,15,2.7,normal,8.8,14.7,4.6,0.63,0.28,682.1,683.0,681.7,5.9,,5.044972348596217,Rain
1995-08-16,52645.0,青海,野牛沟,38.41666666666666,99.58333333333331,3320.0,1995,8,16,0.0,无,6.0,13.3,-1.8,0.66,0.35,683.9,685.0,682.3,5.2,,,无
1995-08-17,52645.0,青海,野牛沟,38.41666666666666,99.58333333333331,3320.0,1995,8,17,0.0,无,5.5,14.9,-2.8,0.68,0.37,685.0,686.0,683.3,4.3,,,无
1995-08-18,52645.0,青海,野牛沟,38.41666666666666,99.58333333333331,3320.0,1995,8,18,0.0,无,6.6,17.3,-2.1,0.67,0.31,684.9,686.0,683.1,6.0,,,无
1995-08-19,52645.0,青海,野牛沟,38.41666666666666,99.58333333333331,3320.0,1995,8,19,0.0,无,6.9,17.0,-0.9,0.7,0.32,684.2,685.3,682.8,5.8,,,无
1995-08-20,52645.0,青海,野牛沟,38.41666666666666,99.58333333333331,3320.0,1995,8,20,0.2,normal,5.7,12.5,-0.2,0.76,0.51,685.7,686.7,683.8,3.5,,3.5631614236024367,Rain
1995-08-21,52645.0,青海,野牛沟,38.41666666666666,99.58333333333331,3320.0,1995,8,21,0.0,无,7.5,16.4,-0.8,0.68,0.34,685.4,687.3,683.9,5.1,,,无
1995-08-22,52645.0,青海,野牛沟,38.41666666666666,99.58333333333331,3320.0,1995,8,22,0.5,normal,6.9,18.2,-1.6,0.69,0.3,685.0,685.9,682.3,5.0,,3.9872133384861597,Rain
1995-08-23,52645.0,青海,野牛沟,38.41666666666666,99.58333333333331,3320.0,1995,8,23,0.0,无,9.3,16.8,4.3,0.71,0.25,685.5,686.3,684.3,5.8,,,无
1995-08-24,52645.0,青海,野牛沟,38.41666666666666,99.58333333333331,3320.0,1995,8,24,1.8,normal,7.0,14.0,1.3,0.76,0.53,687.5,688.3,685.6,2.4,,4.76656211482648,Rain
1995-08-25,52645.0,青海,野牛沟,38.41666666666666,99.58333333333331,3320.0,1995,8,25,6.4,normal,7.2,15.4,0.6,0.7,0.38,688.0,689.5,685.6,6.0,,4.361850658194224,Rain
1995-08-26,52645.0,青海,野牛沟,38.41666666666666,99.58333333333331,3320.0,1995,8,26,0.0,无,8.2,18.3,0.0,0.67,0.3,685.7,687.1,683.2,6.3,,,无
1995-08-27,52645.0,青海,野牛沟,38.41666666666666,99.58333333333331,3320.0,1995,8,27,0.0,无,6.1,13.4,2.6,0.8,0.44,685.4,686.3,683.4,4.4,,,无
1995-08-28,52645.0,青海,野牛沟,38.41666666666666,99.58333333333331,3320.0,1995,8,28,3.3,normal,7.7,16.0,4.0,0.8,0.43,683.9,685.9,681.7,4.6,,5.802967074870975,Rain
1995-08-29,52645.0,青海,野牛沟,38.41666666666666,99.58333333333331,3320.0,1995,8,29,2.0,normal,8.2,17.8,0.2,0.72,0.28,682.6,684.1,680.2,5.4,,5.460157426562522,Rain
1995-08-30,52645.0,青海,野牛沟,38.41666666666666,99.58333333333331,3320.0,1995,8,30,3.4,normal,8.1,16.8,1.7,0.77,0.49,680.7,681.6,678.2,3.6,,5.8738193893780855,Rain
1995-08-31,52645.0,青海,野牛沟,38.41666666666666,99.58333333333331,3320.0,1995,8,31,12.0,normal,9.9,18.0,5.1,0.83,0.56,680.7,681.6,679.2,4.3,,8.177122829838016,Rain
1995-09-01,52645.0,青海,野牛沟,38.41666666666666,99.58333333333331,3320.0,1995,9,1,0.0,无,12.3,19.1,7.8,0.8,0.59,681.8,683.3,680.1,6.1,,,无
1995-09-02,52645.0,青海,野牛沟,38.41666666666666,99.58333333333331,3320.0,1995,9,2,15.4,normal,13.1,20.3,9.6,0.81,0.61,681.7,682.2,680.3,8.1,,10.980229669170342,Rain
1995-09-03,52645.0,青海,野牛沟,38.41666666666666,99.58333333333331,3320.0,1995,9,3,7.4,normal,11.8,17.7,7.0,0.82,0.64,682.1,683.4,679.9,5.8,,9.868232454598903,Rain
1995-09-04,52645.0,青海,野牛沟,38.41666666666666,99.58333333333331,3320.0,1995,9,4,4.1,normal,14.3,21.9,9.5,0.8,0.55,680.2,682.0,677.2,7.3,,11.988347340496365,Rain
1995-09-05,52645.0,青海,野牛沟,38.41666666666666,99.58333333333331,3320.0,1995,9,5,23.0,normal,13.0,22.0,9.0,0.87,0.59,678.3,679.2,675.1,,,11.569563080807402,Rain
1995-09-06,52645.0,青海,野牛沟,38.41666666666666,99.58333333333331,3320.0,1995,9,6,9.7,normal,8.0,11.5,5.5,0.84,0.72,680.1,682.7,677.4,1.0,,6.474383792341407,Rain
1995-09-07,52645.0,青海,野牛沟,38.41666666666666,99.58333333333331,3320.0,1995,9,7,8.9,normal,4.7,8.7,1.1,0.89,0.75,683.7,684.7,682.3,1.7,,3.7716802803627703,Rain
1995-09-08,52645.0,青海,野牛沟,38.41666666666666,99.58333333333331,3320.0,1995,9,8,1.5,normal,7.2,14.8,2.6,0.79,0.48,686.3,687.7,683.6,4.2,,5.2406446613748825,Rain
1995-09-09,52645.0,青海,野牛沟,38.41666666666666,99.58333333333331,3320.0,1995,9,9,0.0,无,7.0,12.5,4.3,0.74,0.6,686.8,688.2,684.9,4.3,,,无
1995-09-10,52645.0,青海,野牛沟,38.41666666666666,99.58333333333331,3320.0,1995,9,10,0.0,无,4.9,12.9,-1.3,0.71,0.43,686.5,687.7,684.7,3.5,,,无
1995-09-11,52645.0,青海,野牛沟,38.41666666666666,99.58333333333331,3320.0,1995,9,11,3.7,normal,5.6,13.6,0.2,0.78,0.49,685.5,686.5,683.4,3.3,,3.6538748603236426,Rain
1995-09-12,52645.0,青海,野牛沟,38.41666666666666,99.58333333333331,3320.0,1995,9,12,1.1,normal,6.1,12.9,2.2,0.77,0.39,687.1,688.1,685.0,4.6,,4.028110536625653,Rain
1995-09-13,52645.0,青海,野牛沟,38.41666666666666,99.58333333333331,3320.0,1995,9,13,0.0,无,4.6,12.1,-0.3,0.79,0.51,686.6,687.9,684.4,2.7,,,无
1995-09-14,52645.0,青海,野牛沟,38.41666666666666,99.58333333333331,3320.0,1995,9,14,4.8,normal,6.5,13.9,3.1,0.8,0.47,685.5,686.6,683.6,3.0,,4.6799106491880815,Rain
1995-09-15,52645.0,青海,野牛沟,38.41666666666666,99.58333333333331,3320.0,1995,9,15,1.3,normal,6.7,12.7,2.9,0.77,0.5,686.4,687.2,685.0,4.2,,4.5835121418174785,Rain
1995-09-16,52645.0,青海,野牛沟,38.41666666666666,99.58333333333331,3320.0,1995,9,16,0.0,无,5.6,13.0,0.4,0.79,0.49,686.1,686.7,684.7,3.1,,,无
1995-09-17,52645.0,青海,野牛沟,38.41666666666666,99.58333333333331,3320.0,1995,9,17,4.8,normal,4.7,6.8,2.0,0.86,0.62,688.3,688.4,686.5,0.8,,3.5169796298223455,Snow
1995-09-18,52645.0,青海,野牛沟,38.41666666666666,99.58333333333331,3320.0,1995,9,18,2.1,normal,4.1,10.2,1.8,0.81,0.5,688.2,689.1,686.7,2.6,,2.518141236970739,Snow
1995-09-19,52645.0,青海,野牛沟,38.41666666666666,99.58333333333331,3320.0,1995,9,19,0.0,无,2.7,12.5,-4.2,0.74,0.33,688.0,689.2,685.6,3.5,,,无
1995-09-20,52645.0,青海,野牛沟,38.41666666666666,99.58333333333331,3320.0,1995,9,20,0.0,无,3.6,13.8,-3.7,0.67,0.24,686.8,687.5,685.3,4.4,,,无
1995-09-21,52645.0,青海,野牛沟,38.41666666666666,99.58333333333331,3320.0,1995,9,21,0.0,无,3.2,12.6,-3.6,0.68,0.36,687.3,688.2,684.8,3.4,,,无
1995-09-22,52645.0,青海,野牛沟,38.41666666666666,99.58333333333331,3320.0,1995,9,22,0.4,normal,2.2,11.8,-3.6,0.75,0.34,687.1,688.0,683.9,2.6,,0.2486300105518291,Snow
1995-09-23,52645.0,青海,野牛沟,38.41666666666666,99.58333333333331,3320.0,1995,9,23,0.0,无,2.1,11.1,-4.7,0.74,0.36,686.3,687.3,684.5,3.4,,,无
1995-09-24,52645.0,青海,野牛沟,38.41666666666666,99.58333333333331,3320.0,1995,9,24,0.0,无,3.2,15.0,-4.5,0.65,0.11,684.5,686.2,682.3,3.9,,,无
1995-09-25,52645.0,青海,野牛沟,38.41666666666666,99.58333333333331,3320.0,1995,9,25,0.0,无,3.3,15.0,-4.4,0.6,0.27,684.2,685.0,682.4,4.3,,,无
1995-09-26,52645.0,青海,野牛沟,38.41666666666666,99.58333333333331,3320.0,1995,9,26,0.0,无,3.1,14.3,-5.4,0.62,0.33,684.5,685.6,682.2,3.3,,,无
1995-09-27,52645.0,青海,野牛沟,38.41666666666666,99.58333333333331,3320.0,1995,9,27,0.0,无,2.9,12.0,-5.3,0.55,0.26,685.3,686.5,683.2,3.7,,,无
1995-09-28,52645.0,青海,野牛沟,38.41666666666666,99.58333333333331,3320.0,1995,9,28,0.0,无,3.6,12.5,-4.6,0.59,0.32,685.2,687.1,683.0,4.3,,,无
1995-09-29,52645.0,青海,野牛沟,38.41666666666666,99.58333333333331,3320.0,1995,9,29,0.0,无,3.9,16.9,-6.6,0.64,0.32,681.9,684.1,678.6,3.9,,,无
1995-09-30,52645.0,青海,野牛沟,38.41666666666666,99.58333333333331,3320.0,1995,9,30,1.2,normal,2.9,9.9,0.3,0.75,0.41,680.7,683.2,678.7,2.1,,0.8847876682078981,Snow
1995-10-01,52645.0,青海,野牛沟,38.41666666666666,99.58333333333331,3320.0,1995,10,1,0.5,normal,1.9,9.8,-1.3,0.77,0.58,685.3,685.9,683.2,2.1,,0.12819654039258221,Snow
1995-10-02,52645.0,青海,野牛沟,38.41666666666666,99.58333333333331,3320.0,1995,10,2,0.2,normal,0.3,6.4,-2.9,0.78,0.44,686.9,687.4,684.3,2.1,,-1.283221461120756,Snow
1995-10-03,52645.0,青海,野牛沟,38.41666666666666,99.58333333333331,3320.0,1995,10,3,0.0,无,-0.7,8.9,-7.8,0.65,0.17,687.3,688.9,684.4,2.5,,,无
1995-10-04,52645.0,青海,野牛沟,38.41666666666666,99.58333333333331,3320.0,1995,10,4,0.0,无,1.9,10.2,-2.5,0.61,0.32,684.7,685.9,682.9,3.0,,,无
1995-10-05,52645.0,青海,野牛沟,38.41666666666666,99.58333333333331,3320.0,1995,10,5,1.1,normal,0.3,5.2,-2.0,0.81,0.54,684.2,685.4,682.5,1.2,,-1.0656327094191775,Snow
1995-10-06,52645.0,青海,野牛沟,38.41666666666666,99.58333333333331,3320.0,1995,10,6,0.0,无,-0.1,6.2,-5.5,0.74,0.38,686.5,688.1,684.3,2.5,,,无
1995-10-07,52645.0,青海,野牛沟,38.41666666666666,99.58333333333331,3320.0,1995,10,7,2.8,normal,-1.4,5.2,-4.2,0.89,0.48,687.4,688.6,685.7,1.3,,-2.127423688373935,Snow
1995-10-08,52645.0,青海,野牛沟,38.41666666666666,99.58333333333331,3320.0,1995,10,8,0.5,normal,-3.0,5.1,-9.0,0.8,0.35,688.6,689.6,686.9,2.0,,-4.239638597986288,Snow
1995-10-09,52645.0,青海,野牛沟,38.41666666666666,99.58333333333331,3320.0,1995,10,9,0.0,无,-1.7,7.5,-8.2,0.66,0.25,686.5,688.5,684.4,2.8,,,无
1995-10-10,52645.0,青海,野牛沟,38.41666666666666,99.58333333333331,3320.0,1995,10,10,0.0,无,-0.5,9.6,-8.5,0.6,0.22,684.8,685.8,683.4,2.9,,,无
1995-10-11,52645.0,青海,野牛沟,38.41666666666666,99.58333333333331,3320.0,1995,10,11,0.0,无,0.2,13.0,-8.5,0.57,0.16,683.2,684.8,681.5,3.4,,,无
1995-10-12,52645.0,青海,野牛沟,38.41666666666666,99.58333333333331,3320.0,1995,10,12,3.8,normal,-3.0,4.6,-6.4,0.89,0.36,683.4,685.2,682.0,0.3,,-3.6794235126091257,Snow
1995-10-13,52645.0,青海,野牛沟,38.41666666666666,99.58333333333331,3320.0,1995,10,13,0.5,normal,-2.3,6.3,-6.9,0.76,0.35,684.4,685.8,683.0,1.6,,-3.8471573952050653,Snow
1995-10-14,52645.0,青海,野牛沟,38.41666666666666,99.58333333333331,3320.0,1995,10,14,0.0,无,-0.5,10.4,-7.6,0.64,0.27,683.2,685.2,681.8,2.3,,,无
1995-10-15,52645.0,青海,野牛沟,38.41666666666666,99.58333333333331,3320.0,1995,10,15,0.0,无,1.1,12.2,-7.8,0.57,0.18,683.2,685.1,680.8,3.2,,,无
1995-10-16,52645.0,青海,野牛沟,38.41666666666666,99.58333333333331,3320.0,1995,10,16,0.0,无,0.8,7.8,-4.9,0.58,0.34,684.0,685.7,681.8,2.8,,,无
1995-10-17,52645.0,青海,野牛沟,38.41666666666666,99.58333333333331,3320.0,1995,10,17,0.0,无,-0.5,10.5,-7.7,0.65,0.25,684.1,685.8,682.0,2.3,,,无
1995-10-18,52645.0,青海,野牛沟,38.41666666666666,99.58333333333331,3320.0,1995,10,18,0.0,无,3.0,7.5,-1.4,0.61,0.42,679.5,682.3,676.8,1.9,,,无
1995-10-19,52645.0,青海,野牛沟,38.41666666666666,99.58333333333331,3320.0,1995,10,19,0.0,无,0.3,10.5,-7.2,0.62,0.26,679.8,680.9,677.8,2.9,,,无
1995-10-20,52645.0,青海,野牛沟,38.41666666666666,99.58333333333331,3320.0,1995,10,20,0.0,无,0.0,9.3,-7.6,0.69,0.43,680.1,681.7,677.5,2.5,,,无
1995-10-21,52645.0,青海,野牛沟,38.41666666666666,99.58333333333331,3320.0,1995,10,21,0.3,normal,0.1,6.8,-4.6,0.74,0.46,682.7,683.4,679.3,1.9,,-1.7694806195543178,Snow
1995-10-22,52645.0,青海,野牛沟,38.41666666666666,99.58333333333331,3320.0,1995,10,22,0.8,normal,-3.0,1.8,-4.9,0.8,0.6,685.5,687.4,683.4,1.1,,-4.242843543008568,Snow
1995-10-23,52645.0,青海,野牛沟,38.41666666666666,99.58333333333331,3320.0,1995,10,23,0.0,无,-4.9,3.0,-9.7,0.75,0.4,689.7,690.5,687.4,1.5,,,无
1995-10-24,52645.0,青海,野牛沟,38.41666666666666,99.58333333333331,3320.0,1995,10,24,2.0,normal,-5.3,2.6,-10.7,0.79,0.49,689.9,691.4,687.6,0.5,,-6.464848538863026,Snow
1995-10-25,52645.0,青海,野牛沟,38.41666666666666,99.58333333333331,3320.0,1995,10,25,0.8,normal,-4.1,2.4,-9.4,0.76,0.46,686.6,689.8,684.6,1.1,,-5.519188500552077,Snow
1995-10-26,52645.0,青海,野牛沟,38.41666666666666,99.58333333333331,3320.0,1995,10,26,0.0,无,-4.7,4.3,-11.8,0.61,0.31,685.6,686.6,684.8,1.9,,,无
1995-10-27,52645.0,青海,野牛沟,38.41666666666666,99.58333333333331,3320.0,1995,10,27,0.0,无,-3.2,6.3,-10.9,0.63,0.26,683.9,687.8,680.6,2.2,,,无
1995-10-28,52645.0,青海,野牛沟,38.41666666666666,99.58333333333331,3320.0,1995,10,28,0.0,无,-2.0,6.5,-9.9,0.46,0.16,684.4,685.7,682.0,3.0,,,无
1995-10-29,52645.0,青海,野牛沟,38.41666666666666,99.58333333333331,3320.0,1995,10,29,0.0,无,-4.5,7.0,-12.6,0.46,0.19,684.2,685.7,681.8,2.5,,,无
1995-10-30,52645.0,青海,野牛沟,38.41666666666666,99.58333333333331,3320.0,1995,10,30,0.0,无,-5.8,4.8,-13.7,0.44,0.2,685.9,688.3,683.0,2.5,,,无
1995-10-31,52645.0,青海,野牛沟,38.41666666666666,99.58333333333331,3320.0,1995,10,31,0.0,无,-6.6,6.9,-15.1,0.51,0.14,684.5,686.1,682.1,1.9,,,无
1995-11-01,52645.0,青海,野牛沟,38.41666666666666,99.58333333333331,3320.0,1995,11,1,0.0,无,-5.4,6.8,-13.8,0.53,0.17,683.5,684.6,681.5,2.1,,,无
1995-11-02,52645.0,青海,野牛沟,38.41666666666666,99.58333333333331,3320.0,1995,11,2,0.0,无,-5.1,6.4,-13.6,0.53,0.26,685.4,686.2,683.2,1.7,,,无
1995-11-03,52645.0,青海,野牛沟,38.41666666666666,99.58333333333331,3320.0,1995,11,3,0.0,无,-5.5,6.6,-13.5,0.55,0.27,686.3,688.1,684.5,1.6,,,无
1995-11-04,52645.0,青海,野牛沟,38.41666666666666,99.58333333333331,3320.0,1995,11,4,0.0,无,-7.0,3.7,-15.3,0.53,0.26,685.9,687.6,683.8,1.7,,,无
1995-11-05,52645.0,青海,野牛沟,38.41666666666666,99.58333333333331,3320.0,1995,11,5,0.0,无,-6.4,3.4,-14.8,0.58,0.33,684.4,685.8,682.3,2.0,,,无
1995-11-06,52645.0,青海,野牛沟,38.41666666666666,99.58333333333331,3320.0,1995,11,6,0.0,无,-8.1,2.3,-15.6,0.44,0.16,685.2,689.2,682.9,3.0,,,无
1995-11-07,52645.0,青海,野牛沟,38.41666666666666,99.58333333333331,3320.0,1995,11,7,0.0,无,-10.4,3.3,-20.0,0.47,0.21,689.8,692.0,686.7,2.6,,,无
1995-11-08,52645.0,青海,野牛沟,38.41666666666666,99.58333333333331,3320.0,1995,11,8,0.0,无,-7.7,6.5,-16.7,0.5,0.21,685.9,687.6,683.7,2.3,,,无
1995-11-09,52645.0,青海,野牛沟,38.41666666666666,99.58333333333331,3320.0,1995,11,9,0.0,无,-7.4,5.0,-15.8,0.44,0.23,689.2,690.9,685.4,1.7,,,无
1995-11-10,52645.0,青海,野牛沟,38.41666666666666,99.58333333333331,3320.0,1995,11,10,0.0,无,-7.1,5.3,-15.9,0.52,0.28,686.4,689.6,683.2,1.3,,,无
1995-11-11,52645.0,青海,野牛沟,38.41666666666666,99.58333333333331,3320.0,1995,11,11,0.0,无,-7.3,6.1,-16.5,0.47,0.24,682.4,684.3,679.5,1.7,,,无
1995-11-12,52645.0,青海,野牛沟,38.41666666666666,99.58333333333331,3320.0,1995,11,12,0.0,无,-9.7,2.1,-18.0,0.53,0.27,682.8,684.2,680.6,1.1,,,无
1995-11-13,52645.0,青海,野牛沟,38.41666666666666,99.58333333333331,3320.0,1995,11,13,0.0,无,-10.3,3.7,-19.2,0.51,0.28,686.6,688.9,684.1,1.4,,,无
1995-11-14,52645.0,青海,野牛沟,38.41666666666666,99.58333333333331,3320.0,1995,11,14,0.0,无,-9.5,5.2,-18.2,0.47,0.24,684.0,685.9,681.7,1.4,,,无
1995-11-15,52645.0,青海,野牛沟,38.41666666666666,99.58333333333331,3320.0,1995,11,15,0.0,无,-8.3,5.2,-17.5,0.51,0.27,682.5,683.8,680.5,1.8,,,无
1995-11-16,52645.0,青海,野牛沟,38.41666666666666,99.58333333333331,3320.0,1995,11,16,0.0,无,-7.5,6.8,-17.0,0.51,0.29,680.5,682.5,678.5,1.5,,,无
1995-11-17,52645.0,青海,野牛沟,38.41666666666666,99.58333333333331,3320.0,1995,11,17,0.5,normal,-8.0,-1.8,-12.8,0.7,0.38,682.0,683.6,680.0,0.7,,-9.465350512271474,Snow
1995-11-18,52645.0,青海,野牛沟,38.41666666666666,99.58333333333331,3320.0,1995,11,18,0.0,无,-11.1,-5.6,-13.2,0.76,0.34,684.8,686.8,683.0,0.6,,,无
1995-11-19,52645.0,青海,野牛沟,38.41666666666666,99.58333333333331,3320.0,1995,11,19,0.0,无,-16.4,-2.7,-24.5,0.62,0.32,685.0,688.0,681.4,0.7,,,无
1995-11-20,52645.0,青海,野牛沟,38.41666666666666,99.58333333333331,3320.0,1995,11,20,0.0,无,-13.6,-2.4,-23.1,0.52,0.29,681.5,683.0,679.4,1.0,,,无
1995-11-21,52645.0,青海,野牛沟,38.41666666666666,99.58333333333331,3320.0,1995,11,21,0.0,无,-11.5,-3.0,-17.8,0.56,0.3,680.5,681.4,678.6,1.2,,,无
1995-11-22,52645.0,青海,野牛沟,38.41666666666666,99.58333333333331,3320.0,1995,11,22,0.0,无,-12.7,-2.4,-20.8,0.48,0.29,684.3,686.4,681.4,2.1,,,无
1995-11-23,52645.0,青海,野牛沟,38.41666666666666,99.58333333333331,3320.0,1995,11,23,0.0,无,-12.7,-0.9,-21.4,0.51,0.28,687.4,690.3,684.4,1.2,,,无
1995-11-24,52645.0,青海,野牛沟,38.41666666666666,99.58333333333331,3320.0,1995,11,24,0.0,无,-13.7,2.0,-21.9,0.5,0.26,681.2,685.2,677.2,1.1,,,无
1995-11-25,52645.0,青海,野牛沟,38.41666666666666,99.58333333333331,3320.0,1995,11,25,0.0,无,-11.9,0.0,-20.6,0.47,0.24,679.2,680.1,677.5,2.0,,,无
1995-11-26,52645.0,青海,野牛沟,38.41666666666666,99.58333333333331,3320.0,1995,11,26,0.0,无,-12.9,0.8,-21.5,0.48,0.28,678.9,681.0,676.0,1.4,,,无
1995-11-27,52645.0,青海,野牛沟,38.41666666666666,99.58333333333331,3320.0,1995,11,27,0.0,无,-13.2,0.5,-22.3,0.46,0.24,676.7,678.4,674.4,1.4,,,无
1995-11-28,52645.0,青海,野牛沟,38.41666666666666,99.58333333333331,3320.0,1995,11,28,0.0,无,-13.0,2.7,-23.6,0.42,0.21,676.6,678.2,674.2,1.6,,,无
1995-11-29,52645.0,青海,野牛沟,38.41666666666666,99.58333333333331,3320.0,1995,11,29,0.0,无,-11.0,1.2,-18.8,0.45,0.29,679.0,680.7,676.3,1.4,,,无
1995-11-30,52645.0,青海,野牛沟,38.41666666666666,99.58333333333331,3320.0,1995,11,30,0.0,无,-13.7,-1.1,-21.8,0.51,0.32,682.4,683.1,680.5,1.0,,,无
1995-12-01,52645.0,青海,野牛沟,38.41666666666666,99.58333333333331,3320.0,1995,12,1,0.0,无,-14.0,-2.8,-21.2,0.49,0.22,681.4,683.5,678.6,1.2,,,无
1995-12-02,52645.0,青海,野牛沟,38.41666666666666,99.58333333333331,3320.0,1995,12,2,0.0,无,-14.0,-3.5,-21.5,0.59,0.38,681.1,682.6,679.3,0.9,,,无
1995-12-03,52645.0,青海,野牛沟,38.41666666666666,99.58333333333331,3320.0,1995,12,3,0.0,无,-14.2,-1.9,-23.2,0.56,0.3,680.9,682.4,678.4,1.1,,,无
1995-12-04,52645.0,青海,野牛沟,38.41666666666666,99.58333333333331,3320.0,1995,12,4,0.0,无,-15.7,-4.7,-24.3,0.53,0.29,682.0,683.0,680.5,1.1,,,无
1995-12-05,52645.0,青海,野牛沟,38.41666666666666,99.58333333333331,3320.0,1995,12,5,0.0,无,-16.8,-5.1,-25.4,0.51,0.3,684.2,685.7,682.3,1.1,,,无
1995-12-06,52645.0,青海,野牛沟,38.41666666666666,99.58333333333331,3320.0,1995,12,6,0.0,无,-18.2,-3.8,-26.5,0.49,0.29,682.2,684.4,680.2,1.0,,,无
1995-12-07,52645.0,青海,野牛沟,38.41666666666666,99.58333333333331,3320.0,1995,12,7,0.0,无,-16.7,-4.5,-25.5,0.47,0.31,682.2,684.1,680.1,0.8,,,无
1995-12-08,52645.0,青海,野牛沟,38.41666666666666,99.58333333333331,3320.0,1995,12,8,0.0,无,-14.3,-1.4,-23.4,0.47,0.3,678.6,681.3,676.1,1.0,,,无
1995-12-09,52645.0,青海,野牛沟,38.41666666666666,99.58333333333331,3320.0,1995,12,9,0.0,无,-12.1,-1.5,-21.6,0.5,0.32,675.8,678.2,672.5,1.2,,,无
1995-12-10,52645.0,青海,野牛沟,38.41666666666666,99.58333333333331,3320.0,1995,12,10,0.0,无,-11.8,-2.4,-17.1,0.54,0.42,677.9,678.9,674.7,1.1,,,无
1995-12-11,52645.0,青海,野牛沟,38.41666666666666,99.58333333333331,3320.0,1995,12,11,0.0,无,-12.8,-3.3,-22.9,0.63,0.49,677.5,679.7,674.6,0.9,,,无
1995-12-12,52645.0,青海,野牛沟,38.41666666666666,99.58333333333331,3320.0,1995,12,12,0.0,无,-11.0,-0.7,-16.6,0.6,0.4,674.8,676.3,673.3,1.3,,,无
1995-12-13,52645.0,青海,野牛沟,38.41666666666666,99.58333333333331,3320.0,1995,12,13,0.0,无,-13.7,-3.2,-20.9,0.58,0.28,674.1,676.9,671.2,1.5,,,无
1995-12-14,52645.0,青海,野牛沟,38.41666666666666,99.58333333333331,3320.0,1995,12,14,0.0,无,-16.0,-3.3,-24.9,0.47,0.32,675.1,677.1,673.1,1.1,,,无
1995-12-15,52645.0,青海,野牛沟,38.41666666666666,99.58333333333331,3320.0,1995,12,15,0.0,无,-15.1,-8.2,-22.9,0.53,0.35,674.2,675.5,671.9,1.3,,,无
1995-12-16,52645.0,青海,野牛沟,38.41666666666666,99.58333333333331,3320.0,1995,12,16,0.0,无,-18.2,-5.3,-27.2,0.55,0.22,677.9,679.7,675.5,1.0,,,无
1995-12-17,52645.0,青海,野牛沟,38.41666666666666,99.58333333333331,3320.0,1995,12,17,0.0,无,-20.0,-7.0,-28.8,0.48,0.3,680.4,682.1,677.7,0.8,,,无
1995-12-18,52645.0,青海,野牛沟,38.41666666666666,99.58333333333331,3320.0,1995,12,18,0.0,无,-18.1,-4.2,-26.9,0.48,0.29,680.2,681.3,678.8,1.1,,,无
1995-12-19,52645.0,青海,野牛沟,38.41666666666666,99.58333333333331,3320.0,1995,12,19,0.0,无,-17.6,-3.3,-26.7,0.48,0.28,682.3,684.4,679.9,0.9,,,无
1995-12-20,52645.0,青海,野牛沟,38.41666666666666,99.58333333333331,3320.0,1995,12,20,0.0,无,-16.3,-3.8,-24.0,0.5,0.34,681.1,682.3,679.1,1.1,,,无
1995-12-21,52645.0,青海,野牛沟,38.41666666666666,99.58333333333331,3320.0,1995,12,21,0.0,无,-16.5,-4.3,-24.7,0.51,0.35,682.1,683.7,680.8,1.0,,,无
1995-12-22,52645.0,青海,野牛沟,38.41666666666666,99.58333333333331,3320.0,1995,12,22,0.0,无,-16.6,-3.6,-25.3,0.5,0.34,681.7,683.0,679.1,0.7,,,无
1995-12-23,52645.0,青海,野牛沟,38.41666666666666,99.58333333333331,3320.0,1995,12,23,0.0,无,-16.9,-5.1,-25.7,0.57,0.41,682.6,684.1,680.4,0.8,,,无
1995-12-24,52645.0,青海,野牛沟,38.41666666666666,99.58333333333331,3320.0,1995,12,24,0.0,无,-17.5,-4.3,-25.3,0.6,0.4,681.1,682.9,678.0,0.8,,,无
1995-12-25,52645.0,青海,野牛沟,38.41666666666666,99.58333333333331,3320.0,1995,12,25,0.0,无,-17.6,-2.5,-26.7,0.53,0.33,682.3,684.7,679.6,0.8,,,无
1995-12-26,52645.0,青海,野牛沟,38.41666666666666,99.58333333333331,3320.0,1995,12,26,0.0,无,-18.1,-3.7,-24.9,0.51,0.28,682.7,683.9,681.6,1.0,,,无
1995-12-27,52645.0,青海,野牛沟,38.41666666666666,99.58333333333331,3320.0,1995,12,27,0.0,无,-18.2,-4.2,-27.2,0.49,0.3,685.8,687.4,683.5,1.1,,,无
1995-12-28,52645.0,青海,野牛沟,38.41666666666666,99.58333333333331,3320.0,1995,12,28,0.0,无,-17.8,-4.5,-26.8,0.48,0.28,685.9,687.5,683.6,1.0,,,无
1995-12-29,52645.0,青海,野牛沟,38.41666666666666,99.58333333333331,3320.0,1995,12,29,0.0,无,-18.0,-3.7,-27.1,0.45,0.24,683.6,685.3,681.4,1.0,,,无
1995-12-30,52645.0,青海,野牛沟,38.41666666666666,99.58333333333331,3320.0,1995,12,30,0.0,无,-17.8,-1.2,-27.8,0.42,0.23,684.2,685.8,682.2,0.9,,,无
1995-12-31,52645.0,青海,野牛沟,38.41666666666666,99.58333333333331,3320.0,1995,12,31,0.0,无,-17.5,-1.7,-26.6,0.43,0.24,682.2,685.1,678.2,1.2,,,无
1996-01-01,52645.0,青海,野牛沟,38.41666666666666,99.58333333333331,3320.0,1996,1,1,0.0,无,-15.8,-4.4,-23.8,0.43,0.3,680.5,682.0,679.6,1.3,,,无
1996-01-02,52645.0,青海,野牛沟,38.41666666666666,99.58333333333331,3320.0,1996,1,2,0.0,无,-13.1,-2.7,-22.5,0.45,0.34,681.1,683.0,680.2,1.1,,,无
1996-01-03,52645.0,青海,野牛沟,38.41666666666666,99.58333333333331,3320.0,1996,1,3,0.0,无,-14.3,1.6,-23.8,0.55,0.31,677.7,681.3,672.8,1.3,,,无
1996-01-04,52645.0,青海,野牛沟,38.41666666666666,99.58333333333331,3320.0,1996,1,4,0.0,无,-13.4,-1.7,-23.2,0.49,0.34,675.5,677.6,673.0,1.2,,,无
1996-01-05,52645.0,青海,野牛沟,38.41666666666666,99.58333333333331,3320.0,1996,1,5,0.0,无,-14.1,-5.3,-22.5,0.51,0.37,674.9,676.0,673.5,0.9,,,无
1996-01-06,52645.0,青海,野牛沟,38.41666666666666,99.58333333333331,3320.0,1996,1,6,0.0,无,-12.4,-3.6,-22.9,0.47,0.31,673.6,674.8,671.8,1.7,,,无
1996-01-07,52645.0,青海,野牛沟,38.41666666666666,99.58333333333331,3320.0,1996,1,7,0.0,无,-17.3,-7.7,-26.4,0.45,0.26,681.4,684.1,674.8,1.2,,,无
1996-01-08,52645.0,青海,野牛沟,38.41666666666666,99.58333333333331,3320.0,1996,1,8,0.0,无,-17.1,-4.9,-26.9,0.48,0.32,680.5,682.9,678.1,1.3,,,无
1996-01-09,52645.0,青海,野牛沟,38.41666666666666,99.58333333333331,3320.0,1996,1,9,0.0,无,-15.0,-1.4,-24.7,0.59,0.34,678.7,681.1,676.8,1.0,,,无
1996-01-10,52645.0,青海,野牛沟,38.41666666666666,99.58333333333331,3320.0,1996,1,10,0.0,无,-15.2,0.8,-23.7,0.56,0.3,674.7,677.8,671.4,1.0,,,无
1996-01-11,52645.0,青海,野牛沟,38.41666666666666,99.58333333333331,3320.0,1996,1,11,0.0,无,-13.5,-0.6,-22.1,0.55,0.35,670.9,672.9,668.4,1.4,,,无
1996-01-12,52645.0,青海,野牛沟,38.41666666666666,99.58333333333331,3320.0,1996,1,12,0.7,normal,-14.0,-7.0,-18.6,0.79,0.42,674.4,676.9,670.1,0.6,,-14.725751546062579,Snow
1996-01-13,52645.0,青海,野牛沟,38.41666666666666,99.58333333333331,3320.0,1996,1,13,0.0,无,-18.7,-10.9,-26.6,0.86,0.66,672.3,676.3,669.5,0.4,,,无
1996-01-14,52645.0,青海,野牛沟,38.41666666666666,99.58333333333331,3320.0,1996,1,14,0.0,无,-21.0,-7.3,-29.8,0.73,0.34,670.3,671.7,668.5,0.7,,,无
1996-01-15,52645.0,青海,野牛沟,38.41666666666666,99.58333333333331,3320.0,1996,1,15,0.0,无,-21.4,-9.5,-29.9,0.65,0.44,673.5,675.9,670.8,0.7,,,无
1996-01-16,52645.0,青海,野牛沟,38.41666666666666,99.58333333333331,3320.0,1996,1,16,1.7,normal,-17.6,-9.5,-25.2,0.83,0.55,670.6,672.4,669.3,0.0,,-18.06584718796428,Snow
1996-01-17,52645.0,青海,野牛沟,38.41666666666666,99.58333333333331,3320.0,1996,1,17,0.3,normal,-18.0,-10.7,-23.6,0.93,0.78,672.6,674.1,670.8,0.5,,-18.185826356394074,Snow
1996-01-18,52645.0,青海,野牛沟,38.41666666666666,99.58333333333331,3320.0,1996,1,18,0.5,normal,-19.1,-12.3,-24.6,0.93,0.77,674.7,676.1,674.1,0.2,,-19.271748556336384,Snow
1996-01-19,52645.0,青海,野牛沟,38.41666666666666,99.58333333333331,3320.0,1996,1,19,0.0,无,-22.0,-11.8,-30.7,0.83,0.64,670.6,675.0,668.0,0.8,,,无
1996-01-20,52645.0,青海,野牛沟,38.41666666666666,99.58333333333331,3320.0,1996,1,20,0.0,无,-21.9,-10.6,-30.2,0.79,0.62,670.5,671.6,668.7,0.7,,,无
1996-01-21,52645.0,青海,野牛沟,38.41666666666666,99.58333333333331,3320.0,1996,1,21,0.0,无,-21.3,-10.9,-30.1,0.77,0.59,671.4,672.8,670.0,0.4,,,无
1996-01-22,52645.0,青海,野牛沟,38.41666666666666,99.58333333333331,3320.0,1996,1,22,0.0,无,-20.9,-8.7,-29.9,0.76,0.52,674.5,675.5,672.4,1.0,,,无
1996-01-23,52645.0,青海,野牛沟,38.41666666666666,99.58333333333331,3320.0,1996,1,23,0.0,无,-20.9,-9.8,-30.6,0.71,0.49,675.1,676.6,673.4,0.6,,,无
1996-01-24,52645.0,青海,野牛沟,38.41666666666666,99.58333333333331,3320.0,1996,1,24,0.3,normal,-17.3,-11.6,-24.4,0.87,0.62,674.5,675.8,673.4,0.2,,-17.661610398632867,Snow
1996-01-25,52645.0,青海,野牛沟,38.41666666666666,99.58333333333331,3320.0,1996,1,25,0.3,normal,-20.3,-10.6,-28.7,0.79,0.38,673.6,675.4,671.9,0.5,,-20.77467322864956,Snow
1996-01-26,52645.0,青海,野牛沟,38.41666666666666,99.58333333333331,3320.0,1996,1,26,0.0,无,-23.6,-14.1,-31.5,0.7,0.46,675.5,677.9,673.0,0.5,,,无
1996-01-27,52645.0,青海,野牛沟,38.41666666666666,99.58333333333331,3320.0,1996,1,27,0.0,无,-22.2,-8.0,-30.9,0.68,0.4,676.4,677.9,674.8,0.8,,,无
1996-01-28,52645.0,青海,野牛沟,38.41666666666666,99.58333333333331,3320.0,1996,1,28,0.0,无,-18.9,-7.6,-26.6,0.71,0.46,677.5,678.4,676.4,0.9,,,无
1996-01-29,52645.0,青海,野牛沟,38.41666666666666,99.58333333333331,3320.0,1996,1,29,0.0,无,-17.4,-8.1,-23.4,0.63,0.35,677.9,679.5,675.8,1.0,,,无
1996-01-30,52645.0,青海,野牛沟,38.41666666666666,99.58333333333331,3320.0,1996,1,30,0.0,无,-21.1,-10.6,-30.7,0.66,0.46,677.6,679.2,675.2,0.6,,,无
1996-01-31,52645.0,青海,野牛沟,38.41666666666666,99.58333333333331,3320.0,1996,1,31,0.0,无,-19.5,-8.2,-29.6,0.66,0.43,678.3,679.7,676.5,0.7,,,无
1996-02-01,52645.0,青海,野牛沟,38.41666666666666,99.58333333333331,3320.0,1996,2,1,0.0,无,-18.7,-3.7,-29.2,0.64,0.37,679.6,681.8,677.8,0.9,,,无
1996-02-02,52645.0,青海,野牛沟,38.41666666666666,99.58333333333331,3320.0,1996,2,2,0.0,无,-16.8,-3.2,-26.8,0.65,0.39,679.9,681.7,678.0,1.1,,,无
1996-02-03,52645.0,青海,野牛沟,38.41666666666666,99.58333333333331,3320.0,1996,2,3,0.0,无,-15.0,-3.7,-24.1,0.65,0.36,679.1,680.3,677.2,1.1,,,无
1996-02-04,52645.0,青海,野牛沟,38.41666666666666,99.58333333333331,3320.0,1996,2,4,0.0,无,-13.8,1.5,-24.3,0.59,0.32,678.3,679.8,675.7,1.2,,,无
1996-02-05,52645.0,青海,野牛沟,38.41666666666666,99.58333333333331,3320.0,1996,2,5,0.0,无,-11.9,3.4,-22.4,0.57,0.28,676.8,679.1,674.6,1.4,,,无
1996-02-06,52645.0,青海,野牛沟,38.41666666666666,99.58333333333331,3320.0,1996,2,6,0.0,无,-11.1,-3.6,-17.4,0.51,0.34,677.8,679.4,674.8,1.8,,,无
1996-02-07,52645.0,青海,野牛沟,38.41666666666666,99.58333333333331,3320.0,1996,2,7,0.0,无,-16.4,-4.2,-27.1,0.51,0.23,679.5,680.9,677.5,1.4,,,无
1996-02-08,52645.0,青海,野牛沟,38.41666666666666,99.58333333333331,3320.0,1996,2,8,0.0,无,-16.1,-2.9,-26.6,0.47,0.24,681.5,683.1,678.8,1.4,,,无
1996-02-09,52645.0,青海,野牛沟,38.41666666666666,99.58333333333331,3320.0,1996,2,9,0.0,无,-15.7,-0.2,-27.0,0.51,0.26,682.2,684.7,678.5,1.3,,,无
1996-02-10,52645.0,青海,野牛沟,38.41666666666666,99.58333333333331,3320.0,1996,2,10,0.0,无,-12.7,3.8,-23.2,0.5,0.26,678.8,681.1,676.2,1.8,,,无
1996-02-11,52645.0,青海,野牛沟,38.41666666666666,99.58333333333331,3320.0,1996,2,11,0.0,无,-8.8,5.8,-20.6,0.47,0.26,674.4,677.2,670.9,1.6,,,无
1996-02-12,52645.0,青海,野牛沟,38.41666666666666,99.58333333333331,3320.0,1996,2,12,0.0,无,-6.2,5.9,-19.1,0.46,0.19,674.5,676.1,672.0,3.2,,,无
1996-02-13,52645.0,青海,野牛沟,38.41666666666666,99.58333333333331,3320.0,1996,2,13,0.0,无,-3.7,7.4,-16.7,0.3,0.16,672.2,674.5,669.0,4.0,,,无
1996-02-14,52645.0,青海,野牛沟,38.41666666666666,99.58333333333331,3320.0,1996,2,14,0.0,无,-3.6,5.4,-15.1,0.38,0.2,672.2,674.1,670.3,2.6,,,无
1996-02-15,52645.0,青海,野牛沟,38.41666666666666,99.58333333333331,3320.0,1996,2,15,0.0,无,-6.1,5.9,-16.6,0.49,0.17,671.4,674.2,667.0,2.8,,,无
1996-02-16,52645.0,青海,野牛沟,38.41666666666666,99.58333333333331,3320.0,1996,2,16,0.0,无,-11.1,4.2,-14.7,0.59,0.19,669.7,672.4,666.7,1.9,,,无
1996-02-17,52645.0,青海,野牛沟,38.41666666666666,99.58333333333331,3320.0,1996,2,17,0.0,无,-14.5,-4.9,-20.7,0.71,0.34,676.3,677.2,672.4,1.1,,,无
1996-02-18,52645.0,青海,野牛沟,38.41666666666666,99.58333333333331,3320.0,1996,2,18,0.0,无,-14.4,-5.8,-22.3,0.64,0.45,677.6,679.1,675.6,1.1,,,无
1996-02-19,52645.0,青海,野牛沟,38.41666666666666,99.58333333333331,3320.0,1996,2,19,0.0,无,-17.1,-10.0,-23.6,0.65,0.52,680.1,680.7,678.3,0.9,,,无
1996-02-20,52645.0,青海,野牛沟,38.41666666666666,99.58333333333331,3320.0,1996,2,20,0.0,无,-19.2,-9.7,-26.5,0.64,0.46,679.4,681.7,676.2,1.0,,,无
1996-02-21,52645.0,青海,野牛沟,38.41666666666666,99.58333333333331,3320.0,1996,2,21,0.0,无,-18.1,-7.1,-27.4,0.62,0.27,676.0,678.7,672.2,1.0,,,无
1996-02-22,52645.0,青海,野牛沟,38.41666666666666,99.58333333333331,3320.0,1996,2,22,0.0,无,-15.8,-4.8,-26.1,0.51,0.23,674.4,675.6,672.0,1.9,,,无
1996-02-23,52645.0,青海,野牛沟,38.41666666666666,99.58333333333331,3320.0,1996,2,23,0.0,无,-17.2,-3.8,-27.0,0.46,0.24,674.3,676.0,671.6,1.8,,,无
1996-02-24,52645.0,青海,野牛沟,38.41666666666666,99.58333333333331,3320.0,1996,2,24,0.0,无,-14.9,-1.7,-26.1,0.5,0.22,673.8,675.4,671.3,1.8,,,无
1996-02-25,52645.0,青海,野牛沟,38.41666666666666,99.58333333333331,3320.0,1996,2,25,0.0,无,-11.7,-4.6,-16.9,0.47,0.32,675.0,675.9,673.7,1.5,,,无
1996-02-26,52645.0,青海,野牛沟,38.41666666666666,99.58333333333331,3320.0,1996,2,26,0.0,无,-11.3,1.2,-22.0,0.68,0.28,677.0,679.4,674.0,1.6,,,无
1996-02-27,52645.0,青海,野牛沟,38.41666666666666,99.58333333333331,3320.0,1996,2,27,0.0,无,-10.1,3.5,-21.6,0.48,0.22,675.2,676.6,672.2,2.6,,,无
1996-02-28,52645.0,青海,野牛沟,38.41666666666666,99.58333333333331,3320.0,1996,2,28,0.0,无,-8.9,1.3,-17.3,0.4,0.28,677.1,678.3,674.2,2.6,,,无
1996-02-29,52645.0,青海,野牛沟,38.41666666666666,99.58333333333331,3320.0,1996,2,29,0.0,无,-9.2,1.5,-19.5,0.38,0.21,680.6,682.2,677.9,2.5,,,无
1996-03-01,52645.0,青海,野牛沟,38.41666666666666,99.58333333333331,3320.0,1996,3,1,0.0,无,-8.8,3.8,-21.0,0.38,0.19,679.6,681.8,677.4,3.0,,,无
1996-03-02,52645.0,青海,野牛沟,38.41666666666666,99.58333333333331,3320.0,1996,3,2,0.0,无,-7.0,6.5,-18.2,0.37,0.18,679.6,680.9,678.1,3.7,,,无
1996-03-03,52645.0,青海,野牛沟,38.41666666666666,99.58333333333331,3320.0,1996,3,3,0.0,无,-6.4,8.1,-18.5,0.35,0.19,678.7,681.6,674.7,2.9,,,无
1996-03-04,52645.0,青海,野牛沟,38.41666666666666,99.58333333333331,3320.0,1996,3,4,0.0,无,-2.6,9.5,-15.3,0.36,0.13,679.0,681.0,674.9,4.6,,,无
1996-03-05,52645.0,青海,野牛沟,38.41666666666666,99.58333333333331,3320.0,1996,3,5,0.0,无,-3.7,11.3,-17.1,0.3,0.13,677.3,680.0,673.9,5.1,,,无
1996-03-06,52645.0,青海,野牛沟,38.41666666666666,99.58333333333331,3320.0,1996,3,6,0.0,无,-2.8,9.8,-14.1,0.38,0.18,675.2,676.7,673.5,6.4,,,无
1996-03-07,52645.0,青海,野牛沟,38.41666666666666,99.58333333333331,3320.0,1996,3,7,0.0,无,-3.8,6.8,-13.3,0.36,0.25,676.6,677.7,674.7,3.3,,,无
1996-03-08,52645.0,青海,野牛沟,38.41666666666666,99.58333333333331,3320.0,1996,3,8,0.0,无,-7.2,2.9,-14.8,0.5,0.3,677.6,679.0,675.3,2.5,,,无
1996-03-09,52645.0,青海,野牛沟,38.41666666666666,99.58333333333331,3320.0,1996,3,9,0.0,无,-8.0,0.2,-12.2,0.51,0.42,675.6,677.6,673.2,2.2,,,无
1996-03-10,52645.0,青海,野牛沟,38.41666666666666,99.58333333333331,3320.0,1996,3,10,0.0,无,-9.6,2.6,-19.5,0.64,0.25,675.8,678.0,672.5,2.4,,,无
1996-03-11,52645.0,青海,野牛沟,38.41666666666666,99.58333333333331,3320.0,1996,3,11,0.8,normal,-10.3,-3.5,-14.4,0.68,0.46,677.1,679.4,674.1,1.0,,-11.682967372776222,Snow
1996-03-12,52645.0,青海,野牛沟,38.41666666666666,99.58333333333331,3320.0,1996,3,12,0.0,无,-12.2,0.9,-22.7,0.58,0.29,674.6,677.9,671.2,2.5,,,无
1996-03-13,52645.0,青海,野牛沟,38.41666666666666,99.58333333333331,3320.0,1996,3,13,0.0,无,-10.4,-0.9,-18.8,0.55,0.35,674.0,675.6,671.3,2.2,,,无
1996-03-14,52645.0,青海,野牛沟,38.41666666666666,99.58333333333331,3320.0,1996,3,14,0.0,无,-6.7,1.8,-16.0,0.69,0.26,670.5,675.2,665.8,2.2,,,无
1996-03-15,52645.0,青海,野牛沟,38.41666666666666,99.58333333333331,3320.0,1996,3,15,0.0,无,-1.4,8.5,-13.0,0.43,0.31,663.6,667.0,661.2,6.0,,,无
1996-03-16,52645.0,青海,野牛沟,38.41666666666666,99.58333333333331,3320.0,1996,3,16,0.0,无,-5.9,5.9,-12.8,0.55,0.32,667.6,669.3,662.3,3.7,,,无
1996-03-17,52645.0,青海,野牛沟,38.41666666666666,99.58333333333331,3320.0,1996,3,17,0.0,无,-6.9,4.9,-16.6,0.49,0.3,672.4,674.4,669.3,3.5,,,无
1996-03-18,52645.0,青海,野牛沟,38.41666666666666,99.58333333333331,3320.0,1996,3,18,0.0,无,-5.4,8.2,-16.3,0.54,0.3,673.1,675.1,669.3,2.7,,,无
1996-03-19,52645.0,青海,野牛沟,38.41666666666666,99.58333333333331,3320.0,1996,3,19,2.3,normal,-4.7,3.9,-11.9,0.71,0.44,670.7,672.9,667.7,1.3,,-6.395683591781496,Snow
1996-03-20,52645.0,青海,野牛沟,38.41666666666666,99.58333333333331,3320.0,1996,3,20,0.2,normal,-4.1,3.5,-7.2,0.76,0.33,671.3,673.1,668.8,2.2,,-5.538193739116655,Snow
1996-03-21,52645.0,青海,野牛沟,38.41666666666666,99.58333333333331,3320.0,1996,3,21,0.0,无,-3.9,5.5,-15.0,0.55,0.28,673.6,675.3,671.7,3.4,,,无
1996-03-22,52645.0,青海,野牛沟,38.41666666666666,99.58333333333331,3320.0,1996,3,22,0.0,无,-3.0,3.6,-7.0,0.52,0.34,673.2,675.0,670.5,2.4,,,无
1996-03-23,52645.0,青海,野牛沟,38.41666666666666,99.58333333333331,3320.0,1996,3,23,0.2,normal,-7.3,-2.2,-9.7,0.67,0.51,678.1,679.0,674.6,1.8,,-8.982775956686758,Snow
1996-03-24,52645.0,青海,野牛沟,38.41666666666666,99.58333333333331,3320.0,1996,3,24,0.2,normal,-9.3,-2.0,-17.4,0.68,0.31,676.5,679.8,673.2,1.9,,-10.764571486994438,Snow
1996-03-25,52645.0,青海,野牛沟,38.41666666666666,99.58333333333331,3320.0,1996,3,25,0.2,normal,-8.3,1.3,-17.8,0.65,0.24,675.6,677.0,672.7,2.3,,-9.997218958060735,Snow
1996-03-26,52645.0,青海,野牛沟,38.41666666666666,99.58333333333331,3320.0,1996,3,26,0.0,无,-7.8,0.7,-14.4,0.62,0.38,677.9,679.2,675.8,2.4,,,无
1996-03-27,52645.0,青海,野牛沟,38.41666666666666,99.58333333333331,3320.0,1996,3,27,0.8,normal,-5.5,5.5,-14.2,0.57,0.1,677.8,679.9,675.5,3.2,,-7.925244690230735,Snow
1996-03-28,52645.0,青海,野牛沟,38.41666666666666,99.58333333333331,3320.0,1996,3,28,0.0,无,-2.7,8.7,-13.5,0.35,0.14,674.6,676.4,671.8,4.5,,,无
1996-03-29,52645.0,青海,野牛沟,38.41666666666666,99.58333333333331,3320.0,1996,3,29,0.0,无,-1.9,7.1,-10.8,0.42,0.23,672.7,675.0,670.7,3.9,,,无
1996-03-30,52645.0,青海,野牛沟,38.41666666666666,99.58333333333331,3320.0,1996,3,30,0.0,无,-5.4,6.8,-7.2,0.69,0.34,671.5,672.4,670.7,1.8,,,无
1996-03-31,52645.0,青海,野牛沟,38.41666666666666,99.58333333333331,3320.0,1996,3,31,3.1,normal,-6.9,-1.6,-9.1,0.86,0.6,674.3,675.3,672.4,0.9,,-7.622874035546849,Snow
1996-04-01,52645.0,青海,野牛沟,38.41666666666666,99.58333333333331,3320.0,1996,4,1,3.1,normal,-10.1,-0.6,-19.4,0.76,0.52,676.4,678.1,674.8,2.4,,-11.145924302683458,Snow
1996-04-02,52645.0,青海,野牛沟,38.41666666666666,99.58333333333331,3320.0,1996,4,2,1.2,normal,-6.6,-0.6,-8.8,0.77,0.56,676.2,677.5,674.0,1.1,,-7.811028218444496,Snow
1996-04-03,52645.0,青海,野牛沟,38.41666666666666,99.58333333333331,3320.0,1996,4,3,0.0,无,-8.6,1.5,-17.2,0.65,0.4,676.1,677.9,673.7,2.4,,,无
1996-04-04,52645.0,青海,野牛沟,38.41666666666666,99.58333333333331,3320.0,1996,4,4,0.0,无,-5.0,3.8,-13.9,0.64,0.31,673.8,676.8,670.6,2.7,,,无
1996-04-05,52645.0,青海,野牛沟,38.41666666666666,99.58333333333331,3320.0,1996,4,5,0.1,normal,-3.9,3.4,-7.7,0.68,0.42,672.4,673.2,671.2,2.7,,-5.846996876841053,Snow
1996-04-06,52645.0,青海,野牛沟,38.41666666666666,99.58333333333331,3320.0,1996,4,6,0.8,normal,-6.4,2.8,-11.5,0.73,0.43,677.0,678.0,673.2,2.0,,-7.839113218277203,Snow
1996-04-07,52645.0,青海,野牛沟,38.41666666666666,99.58333333333331,3320.0,1996,4,7,0.5,normal,-4.1,4.3,-8.7,0.72,0.52,678.6,680.1,676.4,2.9,,-5.772627124584697,Snow
1996-04-08,52645.0,青海,野牛沟,38.41666666666666,99.58333333333331,3320.0,1996,4,8,0.0,无,-3.8,1.5,-5.0,0.71,0.5,677.9,678.9,675.9,1.9,,,无
1996-04-09,52645.0,青海,野牛沟,38.41666666666666,99.58333333333331,3320.0,1996,4,9,2.8,normal,-5.8,1.5,-9.8,0.72,0.41,677.7,679.6,675.7,2.6,,-7.338922626040474,Snow
1996-04-10,52645.0,青海,野牛沟,38.41666666666666,99.58333333333331,3320.0,1996,4,10,0.0,无,-2.5,6.5,-11.7,0.51,0.19,675.3,675.8,673.8,4.4,,,无
1996-04-11,52645.0,青海,野牛沟,38.41666666666666,99.58333333333331,3320.0,1996,4,11,0.7,normal,-2.2,4.2,-7.6,0.75,0.3,675.8,676.6,674.4,2.2,,-3.8320580260228665,Snow
1996-04-12,52645.0,青海,野牛沟,38.41666666666666,99.58333333333331,3320.0,1996,4,12,0.0,无,-2.2,7.4,-5.2,0.57,0.22,677.4,679.0,675.5,4.0,,,无
1996-04-13,52645.0,青海,野牛沟,38.41666666666666,99.58333333333331,3320.0,1996,4,13,0.0,无,-4.7,5.4,-12.6,0.53,0.21,681.9,684.3,679.0,3.5,,,无
1996-04-14,52645.0,青海,野牛沟,38.41666666666666,99.58333333333331,3320.0,1996,4,14,5.2,normal,-4.4,1.3,-6.2,0.74,0.25,681.0,682.4,679.5,2.5,,-5.9250906996960895,Snow
1996-04-15,52645.0,青海,野牛沟,38.41666666666666,99.58333333333331,3320.0,1996,4,15,0.0,无,-4.0,9.0,-14.3,0.59,0.3,681.6,683.7,679.2,4.7,,,无
1996-04-16,52645.0,青海,野牛沟,38.41666666666666,99.58333333333331,3320.0,1996,4,16,0.0,无,2.9,9.4,-3.0,0.58,0.38,677.3,680.1,675.9,5.5,,,无
1996-04-17,52645.0,青海,野牛沟,38.41666666666666,99.58333333333331,3320.0,1996,4,17,0.1,normal,3.6,13.8,-4.2,0.57,0.28,678.1,679.7,675.7,6.2,,-0.057387379552902296,Snow
1996-04-18,52645.0,青海,野牛沟,38.41666666666666,99.58333333333331,3320.0,1996,4,18,0.0,无,1.9,10.4,-5.1,0.65,0.31,680.7,682.6,678.1,4.4,,,无
1996-04-19,52645.0,青海,野牛沟,38.41666666666666,99.58333333333331,3320.0,1996,4,19,0.5,normal,0.8,11.8,-6.9,0.72,0.29,681.7,684.0,679.8,3.8,,-1.2798560634342016,Snow
1996-04-20,52645.0,青海,野牛沟,38.41666666666666,99.58333333333331,3320.0,1996,4,20,2.1,normal,-2.0,1.7,-3.3,0.78,0.65,682.7,684.8,680.2,1.3,,-3.4370003643023894,Snow
1996-04-21,52645.0,青海,野牛沟,38.41666666666666,99.58333333333331,3320.0,1996,4,21,0.0,无,-2.5,8.3,-11.3,0.59,0.22,685.3,686.9,682.6,4.1,,,无
1996-04-22,52645.0,青海,野牛沟,38.41666666666666,99.58333333333331,3320.0,1996,4,22,0.0,无,1.6,13.8,-7.2,0.45,0.13,681.0,683.4,677.7,6.9,,,无
1996-04-23,52645.0,青海,野牛沟,38.41666666666666,99.58333333333331,3320.0,1996,4,23,0.0,无,1.7,7.6,-2.7,0.49,0.26,681.7,682.8,678.4,4.7,,,无
1996-04-24,52645.0,青海,野牛沟,38.41666666666666,99.58333333333331,3320.0,1996,4,24,2.6,normal,1.2,10.2,-4.3,0.61,0.16,682.1,683.9,679.5,4.9,,-1.7831152407375006,Snow
1996-04-25,52645.0,青海,野牛沟,38.41666666666666,99.58333333333331,3320.0,1996,4,25,0.0,无,2.3,11.3,-5.4,0.4,0.13,680.1,680.9,677.8,6.9,,,无
1996-04-26,52645.0,青海,野牛沟,38.41666666666666,99.58333333333331,3320.0,1996,4,26,1.5,normal,1.3,7.9,-4.2,0.56,0.18,680.2,682.0,677.6,4.5,,-2.1051052684726335,Snow
1996-04-27,52645.0,青海,野牛沟,38.41666666666666,99.58333333333331,3320.0,1996,4,27,3.2,normal,2.2,8.7,-2.3,0.7,0.37,678.3,679.2,677.2,5.1,,-0.1716446964737406,Snow
1996-04-28,52645.0,青海,野牛沟,38.41666666666666,99.58333333333331,3320.0,1996,4,28,0.0,无,1.7,10.5,-4.8,0.59,0.26,680.6,682.0,678.4,4.4,,,无
1996-04-29,52645.0,青海,野牛沟,38.41666666666666,99.58333333333331,3320.0,1996,4,29,4.0,normal,3.7,12.1,-1.8,0.64,0.18,679.6,682.2,676.9,5.4,,0.6592135482297357,Snow
1996-04-30,52645.0,青海,野牛沟,38.41666666666666,99.58333333333331,3320.0,1996,4,30,0.2,normal,0.9,9.4,-5.6,0.59,0.2,680.7,681.7,677.9,5.8,,-2.207148507140597,Snow
1996-05-01,52645.0,青海,野牛沟,38.41666666666666,99.58333333333331,3320.0,1996,5,1,0.0,无,2.5,9.8,-4.4,0.57,0.32,679.1,681.2,677.1,4.1,,,无
1996-05-02,52645.0,青海,野牛沟,38.41666666666666,99.58333333333331,3320.0,1996,5,2,0.6,normal,3.7,9.9,0.8,0.71,0.44,678.7,678.9,677.7,4.5,,1.2726407145087082,Snow
1996-05-03,52645.0,青海,野牛沟,38.41666666666666,99.58333333333331,3320.0,1996,5,3,0.0,无,4.0,14.5,-5.5,0.54,0.14,681.5,683.3,678.9,5.6,,,无
1996-05-04,52645.0,青海,野牛沟,38.41666666666666,99.58333333333331,3320.0,1996,5,4,0.0,无,5.5,15.6,-3.2,0.52,0.25,679.7,680.8,677.1,6.8,,,无
1996-05-05,52645.0,青海,野牛沟,38.41666666666666,99.58333333333331,3320.0,1996,5,5,2.2,normal,0.3,5.7,-2.8,0.85,0.62,680.4,681.1,679.5,0.9,,-0.7764831746203749,Snow
1996-05-06,52645.0,青海,野牛沟,38.41666666666666,99.58333333333331,3320.0,1996,5,6,1.2,normal,0.9,8.2,-2.9,0.59,0.18,681.2,682.2,679.8,5.5,,-2.205925339300294,Snow
1996-05-07,52645.0,青海,野牛沟,38.41666666666666,99.58333333333331,3320.0,1996,5,7,0.0,无,-1.2,6.7,-7.7,0.49,0.23,683.3,684.3,681.3,4.5,,,无
1996-05-08,52645.0,青海,野牛沟,38.41666666666666,99.58333333333331,3320.0,1996,5,8,0.0,无,-0.5,8.3,-9.2,0.42,0.16,681.3,684.1,678.0,5.3,,,无
1996-05-09,52645.0,青海,野牛沟,38.41666666666666,99.58333333333331,3320.0,1996,5,9,0.0,无,-0.9,8.7,-8.4,0.44,0.17,679.1,680.5,676.6,5.5,,,无
1996-05-10,52645.0,青海,野牛沟,38.41666666666666,99.58333333333331,3320.0,1996,5,10,0.0,无,0.5,7.6,-4.2,0.54,0.34,681.2,682.2,679.2,5.9,,,无
1996-05-11,52645.0,青海,野牛沟,38.41666666666666,99.58333333333331,3320.0,1996,5,11,0.0,无,1.6,12.2,-7.6,0.47,0.13,682.2,683.8,679.2,6.3,,,无
1996-05-12,52645.0,青海,野牛沟,38.41666666666666,99.58333333333331,3320.0,1996,5,12,0.0,无,1.8,11.8,-6.9,0.39,0.14,680.4,682.5,677.1,6.7,,,无
1996-05-13,52645.0,青海,野牛沟,38.41666666666666,99.58333333333331,3320.0,1996,5,13,0.5,normal,1.1,10.0,-6.5,0.63,0.25,679.0,680.4,676.8,4.6,,-1.7183573799109064,Snow
1996-05-14,52645.0,青海,野牛沟,38.41666666666666,99.58333333333331,3320.0,1996,5,14,2.1,normal,3.1,7.2,0.2,0.7,0.38,680.4,682.3,677.5,5.1,,0.6461168979252419,Snow
1996-05-15,52645.0,青海,野牛沟,38.41666666666666,99.58333333333331,3320.0,1996,5,15,2.1,normal,1.1,9.0,-2.0,0.73,0.42,682.9,683.5,682.2,2.9,,-0.9265419075037729,Snow
1996-05-16,52645.0,青海,野牛沟,38.41666666666666,99.58333333333331,3320.0,1996,5,16,0.3,normal,2.3,10.8,-2.7,0.68,0.33,684.4,685.7,683.0,4.9,,-0.2349075370054221,Snow
1996-05-17,52645.0,青海,野牛沟,38.41666666666666,99.58333333333331,3320.0,1996,5,17,0.2,normal,3.4,10.8,0.4,0.68,0.29,684.4,685.4,681.8,4.7,,0.7522097006859818,Snow
1996-05-18,52645.0,青海,野牛沟,38.41666666666666,99.58333333333331,3320.0,1996,5,18,1.1,normal,3.2,10.5,-2.2,0.55,0.18,684.6,686.5,683.1,6.0,,-0.559106273304022,Snow
1996-05-19,52645.0,青海,野牛沟,38.41666666666666,99.58333333333331,3320.0,1996,5,19,0.0,无,2.9,11.7,-6.2,0.48,0.18,684.7,685.5,683.2,5.8,,,无
1996-05-20,52645.0,青海,野牛沟,38.41666666666666,99.58333333333331,3320.0,1996,5,20,0.0,无,5.6,14.3,-3.9,0.53,0.23,683.0,684.9,680.9,6.1,,,无
1996-05-21,52645.0,青海,野牛沟,38.41666666666666,99.58333333333331,3320.0,1996,5,21,0.6,normal,3.3,11.3,-1.7,0.7,0.34,681.8,682.2,680.7,2.0,,0.8294118346863,Snow
1996-05-22,52645.0,青海,野牛沟,38.41666666666666,99.58333333333331,3320.0,1996,5,22,0.0,无,5.2,13.8,-4.1,0.52,0.19,683.3,684.5,681.7,6.6,,,无
1996-05-23,52645.0,青海,野牛沟,38.41666666666666,99.58333333333331,3320.0,1996,5,23,0.0,无,6.4,15.5,-1.2,0.47,0.22,683.0,684.2,681.7,6.6,,,无
1996-05-24,52645.0,青海,野牛沟,38.41666666666666,99.58333333333331,3320.0,1996,5,24,0.0,无,7.9,16.7,1.2,0.53,0.22,683.7,684.2,682.6,7.1,,,无
1996-05-25,52645.0,青海,野牛沟,38.41666666666666,99.58333333333331,3320.0,1996,5,25,0.0,无,7.2,17.3,-2.2,0.53,0.24,685.4,687.0,683.8,8.0,,,无
1996-05-26,52645.0,青海,野牛沟,38.41666666666666,99.58333333333331,3320.0,1996,5,26,0.0,无,10.1,16.9,1.1,0.4,0.26,685.0,686.3,683.5,9.3,,,无
1996-05-27,52645.0,青海,野牛沟,38.41666666666666,99.58333333333331,3320.0,1996,5,27,0.0,无,8.3,19.0,-3.2,0.4,0.15,684.0,685.9,681.5,8.7,,,无
1996-05-28,52645.0,青海,野牛沟,38.41666666666666,99.58333333333331,3320.0,1996,5,28,0.0,无,8.2,19.3,-3.4,0.43,0.13,680.1,682.7,676.7,9.5,,,无
1996-05-29,52645.0,青海,野牛沟,38.41666666666666,99.58333333333331,3320.0,1996,5,29,0.0,无,10.5,20.8,-1.7,0.38,0.15,676.3,677.8,674.0,9.8,,,无
1996-05-30,52645.0,青海,野牛沟,38.41666666666666,99.58333333333331,3320.0,1996,5,30,2.2,normal,8.1,18.1,0.4,0.52,0.21,677.9,679.2,675.0,7.1,,3.233522853111457,Rain
1996-05-31,52645.0,青海,野牛沟,38.41666666666666,99.58333333333331,3320.0,1996,5,31,5.8,normal,6.7,15.9,0.7,0.64,0.25,683.1,684.8,679.2,7.5,,3.30910017991497,Rain
1996-06-01,52645.0,青海,野牛沟,38.41666666666666,99.58333333333331,3320.0,1996,6,1,1.9,normal,5.7,14.3,-0.5,0.67,0.31,682.2,683.7,679.7,4.7,,2.713853424253263,Rain
1996-06-02,52645.0,青海,野牛沟,38.41666666666666,99.58333333333331,3320.0,1996,6,2,4.9,normal,3.3,8.7,0.2,0.82,0.55,681.7,683.1,679.4,3.0,,1.8411955298514249,Snow
1996-06-03,52645.0,青海,野牛沟,38.41666666666666,99.58333333333331,3320.0,1996,6,3,1.1,normal,5.2,8.7,2.4,0.75,0.56,680.9,682.5,680.2,2.9,,3.0034628769716454,Rain
1996-06-04,52645.0,青海,野牛沟,38.41666666666666,99.58333333333331,3320.0,1996,6,4,0.0,无,6.4,16.0,1.7,0.7,0.31,681.2,682.2,678.9,6.3,,,无
1996-06-05,52645.0,青海,野牛沟,38.41666666666666,99.58333333333331,3320.0,1996,6,5,9.4,normal,1.6,6.6,-1.7,0.87,0.62,681.2,683.0,678.4,0.6,,0.6194250048578942,Snow
1996-06-06,52645.0,青海,野牛沟,38.41666666666666,99.58333333333331,3320.0,1996,6,6,0.0,无,1.5,6.7,-4.4,0.64,0.41,684.6,685.2,683.0,3.4,,,无
1996-06-07,52645.0,青海,野牛沟,38.41666666666666,99.58333333333331,3320.0,1996,6,7,0.0,无,4.4,11.0,-2.3,0.6,0.27,685.4,686.4,684.0,5.4,,,无
1996-06-08,52645.0,青海,野牛沟,38.41666666666666,99.58333333333331,3320.0,1996,6,8,0.9,normal,4.5,9.9,-0.7,0.56,0.38,685.5,686.4,684.5,4.9,,0.6387838150683978,Snow
1996-06-09,52645.0,青海,野牛沟,38.41666666666666,99.58333333333331,3320.0,1996,6,9,0.0,无,4.6,12.6,-3.7,0.57,0.23,687.8,688.6,686.4,5.5,,,无
1996-06-10,52645.0,青海,野牛沟,38.41666666666666,99.58333333333331,3320.0,1996,6,10,0.0,无,5.8,14.2,-3.3,0.56,0.27,688.5,689.6,687.0,6.0,,,无
1996-06-11,52645.0,青海,野牛沟,38.41666666666666,99.58333333333331,3320.0,1996,6,11,0.0,无,6.2,14.1,-3.0,0.52,0.23,688.2,689.6,686.2,6.2,,,无
1996-06-12,52645.0,青海,野牛沟,38.41666666666666,99.58333333333331,3320.0,1996,6,12,0.0,无,8.1,17.4,-2.0,0.52,0.23,684.5,687.0,681.9,6.9,,,无
1996-06-13,52645.0,青海,野牛沟,38.41666666666666,99.58333333333331,3320.0,1996,6,13,0.0,无,9.7,20.1,-1.2,0.49,0.19,681.9,684.1,679.3,8.3,,,无
1996-06-14,52645.0,青海,野牛沟,38.41666666666666,99.58333333333331,3320.0,1996,6,14,0.0,无,9.8,16.4,2.5,0.59,0.28,679.9,681.1,679.2,5.9,,,无
1996-06-15,52645.0,青海,野牛沟,38.41666666666666,99.58333333333331,3320.0,1996,6,15,4.4,normal,7.4,16.2,-0.4,0.7,0.33,679.3,680.5,676.5,5.4,,4.526550640802678,Rain
1996-06-16,52645.0,青海,野牛沟,38.41666666666666,99.58333333333331,3320.0,1996,6,16,0.2,normal,8.9,16.7,3.3,0.71,0.33,681.0,682.4,679.9,5.1,,5.988360043284993,Rain
1996-06-17,52645.0,青海,野牛沟,38.41666666666666,99.58333333333331,3320.0,1996,6,17,5.4,normal,9.2,19.7,2.5,0.74,0.37,680.1,681.8,678.0,7.0,,6.57736103714877,Rain
1996-06-18,52645.0,青海,野牛沟,38.41666666666666,99.58333333333331,3320.0,1996,6,18,12.8,normal,6.7,12.4,2.6,0.79,0.69,680.4,682.0,679.2,5.3,,4.766515824594024,Rain
1996-06-19,52645.0,青海,野牛沟,38.41666666666666,99.58333333333331,3320.0,1996,6,19,0.0,无,6.0,10.3,2.9,0.49,0.23,682.8,683.6,680.9,5.2,,,无
1996-06-20,52645.0,青海,野牛沟,38.41666666666666,99.58333333333331,3320.0,1996,6,20,0.0,无,6.0,16.6,-4.8,0.46,0.17,682.6,684.4,680.0,6.8,,,无
1996-06-21,52645.0,青海,野牛沟,38.41666666666666,99.58333333333331,3320.0,1996,6,21,0.0,无,10.7,18.3,4.2,0.35,0.17,679.8,680.9,677.7,10.4,,,无
1996-06-22,52645.0,青海,野牛沟,38.41666666666666,99.58333333333331,3320.0,1996,6,22,1.3,normal,4.7,12.0,1.4,0.78,0.18,682.1,682.6,679.2,4.4,,2.811751688750621,Rain
1996-06-23,52645.0,青海,野牛沟,38.41666666666666,99.58333333333331,3320.0,1996,6,23,4.7,normal,4.5,7.8,2.9,0.85,0.67,682.6,683.0,681.8,1.6,,3.2350873064794827,Snow
1996-06-24,52645.0,青海,野牛沟,38.41666666666666,99.58333333333331,3320.0,1996,6,24,0.0,无,6.5,13.4,0.2,0.67,0.36,681.5,683.5,679.3,5.6,,,无
1996-06-25,52645.0,青海,野牛沟,38.41666666666666,99.58333333333331,3320.0,1996,6,25,3.4,normal,5.6,14.1,0.6,0.76,0.33,680.9,682.1,678.6,5.6,,3.4640694792169358,Rain
1996-06-26,52645.0,青海,野牛沟,38.41666666666666,99.58333333333331,3320.0,1996,6,26,0.0,无,6.8,16.0,-2.1,0.62,0.26,682.6,683.7,680.3,5.6,,,无
1996-06-27,52645.0,青海,野牛沟,38.41666666666666,99.58333333333331,3320.0,1996,6,27,10.1,normal,5.1,10.0,1.6,0.84,0.55,683.3,684.1,682.2,1.6,,3.720020419808283,Rain
1996-06-28,52645.0,青海,野牛沟,38.41666666666666,99.58333333333331,3320.0,1996,6,28,2.0,normal,5.4,11.8,-0.6,0.7,0.36,683.8,684.8,683.1,5.0,,2.730008017290415,Rain
1996-06-29,52645.0,青海,野牛沟,38.41666666666666,99.58333333333331,3320.0,1996,6,29,0.0,无,7.0,14.5,0.4,0.66,0.37,682.2,684.4,680.0,4.9,,,无
1996-06-30,52645.0,青海,野牛沟,38.41666666666666,99.58333333333331,3320.0,1996,6,30,0.1,normal,9.5,18.5,0.7,0.61,0.27,679.3,681.5,677.0,7.4,,5.427091928244816,Rain
1996-07-01,52645.0,青海,野牛沟,38.41666666666666,99.58333333333331,3320.0,1996,7,1,5.5,normal,8.2,14.6,5.1,0.75,0.38,679.6,680.4,677.2,3.5,,5.762158086561606,Rain
1996-07-02,52645.0,青海,野牛沟,38.41666666666666,99.58333333333331,3320.0,1996,7,2,17.5,normal,4.5,12.8,0.4,0.85,0.57,682.9,684.5,680.4,4.2,,3.235337859677858,Snow
1996-07-03,52645.0,青海,野牛沟,38.41666666666666,99.58333333333331,3320.0,1996,7,3,4.5,normal,7.5,16.9,1.7,0.77,0.38,685.1,686.3,682.7,5.7,,5.323471791478309,Rain
1996-07-04,52645.0,青海,野牛沟,38.41666666666666,99.58333333333331,3320.0,1996,7,4,2.8,normal,9.9,16.6,5.3,0.73,0.46,684.1,685.7,682.1,5.7,,7.1168235827752335,Rain
1996-07-05,52645.0,青海,野牛沟,38.41666666666666,99.58333333333331,3320.0,1996,7,5,0.0,无,10.7,19.7,3.2,0.67,0.38,681.9,683.9,678.6,7.1,,,无
1996-07-06,52645.0,青海,野牛沟,38.41666666666666,99.58333333333331,3320.0,1996,7,6,5.5,normal,9.3,15.8,7.2,0.7,0.43,680.7,681.9,679.4,2.9,,6.242590189574622,Rain
1996-07-07,52645.0,青海,野牛沟,38.41666666666666,99.58333333333331,3320.0,1996,7,7,0.1,normal,9.1,14.6,5.7,0.8,0.59,683.9,684.5,681.9,3.5,,7.11530860129169,Rain
1996-07-08,52645.0,青海,野牛沟,38.41666666666666,99.58333333333331,3320.0,1996,7,8,14.9,normal,7.9,11.5,6.4,0.82,0.59,687.3,688.3,683.9,1.4,,6.190705283794995,Rain
1996-07-09,52645.0,青海,野牛沟,38.41666666666666,99.58333333333331,3320.0,1996,7,9,0.0,无,10.0,14.7,4.2,0.65,0.34,686.7,688.1,685.2,5.8,,,无
1996-07-10,52645.0,青海,野牛沟,38.41666666666666,99.58333333333331,3320.0,1996,7,10,0.7,normal,6.6,13.3,2.0,0.69,0.38,685.4,686.4,684.3,4.5,,3.7184000503857417,Rain
1996-07-11,52645.0,青海,野牛沟,38.41666666666666,99.58333333333331,3320.0,1996,7,11,0.0,无,7.9,16.2,-0.7,0.62,0.29,682.1,684.3,680.3,5.4,,,无
1996-07-12,52645.0,青海,野牛沟,38.41666666666666,99.58333333333331,3320.0,1996,7,12,0.0,无,9.2,17.6,0.2,0.59,0.22,680.8,682.0,678.6,6.2,,,无
1996-07-13,52645.0,青海,野牛沟,38.41666666666666,99.58333333333331,3320.0,1996,7,13,0.0,无,10.1,18.6,0.8,0.62,0.31,679.8,681.0,678.4,6.3,,,无
1996-07-14,52645.0,青海,野牛沟,38.41666666666666,99.58333333333331,3320.0,1996,7,14,0.4,normal,10.6,17.7,4.7,0.65,0.34,680.2,680.9,679.0,5.1,,6.845576663029012,Rain
1996-07-15,52645.0,青海,野牛沟,38.41666666666666,99.58333333333331,3320.0,1996,7,15,0.0,无,11.0,16.3,7.1,0.63,0.34,681.1,681.7,680.6,6.6,,,无
1996-07-16,52645.0,青海,野牛沟,38.41666666666666,99.58333333333331,3320.0,1996,7,16,0.0,无,10.3,19.5,0.9,0.6,0.28,681.6,683.4,679.0,7.8,,,无
1996-07-17,52645.0,青海,野牛沟,38.41666666666666,99.58333333333331,3320.0,1996,7,17,0.0,无,10.8,18.6,2.7,0.63,0.33,681.2,681.8,679.2,7.0,,,无
1996-07-18,52645.0,青海,野牛沟,38.41666666666666,99.58333333333331,3320.0,1996,7,18,0.0,无,10.1,18.4,2.0,0.68,0.38,682.3,683.0,680.2,5.4,,,无
1996-07-19,52645.0,青海,野牛沟,38.41666666666666,99.58333333333331,3320.0,1996,7,19,0.0,无,10.0,19.5,1.6,0.69,0.37,682.3,683.5,680.4,6.7,,,无
1996-07-20,52645.0,青海,野牛沟,38.41666666666666,99.58333333333331,3320.0,1996,7,20,0.0,无,10.6,19.6,1.3,0.65,0.34,682.6,683.6,681.2,6.6,,,无
1996-07-21,52645.0,青海,野牛沟,38.41666666666666,99.58333333333331,3320.0,1996,7,21,0.0,无,11.3,20.2,2.8,0.65,0.29,682.4,683.9,680.2,7.4,,,无
1996-07-22,52645.0,青海,野牛沟,38.41666666666666,99.58333333333331,3320.0,1996,7,22,0.5,normal,13.9,20.5,9.2,0.65,0.37,680.8,681.9,679.4,6.8,,9.75996718838282,Rain
1996-07-23,52645.0,青海,野牛沟,38.41666666666666,99.58333333333331,3320.0,1996,7,23,4.9,normal,11.2,15.8,9.9,0.86,0.52,681.1,681.6,679.9,1.6,,9.734221346746232,Rain
1996-07-24,52645.0,青海,野牛沟,38.41666666666666,99.58333333333331,3320.0,1996,7,24,1.2,normal,11.4,19.5,4.9,0.75,0.49,681.4,682.2,679.5,6.0,,8.709038412733086,Rain
1996-07-25,52645.0,青海,野牛沟,38.41666666666666,99.58333333333331,3320.0,1996,7,25,0.0,无,11.9,14.7,9.2,0.76,0.57,682.0,682.5,681.5,3.0,,,无
1996-07-26,52645.0,青海,野牛沟,38.41666666666666,99.58333333333331,3320.0,1996,7,26,0.9,normal,11.4,14.5,8.9,0.85,0.7,680.8,682.9,679.0,3.1,,9.817071835384418,Rain
1996-07-27,52645.0,青海,野牛沟,38.41666666666666,99.58333333333331,3320.0,1996,7,27,31.1,normal,11.1,16.1,7.9,0.79,0.5,681.1,682.3,679.1,4.4,,8.877174565362406,Rain
1996-07-28,52645.0,青海,野牛沟,38.41666666666666,99.58333333333331,3320.0,1996,7,28,9.2,normal,10.3,17.0,4.6,0.72,0.37,682.2,683.5,680.3,5.9,,7.368731535826245,Rain
1996-07-29,52645.0,青海,野牛沟,38.41666666666666,99.58333333333331,3320.0,1996,7,29,9.0,normal,8.2,16.1,3.6,0.82,0.44,683.4,684.4,681.5,5.1,,6.469976229057104,Rain
1996-07-30,52645.0,青海,野牛沟,38.41666666666666,99.58333333333331,3320.0,1996,7,30,16.4,normal,9.1,14.6,2.5,0.75,0.55,682.7,684.7,680.7,5.4,,6.594708956240312,Rain
1996-07-31,52645.0,青海,野牛沟,38.41666666666666,99.58333333333331,3320.0,1996,7,31,2.8,normal,8.7,12.0,6.0,0.64,0.41,682.9,683.5,681.4,4.2,,5.067111756740839,Rain
1996-08-01,52645.0,青海,野牛沟,38.41666666666666,99.58333333333331,3320.0,1996,8,1,0.0,无,7.7,17.1,-1.0,0.66,0.29,685.1,685.8,683.5,6.6,,,无
1996-08-02,52645.0,青海,野牛沟,38.41666666666666,99.58333333333331,3320.0,1996,8,2,0.0,无,10.5,20.2,0.3,0.61,0.28,683.9,685.3,681.3,7.1,,,无
1996-08-03,52645.0,青海,野牛沟,38.41666666666666,99.58333333333331,3320.0,1996,8,3,0.0,无,11.8,22.2,1.0,0.6,0.18,682.8,684.2,681.3,7.3,,,无
1996-08-04,52645.0,青海,野牛沟,38.41666666666666,99.58333333333331,3320.0,1996,8,4,0.0,无,11.8,21.6,2.7,0.59,0.21,683.1,684.4,681.4,8.0,,,无
1996-08-05,52645.0,青海,野牛沟,38.41666666666666,99.58333333333331,3320.0,1996,8,5,2.1,normal,11.3,20.8,5.3,0.75,0.41,683.1,683.8,681.2,7.3,,8.619490731234013,Rain
1996-08-06,52645.0,青海,野牛沟,38.41666666666666,99.58333333333331,3320.0,1996,8,6,23.5,normal,10.3,13.9,8.2,0.87,0.7,682.6,684.2,680.9,4.4,,8.977928694639562,Rain
1996-08-07,52645.0,青海,野牛沟,38.41666666666666,99.58333333333331,3320.0,1996,8,7,0.0,无,9.1,12.0,7.7,0.87,0.67,682.8,683.5,682.0,2.7,,,无
1996-08-08,52645.0,青海,野牛沟,38.41666666666666,99.58333333333331,3320.0,1996,8,8,2.0,normal,8.1,16.8,2.7,0.85,0.46,683.2,683.9,681.5,4.0,,6.670179194164301,Rain
1996-08-09,52645.0,青海,野牛沟,38.41666666666666,99.58333333333331,3320.0,1996,8,9,2.3,normal,11.3,17.5,6.0,0.7,0.4,683.4,684.2,682.2,5.7,,8.051035951892938,Rain
1996-08-10,52645.0,青海,野牛沟,38.41666666666666,99.58333333333331,3320.0,1996,8,10,8.1,normal,7.9,13.6,5.2,0.77,0.46,686.8,687.8,683.3,5.3,,5.696559432871555,Rain
1996-08-11,52645.0,青海,野牛沟,38.41666666666666,99.58333333333331,3320.0,1996,8,11,0.0,无,9.0,19.3,0.5,0.66,0.21,687.7,688.8,685.7,6.4,,,无
1996-08-12,52645.0,青海,野牛沟,38.41666666666666,99.58333333333331,3320.0,1996,8,12,0.0,无,10.9,16.6,6.7,0.61,0.29,687.1,688.5,685.3,5.9,,,无
1996-08-13,52645.0,青海,野牛沟,38.41666666666666,99.58333333333331,3320.0,1996,8,13,0.0,无,10.1,18.5,1.4,0.57,0.27,684.9,686.7,682.0,6.7,,,无
1996-08-14,52645.0,青海,野牛沟,38.41666666666666,99.58333333333331,3320.0,1996,8,14,0.0,无,10.1,17.1,3.1,0.63,0.25,682.3,683.6,681.4,5.0,,,无
1996-08-15,52645.0,青海,野牛沟,38.41666666666666,99.58333333333331,3320.0,1996,8,15,0.0,无,10.6,21.4,1.4,0.61,0.22,682.2,683.3,680.9,6.5,,,无
1996-08-16,52645.0,青海,野牛沟,38.41666666666666,99.58333333333331,3320.0,1996,8,16,0.0,无,13.3,23.1,3.8,0.56,0.17,681.8,683.3,679.9,8.4,,,无
1996-08-17,52645.0,青海,野牛沟,38.41666666666666,99.58333333333331,3320.0,1996,8,17,2.2,normal,11.3,19.7,6.0,0.7,0.33,682.1,682.7,680.0,4.4,,8.048689757778323,Rain
1996-08-18,52645.0,青海,野牛沟,38.41666666666666,99.58333333333331,3320.0,1996,8,18,22.6,normal,9.6,12.5,8.3,0.88,0.67,683.7,684.4,682.4,2.1,,8.407933385643197,Rain
1996-08-19,52645.0,青海,野牛沟,38.41666666666666,99.58333333333331,3320.0,1996,8,19,3.3,normal,7.9,10.4,5.5,0.89,0.74,683.4,685.1,682.1,0.9,,6.8653411137851394,Rain
1996-08-20,52645.0,青海,野牛沟,38.41666666666666,99.58333333333331,3320.0,1996,8,20,3.3,normal,11.5,18.0,8.1,0.87,0.59,681.4,682.5,680.0,3.1,,10.130075503330843,Rain
1996-08-21,52645.0,青海,野牛沟,38.41666666666666,99.58333333333331,3320.0,1996,8,21,11.1,normal,11.5,15.5,8.9,0.85,0.73,683.0,684.0,680.3,4.7,,9.914330242461102,Rain
1996-08-22,52645.0,青海,野牛沟,38.41666666666666,99.58333333333331,3320.0,1996,8,22,33.1,normal,10.5,14.9,7.2,0.89,0.74,683.7,685.4,682.0,4.7,,9.379594436651729,Rain
1996-08-23,52645.0,青海,野牛沟,38.41666666666666,99.58333333333331,3320.0,1996,8,23,6.6,normal,11.2,16.5,8.7,0.88,0.64,682.7,684.4,681.4,4.3,,9.949573709376146,Rain
1996-08-24,52645.0,青海,野牛沟,38.41666666666666,99.58333333333331,3320.0,1996,8,24,6.2,normal,9.3,13.1,7.5,0.85,0.68,682.5,683.4,681.6,2.2,,7.814482039245525,Rain
1996-08-25,52645.0,青海,野牛沟,38.41666666666666,99.58333333333331,3320.0,1996,8,25,5.3,normal,8.2,10.4,6.3,0.79,0.64,684.6,685.1,683.4,1.2,,6.172564093758548,Rain
1996-08-26,52645.0,青海,野牛沟,38.41666666666666,99.58333333333331,3320.0,1996,8,26,6.5,normal,7.9,15.2,3.7,0.8,0.45,686.0,686.5,684.3,4.8,,5.992839874517135,Rain
1996-08-27,52645.0,青海,野牛沟,38.41666666666666,99.58333333333331,3320.0,1996,8,27,4.5,normal,7.4,13.2,3.0,0.79,0.53,687.1,687.6,685.3,2.9,,5.4284035421829335,Rain
1996-08-28,52645.0,青海,野牛沟,38.41666666666666,99.58333333333331,3320.0,1996,8,28,1.0,normal,6.8,13.2,1.4,0.75,0.38,687.0,688.7,684.8,3.7,,4.484930092803565,Rain
1996-08-29,52645.0,青海,野牛沟,38.41666666666666,99.58333333333331,3320.0,1996,8,29,0.0,无,6.2,13.5,1.0,0.7,0.29,685.4,687.0,683.7,5.4,,,无
1996-08-30,52645.0,青海,野牛沟,38.41666666666666,99.58333333333331,3320.0,1996,8,30,0.0,无,8.4,18.6,-0.5,0.63,0.26,682.4,684.7,680.0,5.6,,,无
1996-08-31,52645.0,青海,野牛沟,38.41666666666666,99.58333333333331,3320.0,1996,8,31,4.3,normal,6.4,17.1,1.2,0.79,0.4,683.1,685.0,680.5,4.5,,4.489567345817531,Rain
1996-09-01,52645.0,青海,野牛沟,38.41666666666666,99.58333333333331,3320.0,1996,9,1,13.5,normal,1.8,5.2,-0.1,0.9,0.77,686.8,687.8,685.0,0.4,,1.0454933389501653,Snow
1996-09-02,52645.0,青海,野牛沟,38.41666666666666,99.58333333333331,3320.0,1996,9,2,0.5,normal,4.2,11.1,-0.3,0.76,0.4,685.5,687.9,682.5,3.8,,2.17666259224798,Rain
1996-09-03,52645.0,青海,野牛沟,38.41666666666666,99.58333333333331,3320.0,1996,9,3,0.0,无,5.9,15.8,-1.6,0.68,0.22,682.8,684.7,680.5,4.5,,,无
1996-09-04,52645.0,青海,野牛沟,38.41666666666666,99.58333333333331,3320.0,1996,9,4,1.2,normal,4.3,11.0,1.9,0.78,0.44,683.8,684.9,681.2,2.9,,2.4414582235953075,Rain
1996-09-05,52645.0,青海,野牛沟,38.41666666666666,99.58333333333331,3320.0,1996,9,5,0.0,无,5.3,12.4,-0.1,0.73,0.31,684.4,685.9,682.7,3.6,,,无
1996-09-06,52645.0,青海,野牛沟,38.41666666666666,99.58333333333331,3320.0,1996,9,6,3.4,normal,3.7,9.7,-0.3,0.85,0.55,683.2,683.8,682.0,2.0,,2.47217240313812,Snow
1996-09-07,52645.0,青海,野牛沟,38.41666666666666,99.58333333333331,3320.0,1996,9,7,0.0,无,5.0,9.1,1.4,0.75,0.51,683.8,685.2,682.3,2.8,,,无
1996-09-08,52645.0,青海,野牛沟,38.41666666666666,99.58333333333331,3320.0,1996,9,8,0.0,无,4.7,12.0,-2.3,0.66,0.27,685.0,686.7,682.8,3.3,,,无
1996-09-09,52645.0,青海,野牛沟,38.41666666666666,99.58333333333331,3320.0,1996,9,9,0.0,无,5.1,14.4,-2.1,0.64,0.24,685.3,686.6,683.8,4.3,,,无
1996-09-10,52645.0,青海,野牛沟,38.41666666666666,99.58333333333331,3320.0,1996,9,10,0.0,无,6.0,15.2,-1.5,0.6,0.21,683.7,685.5,680.8,5.1,,,无
1996-09-11,52645.0,青海,野牛沟,38.41666666666666,99.58333333333331,3320.0,1996,9,11,0.0,无,5.4,14.7,-2.4,0.58,0.15,684.9,686.6,681.9,4.5,,,无
1996-09-12,52645.0,青海,野牛沟,38.41666666666666,99.58333333333331,3320.0,1996,9,12,0.0,无,5.6,14.9,-2.4,0.58,0.21,686.4,687.9,684.3,4.6,,,无
1996-09-13,52645.0,青海,野牛沟,38.41666666666666,99.58333333333331,3320.0,1996,9,13,0.0,无,6.3,16.0,-2.7,0.57,0.18,684.5,685.9,681.8,5.2,,,无
1996-09-14,52645.0,青海,野牛沟,38.41666666666666,99.58333333333331,3320.0,1996,9,14,0.0,无,4.7,14.2,-2.7,0.62,0.21,682.4,683.7,679.7,4.9,,,无
1996-09-15,52645.0,青海,野牛沟,38.41666666666666,99.58333333333331,3320.0,1996,9,15,0.0,无,4.0,13.5,-4.0,0.68,0.15,683.1,684.9,680.8,3.8,,,无
1996-09-16,52645.0,青海,野牛沟,38.41666666666666,99.58333333333331,3320.0,1996,9,16,0.0,无,7.6,14.2,4.5,0.56,0.26,681.6,682.8,679.7,5.3,,,无
1996-09-17,52645.0,青海,野牛沟,38.41666666666666,99.58333333333331,3320.0,1996,9,17,0.0,无,4.0,13.7,-4.7,0.59,0.2,681.2,682.3,678.9,4.0,,,无
1996-09-18,52645.0,青海,野牛沟,38.41666666666666,99.58333333333331,3320.0,1996,9,18,0.0,无,5.0,13.0,-0.8,0.69,0.23,683.2,684.6,680.7,4.6,,,无
1996-09-19,52645.0,青海,野牛沟,38.41666666666666,99.58333333333331,3320.0,1996,9,19,0.0,无,4.2,12.2,-4.0,0.59,0.27,683.2,684.2,682.0,3.6,,,无
1996-09-20,52645.0,青海,野牛沟,38.41666666666666,99.58333333333331,3320.0,1996,9,20,0.0,无,3.9,13.0,-4.2,0.62,0.27,684.2,685.3,682.8,3.3,,,无
1996-09-21,52645.0,青海,野牛沟,38.41666666666666,99.58333333333331,3320.0,1996,9,21,0.0,无,4.4,15.3,-4.8,0.6,0.12,686.1,687.1,683.9,4.7,,,无
1996-09-22,52645.0,青海,野牛沟,38.41666666666666,99.58333333333331,3320.0,1996,9,22,0.0,无,3.6,16.4,-6.2,0.52,0.1,687.3,688.8,684.9,4.6,,,无
1996-09-23,52645.0,青海,野牛沟,38.41666666666666,99.58333333333331,3320.0,1996,9,23,0.0,无,3.8,16.7,-6.7,0.52,0.13,686.9,688.3,684.6,5.3,,,无
1996-09-24,52645.0,青海,野牛沟,38.41666666666666,99.58333333333331,3320.0,1996,9,24,0.0,无,3.6,14.3,-6.0,0.49,0.1,687.7,688.8,686.1,3.6,,,无
1996-09-25,52645.0,青海,野牛沟,38.41666666666666,99.58333333333331,3320.0,1996,9,25,0.0,无,5.0,13.9,-3.4,0.57,0.22,686.4,688.3,683.4,5.2,,,无
1996-09-26,52645.0,青海,野牛沟,38.41666666666666,99.58333333333331,3320.0,1996,9,26,0.0,无,4.7,15.0,-4.7,0.59,0.16,683.3,684.4,681.5,4.7,,,无
1996-09-27,52645.0,青海,野牛沟,38.41666666666666,99.58333333333331,3320.0,1996,9,27,0.0,无,5.1,13.9,-0.4,0.59,0.23,684.2,685.3,682.4,4.6,,,无
1996-09-28,52645.0,青海,野牛沟,38.41666666666666,99.58333333333331,3320.0,1996,9,28,2.1,normal,4.9,11.6,1.1,0.76,0.29,684.5,685.4,682.4,4.3,,2.8222738750901533,Rain
1996-09-29,52645.0,青海,野牛沟,38.41666666666666,99.58333333333331,3320.0,1996,9,29,1.6,normal,3.9,13.3,-1.0,0.77,0.2,685.6,687.0,683.1,3.5,,1.9854555736037005,Rain
1996-09-30,52645.0,青海,野牛沟,38.41666666666666,99.58333333333331,3320.0,1996,9,30,3.8,normal,0.7,6.3,-1.3,0.89,0.62,685.9,687.4,684.2,2.2,,-0.095672821192756,Snow
1996-10-01,52645.0,青海,野牛沟,38.41666666666666,99.58333333333331,3320.0,1996,10,1,0.0,无,0.9,13.2,-7.7,0.57,0.13,686.8,688.7,684.4,3.0,,,无
1996-10-02,52645.0,青海,野牛沟,38.41666666666666,99.58333333333331,3320.0,1996,10,2,0.0,无,1.7,14.6,-7.7,0.55,0.1,684.4,686.5,682.1,3.9,,,无
1996-10-03,52645.0,青海,野牛沟,38.41666666666666,99.58333333333331,3320.0,1996,10,3,0.0,无,3.8,16.6,-5.6,0.58,0.24,681.0,683.7,676.9,5.5,,,无
1996-10-04,52645.0,青海,野牛沟,38.41666666666666,99.58333333333331,3320.0,1996,10,4,2.8,normal,-1.7,8.1,-3.8,0.79,0.42,682.2,683.5,678.1,1.1,,-3.089499295458107,Snow
1996-10-05,52645.0,青海,野牛沟,38.41666666666666,99.58333333333331,3320.0,1996,10,5,2.0,normal,-3.6,2.9,-8.6,0.73,0.39,682.4,685.0,679.3,2.2,,-5.2452400007260325,Snow
1996-10-06,52645.0,青海,野牛沟,38.41666666666666,99.58333333333331,3320.0,1996,10,6,0.0,无,-0.2,4.1,-3.4,0.59,0.29,681.2,682.1,679.9,1.9,,,无
1996-10-07,52645.0,青海,野牛沟,38.41666666666666,99.58333333333331,3320.0,1996,10,7,0.8,normal,-0.3,5.6,-3.0,0.74,0.34,683.3,684.2,681.6,2.6,,-2.1368663952665967,Snow
1996-10-08,52645.0,青海,野牛沟,38.41666666666666,99.58333333333331,3320.0,1996,10,8,0.0,无,-0.7,8.6,-7.6,0.7,0.34,684.3,685.6,682.3,1.6,,,无
1996-10-09,52645.0,青海,野牛沟,38.41666666666666,99.58333333333331,3320.0,1996,10,9,3.5,normal,-1.6,5.3,-6.7,0.76,0.34,684.5,685.6,683.4,2.9,,-3.1967455364684527,Snow
1996-10-10,52645.0,青海,野牛沟,38.41666666666666,99.58333333333331,3320.0,1996,10,10,0.0,无,-1.5,7.5,-7.0,0.67,0.2,684.1,685.0,682.3,2.5,,,无
1996-10-11,52645.0,青海,野牛沟,38.41666666666666,99.58333333333331,3320.0,1996,10,11,0.0,无,-1.7,7.5,-7.8,0.77,0.29,684.9,685.5,683.0,2.0,,,无
1996-10-12,52645.0,青海,野牛沟,38.41666666666666,99.58333333333331,3320.0,1996,10,12,0.4,normal,-2.0,6.2,-9.1,0.68,0.2,686.6,687.6,685.5,1.8,,-4.103113924166082,Snow
1996-10-13,52645.0,青海,野牛沟,38.41666666666666,99.58333333333331,3320.0,1996,10,13,0.0,无,-2.7,7.7,-9.9,0.59,0.17,687.5,688.6,685.9,2.3,,,无
1996-10-14,52645.0,青海,野牛沟,38.41666666666666,99.58333333333331,3320.0,1996,10,14,0.0,无,-2.4,10.6,-11.1,0.55,0.13,685.8,687.6,683.0,2.4,,,无
1996-10-15,52645.0,青海,野牛沟,38.41666666666666,99.58333333333331,3320.0,1996,10,15,0.7,normal,-3.4,2.0,-7.6,0.9,0.33,682.8,684.3,681.2,0.7,,-4.006179372931613,Snow
1996-10-16,52645.0,青海,野牛沟,38.41666666666666,99.58333333333331,3320.0,1996,10,16,1.8,normal,-3.1,5.8,-10.0,0.71,0.29,683.5,684.7,682.4,1.5,,-4.910810584990952,Snow
1996-10-17,52645.0,青海,野牛沟,38.41666666666666,99.58333333333331,3320.0,1996,10,17,0.0,无,-1.6,9.6,-9.5,0.62,0.23,683.9,685.4,682.8,2.0,,,无
1996-10-18,52645.0,青海,野牛沟,38.41666666666666,99.58333333333331,3320.0,1996,10,18,0.0,无,-0.2,12.5,-9.2,0.58,0.15,683.9,685.6,681.3,2.6,,,无
1996-10-19,52645.0,青海,野牛沟,38.41666666666666,99.58333333333331,3320.0,1996,10,19,0.0,无,0.7,10.6,-7.0,0.56,0.23,682.2,682.5,680.8,3.1,,,无
1996-10-20,52645.0,青海,野牛沟,38.41666666666666,99.58333333333331,3320.0,1996,10,20,0.0,无,-0.3,12.1,-10.7,0.57,0.25,679.8,683.7,675.4,3.3,,,无
1996-10-21,52645.0,青海,野牛沟,38.41666666666666,99.58333333333331,3320.0,1996,10,21,0.0,无,-1.6,8.3,-8.0,0.75,0.32,679.4,681.7,676.5,3.0,,,无
1996-10-22,52645.0,青海,野牛沟,38.41666666666666,99.58333333333331,3320.0,1996,10,22,2.8,normal,-4.8,-0.5,-6.5,0.93,0.75,684.5,687.5,681.7,0.5,,-5.195685460661736,Snow
1996-10-23,52645.0,青海,野牛沟,38.41666666666666,99.58333333333331,3320.0,1996,10,23,0.0,无,-10.6,-5.6,-14.9,0.84,0.66,686.4,688.4,684.6,1.2,,,无
1996-10-24,52645.0,青海,野牛沟,38.41666666666666,99.58333333333331,3320.0,1996,10,24,0.0,无,-10.7,-0.1,-17.9,0.72,0.43,686.4,687.7,684.9,1.4,,,无
1996-10-25,52645.0,青海,野牛沟,38.41666666666666,99.58333333333331,3320.0,1996,10,25,0.0,无,-9.7,0.1,-16.4,0.7,0.32,689.1,691.3,686.6,1.5,,,无
1996-10-26,52645.0,青海,野牛沟,38.41666666666666,99.58333333333331,3320.0,1996,10,26,0.0,无,-9.8,1.6,-17.9,0.7,0.32,685.0,689.2,680.8,1.8,,,无
1996-10-27,52645.0,青海,野牛沟,38.41666666666666,99.58333333333331,3320.0,1996,10,27,0.0,无,-7.8,4.6,-17.2,0.7,0.27,680.2,682.0,678.2,2.1,,,无
1996-10-28,52645.0,青海,野牛沟,38.41666666666666,99.58333333333331,3320.0,1996,10,28,0.0,无,-3.4,8.4,-14.7,0.59,0.19,680.4,681.9,678.6,2.5,,,无
1996-10-29,52645.0,青海,野牛沟,38.41666666666666,99.58333333333331,3320.0,1996,10,29,0.0,无,-5.2,7.5,-14.1,0.63,0.23,681.5,683.7,679.0,2.6,,,无
1996-10-30,52645.0,青海,野牛沟,38.41666666666666,99.58333333333331,3320.0,1996,10,30,0.0,无,-4.8,6.7,-13.9,0.64,0.18,680.8,682.2,678.9,2.4,,,无
1996-10-31,52645.0,青海,野牛沟,38.41666666666666,99.58333333333331,3320.0,1996,10,31,4.0,normal,-2.9,2.4,-5.7,0.71,0.54,681.9,683.0,679.8,0.9,,-4.730370085249143,Snow
1996-11-01,52645.0,青海,野牛沟,38.41666666666666,99.58333333333331,3320.0,1996,11,1,2.9,normal,-11.6,-5.7,-14.5,0.85,0.72,681.6,682.9,679.7,1.8,,-12.193889546900266,Snow
1996-11-02,52645.0,青海,野牛沟,38.41666666666666,99.58333333333331,3320.0,1996,11,2,0.0,无,-12.0,0.5,-19.0,0.79,0.51,682.2,683.9,680.7,0.8,,,无
1996-11-03,52645.0,青海,野牛沟,38.41666666666666,99.58333333333331,3320.0,1996,11,3,0.5,normal,-8.4,-1.8,-15.5,0.81,0.49,681.1,682.8,680.2,0.9,,-9.30333617389341,Snow
1996-11-04,52645.0,青海,野牛沟,38.41666666666666,99.58333333333331,3320.0,1996,11,4,0.0,无,-8.3,3.0,-15.5,0.63,0.38,681.5,682.7,680.2,1.1,,,无
1996-11-05,52645.0,青海,野牛沟,38.41666666666666,99.58333333333331,3320.0,1996,11,5,0.6,normal,-7.7,-0.6,-13.6,0.76,0.46,683.4,684.0,681.6,1.2,,-8.885584884924004,Snow
1996-11-06,52645.0,青海,野牛沟,38.41666666666666,99.58333333333331,3320.0,1996,11,6,1.4,normal,-6.8,-1.6,-11.9,0.85,0.64,682.0,684.1,680.7,1.4,,-7.573505717406088,Snow
1996-11-07,52645.0,青海,野牛沟,38.41666666666666,99.58333333333331,3320.0,1996,11,7,0.3,normal,-7.1,0.4,-13.2,0.8,0.55,681.9,682.9,680.4,1.1,,-8.118734850818615,Snow
1996-11-08,52645.0,青海,野牛沟,38.41666666666666,99.58333333333331,3320.0,1996,11,8,0.3,normal,-9.5,0.5,-18.0,0.68,0.37,681.5,682.3,679.8,1.2,,-10.941021755618724,Snow
1996-11-09,52645.0,青海,野牛沟,38.41666666666666,99.58333333333331,3320.0,1996,11,9,0.0,无,-9.5,2.3,-17.8,0.63,0.29,680.3,682.3,678.0,1.7,,,无
1996-11-10,52645.0,青海,野牛沟,38.41666666666666,99.58333333333331,3320.0,1996,11,10,0.0,无,-8.3,3.4,-17.2,0.63,0.25,678.6,679.5,677.0,1.8,,,无
1996-11-11,52645.0,青海,野牛沟,38.41666666666666,99.58333333333331,3320.0,1996,11,11,0.0,无,-8.1,2.3,-16.7,0.59,0.27,679.3,680.2,678.1,1.7,,,无
1996-11-12,52645.0,青海,野牛沟,38.41666666666666,99.58333333333331,3320.0,1996,11,12,0.0,无,-10.5,-0.4,-17.5,0.76,0.43,680.8,682.0,679.6,0.7,,,无
1996-11-13,52645.0,青海,野牛沟,38.41666666666666,99.58333333333331,3320.0,1996,11,13,0.0,无,-11.1,0.4,-18.0,0.75,0.38,680.1,681.3,677.7,1.2,,,无
1996-11-14,52645.0,青海,野牛沟,38.41666666666666,99.58333333333331,3320.0,1996,11,14,0.0,无,-11.6,-1.2,-19.2,0.73,0.45,681.1,682.5,678.7,1.1,,,无
1996-11-15,52645.0,青海,野牛沟,38.41666666666666,99.58333333333331,3320.0,1996,11,15,0.3,normal,-10.7,-3.5,-16.4,0.78,0.48,682.7,684.9,681.2,0.9,,-11.619669938665652,Snow
1996-11-16,52645.0,青海,野牛沟,38.41666666666666,99.58333333333331,3320.0,1996,11,16,0.1,normal,-13.0,-7.1,-18.9,0.74,0.34,683.8,685.3,681.0,1.0,,-13.948068405090567,Snow
1996-11-17,52645.0,青海,野牛沟,38.41666666666666,99.58333333333331,3320.0,1996,11,17,0.0,无,-15.0,-6.3,-23.0,0.54,0.3,686.0,688.5,683.9,1.3,,,无
1996-11-18,52645.0,青海,野牛沟,38.41666666666666,99.58333333333331,3320.0,1996,11,18,0.0,无,-15.1,-3.2,-23.4,0.66,0.37,683.5,686.2,680.6,0.8,,,无
1996-11-19,52645.0,青海,野牛沟,38.41666666666666,99.58333333333331,3320.0,1996,11,19,0.0,无,-13.3,-5.1,-19.5,0.68,0.42,684.7,686.1,682.4,1.2,,,无
1996-11-20,52645.0,青海,野牛沟,38.41666666666666,99.58333333333331,3320.0,1996,11,20,0.0,无,-14.9,-2.8,-23.0,0.62,0.29,685.2,687.3,682.3,0.9,,,无
1996-11-21,52645.0,青海,野牛沟,38.41666666666666,99.58333333333331,3320.0,1996,11,21,0.0,无,-15.7,-5.7,-23.2,0.64,0.35,684.0,685.9,682.2,0.9,,,无
1996-11-22,52645.0,青海,野牛沟,38.41666666666666,99.58333333333331,3320.0,1996,11,22,0.0,无,-16.0,-4.6,-24.0,0.63,0.37,682.5,683.7,681.1,1.1,,,无
1996-11-23,52645.0,青海,野牛沟,38.41666666666666,99.58333333333331,3320.0,1996,11,23,0.0,无,-15.0,-4.3,-23.6,0.7,0.38,680.3,682.0,678.5,1.2,,,无
1996-11-24,52645.0,青海,野牛沟,38.41666666666666,99.58333333333331,3320.0,1996,11,24,0.0,无,-15.3,-4.3,-23.5,0.7,0.4,678.0,681.2,674.8,0.9,,,无
1996-11-25,52645.0,青海,野牛沟,38.41666666666666,99.58333333333331,3320.0,1996,11,25,0.0,无,-14.0,-5.7,-22.6,0.6,0.35,675.9,677.1,674.1,1.3,,,无
1996-11-26,52645.0,青海,野牛沟,38.41666666666666,99.58333333333331,3320.0,1996,11,26,0.0,无,-13.0,-4.7,-19.0,0.52,0.26,679.6,681.9,676.0,1.6,,,无
1996-11-27,52645.0,青海,野牛沟,38.41666666666666,99.58333333333331,3320.0,1996,11,27,0.0,无,-15.1,-4.7,-24.0,0.61,0.37,675.7,678.9,673.0,1.1,,,无
1996-11-28,52645.0,青海,野牛沟,38.41666666666666,99.58333333333331,3320.0,1996,11,28,0.0,无,-16.6,-8.8,-23.2,0.61,0.36,676.8,679.2,673.5,1.3,,,无
1996-11-29,52645.0,青海,野牛沟,38.41666666666666,99.58333333333331,3320.0,1996,11,29,0.0,无,-15.4,-5.9,-22.0,0.64,0.43,680.6,682.2,679.2,1.3,,,无
1996-11-30,52645.0,青海,野牛沟,38.41666666666666,99.58333333333331,3320.0,1996,11,30,0.0,无,-17.0,-5.2,-25.1,0.69,0.39,682.0,684.0,680.1,0.8,,,无
1996-12-01,52645.0,青海,野牛沟,38.41666666666666,99.58333333333331,3320.0,1996,12,1,0.0,无,-17.0,-3.3,-25.8,0.65,0.28,678.1,680.9,675.5,0.9,,,无
1996-12-02,52645.0,青海,野牛沟,38.41666666666666,99.58333333333331,3320.0,1996,12,2,0.0,无,-14.3,-0.4,-24.3,0.6,0.26,675.2,678.2,671.5,1.0,,,无
1996-12-03,52645.0,青海,野牛沟,38.41666666666666,99.58333333333331,3320.0,1996,12,3,0.0,无,-12.4,-2.7,-20.8,0.65,0.34,674.4,675.5,672.5,1.0,,,无
1996-12-04,52645.0,青海,野牛沟,38.41666666666666,99.58333333333331,3320.0,1996,12,4,0.0,无,-15.1,-9.2,-20.5,0.68,0.41,677.8,679.3,675.5,0.9,,,无
1996-12-05,52645.0,青海,野牛沟,38.41666666666666,99.58333333333331,3320.0,1996,12,5,0.0,无,-19.7,-10.5,-26.2,0.68,0.32,681.8,683.1,679.3,1.0,,,无
1996-12-06,52645.0,青海,野牛沟,38.41666666666666,99.58333333333331,3320.0,1996,12,6,0.0,无,-20.6,-6.6,-29.2,0.6,0.25,682.6,685.1,679.6,0.7,,,无
1996-12-07,52645.0,青海,野牛沟,38.41666666666666,99.58333333333331,3320.0,1996,12,7,0.0,无,-17.7,-4.6,-25.1,0.63,0.26,678.8,680.5,677.2,1.0,,,无
1996-12-08,52645.0,青海,野牛沟,38.41666666666666,99.58333333333331,3320.0,1996,12,8,0.0,无,-16.9,-9.3,-24.1,0.6,0.24,680.7,681.9,679.0,0.8,,,无
1996-12-09,52645.0,青海,野牛沟,38.41666666666666,99.58333333333331,3320.0,1996,12,9,0.0,无,-19.2,-8.7,-26.8,0.64,0.38,683.0,685.1,681.3,0.7,,,无
1996-12-10,52645.0,青海,野牛沟,38.41666666666666,99.58333333333331,3320.0,1996,12,10,0.0,无,-19.3,-7.1,-27.3,0.62,0.32,682.1,683.7,679.3,0.8,,,无
1996-12-11,52645.0,青海,野牛沟,38.41666666666666,99.58333333333331,3320.0,1996,12,11,0.0,无,-19.4,-7.5,-27.5,0.64,0.29,680.5,681.5,679.3,0.9,,,无
1996-12-12,52645.0,青海,野牛沟,38.41666666666666,99.58333333333331,3320.0,1996,12,12,0.0,无,-18.4,-6.6,-27.5,0.56,0.26,681.4,683.4,679.0,1.1,,,无
1996-12-13,52645.0,青海,野牛沟,38.41666666666666,99.58333333333331,3320.0,1996,12,13,0.0,无,-18.1,-4.5,-27.8,0.57,0.24,679.3,681.3,677.0,1.0,,,无
1996-12-14,52645.0,青海,野牛沟,38.41666666666666,99.58333333333331,3320.0,1996,12,14,0.0,无,-15.9,-2.9,-25.6,0.63,0.29,677.8,679.6,674.8,0.9,,,无
1996-12-15,52645.0,青海,野牛沟,38.41666666666666,99.58333333333331,3320.0,1996,12,15,0.0,无,-14.8,-5.6,-23.1,0.64,0.32,677.2,678.0,675.5,1.2,,,无
1996-12-16,52645.0,青海,野牛沟,38.41666666666666,99.58333333333331,3320.0,1996,12,16,0.0,无,-16.0,-5.4,-23.9,0.58,0.27,678.9,680.3,677.8,1.4,,,无
1996-12-17,52645.0,青海,野牛沟,38.41666666666666,99.58333333333331,3320.0,1996,12,17,0.0,无,-18.5,-6.4,-27.1,0.62,0.29,680.2,681.5,678.8,1.0,,,无
1996-12-18,52645.0,青海,野牛沟,38.41666666666666,99.58333333333331,3320.0,1996,12,18,0.0,无,-18.4,-6.1,-27.2,0.59,0.21,682.1,683.5,679.9,0.8,,,无
1996-12-19,52645.0,青海,野牛沟,38.41666666666666,99.58333333333331,3320.0,1996,12,19,0.0,无,-15.9,-3.9,-23.4,0.7,0.37,682.7,684.6,680.4,1.2,,,无
1996-12-20,52645.0,青海,野牛沟,38.41666666666666,99.58333333333331,3320.0,1996,12,20,0.0,无,-15.5,-4.1,-23.6,0.67,0.31,684.6,686.7,682.0,0.9,,,无
1996-12-21,52645.0,青海,野牛沟,38.41666666666666,99.58333333333331,3320.0,1996,12,21,0.0,无,-16.2,-2.6,-24.6,0.62,0.28,683.3,684.7,681.7,1.0,,,无
1996-12-22,52645.0,青海,野牛沟,38.41666666666666,99.58333333333331,3320.0,1996,12,22,0.0,无,-16.3,-2.8,-24.9,0.62,0.26,683.6,685.1,682.2,1.1,,,无
1996-12-23,52645.0,青海,野牛沟,38.41666666666666,99.58333333333331,3320.0,1996,12,23,0.0,无,-16.4,-2.9,-24.7,0.62,0.27,681.8,683.9,680.0,1.1,,,无
1996-12-24,52645.0,青海,野牛沟,38.41666666666666,99.58333333333331,3320.0,1996,12,24,0.0,无,-15.8,-1.1,-24.3,0.63,0.26,681.4,682.8,679.9,1.0,,,无
1996-12-25,52645.0,青海,野牛沟,38.41666666666666,99.58333333333331,3320.0,1996,12,25,0.0,无,-15.8,-3.0,-24.1,0.65,0.3,681.9,683.7,679.6,1.0,,,无
1996-12-26,52645.0,青海,野牛沟,38.41666666666666,99.58333333333331,3320.0,1996,12,26,0.0,无,-14.6,0.0,-23.2,0.61,0.25,680.6,681.7,678.8,1.0,,,无
1996-12-27,52645.0,青海,野牛沟,38.41666666666666,99.58333333333331,3320.0,1996,12,27,0.0,无,-14.1,-0.9,-22.0,0.61,0.27,681.8,683.2,679.9,1.1,,,无
1996-12-28,52645.0,青海,野牛沟,38.41666666666666,99.58333333333331,3320.0,1996,12,28,0.0,无,-15.2,-2.3,-23.9,0.6,0.28,681.9,683.5,679.4,1.0,,,无
1996-12-29,52645.0,青海,野牛沟,38.41666666666666,99.58333333333331,3320.0,1996,12,29,0.0,无,-14.4,-0.7,-23.1,0.65,0.29,680.5,682.0,678.7,1.3,,,无
1996-12-30,52645.0,青海,野牛沟,38.41666666666666,99.58333333333331,3320.0,1996,12,30,0.0,无,-11.0,-1.6,-20.5,0.57,0.23,678.5,680.6,676.6,1.5,,,无
1996-12-31,52645.0,青海,野牛沟,38.41666666666666,99.58333333333331,3320.0,1996,12,31,0.0,无,-5.4,0.0,-12.4,0.55,0.29,677.1,681.6,674.4,3.1,,,无
1997-01-01,52645.0,青海,野牛沟,38.41666666666666,99.58333333333331,3320.0,1997,1,1,0.0,无,-10.0,1.4,-18.2,0.68,0.31,681.3,683.5,678.8,1.2,,,无
1997-01-02,52645.0,青海,野牛沟,38.41666666666666,99.58333333333331,3320.0,1997,1,2,0.0,无,-10.9,0.6,-19.5,0.7,0.31,677.9,679.7,675.0,1.3,,,无
1997-01-03,52645.0,青海,野牛沟,38.41666666666666,99.58333333333331,3320.0,1997,1,3,0.0,无,-11.7,-3.3,-20.5,0.68,0.23,678.1,679.2,676.1,1.4,,,无
1997-01-04,52645.0,青海,野牛沟,38.41666666666666,99.58333333333331,3320.0,1997,1,4,0.0,无,-14.7,-1.9,-22.6,0.45,0.21,679.9,681.6,677.7,0.9,,,无
1997-01-05,52645.0,青海,野牛沟,38.41666666666666,99.58333333333331,3320.0,1997,1,5,0.0,无,-15.0,0.0,-23.9,0.56,0.26,679.2,680.5,677.0,1.1,,,无
1997-01-06,52645.0,青海,野牛沟,38.41666666666666,99.58333333333331,3320.0,1997,1,6,0.0,无,-12.6,-0.9,-21.0,0.55,0.18,678.9,680.3,676.9,1.1,,,无
1997-01-07,52645.0,青海,野牛沟,38.41666666666666,99.58333333333331,3320.0,1997,1,7,0.7,normal,-11.3,-5.0,-15.6,0.74,0.36,680.5,681.4,678.1,0.4,,-12.353716728197824,Snow
1997-01-08,52645.0,青海,野牛沟,38.41666666666666,99.58333333333331,3320.0,1997,1,8,0.1,normal,-14.7,-8.8,-19.5,0.93,0.65,682.2,683.2,680.9,0.5,,-14.928537613273956,Snow
1997-01-09,52645.0,青海,野牛沟,38.41666666666666,99.58333333333331,3320.0,1997,1,9,0.0,无,-17.0,-5.2,-25.3,0.74,0.34,682.1,683.8,680.9,0.8,,,无
1997-01-10,52645.0,青海,野牛沟,38.41666666666666,99.58333333333331,3320.0,1997,1,10,0.0,无,-17.3,-4.3,-25.4,0.67,0.35,682.1,683.7,680.7,1.0,,,无
1997-01-11,52645.0,青海,野牛沟,38.41666666666666,99.58333333333331,3320.0,1997,1,11,0.0,无,-16.6,-3.0,-24.7,0.66,0.3,680.2,682.0,677.9,1.0,,,无
1997-01-12,52645.0,青海,野牛沟,38.41666666666666,99.58333333333331,3320.0,1997,1,12,0.0,无,-16.4,-3.9,-26.1,0.64,0.32,677.5,678.8,676.0,1.1,,,无
1997-01-13,52645.0,青海,野牛沟,38.41666666666666,99.58333333333331,3320.0,1997,1,13,0.0,无,-15.4,-4.4,-25.1,0.67,0.36,677.6,679.3,675.6,1.1,,,无
1997-01-14,52645.0,青海,野牛沟,38.41666666666666,99.58333333333331,3320.0,1997,1,14,0.0,无,-15.8,-4.5,-25.1,0.62,0.26,675.4,676.6,673.5,1.3,,,无
1997-01-15,52645.0,青海,野牛沟,38.41666666666666,99.58333333333331,3320.0,1997,1,15,0.0,无,-16.4,-2.7,-26.8,0.54,0.27,675.6,678.0,672.7,1.2,,,无
1997-01-16,52645.0,青海,野牛沟,38.41666666666666,99.58333333333331,3320.0,1997,1,16,0.0,无,-15.6,-6.4,-23.8,0.6,0.33,674.2,676.0,672.9,0.7,,,无
1997-01-17,52645.0,青海,野牛沟,38.41666666666666,99.58333333333331,3320.0,1997,1,17,0.0,无,-17.7,-7.0,-26.9,0.7,0.34,677.7,680.0,676.0,0.9,,,无
1997-01-18,52645.0,青海,野牛沟,38.41666666666666,99.58333333333331,3320.0,1997,1,18,0.0,无,-17.2,-5.5,-25.7,0.55,0.31,677.3,679.4,675.7,1.2,,,无
1997-01-19,52645.0,青海,野牛沟,38.41666666666666,99.58333333333331,3320.0,1997,1,19,0.0,无,-16.0,-0.6,-25.0,0.54,0.26,673.4,676.3,670.7,1.2,,,无
1997-01-20,52645.0,青海,野牛沟,38.41666666666666,99.58333333333331,3320.0,1997,1,20,0.0,无,-12.7,2.0,-23.1,0.52,0.24,672.4,673.9,670.7,1.6,,,无
1997-01-21,52645.0,青海,野牛沟,38.41666666666666,99.58333333333331,3320.0,1997,1,21,0.0,无,-13.6,-3.3,-18.9,0.63,0.28,675.3,677.1,672.2,1.5,,,无
1997-01-22,52645.0,青海,野牛沟,38.41666666666666,99.58333333333331,3320.0,1997,1,22,0.0,无,-16.5,-9.1,-21.3,0.86,0.56,676.6,678.1,674.8,0.9,,,无
1997-01-23,52645.0,青海,野牛沟,38.41666666666666,99.58333333333331,3320.0,1997,1,23,0.0,无,-17.7,-7.4,-25.1,0.82,0.49,675.4,676.8,673.6,0.8,,,无
1997-01-24,52645.0,青海,野牛沟,38.41666666666666,99.58333333333331,3320.0,1997,1,24,0.0,无,-17.8,-7.1,-26.6,0.68,0.31,674.2,675.5,672.1,0.8,,,无
1997-01-25,52645.0,青海,野牛沟,38.41666666666666,99.58333333333331,3320.0,1997,1,25,0.0,无,-18.3,-8.2,-26.7,0.61,0.33,675.8,677.7,673.6,0.9,,,无
1997-01-26,52645.0,青海,野牛沟,38.41666666666666,99.58333333333331,3320.0,1997,1,26,0.0,无,-18.5,-9.3,-27.9,0.59,0.33,678.4,680.0,676.3,1.0,,,无
1997-01-27,52645.0,青海,野牛沟,38.41666666666666,99.58333333333331,3320.0,1997,1,27,0.0,无,-17.2,-5.3,-26.1,0.61,0.3,678.6,680.8,675.4,1.2,,,无
1997-01-28,52645.0,青海,野牛沟,38.41666666666666,99.58333333333331,3320.0,1997,1,28,0.0,无,-16.8,-1.2,-26.6,0.5,0.24,675.8,677.9,673.4,1.2,,,无
1997-01-29,52645.0,青海,野牛沟,38.41666666666666,99.58333333333331,3320.0,1997,1,29,0.0,无,-14.4,-2.9,-22.9,0.48,0.28,672.5,675.0,670.3,1.2,,,无
1997-01-30,52645.0,青海,野牛沟,38.41666666666666,99.58333333333331,3320.0,1997,1,30,0.0,无,-14.7,-2.6,-24.5,0.56,0.31,673.6,675.0,672.2,1.1,,,无
1997-01-31,52645.0,青海,野牛沟,38.41666666666666,99.58333333333331,3320.0,1997,1,31,0.0,无,-15.9,-1.6,-25.2,0.49,0.23,674.0,675.3,672.7,1.3,,,无
1997-02-01,52645.0,青海,野牛沟,38.41666666666666,99.58333333333331,3320.0,1997,2,1,0.0,无,-15.3,-2.3,-26.7,0.51,0.28,673.8,676.0,670.9,1.2,,,无
1997-02-02,52645.0,青海,野牛沟,38.41666666666666,99.58333333333331,3320.0,1997,2,2,0.0,无,-10.1,-3.9,-18.6,0.61,0.36,672.1,672.8,670.5,0.6,,,无
1997-02-03,52645.0,青海,野牛沟,38.41666666666666,99.58333333333331,3320.0,1997,2,3,0.0,无,-15.0,-3.7,-23.3,0.75,0.33,673.2,673.9,671.5,2.0,,,无
1997-02-04,52645.0,青海,野牛沟,38.41666666666666,99.58333333333331,3320.0,1997,2,4,0.0,无,-16.7,-3.5,-26.5,0.63,0.24,676.0,678.1,673.6,1.1,,,无
1997-02-05,52645.0,青海,野牛沟,38.41666666666666,99.58333333333331,3320.0,1997,2,5,0.0,无,-15.9,-3.8,-24.4,0.54,0.29,674.4,675.8,672.3,1.1,,,无
1997-02-06,52645.0,青海,野牛沟,38.41666666666666,99.58333333333331,3320.0,1997,2,6,0.0,无,-15.9,-5.4,-24.4,0.54,0.26,674.2,676.4,671.7,1.3,,,无
1997-02-07,52645.0,青海,野牛沟,38.41666666666666,99.58333333333331,3320.0,1997,2,7,0.0,无,-16.2,-5.6,-26.4,0.5,0.24,671.7,673.5,669.1,1.1,,,无
1997-02-08,52645.0,青海,野牛沟,38.41666666666666,99.58333333333331,3320.0,1997,2,8,0.0,无,-16.9,-8.1,-26.1,0.5,0.29,671.4,672.7,669.8,1.1,,,无
1997-02-09,52645.0,青海,野牛沟,38.41666666666666,99.58333333333331,3320.0,1997,2,9,0.0,无,-17.8,-7.6,-26.8,0.57,0.29,673.0,674.0,671.2,1.2,,,无
1997-02-10,52645.0,青海,野牛沟,38.41666666666666,99.58333333333331,3320.0,1997,2,10,0.0,无,-18.1,-5.4,-27.9,0.53,0.23,674.9,676.1,673.2,1.4,,,无
1997-02-11,52645.0,青海,野牛沟,38.41666666666666,99.58333333333331,3320.0,1997,2,11,0.0,无,-16.7,-4.2,-27.1,0.41,0.18,675.8,677.8,673.1,1.3,,,无
1997-02-12,52645.0,青海,野牛沟,38.41666666666666,99.58333333333331,3320.0,1997,2,12,0.0,无,-16.0,-3.6,-26.1,0.47,0.27,676.3,678.1,674.3,1.3,,,无
1997-02-13,52645.0,青海,野牛沟,38.41666666666666,99.58333333333331,3320.0,1997,2,13,0.0,无,-14.0,-5.3,-22.4,0.5,0.3,676.2,677.5,674.0,1.2,,,无
1997-02-14,52645.0,青海,野牛沟,38.41666666666666,99.58333333333331,3320.0,1997,2,14,0.0,无,-16.1,-7.3,-25.0,0.5,0.29,676.1,677.1,674.1,1.7,,,无
1997-02-15,52645.0,青海,野牛沟,38.41666666666666,99.58333333333331,3320.0,1997,2,15,0.0,无,-18.2,-5.1,-28.2,0.5,0.24,677.2,679.5,673.2,1.4,,,无
1997-02-16,52645.0,青海,野牛沟,38.41666666666666,99.58333333333331,3320.0,1997,2,16,0.0,无,-16.2,-5.5,-26.8,0.47,0.27,676.2,677.9,673.9,1.2,,,无
1997-02-17,52645.0,青海,野牛沟,38.41666666666666,99.58333333333331,3320.0,1997,2,17,0.0,无,-15.0,-4.9,-25.3,0.45,0.28,677.1,678.6,674.8,1.6,,,无
1997-02-18,52645.0,青海,野牛沟,38.41666666666666,99.58333333333331,3320.0,1997,2,18,0.0,无,-15.4,-3.7,-26.4,0.51,0.25,678.3,679.7,675.8,2.1,,,无
1997-02-19,52645.0,青海,野牛沟,38.41666666666666,99.58333333333331,3320.0,1997,2,19,0.0,无,-15.3,-2.9,-26.0,0.46,0.25,678.4,679.6,675.8,1.5,,,无
1997-02-20,52645.0,青海,野牛沟,38.41666666666666,99.58333333333331,3320.0,1997,2,20,0.0,无,-13.0,-2.8,-21.6,0.47,0.29,679.1,681.1,676.2,1.4,,,无
1997-02-21,52645.0,青海,野牛沟,38.41666666666666,99.58333333333331,3320.0,1997,2,21,0.0,无,-12.0,-1.8,-22.1,0.63,0.24,676.8,678.7,675.0,2.0,,,无
1997-02-22,52645.0,青海,野牛沟,38.41666666666666,99.58333333333331,3320.0,1997,2,22,0.0,无,-13.4,-1.3,-24.4,0.44,0.21,676.3,678.0,673.8,1.7,,,无
1997-02-23,52645.0,青海,野牛沟,38.41666666666666,99.58333333333331,3320.0,1997,2,23,0.0,无,-10.2,-0.6,-19.7,0.39,0.26,675.8,678.2,672.8,1.6,,,无
1997-02-24,52645.0,青海,野牛沟,38.41666666666666,99.58333333333331,3320.0,1997,2,24,0.0,无,-12.0,-2.7,-21.2,0.57,0.32,674.6,675.3,672.6,1.9,,,无
1997-02-25,52645.0,青海,野牛沟,38.41666666666666,99.58333333333331,3320.0,1997,2,25,0.0,无,-12.1,2.5,-23.7,0.5,0.21,675.1,676.8,673.0,2.1,,,无
1997-02-26,52645.0,青海,野牛沟,38.41666666666666,99.58333333333331,3320.0,1997,2,26,0.5,normal,-8.7,-3.2,-12.1,0.7,0.23,676.6,677.7,674.1,1.2,,-10.117872965422286,Snow
1997-02-27,52645.0,青海,野牛沟,38.41666666666666,99.58333333333331,3320.0,1997,2,27,1.2,normal,-12.1,-4.2,-18.4,0.75,0.35,679.3,680.6,677.7,1.7,,-13.06700218623995,Snow
1997-02-28,52645.0,青海,野牛沟,38.41666666666666,99.58333333333331,3320.0,1997,2,28,0.0,无,-13.8,-3.3,-23.1,0.59,0.28,678.6,680.5,676.1,1.6,,,无
1997-03-01,52645.0,青海,野牛沟,38.41666666666666,99.58333333333331,3320.0,1997,3,1,0.0,无,-13.2,-2.6,-21.8,0.67,0.31,679.0,680.8,676.6,1.6,,,无
1997-03-02,52645.0,青海,野牛沟,38.41666666666666,99.58333333333331,3320.0,1997,3,2,0.0,无,-13.5,-2.1,-24.4,0.61,0.28,679.5,681.1,677.7,1.6,,,无
1997-03-03,52645.0,青海,野牛沟,38.41666666666666,99.58333333333331,3320.0,1997,3,3,0.0,无,-12.0,1.6,-23.2,0.57,0.28,678.9,680.6,676.8,1.9,,,无
1997-03-04,52645.0,青海,野牛沟,38.41666666666666,99.58333333333331,3320.0,1997,3,4,0.0,无,-8.4,4.7,-18.4,0.56,0.25,677.2,678.6,674.4,2.4,,,无
1997-03-05,52645.0,青海,野牛沟,38.41666666666666,99.58333333333331,3320.0,1997,3,5,0.0,无,-6.7,2.3,-16.8,0.46,0.29,676.5,678.3,674.3,3.1,,,无
1997-03-06,52645.0,青海,野牛沟,38.41666666666666,99.58333333333331,3320.0,1997,3,6,0.0,无,-7.8,2.8,-16.4,0.49,0.31,678.1,679.2,675.2,3.5,,,无
1997-03-07,52645.0,青海,野牛沟,38.41666666666666,99.58333333333331,3320.0,1997,3,7,0.0,无,-7.6,6.2,-18.5,0.52,0.27,680.4,682.2,678.2,3.0,,,无
1997-03-08,52645.0,青海,野牛沟,38.41666666666666,99.58333333333331,3320.0,1997,3,8,0.0,无,-5.7,8.2,-17.5,0.48,0.17,680.2,682.0,677.4,3.0,,,无
1997-03-09,52645.0,青海,野牛沟,38.41666666666666,99.58333333333331,3320.0,1997,3,9,0.0,无,-5.0,7.6,-17.4,0.54,0.26,678.6,679.6,675.9,3.3,,,无
1997-03-10,52645.0,青海,野牛沟,38.41666666666666,99.58333333333331,3320.0,1997,3,10,0.0,无,-4.4,7.8,-15.5,0.59,0.33,679.8,681.9,676.8,2.9,,,无
1997-03-11,52645.0,青海,野牛沟,38.41666666666666,99.58333333333331,3320.0,1997,3,11,0.0,无,-3.2,9.1,-14.2,0.62,0.2,676.3,678.4,674.1,4.1,,,无
1997-03-12,52645.0,青海,野牛沟,38.41666666666666,99.58333333333331,3320.0,1997,3,12,0.7,normal,-4.0,5.4,-7.0,0.69,0.26,675.2,675.9,671.9,2.8,,-5.870916709967182,Snow
1997-03-13,52645.0,青海,野牛沟,38.41666666666666,99.58333333333331,3320.0,1997,3,13,1.6,normal,-6.5,0.0,-11.3,0.81,0.64,675.7,676.9,674.3,0.9,,-7.503364048416921,Snow
1997-03-14,52645.0,青海,野牛沟,38.41666666666666,99.58333333333331,3320.0,1997,3,14,2.3,normal,-6.9,2.2,-13.9,0.74,0.28,678.3,679.6,676.5,1.9,,-8.247851324673285,Snow
1997-03-15,52645.0,青海,野牛沟,38.41666666666666,99.58333333333331,3320.0,1997,3,15,0.0,无,-6.6,3.3,-15.1,0.57,0.19,678.9,680.3,677.2,2.7,,,无
1997-03-16,52645.0,青海,野牛沟,38.41666666666666,99.58333333333331,3320.0,1997,3,16,0.0,无,-5.3,8.5,-16.9,0.52,0.19,678.1,680.8,674.3,3.6,,,无
1997-03-17,52645.0,青海,野牛沟,38.41666666666666,99.58333333333331,3320.0,1997,3,17,0.0,无,-1.0,5.7,-5.0,0.51,0.26,677.2,678.9,674.9,3.3,,,无
1997-03-18,52645.0,青海,野牛沟,38.41666666666666,99.58333333333331,3320.0,1997,3,18,0.0,无,-4.9,6.0,-13.1,0.59,0.23,677.1,679.4,674.4,2.4,,,无
1997-03-19,52645.0,青海,野牛沟,38.41666666666666,99.58333333333331,3320.0,1997,3,19,0.5,normal,-4.8,4.0,-13.6,0.68,0.21,675.1,677.1,672.0,3.0,,-6.658875947847016,Snow
1997-03-20,52645.0,青海,野牛沟,38.41666666666666,99.58333333333331,3320.0,1997,3,20,0.0,无,-4.7,5.9,-14.8,0.54,0.13,674.1,675.8,672.0,3.3,,,无
1997-03-21,52645.0,青海,野牛沟,38.41666666666666,99.58333333333331,3320.0,1997,3,21,0.0,无,-4.0,4.7,-11.6,0.67,0.3,674.0,675.1,672.6,2.3,,,无
1997-03-22,52645.0,青海,野牛沟,38.41666666666666,99.58333333333331,3320.0,1997,3,22,3.6,normal,-5.6,2.9,-15.4,0.78,0.32,675.5,677.2,673.9,2.1,,-6.818623121100367,Snow
1997-03-23,52645.0,青海,野牛沟,38.41666666666666,99.58333333333331,3320.0,1997,3,23,3.2,normal,-2.4,4.5,-6.8,0.67,0.29,674.9,676.0,673.1,4.2,,-4.552273453549973,Snow
1997-03-24,52645.0,青海,野牛沟,38.41666666666666,99.58333333333331,3320.0,1997,3,24,0.0,无,-2.7,4.4,-7.9,0.6,0.34,676.3,677.2,673.9,2.7,,,无
1997-03-25,52645.0,青海,野牛沟,38.41666666666666,99.58333333333331,3320.0,1997,3,25,1.0,normal,-6.1,3.0,-11.9,0.79,0.39,680.3,681.1,677.2,1.0,,-7.228583780907907,Snow
1997-03-26,52645.0,青海,野牛沟,38.41666666666666,99.58333333333331,3320.0,1997,3,26,0.6,normal,-7.6,-0.9,-15.9,0.75,0.54,682.4,683.4,680.3,1.7,,-8.84349551972701,Snow
1997-03-27,52645.0,青海,野牛沟,38.41666666666666,99.58333333333331,3320.0,1997,3,27,0.0,无,-6.2,3.6,-14.1,0.62,0.21,680.1,681.6,677.6,3.1,,,无
1997-03-28,52645.0,青海,野牛沟,38.41666666666666,99.58333333333331,3320.0,1997,3,28,0.0,无,-2.8,3.7,-6.5,0.75,0.4,679.9,681.1,678.8,2.4,,,无
1997-03-29,52645.0,青海,野牛沟,38.41666666666666,99.58333333333331,3320.0,1997,3,29,0.0,无,-5.2,4.9,-11.2,0.62,0.25,682.6,684.2,681.1,2.9,,,无
1997-03-30,52645.0,青海,野牛沟,38.41666666666666,99.58333333333331,3320.0,1997,3,30,0.0,无,-2.4,7.6,-11.5,0.48,0.12,680.8,683.2,677.8,4.1,,,无
1997-03-31,52645.0,青海,野牛沟,38.41666666666666,99.58333333333331,3320.0,1997,3,31,0.0,无,-0.3,7.2,-4.5,0.53,0.22,675.0,678.6,672.9,3.4,,,无
1997-04-01,52645.0,青海,野牛沟,38.41666666666666,99.58333333333331,3320.0,1997,4,1,0.2,normal,-2.7,5.4,-7.6,0.67,0.35,674.9,675.8,673.4,1.9,,-4.8225141742412925,Snow
1997-04-02,52645.0,青海,野牛沟,38.41666666666666,99.58333333333331,3320.0,1997,4,2,0.2,normal,-2.9,3.0,-7.2,0.59,0.17,677.6,678.5,675.8,4.2,,-5.525065720396021,Snow
1997-04-03,52645.0,青海,野牛沟,38.41666666666666,99.58333333333331,3320.0,1997,4,3,0.0,无,-4.7,6.3,-13.5,0.49,0.12,681.4,683.0,678.5,3.9,,,无
1997-04-04,52645.0,青海,野牛沟,38.41666666666666,99.58333333333331,3320.0,1997,4,4,0.0,无,-2.2,10.6,-12.1,0.43,0.07,680.4,682.4,677.2,4.4,,,无
1997-04-05,52645.0,青海,野牛沟,38.41666666666666,99.58333333333331,3320.0,1997,4,5,0.0,无,0.7,11.8,-10.1,0.46,0.13,677.0,679.4,673.6,5.5,,,无
1997-04-06,52645.0,青海,野牛沟,38.41666666666666,99.58333333333331,3320.0,1997,4,6,1.5,normal,-1.0,7.2,-4.5,0.61,0.2,676.5,677.6,673.9,2.9,,-3.7231976259278765,Snow
1997-04-07,52645.0,青海,野牛沟,38.41666666666666,99.58333333333331,3320.0,1997,4,7,0.0,无,-5.0,2.9,-10.6,0.64,0.4,677.6,678.8,675.3,3.0,,,无
1997-04-08,52645.0,青海,野牛沟,38.41666666666666,99.58333333333331,3320.0,1997,4,8,3.3,normal,-8.4,-1.1,-13.6,0.83,0.55,676.8,678.5,674.5,0.9,,-9.2106777653126,Snow
1997-04-09,52645.0,青海,野牛沟,38.41666666666666,99.58333333333331,3320.0,1997,4,9,0.1,normal,-9.3,-0.9,-15.3,0.63,0.27,678.2,679.2,676.4,2.4,,-10.994889410446188,Snow
1997-04-10,52645.0,青海,野牛沟,38.41666666666666,99.58333333333331,3320.0,1997,4,10,0.0,无,-5.5,3.9,-12.1,0.66,0.33,679.7,681.1,677.5,2.9,,,无
1997-04-11,52645.0,青海,野牛沟,38.41666666666666,99.58333333333331,3320.0,1997,4,11,0.4,normal,-1.9,6.4,-7.4,0.65,0.24,679.7,681.1,677.4,3.4,,-4.230770196319473,Snow
1997-04-12,52645.0,青海,野牛沟,38.41666666666666,99.58333333333331,3320.0,1997,4,12,0.0,无,-2.1,6.4,-7.6,0.49,0.19,677.8,679.5,674.7,4.7,,,无
1997-04-13,52645.0,青海,野牛沟,38.41666666666666,99.58333333333331,3320.0,1997,4,13,0.0,无,-4.8,1.9,-10.8,0.6,0.24,680.6,681.4,677.9,3.7,,,无
1997-04-14,52645.0,青海,野牛沟,38.41666666666666,99.58333333333331,3320.0,1997,4,14,0.0,无,-4.1,6.2,-12.2,0.51,0.16,681.9,683.0,679.4,4.2,,,无
1997-04-15,52645.0,青海,野牛沟,38.41666666666666,99.58333333333331,3320.0,1997,4,15,0.0,无,-2.0,10.3,-10.6,0.46,0.12,681.2,683.2,677.6,4.5,,,无
1997-04-16,52645.0,青海,野牛沟,38.41666666666666,99.58333333333331,3320.0,1997,4,16,0.0,无,0.6,11.1,-9.1,0.47,0.13,679.2,680.3,677.3,6.2,,,无
1997-04-17,52645.0,青海,野牛沟,38.41666666666666,99.58333333333331,3320.0,1997,4,17,0.0,无,0.3,12.4,-9.6,0.43,0.1,679.6,681.0,677.5,6.0,,,无
1997-04-18,52645.0,青海,野牛沟,38.41666666666666,99.58333333333331,3320.0,1997,4,18,0.0,无,1.9,13.1,-7.7,0.48,0.17,679.8,681.3,677.3,6.7,,,无
1997-04-19,52645.0,青海,野牛沟,38.41666666666666,99.58333333333331,3320.0,1997,4,19,0.0,无,2.7,8.8,-1.8,0.54,0.25,681.0,682.7,679.0,5.0,,,无
1997-04-20,52645.0,青海,野牛沟,38.41666666666666,99.58333333333331,3320.0,1997,4,20,0.1,normal,-0.9,10.5,-7.8,0.72,0.24,682.5,683.9,679.6,3.4,,-2.8323775209758617,Snow
1997-04-21,52645.0,青海,野牛沟,38.41666666666666,99.58333333333331,3320.0,1997,4,21,0.3,normal,0.3,8.6,-6.4,0.66,0.23,683.0,683.9,680.6,4.1,,-2.1869275034753732,Snow
1997-04-22,52645.0,青海,野牛沟,38.41666666666666,99.58333333333331,3320.0,1997,4,22,4.9,normal,-1.4,3.3,-3.4,0.84,0.49,684.5,686.2,682.4,1.1,,-2.465662043318564,Snow
1997-04-23,52645.0,青海,野牛沟,38.41666666666666,99.58333333333331,3320.0,1997,4,23,0.5,normal,-2.7,3.0,-6.5,0.73,0.45,687.3,687.6,686.2,3.4,,-4.409274587301613,Snow
1997-04-24,52645.0,青海,野牛沟,38.41666666666666,99.58333333333331,3320.0,1997,4,24,0.0,无,-0.6,10.0,-9.6,0.52,0.13,686.3,689.0,683.0,5.1,,,无
1997-04-25,52645.0,青海,野牛沟,38.41666666666666,99.58333333333331,3320.0,1997,4,25,0.0,无,0.9,7.4,-7.0,0.41,0.2,683.0,684.2,681.3,4.3,,,无
1997-04-26,52645.0,青海,野牛沟,38.41666666666666,99.58333333333331,3320.0,1997,4,26,0.0,无,0.9,8.7,-7.7,0.56,0.2,683.7,684.8,682.3,4.9,,,无
1997-04-27,52645.0,青海,野牛沟,38.41666666666666,99.58333333333331,3320.0,1997,4,27,2.8,normal,2.0,8.5,-2.7,0.67,0.26,683.0,684.0,680.9,4.7,,-0.5884968822212455,Snow
1997-04-28,52645.0,青海,野牛沟,38.41666666666666,99.58333333333331,3320.0,1997,4,28,0.2,normal,2.2,8.4,-4.2,0.57,0.21,683.6,684.0,682.0,5.0,,-1.2420674190919323,Snow
1997-04-29,52645.0,青海,野牛沟,38.41666666666666,99.58333333333331,3320.0,1997,4,29,0.0,无,4.0,14.6,-6.6,0.46,0.1,685.1,686.8,682.7,6.4,,,无
1997-04-30,52645.0,青海,野牛沟,38.41666666666666,99.58333333333331,3320.0,1997,4,30,0.0,无,5.8,16.3,-5.4,0.41,0.12,682.8,684.5,680.0,6.7,,,无
1997-05-01,52645.0,青海,野牛沟,38.41666666666666,99.58333333333331,3320.0,1997,5,1,0.0,无,5.9,13.6,-2.7,0.38,0.12,683.3,684.7,681.0,6.5,,,无
1997-05-02,52645.0,青海,野牛沟,38.41666666666666,99.58333333333331,3320.0,1997,5,2,0.0,无,5.5,16.1,-3.5,0.51,0.18,681.9,684.0,679.4,6.5,,,无
1997-05-03,52645.0,青海,野牛沟,38.41666666666666,99.58333333333331,3320.0,1997,5,3,0.1,normal,5.0,14.9,0.2,0.7,0.29,681.6,682.4,680.2,5.2,,2.3649286226061994,Rain
1997-05-04,52645.0,青海,野牛沟,38.41666666666666,99.58333333333331,3320.0,1997,5,4,0.0,无,5.8,15.2,-3.0,0.63,0.29,680.9,682.6,678.1,6.1,,,无
1997-05-05,52645.0,青海,野牛沟,38.41666666666666,99.58333333333331,3320.0,1997,5,5,0.0,无,6.1,17.3,-3.5,0.58,0.2,679.9,681.3,678.4,6.3,,,无
1997-05-06,52645.0,青海,野牛沟,38.41666666666666,99.58333333333331,3320.0,1997,5,6,1.8,normal,4.4,16.0,-1.4,0.71,0.3,680.8,682.3,678.7,3.6,,1.9111714152765247,Rain
1997-05-07,52645.0,青海,野牛沟,38.41666666666666,99.58333333333331,3320.0,1997,5,7,0.0,无,6.0,14.5,-0.8,0.63,0.24,683.0,684.3,681.5,5.8,,,无
1997-05-08,52645.0,青海,野牛沟,38.41666666666666,99.58333333333331,3320.0,1997,5,8,0.0,无,6.3,17.3,-4.1,0.5,0.15,680.7,683.1,677.2,8.3,,,无
1997-05-09,52645.0,青海,野牛沟,38.41666666666666,99.58333333333331,3320.0,1997,5,9,0.0,无,8.8,17.2,-1.2,0.46,0.13,675.1,678.6,673.2,9.7,,,无
1997-05-10,52645.0,青海,野牛沟,38.41666666666666,99.58333333333331,3320.0,1997,5,10,0.0,无,6.4,16.9,-3.9,0.5,0.15,675.2,676.9,672.5,8.1,,,无
1997-05-11,52645.0,青海,野牛沟,38.41666666666666,99.58333333333331,3320.0,1997,5,11,2.4,normal,6.2,11.7,3.8,0.65,0.33,675.3,676.2,673.6,4.8,,2.950021114287744,Rain
1997-05-12,52645.0,青海,野牛沟,38.41666666666666,99.58333333333331,3320.0,1997,5,12,2.9,normal,4.9,11.6,1.4,0.76,0.35,677.2,678.3,675.4,4.0,,2.812081947876943,Rain
1997-05-13,52645.0,青海,野牛沟,38.41666666666666,99.58333333333331,3320.0,1997,5,13,0.3,normal,3.7,12.1,-2.6,0.68,0.23,679.4,680.6,676.4,5.3,,1.011697763977426,Snow
1997-05-14,52645.0,青海,野牛沟,38.41666666666666,99.58333333333331,3320.0,1997,5,14,10.6,normal,1.1,6.4,-1.7,0.85,0.54,682.4,684.1,679.0,3.7,,-0.010660725618563127,Snow
1997-05-15,52645.0,青海,野牛沟,38.41666666666666,99.58333333333331,3320.0,1997,5,15,0.5,normal,1.8,8.5,-2.7,0.64,0.18,685.4,686.5,683.5,5.4,,-1.0060945565437285,Snow
1997-05-16,52645.0,青海,野牛沟,38.41666666666666,99.58333333333331,3320.0,1997,5,16,0.0,无,3.0,9.5,-3.5,0.66,0.35,683.5,686.1,680.7,4.5,,,无
1997-05-17,52645.0,青海,野牛沟,38.41666666666666,99.58333333333331,3320.0,1997,5,17,0.8,normal,5.4,12.6,-1.1,0.6,0.21,682.1,683.5,680.4,6.6,,1.7808451621226018,Rain
1997-05-18,52645.0,青海,野牛沟,38.41666666666666,99.58333333333331,3320.0,1997,5,18,0.0,无,4.9,13.9,-4.0,0.52,0.23,682.7,683.8,680.9,4.6,,,无
1997-05-19,52645.0,青海,野牛沟,38.41666666666666,99.58333333333331,3320.0,1997,5,19,0.0,无,4.9,13.3,-3.6,0.63,0.3,681.9,683.2,679.2,5.9,,,无
1997-05-20,52645.0,青海,野牛沟,38.41666666666666,99.58333333333331,3320.0,1997,5,20,0.0,无,5.8,10.5,0.7,0.67,0.38,680.1,681.3,679.0,2.6,,,无
1997-05-21,52645.0,青海,野牛沟,38.41666666666666,99.58333333333331,3320.0,1997,5,21,4.1,normal,3.5,8.1,-0.1,0.74,0.36,682.3,683.8,679.1,3.0,,1.3546549871446478,Snow
1997-05-22,52645.0,青海,野牛沟,38.41666666666666,99.58333333333331,3320.0,1997,5,22,0.1,normal,3.3,11.5,-2.7,0.65,0.2,685.4,686.9,683.4,4.7,,0.40566120698835473,Snow
1997-05-23,52645.0,青海,野牛沟,38.41666666666666,99.58333333333331,3320.0,1997,5,23,5.3,normal,3.3,10.1,0.0,0.78,0.38,686.1,687.1,684.3,2.8,,1.512975016338518,Rain
1997-05-24,52645.0,青海,野牛沟,38.41666666666666,99.58333333333331,3320.0,1997,5,24,0.3,normal,3.5,11.1,-0.7,0.71,0.35,685.2,686.9,682.0,4.8,,1.1022602024363648,Snow
1997-05-25,52645.0,青海,野牛沟,38.41666666666666,99.58333333333331,3320.0,1997,5,25,0.0,无,4.8,12.0,-1.8,0.63,0.26,683.7,685.4,681.8,5.1,,,无
1997-05-26,52645.0,青海,野牛沟,38.41666666666666,99.58333333333331,3320.0,1997,5,26,0.0,无,3.6,10.0,-2.7,0.58,0.29,682.8,683.4,681.7,4.7,,,无
1997-05-27,52645.0,青海,野牛沟,38.41666666666666,99.58333333333331,3320.0,1997,5,27,0.0,无,4.2,12.5,-4.9,0.52,0.21,684.2,685.3,682.8,6.8,,,无
1997-05-28,52645.0,青海,野牛沟,38.41666666666666,99.58333333333331,3320.0,1997,5,28,0.0,无,3.8,14.0,-5.7,0.47,0.15,683.4,685.2,680.4,7.6,,,无
1997-05-29,52645.0,青海,野牛沟,38.41666666666666,99.58333333333331,3320.0,1997,5,29,0.0,无,5.2,11.2,-3.2,0.46,0.29,684.4,685.3,682.8,6.9,,,无
1997-05-30,52645.0,青海,野牛沟,38.41666666666666,99.58333333333331,3320.0,1997,5,30,0.0,无,4.4,12.8,-5.0,0.58,0.26,682.4,684.8,679.9,5.5,,,无
1997-05-31,52645.0,青海,野牛沟,38.41666666666666,99.58333333333331,3320.0,1997,5,31,1.3,normal,2.3,9.4,-3.0,0.8,0.39,682.6,683.2,680.8,3.1,,0.7374012383482365,Snow
1997-06-01,52645.0,青海,野牛沟,38.41666666666666,99.58333333333331,3320.0,1997,6,1,0.1,normal,5.0,14.2,-3.7,0.65,0.21,681.0,683.5,677.4,5.5,,1.9013885319223656,Rain
1997-06-02,52645.0,青海,野牛沟,38.41666666666666,99.58333333333331,3320.0,1997,6,2,0.0,无,5.8,14.5,-3.4,0.51,0.22,680.9,681.6,678.7,8.3,,,无
1997-06-03,52645.0,青海,野牛沟,38.41666666666666,99.58333333333331,3320.0,1997,6,3,0.0,无,6.9,18.2,-4.8,0.48,0.15,681.5,683.2,679.2,7.9,,,无
1997-06-04,52645.0,青海,野牛沟,38.41666666666666,99.58333333333331,3320.0,1997,6,4,0.0,无,10.1,21.2,-2.0,0.45,0.18,680.0,681.1,677.5,9.2,,,无
1997-06-05,52645.0,青海,野牛沟,38.41666666666666,99.58333333333331,3320.0,1997,6,5,0.3,normal,9.5,15.7,3.8,0.58,0.22,681.4,683.4,679.0,8.2,,5.094002392816255,Rain
1997-06-06,52645.0,青海,野牛沟,38.41666666666666,99.58333333333331,3320.0,1997,6,6,11.0,normal,6.7,15.6,1.7,0.76,0.42,680.2,682.8,677.7,3.5,,4.479247001016522,Rain
1997-06-07,52645.0,青海,野牛沟,38.41666666666666,99.58333333333331,3320.0,1997,6,7,7.6,normal,2.2,7.5,0.4,0.92,0.75,683.6,684.5,682.3,1.7,,1.5870417835021433,Snow
1997-06-08,52645.0,青海,野牛沟,38.41666666666666,99.58333333333331,3320.0,1997,6,8,1.8,normal,1.6,6.0,-0.8,0.87,0.62,684.7,686.3,683.4,3.7,,0.6218947068143921,Snow
1997-06-09,52645.0,青海,野牛沟,38.41666666666666,99.58333333333331,3320.0,1997,6,9,2.8,normal,0.4,5.9,-3.3,0.75,0.41,684.8,685.8,683.5,4.2,,-1.4156135473548437,Snow
1997-06-10,52645.0,青海,野牛沟,38.41666666666666,99.58333333333331,3320.0,1997,6,10,0.0,无,3.3,12.2,-4.8,0.6,0.18,682.8,686.5,680.3,5.9,,,无
1997-06-11,52645.0,青海,野牛沟,38.41666666666666,99.58333333333331,3320.0,1997,6,11,0.0,无,6.2,14.5,-2.7,0.55,0.21,680.9,682.0,678.9,6.2,,,无
1997-06-12,52645.0,青海,野牛沟,38.41666666666666,99.58333333333331,3320.0,1997,6,12,0.2,normal,7.1,15.2,0.3,0.62,0.28,682.0,682.2,679.6,5.9,,3.4549709856511823,Rain
1997-06-13,52645.0,青海,野牛沟,38.41666666666666,99.58333333333331,3320.0,1997,6,13,0.0,无,8.7,17.5,-1.2,0.53,0.15,682.0,683.8,679.6,7.8,,,无
1997-06-14,52645.0,青海,野牛沟,38.41666666666666,99.58333333333331,3320.0,1997,6,14,1.2,normal,10.0,15.9,4.2,0.55,0.26,683.1,684.0,681.0,7.5,,5.1775193360641625,Rain
1997-06-15,52645.0,青海,野牛沟,38.41666666666666,99.58333333333331,3320.0,1997,6,15,8.6,normal,4.5,12.0,1.2,0.75,0.31,683.8,684.8,682.8,1.6,,2.3632019776416024,Rain
1997-06-16,52645.0,青海,野牛沟,38.41666666666666,99.58333333333331,3320.0,1997,6,16,1.3,normal,5.7,11.6,0.9,0.58,0.32,685.2,686.4,683.6,7.0,,1.85349582171495,Rain
1997-06-17,52645.0,青海,野牛沟,38.41666666666666,99.58333333333331,3320.0,1997,6,17,0.0,无,5.3,12.6,-2.0,0.64,0.28,684.6,686.0,683.0,5.5,,,无
1997-06-18,52645.0,青海,野牛沟,38.41666666666666,99.58333333333331,3320.0,1997,6,18,0.0,无,7.6,16.1,-2.3,0.57,0.26,683.5,685.1,681.1,7.1,,,无
1997-06-19,52645.0,青海,野牛沟,38.41666666666666,99.58333333333331,3320.0,1997,6,19,0.0,无,7.6,14.2,-0.3,0.48,0.23,682.2,683.1,681.2,4.9,,,无
1997-06-20,52645.0,青海,野牛沟,38.41666666666666,99.58333333333331,3320.0,1997,6,20,0.0,无,7.6,15.8,0.1,0.62,0.27,683.9,684.6,682.2,6.7,,,无
1997-06-21,52645.0,青海,野牛沟,38.41666666666666,99.58333333333331,3320.0,1997,6,21,0.0,无,8.3,16.5,-1.3,0.61,0.29,684.2,685.3,682.6,7.3,,,无
1997-06-22,52645.0,青海,野牛沟,38.41666666666666,99.58333333333331,3320.0,1997,6,22,0.0,无,9.6,17.9,-0.6,0.54,0.25,683.6,684.9,681.7,7.5,,,无
1997-06-23,52645.0,青海,野牛沟,38.41666666666666,99.58333333333331,3320.0,1997,6,23,0.0,无,9.5,20.6,-2.2,0.51,0.17,682.5,684.0,680.6,8.0,,,无
1997-06-24,52645.0,青海,野牛沟,38.41666666666666,99.58333333333331,3320.0,1997,6,24,0.0,无,10.5,21.5,-0.5,0.53,0.24,681.4,682.5,679.6,8.2,,,无
1997-06-25,52645.0,青海,野牛沟,38.41666666666666,99.58333333333331,3320.0,1997,6,25,0.0,无,10.4,21.5,-0.3,0.53,0.19,681.0,682.6,678.4,8.4,,,无
1997-06-26,52645.0,青海,野牛沟,38.41666666666666,99.58333333333331,3320.0,1997,6,26,9.3,normal,9.6,14.7,6.8,0.79,0.38,679.9,681.6,678.5,4.0,,7.474481248164184,Rain
1997-06-27,52645.0,青海,野牛沟,38.41666666666666,99.58333333333331,3320.0,1997,6,27,9.7,normal,9.9,16.9,5.1,0.69,0.35,680.5,681.7,678.3,7.2,,6.673166938520398,Rain
1997-06-28,52645.0,青海,野牛沟,38.41666666666666,99.58333333333331,3320.0,1997,6,28,1.6,normal,10.3,18.9,1.4,0.65,0.27,677.9,681.1,675.1,7.6,,6.5757867532995595,Rain
1997-06-29,52645.0,青海,野牛沟,38.41666666666666,99.58333333333331,3320.0,1997,6,29,0.0,无,11.0,19.9,1.2,0.59,0.31,676.0,677.1,674.3,7.5,,,无
1997-06-30,52645.0,青海,野牛沟,38.41666666666666,99.58333333333331,3320.0,1997,6,30,4.8,normal,10.8,15.7,8.4,0.81,0.42,676.4,677.5,675.1,2.7,,8.809456372316905,Rain
1997-07-01,52645.0,青海,野牛沟,38.41666666666666,99.58333333333331,3320.0,1997,7,1,5.2,normal,9.8,12.8,8.9,0.86,0.7,677.6,679.2,676.0,1.5,,8.390936880805967,Rain
1997-07-02,52645.0,青海,野牛沟,38.41666666666666,99.58333333333331,3320.0,1997,7,2,3.0,normal,8.4,12.0,6.6,0.83,0.63,680.8,681.0,679.2,3.2,,6.755909159784941,Rain
1997-07-03,52645.0,青海,野牛沟,38.41666666666666,99.58333333333331,3320.0,1997,7,3,4.9,normal,8.0,12.1,5.6,0.82,0.54,682.5,682.8,680.9,2.7,,6.2802345498641765,Rain
1997-07-04,52645.0,青海,野牛沟,38.41666666666666,99.58333333333331,3320.0,1997,7,4,3.9,normal,9.9,17.4,6.4,0.79,0.41,683.2,683.8,681.0,4.9,,7.75867984309746,Rain
1997-07-05,52645.0,青海,野牛沟,38.41666666666666,99.58333333333331,3320.0,1997,7,5,5.0,normal,9.4,17.3,2.4,0.68,0.34,683.7,685.5,681.8,6.4,,6.121797551936017,Rain
1997-07-06,52645.0,青海,野牛沟,38.41666666666666,99.58333333333331,3320.0,1997,7,6,0.0,无,10.7,15.9,4.4,0.62,0.35,683.6,684.6,682.6,5.4,,,无
1997-07-07,52645.0,青海,野牛沟,38.41666666666666,99.58333333333331,3320.0,1997,7,7,0.8,normal,9.2,13.5,2.6,0.62,0.38,685.1,685.7,683.6,3.8,,5.2918808839620946,Rain
1997-07-08,52645.0,青海,野牛沟,38.41666666666666,99.58333333333331,3320.0,1997,7,8,0.2,normal,8.3,14.4,1.2,0.69,0.39,684.7,686.2,683.2,4.8,,5.244239376467887,Rain
1997-07-09,52645.0,青海,野牛沟,38.41666666666666,99.58333333333331,3320.0,1997,7,9,0.9,normal,8.2,16.3,0.7,0.69,0.33,683.0,684.4,681.5,4.0,,5.1512333771003105,Rain
1997-07-10,52645.0,青海,野牛沟,38.41666666666666,99.58333333333331,3320.0,1997,7,10,0.0,无,8.4,16.4,0.5,0.69,0.39,681.2,683.0,679.6,6.7,,,无
1997-07-11,52645.0,青海,野牛沟,38.41666666666666,99.58333333333331,3320.0,1997,7,11,0.0,无,9.7,18.2,0.9,0.64,0.34,679.6,681.3,678.0,6.7,,,无
1997-07-12,52645.0,青海,野牛沟,38.41666666666666,99.58333333333331,3320.0,1997,7,12,0.0,无,10.6,20.1,1.2,0.64,0.31,679.5,680.3,678.0,7.1,,,无
1997-07-13,52645.0,青海,野牛沟,38.41666666666666,99.58333333333331,3320.0,1997,7,13,13.4,normal,10.6,18.3,5.1,0.71,0.41,681.3,683.3,678.9,4.2,,7.528199554393429,Rain
1997-07-14,52645.0,青海,野牛沟,38.41666666666666,99.58333333333331,3320.0,1997,7,14,8.4,normal,9.6,17.1,5.8,0.69,0.34,683.7,684.7,681.4,5.5,,6.409800760935638,Rain
1997-07-15,52645.0,青海,野牛沟,38.41666666666666,99.58333333333331,3320.0,1997,7,15,11.8,normal,8.0,14.3,3.0,0.79,0.5,682.6,684.5,680.6,2.6,,5.9833581934640945,Rain
1997-07-16,52645.0,青海,野牛沟,38.41666666666666,99.58333333333331,3320.0,1997,7,16,10.4,normal,6.7,11.3,3.6,0.79,0.56,680.9,682.4,679.5,3.8,,4.767121563419052,Rain
1997-07-17,52645.0,青海,野牛沟,38.41666666666666,99.58333333333331,3320.0,1997,7,17,2.8,normal,4.6,11.8,0.5,0.8,0.44,682.2,683.4,680.6,3.5,,2.894713226365675,Snow
1997-07-18,52645.0,青海,野牛沟,38.41666666666666,99.58333333333331,3320.0,1997,7,18,2.8,normal,5.2,11.9,-0.8,0.79,0.5,685.0,685.4,683.0,3.1,,3.370850116380155,Rain
1997-07-19,52645.0,青海,野牛沟,38.41666666666666,99.58333333333331,3320.0,1997,7,19,0.0,无,8.1,16.2,-0.1,0.66,0.29,685.7,686.9,683.4,5.5,,,无
1997-07-20,52645.0,青海,野牛沟,38.41666666666666,99.58333333333331,3320.0,1997,7,20,0.0,无,10.6,20.1,0.9,0.58,0.21,684.1,686.3,681.6,7.2,,,无
1997-07-21,52645.0,青海,野牛沟,38.41666666666666,99.58333333333331,3320.0,1997,7,21,0.0,无,11.2,21.6,1.6,0.61,0.22,683.8,685.2,680.9,8.2,,,无
1997-07-22,52645.0,青海,野牛沟,38.41666666666666,99.58333333333331,3320.0,1997,7,22,0.0,无,13.3,24.3,2.9,0.6,0.22,682.5,683.6,680.6,9.5,,,无
1997-07-23,52645.0,青海,野牛沟,38.41666666666666,99.58333333333331,3320.0,1997,7,23,0.0,无,13.6,21.7,5.6,0.56,0.4,682.9,683.7,681.2,8.2,,,无
1997-07-24,52645.0,青海,野牛沟,38.41666666666666,99.58333333333331,3320.0,1997,7,24,0.6,normal,9.4,16.3,4.5,0.79,0.45,684.8,685.3,682.9,3.5,,7.293579997591402,Rain
1997-07-25,52645.0,青海,野牛沟,38.41666666666666,99.58333333333331,3320.0,1997,7,25,19.0,normal,9.9,17.5,6.3,0.78,0.49,685.3,686.2,683.0,5.9,,7.655136109866256,Rain
1997-07-26,52645.0,青海,野牛沟,38.41666666666666,99.58333333333331,3320.0,1997,7,26,8.0,normal,10.8,17.2,3.5,0.69,0.4,685.2,687.4,682.9,6.7,,7.490201160830048,Rain
1997-07-27,52645.0,青海,野牛沟,38.41666666666666,99.58333333333331,3320.0,1997,7,27,2.9,normal,8.8,15.5,3.5,0.78,0.49,684.9,686.7,682.9,5.2,,6.631015985572382,Rain
1997-07-28,52645.0,青海,野牛沟,38.41666666666666,99.58333333333331,3320.0,1997,7,28,0.1,normal,12.0,20.8,4.1,0.64,0.26,682.6,685.1,679.7,7.3,,7.965963463053511,Rain
1997-07-29,52645.0,青海,野牛沟,38.41666666666666,99.58333333333331,3320.0,1997,7,29,0.6,normal,9.6,16.7,3.9,0.76,0.37,681.5,682.5,680.4,5.0,,7.159409916947106,Rain
1997-07-30,52645.0,青海,野牛沟,38.41666666666666,99.58333333333331,3320.0,1997,7,30,3.8,normal,8.4,11.0,6.3,0.83,0.59,681.7,682.4,680.4,1.4,,6.756772209469317,Rain
1997-07-31,52645.0,青海,野牛沟,38.41666666666666,99.58333333333331,3320.0,1997,7,31,0.0,无,9.3,15.8,1.4,0.66,0.33,683.0,683.7,682.3,5.8,,,无
1997-08-01,52645.0,青海,野牛沟,38.41666666666666,99.58333333333331,3320.0,1997,8,1,0.0,无,11.2,20.0,1.4,0.63,0.32,682.3,684.0,680.1,7.0,,,无
1997-08-02,52645.0,青海,野牛沟,38.41666666666666,99.58333333333331,3320.0,1997,8,2,0.0,无,14.4,21.8,8.2,0.6,0.37,679.7,680.7,677.5,7.3,,,无
1997-08-03,52645.0,青海,野牛沟,38.41666666666666,99.58333333333331,3320.0,1997,8,3,0.3,normal,15.0,23.3,6.6,0.69,0.37,677.5,678.9,675.6,7.7,,11.249693268050237,Rain
1997-08-04,52645.0,青海,野牛沟,38.41666666666666,99.58333333333331,3320.0,1997,8,4,8.7,normal,14.9,19.7,12.4,0.81,0.54,677.1,677.6,676.1,5.1,,12.670962874768442,Rain
1997-08-05,52645.0,青海,野牛沟,38.41666666666666,99.58333333333331,3320.0,1997,8,5,5.1,normal,13.7,18.9,10.6,0.87,0.59,678.9,681.0,677.0,3.2,,12.242940708596525,Rain
1997-08-06,52645.0,青海,野牛沟,38.41666666666666,99.58333333333331,3320.0,1997,8,6,2.6,normal,11.9,14.5,9.7,0.81,0.68,682.2,682.6,681.0,2.7,,9.850992920959115,Rain
1997-08-07,52645.0,青海,野牛沟,38.41666666666666,99.58333333333331,3320.0,1997,8,7,5.5,normal,9.8,13.3,6.3,0.76,0.55,685.6,686.4,682.6,4.1,,7.3498584762802865,Rain
1997-08-08,52645.0,青海,野牛沟,38.41666666666666,99.58333333333331,3320.0,1997,8,8,3.7,normal,8.3,12.6,6.5,0.8,0.57,688.7,689.4,686.4,2.6,,6.370861279149236,Rain
1997-08-09,52645.0,青海,野牛沟,38.41666666666666,99.58333333333331,3320.0,1997,8,9,0.4,normal,8.6,16.7,1.0,0.7,0.33,688.7,690.1,686.6,5.9,,5.6258100640049635,Rain
1997-08-10,52645.0,青海,野牛沟,38.41666666666666,99.58333333333331,3320.0,1997,8,10,0.0,无,8.4,16.7,0.7,0.69,0.4,686.0,687.6,683.8,5.0,,,无
1997-08-11,52645.0,青海,野牛沟,38.41666666666666,99.58333333333331,3320.0,1997,8,11,0.9,normal,8.1,17.4,0.7,0.73,0.36,682.8,684.6,680.5,4.2,,5.471693380074725,Rain
1997-08-12,52645.0,青海,野牛沟,38.41666666666666,99.58333333333331,3320.0,1997,8,12,1.6,normal,9.1,15.3,3.8,0.74,0.46,680.5,683.2,677.1,3.8,,6.486335765897704,Rain
1997-08-13,52645.0,青海,野牛沟,38.41666666666666,99.58333333333331,3320.0,1997,8,13,2.4,normal,8.2,14.6,4.3,0.79,0.47,680.7,681.8,679.3,4.0,,6.167851492052896,Rain
1997-08-14,52645.0,青海,野牛沟,38.41666666666666,99.58333333333331,3320.0,1997,8,14,2.9,normal,7.3,10.4,4.7,0.79,0.68,683.0,683.3,681.8,2.3,,5.3300641572875,Rain
1997-08-15,52645.0,青海,野牛沟,38.41666666666666,99.58333333333331,3320.0,1997,8,15,6.5,normal,6.9,13.1,3.8,0.76,0.48,687.3,688.2,683.3,3.7,,4.673918263160233,Rain
1997-08-16,52645.0,青海,野牛沟,38.41666666666666,99.58333333333331,3320.0,1997,8,16,0.3,normal,8.1,15.3,2.8,0.68,0.25,688.5,689.7,686.3,5.3,,4.968559705412425,Rain
1997-08-17,52645.0,青海,野牛沟,38.41666666666666,99.58333333333331,3320.0,1997,8,17,2.4,normal,7.4,14.0,1.2,0.69,0.35,688.2,689.4,686.7,5.6,,4.442392025570956,Rain
1997-08-18,52645.0,青海,野牛沟,38.41666666666666,99.58333333333331,3320.0,1997,8,18,2.1,normal,6.2,15.0,-0.8,0.7,0.33,687.3,688.3,685.0,4.6,,3.4583446496783887,Rain
1997-08-19,52645.0,青海,野牛沟,38.41666666666666,99.58333333333331,3320.0,1997,8,19,0.8,normal,5.6,14.3,0.2,0.78,0.41,687.6,689.1,685.8,3.5,,3.656525342042376,Rain
1997-08-20,52645.0,青海,野牛沟,38.41666666666666,99.58333333333331,3320.0,1997,8,20,3.7,normal,5.4,13.0,-0.8,0.78,0.49,688.4,690.1,686.5,3.3,,3.4713636990288466,Rain
1997-08-21,52645.0,青海,野牛沟,38.41666666666666,99.58333333333331,3320.0,1997,8,21,0.0,无,6.5,15.8,-1.2,0.72,0.22,688.2,689.9,685.7,5.3,,,无
1997-08-22,52645.0,青海,野牛沟,38.41666666666666,99.58333333333331,3320.0,1997,8,22,0.0,无,8.8,20.8,-1.7,0.6,0.18,686.1,687.9,683.4,6.2,,,无
1997-08-23,52645.0,青海,野牛沟,38.41666666666666,99.58333333333331,3320.0,1997,8,23,0.0,无,10.1,22.6,-0.4,0.56,0.14,683.9,685.1,682.0,7.3,,,无
1997-08-24,52645.0,青海,野牛沟,38.41666666666666,99.58333333333331,3320.0,1997,8,24,0.0,无,10.7,22.9,0.7,0.56,0.22,683.4,685.1,681.2,7.5,,,无
1997-08-25,52645.0,青海,野牛沟,38.41666666666666,99.58333333333331,3320.0,1997,8,25,0.0,无,12.7,23.8,1.0,0.51,0.19,682.7,684.2,680.9,9.0,,,无
1997-08-26,52645.0,青海,野牛沟,38.41666666666666,99.58333333333331,3320.0,1997,8,26,0.5,normal,10.2,22.4,0.5,0.62,0.24,682.6,683.2,680.0,6.7,,6.156557260207838,Rain
1997-08-27,52645.0,青海,野牛沟,38.41666666666666,99.58333333333331,3320.0,1997,8,27,0.0,无,10.2,18.9,2.9,0.7,0.44,684.2,685.8,682.8,5.7,,,无
1997-08-28,52645.0,青海,野牛沟,38.41666666666666,99.58333333333331,3320.0,1997,8,28,0.0,无,13.8,23.4,6.8,0.63,0.36,680.3,683.3,677.3,8.7,,,无
1997-08-29,52645.0,青海,野牛沟,38.41666666666666,99.58333333333331,3320.0,1997,8,29,0.6,normal,9.5,17.1,3.0,0.65,0.42,681.9,683.2,678.1,6.2,,5.878459998876093,Rain
1997-08-30,52645.0,青海,野牛沟,38.41666666666666,99.58333333333331,3320.0,1997,8,30,11.9,normal,7.2,11.8,5.1,0.88,0.74,683.5,684.4,682.1,1.2,,6.094881794845297,Rain
1997-08-31,52645.0,青海,野牛沟,38.41666666666666,99.58333333333331,3320.0,1997,8,31,13.3,normal,7.5,15.8,2.5,0.69,0.31,686.5,687.5,683.9,6.1,,4.529050283385554,Rain
1997-09-01,52645.0,青海,野牛沟,38.41666666666666,99.58333333333331,3320.0,1997,9,1,0.3,normal,5.6,12.0,0.2,0.69,0.37,686.8,687.5,686.0,2.2,,2.8221931225708863,Rain
1997-09-02,52645.0,青海,野牛沟,38.41666666666666,99.58333333333331,3320.0,1997,9,2,0.0,无,6.5,16.3,-1.6,0.67,0.33,687.5,688.6,685.3,5.0,,,无
1997-09-03,52645.0,青海,野牛沟,38.41666666666666,99.58333333333331,3320.0,1997,9,3,0.0,无,6.5,18.0,-2.7,0.6,0.19,686.4,688.3,683.9,5.6,,,无
1997-09-04,52645.0,青海,野牛沟,38.41666666666666,99.58333333333331,3320.0,1997,9,4,0.0,无,7.1,19.3,-2.7,0.55,0.15,686.0,687.0,684.0,6.2,,,无
1997-09-05,52645.0,青海,野牛沟,38.41666666666666,99.58333333333331,3320.0,1997,9,5,0.0,无,7.0,18.6,-3.1,0.53,0.2,686.4,688.3,683.9,5.9,,,无
1997-09-06,52645.0,青海,野牛沟,38.41666666666666,99.58333333333331,3320.0,1997,9,6,0.0,无,8.8,19.6,-0.8,0.54,0.25,686.0,687.6,683.7,6.3,,,无
1997-09-07,52645.0,青海,野牛沟,38.41666666666666,99.58333333333331,3320.0,1997,9,7,0.0,无,8.8,21.4,-1.3,0.54,0.23,685.6,687.0,682.7,7.5,,,无
1997-09-08,52645.0,青海,野牛沟,38.41666666666666,99.58333333333331,3320.0,1997,9,8,0.0,无,8.2,20.3,-2.6,0.55,0.3,685.0,686.3,682.3,5.8,,,无
1997-09-09,52645.0,青海,野牛沟,38.41666666666666,99.58333333333331,3320.0,1997,9,9,1.8,normal,9.6,15.7,5.3,0.78,0.37,684.4,686.7,682.9,3.3,,7.374819376877464,Rain
1997-09-10,52645.0,青海,野牛沟,38.41666666666666,99.58333333333331,3320.0,1997,9,10,0.3,normal,9.3,15.7,6.5,0.7,0.41,684.4,684.9,683.3,3.7,,6.249294939666314,Rain
1997-09-11,52645.0,青海,野牛沟,38.41666666666666,99.58333333333331,3320.0,1997,9,11,0.5,normal,5.3,10.8,3.4,0.81,0.45,685.3,686.7,683.7,2.6,,3.644374050646042,Rain
1997-09-12,52645.0,青海,野牛沟,38.41666666666666,99.58333333333331,3320.0,1997,9,12,2.6,normal,3.6,10.9,1.3,0.83,0.45,685.2,686.8,684.1,2.0,,2.211783867581212,Snow
1997-09-13,52645.0,青海,野牛沟,38.41666666666666,99.58333333333331,3320.0,1997,9,13,0.3,normal,5.5,13.3,2.0,0.71,0.32,685.6,686.6,683.8,4.4,,2.9166605833754966,Rain
1997-09-14,52645.0,青海,野牛沟,38.41666666666666,99.58333333333331,3320.0,1997,9,14,0.0,无,5.5,14.3,-2.9,0.63,0.22,685.5,687.4,682.9,4.4,,,无
1997-09-15,52645.0,青海,野牛沟,38.41666666666666,99.58333333333331,3320.0,1997,9,15,0.0,无,3.1,13.4,-4.4,0.65,0.19,684.8,685.8,681.6,5.2,,,无
1997-09-16,52645.0,青海,野牛沟,38.41666666666666,99.58333333333331,3320.0,1997,9,16,0.0,无,0.7,12.5,-7.6,0.66,0.17,684.7,686.3,680.9,3.9,,,无
1997-09-17,52645.0,青海,野牛沟,38.41666666666666,99.58333333333331,3320.0,1997,9,17,0.1,normal,0.2,9.7,-6.9,0.66,0.17,686.4,688.1,684.5,4.3,,-2.2696449718528955,Snow
1997-09-18,52645.0,青海,野牛沟,38.41666666666666,99.58333333333331,3320.0,1997,9,18,0.0,无,-0.3,12.5,-10.9,0.48,0.11,687.1,689.1,684.2,4.2,,,无
1997-09-19,52645.0,青海,野牛沟,38.41666666666666,99.58333333333331,3320.0,1997,9,19,0.0,无,0.1,8.1,-7.4,0.57,0.2,687.2,688.2,685.2,2.4,,,无
1997-09-20,52645.0,青海,野牛沟,38.41666666666666,99.58333333333331,3320.0,1997,9,20,0.0,无,0.5,9.6,-7.4,0.63,0.17,687.5,689.4,684.7,3.8,,,无
1997-09-21,52645.0,青海,野牛沟,38.41666666666666,99.58333333333331,3320.0,1997,9,21,0.0,无,-0.2,11.7,-10.1,0.49,0.15,685.5,687.3,682.7,4.5,,,无
1997-09-22,52645.0,青海,野牛沟,38.41666666666666,99.58333333333331,3320.0,1997,9,22,0.0,无,-0.1,11.3,-9.6,0.5,0.22,684.5,685.7,682.1,4.0,,,无
1997-09-23,52645.0,青海,野牛沟,38.41666666666666,99.58333333333331,3320.0,1997,9,23,0.0,无,0.6,9.0,-6.2,0.58,0.33,685.5,686.7,683.9,4.4,,,无
1997-09-24,52645.0,青海,野牛沟,38.41666666666666,99.58333333333331,3320.0,1997,9,24,0.0,无,-1.6,8.5,-10.7,0.52,0.14,688.3,689.6,686.7,4.0,,,无
1997-09-25,52645.0,青海,野牛沟,38.41666666666666,99.58333333333331,3320.0,1997,9,25,0.0,无,-2.1,9.6,-12.6,0.49,0.21,688.5,690.1,686.1,3.7,,,无
1997-09-26,52645.0,青海,野牛沟,38.41666666666666,99.58333333333331,3320.0,1997,9,26,0.0,无,-1.3,7.3,-8.9,0.55,0.29,686.9,688.3,684.9,2.1,,,无
1997-09-27,52645.0,青海,野牛沟,38.41666666666666,99.58333333333331,3320.0,1997,9,27,0.0,无,-1.2,8.9,-9.7,0.63,0.27,684.9,686.8,682.7,3.0,,,无
1997-09-28,52645.0,青海,野牛沟,38.41666666666666,99.58333333333331,3320.0,1997,9,28,0.0,无,-1.1,10.6,-10.4,0.63,0.24,684.1,685.6,681.8,3.0,,,无
1997-09-29,52645.0,青海,野牛沟,38.41666666666666,99.58333333333331,3320.0,1997,9,29,0.0,无,-0.9,9.1,-10.1,0.54,0.2,684.2,685.7,682.1,2.8,,,无
1997-09-30,52645.0,青海,野牛沟,38.41666666666666,99.58333333333331,3320.0,1997,9,30,0.7,normal,-0.2,7.9,-5.6,0.71,0.28,683.6,685.6,681.5,3.2,,-2.2637711357260804,Snow
1997-10-01,52645.0,青海,野牛沟,38.41666666666666,99.58333333333331,3320.0,1997,10,1,0.0,无,-0.5,12.0,-10.3,0.55,0.12,683.4,685.2,680.7,3.3,,,无
1997-10-02,52645.0,青海,野牛沟,38.41666666666666,99.58333333333331,3320.0,1997,10,2,0.0,无,-0.8,7.0,-7.6,0.56,0.25,684.7,686.5,681.7,2.8,,,无
1997-10-03,52645.0,青海,野牛沟,38.41666666666666,99.58333333333331,3320.0,1997,10,3,0.0,无,-0.7,8.5,-4.6,0.62,0.17,686.6,687.6,683.2,3.3,,,无
1997-10-04,52645.0,青海,野牛沟,38.41666666666666,99.58333333333331,3320.0,1997,10,4,0.0,无,-3.0,10.0,-12.9,0.5,0.05,686.9,688.6,683.9,2.9,,,无
1997-10-05,52645.0,青海,野牛沟,38.41666666666666,99.58333333333331,3320.0,1997,10,5,0.0,无,-2.7,9.4,-12.6,0.45,0.1,685.9,687.5,683.5,4.1,,,无
1997-10-06,52645.0,青海,野牛沟,38.41666666666666,99.58333333333331,3320.0,1997,10,6,0.0,无,-2.3,9.5,-12.1,0.47,0.19,687.1,688.6,685.3,3.6,,,无
1997-10-07,52645.0,青海,野牛沟,38.41666666666666,99.58333333333331,3320.0,1997,10,7,0.0,无,-1.5,9.5,-11.1,0.52,0.23,687.9,689.6,685.5,3.2,,,无
1997-10-08,52645.0,青海,野牛沟,38.41666666666666,99.58333333333331,3320.0,1997,10,8,0.0,无,0.7,12.0,-8.8,0.46,0.17,686.5,688.3,684.2,4.1,,,无
1997-10-09,52645.0,青海,野牛沟,38.41666666666666,99.58333333333331,3320.0,1997,10,9,0.0,无,-1.0,9.4,-9.9,0.45,0.16,687.0,688.4,685.1,3.6,,,无
1997-10-10,52645.0,青海,野牛沟,38.41666666666666,99.58333333333331,3320.0,1997,10,10,0.0,无,-2.1,10.6,-12.4,0.46,0.21,686.6,688.5,683.2,3.5,,,无
1997-10-11,52645.0,青海,野牛沟,38.41666666666666,99.58333333333331,3320.0,1997,10,11,0.0,无,-2.6,9.2,-11.8,0.53,0.28,687.1,689.0,684.6,3.4,,,无
1997-10-12,52645.0,青海,野牛沟,38.41666666666666,99.58333333333331,3320.0,1997,10,12,0.0,无,-2.1,10.2,-12.4,0.48,0.12,686.2,687.9,683.6,3.3,,,无
1997-10-13,52645.0,青海,野牛沟,38.41666666666666,99.58333333333331,3320.0,1997,10,13,0.0,无,-2.8,7.5,-11.1,0.61,0.3,685.4,686.9,682.9,2.2,,,无
1997-10-14,52645.0,青海,野牛沟,38.41666666666666,99.58333333333331,3320.0,1997,10,14,0.0,无,-0.3,6.5,-5.7,0.6,0.26,683.9,686.0,681.3,2.6,,,无
1997-10-15,52645.0,青海,野牛沟,38.41666666666666,99.58333333333331,3320.0,1997,10,15,0.0,无,-2.2,8.0,-11.2,0.57,0.13,684.6,686.0,683.0,2.9,,,无
1997-10-16,52645.0,青海,野牛沟,38.41666666666666,99.58333333333331,3320.0,1997,10,16,0.0,无,-4.0,8.4,-13.7,0.54,0.14,686.2,686.9,684.5,3.1,,,无
1997-10-17,52645.0,青海,野牛沟,38.41666666666666,99.58333333333331,3320.0,1997,10,17,0.0,无,-3.4,9.2,-14.0,0.48,0.12,687.3,689.5,684.7,3.2,,,无
1997-10-18,52645.0,青海,野牛沟,38.41666666666666,99.58333333333331,3320.0,1997,10,18,0.0,无,-5.1,3.5,-11.5,0.64,0.23,687.1,688.3,686.0,1.8,,,无
1997-10-19,52645.0,青海,野牛沟,38.41666666666666,99.58333333333331,3320.0,1997,10,19,0.0,无,-5.9,7.0,-14.7,0.63,0.18,687.8,689.7,684.8,1.9,,,无
1997-10-20,52645.0,青海,野牛沟,38.41666666666666,99.58333333333331,3320.0,1997,10,20,0.0,无,-3.4,11.2,-14.6,0.47,0.09,685.1,686.9,682.3,2.7,,,无
1997-10-21,52645.0,青海,野牛沟,38.41666666666666,99.58333333333331,3320.0,1997,10,21,0.0,无,-4.0,9.5,-15.2,0.43,0.13,682.6,684.3,679.8,2.9,,,无
1997-10-22,52645.0,青海,野牛沟,38.41666666666666,99.58333333333331,3320.0,1997,10,22,0.0,无,-3.9,7.4,-13.9,0.52,0.17,682.9,684.3,680.8,2.4,,,无
1997-10-23,52645.0,青海,野牛沟,38.41666666666666,99.58333333333331,3320.0,1997,10,23,0.6,normal,-3.5,3.7,-8.0,0.76,0.3,683.8,685.1,682.6,1.4,,-4.963957881814642,Snow
1997-10-24,52645.0,青海,野牛沟,38.41666666666666,99.58333333333331,3320.0,1997,10,24,0.0,无,-5.1,6.8,-14.6,0.55,0.16,684.7,686.7,682.3,2.3,,,无
1997-10-25,52645.0,青海,野牛沟,38.41666666666666,99.58333333333331,3320.0,1997,10,25,0.0,无,-5.4,5.4,-14.0,0.57,0.23,685.7,686.8,683.5,2.7,,,无
1997-10-26,52645.0,青海,野牛沟,38.41666666666666,99.58333333333331,3320.0,1997,10,26,0.0,无,-6.5,3.1,-15.4,0.53,0.17,686.4,687.8,684.3,2.2,,,无
1997-10-27,52645.0,青海,野牛沟,38.41666666666666,99.58333333333331,3320.0,1997,10,27,0.0,无,-7.8,3.2,-16.8,0.5,0.21,684.9,686.4,682.7,2.4,,,无
1997-10-28,52645.0,青海,野牛沟,38.41666666666666,99.58333333333331,3320.0,1997,10,28,0.0,无,-8.5,2.5,-17.0,0.52,0.22,686.0,687.3,684.8,2.1,,,无
1997-10-29,52645.0,青海,野牛沟,38.41666666666666,99.58333333333331,3320.0,1997,10,29,0.0,无,-8.5,2.5,-17.1,0.55,0.27,687.3,688.3,685.4,1.3,,,无
1997-10-30,52645.0,青海,野牛沟,38.41666666666666,99.58333333333331,3320.0,1997,10,30,0.0,无,-7.4,4.4,-17.0,0.56,0.2,687.2,688.7,684.7,1.5,,,无
1997-10-31,52645.0,青海,野牛沟,38.41666666666666,99.58333333333331,3320.0,1997,10,31,0.0,无,-7.3,4.3,-17.6,0.47,0.2,686.6,688.2,684.2,2.2,,,无
1997-11-01,52645.0,青海,野牛沟,38.41666666666666,99.58333333333331,3320.0,1997,11,1,0.0,无,-8.3,4.5,-17.8,0.48,0.18,685.6,687.3,683.1,1.9,,,无
1997-11-02,52645.0,青海,野牛沟,38.41666666666666,99.58333333333331,3320.0,1997,11,2,0.0,无,-7.5,4.9,-17.1,0.49,0.21,685.8,687.0,684.2,2.5,,,无
1997-11-03,52645.0,青海,野牛沟,38.41666666666666,99.58333333333331,3320.0,1997,11,3,0.0,无,-8.5,6.4,-19.0,0.46,0.17,688.8,690.5,686.4,1.7,,,无
1997-11-04,52645.0,青海,野牛沟,38.41666666666666,99.58333333333331,3320.0,1997,11,4,0.0,无,-6.6,7.9,-17.5,0.45,0.16,688.5,690.7,685.8,2.3,,,无
1997-11-05,52645.0,青海,野牛沟,38.41666666666666,99.58333333333331,3320.0,1997,11,5,0.0,无,-5.8,6.5,-14.8,0.45,0.24,686.3,687.4,683.7,2.2,,,无
1997-11-06,52645.0,青海,野牛沟,38.41666666666666,99.58333333333331,3320.0,1997,11,6,0.0,无,-6.9,5.2,-17.0,0.47,0.2,685.9,687.2,683.7,2.4,,,无
1997-11-07,52645.0,青海,野牛沟,38.41666666666666,99.58333333333331,3320.0,1997,11,7,0.0,无,-6.3,6.0,-16.5,0.55,0.29,685.4,687.0,683.0,2.3,,,无
1997-11-08,52645.0,青海,野牛沟,38.41666666666666,99.58333333333331,3320.0,1997,11,8,0.0,无,-6.5,7.0,-16.4,0.5,0.2,683.0,685.0,680.7,1.8,,,无
1997-11-09,52645.0,青海,野牛沟,38.41666666666666,99.58333333333331,3320.0,1997,11,9,0.0,无,-5.1,8.1,-13.7,0.5,0.28,679.3,681.7,676.3,2.0,,,无
1997-11-10,52645.0,青海,野牛沟,38.41666666666666,99.58333333333331,3320.0,1997,11,10,0.0,无,-6.9,3.3,-15.7,0.6,0.41,677.6,679.0,675.0,1.7,,,无
1997-11-11,52645.0,青海,野牛沟,38.41666666666666,99.58333333333331,3320.0,1997,11,11,3.3,normal,-9.3,-3.0,-14.3,0.81,0.56,681.5,682.6,677.7,0.8,,-10.159554309762168,Snow
1997-11-12,52645.0,青海,野牛沟,38.41666666666666,99.58333333333331,3320.0,1997,11,12,1.1,normal,-11.3,-6.1,-15.0,0.79,0.58,682.6,683.7,682.1,1.0,,-12.14746559991632,Snow
1997-11-13,52645.0,青海,野牛沟,38.41666666666666,99.58333333333331,3320.0,1997,11,13,0.0,无,-16.4,-6.1,-24.7,0.73,0.45,680.4,683.3,678.0,1.1,,,无
1997-11-14,52645.0,青海,野牛沟,38.41666666666666,99.58333333333331,3320.0,1997,11,14,0.0,无,-12.9,1.0,-25.6,0.58,0.24,674.8,679.0,671.2,1.7,,,无
1997-11-15,52645.0,青海,野牛沟,38.41666666666666,99.58333333333331,3320.0,1997,11,15,2.0,normal,-13.5,-1.5,-19.8,0.68,0.25,678.5,684.7,671.4,1.3,,-14.640065796958698,Snow
1997-11-16,52645.0,青海,野牛沟,38.41666666666666,99.58333333333331,3320.0,1997,11,16,0.0,无,-24.3,-14.7,-31.7,0.75,0.59,685.4,687.6,683.2,0.7,,,无
1997-11-17,52645.0,青海,野牛沟,38.41666666666666,99.58333333333331,3320.0,1997,11,17,0.0,无,-19.2,-8.7,-27.5,0.71,0.5,680.8,684.3,678.1,0.9,,,无
1997-11-18,52645.0,青海,野牛沟,38.41666666666666,99.58333333333331,3320.0,1997,11,18,0.2,normal,-13.4,-4.2,-21.5,0.75,0.35,677.7,679.0,676.4,1.0,,-14.294878139457218,Snow
1997-11-19,52645.0,青海,野牛沟,38.41666666666666,99.58333333333331,3320.0,1997,11,19,0.0,无,-18.2,-5.8,-27.7,0.67,0.46,677.9,679.5,675.8,0.8,,,无
1997-11-20,52645.0,青海,野牛沟,38.41666666666666,99.58333333333331,3320.0,1997,11,20,0.0,无,-12.8,0.1,-22.2,0.6,0.27,676.9,679.0,675.4,1.3,,,无
1997-11-21,52645.0,青海,野牛沟,38.41666666666666,99.58333333333331,3320.0,1997,11,21,0.0,无,-12.6,0.5,-21.5,0.59,0.26,679.5,681.3,676.5,1.6,,,无
1997-11-22,52645.0,青海,野牛沟,38.41666666666666,99.58333333333331,3320.0,1997,11,22,0.0,无,-12.1,-1.2,-21.5,0.67,0.33,680.6,682.4,679.2,1.3,,,无
1997-11-23,52645.0,青海,野牛沟,38.41666666666666,99.58333333333331,3320.0,1997,11,23,0.0,无,-14.7,-3.2,-24.5,0.61,0.3,676.1,680.3,672.4,0.9,,,无
1997-11-24,52645.0,青海,野牛沟,38.41666666666666,99.58333333333331,3320.0,1997,11,24,0.0,无,-12.6,0.5,-24.1,0.6,0.31,671.5,673.2,668.5,1.1,,,无
1997-11-25,52645.0,青海,野牛沟,38.41666666666666,99.58333333333331,3320.0,1997,11,25,0.0,无,-10.4,-4.1,-17.2,0.47,0.29,675.6,678.2,670.9,1.3,,,无
1997-11-26,52645.0,青海,野牛沟,38.41666666666666,99.58333333333331,3320.0,1997,11,26,0.0,无,-15.3,-2.6,-24.3,0.54,0.3,675.2,676.9,673.1,0.9,,,无
1997-11-27,52645.0,青海,野牛沟,38.41666666666666,99.58333333333331,3320.0,1997,11,27,0.0,无,-15.9,-6.5,-25.1,0.65,0.44,676.8,678.4,674.6,0.7,,,无
1997-11-28,52645.0,青海,野牛沟,38.41666666666666,99.58333333333331,3320.0,1997,11,28,0.0,无,-14.1,-4.0,-23.3,0.68,0.48,678.5,680.6,677.1,0.8,,,无
1997-11-29,52645.0,青海,野牛沟,38.41666666666666,99.58333333333331,3320.0,1997,11,29,0.0,无,-13.6,-3.5,-22.6,0.64,0.31,677.4,678.6,675.3,1.0,,,无
1997-11-30,52645.0,青海,野牛沟,38.41666666666666,99.58333333333331,3320.0,1997,11,30,0.0,无,-16.3,-4.5,-25.0,0.57,0.34,678.6,681.7,677.0,1.6,,,无
1997-12-01,52645.0,青海,野牛沟,38.41666666666666,99.58333333333331,3320.0,1997,12,1,0.0,无,-20.0,-7.4,-29.6,0.62,0.27,685.3,688.4,681.7,1.2,,,无
1997-12-02,52645.0,青海,野牛沟,38.41666666666666,99.58333333333331,3320.0,1997,12,2,0.0,无,-18.4,-2.7,-27.5,0.52,0.27,681.0,684.0,678.5,0.8,,,无
1997-12-03,52645.0,青海,野牛沟,38.41666666666666,99.58333333333331,3320.0,1997,12,3,0.0,无,-16.0,-2.2,-25.0,0.56,0.3,677.9,679.7,675.9,0.9,,,无
1997-12-04,52645.0,青海,野牛沟,38.41666666666666,99.58333333333331,3320.0,1997,12,4,0.1,normal,-12.2,-2.5,-22.6,0.68,0.41,676.9,678.7,674.6,0.6,,-13.436797510118566,Snow
1997-12-05,52645.0,青海,野牛沟,38.41666666666666,99.58333333333331,3320.0,1997,12,5,0.8,normal,-10.7,-5.0,-16.5,0.82,0.69,677.0,678.6,676.2,1.0,,-11.45544350827215,Snow
1997-12-06,52645.0,青海,野牛沟,38.41666666666666,99.58333333333331,3320.0,1997,12,6,0.0,无,-16.0,-7.3,-24.6,0.74,0.45,679.1,681.5,676.3,0.5,,,无
1997-12-07,52645.0,青海,野牛沟,38.41666666666666,99.58333333333331,3320.0,1997,12,7,0.7,normal,-20.9,-13.4,-27.7,0.65,0.36,684.1,686.6,681.5,0.4,,-21.649146257619158,Snow
1997-12-08,52645.0,青海,野牛沟,38.41666666666666,99.58333333333331,3320.0,1997,12,8,0.0,无,-24.2,-8.4,-32.0,0.62,0.34,681.3,683.7,679.2,0.8,,,无
1997-12-09,52645.0,青海,野牛沟,38.41666666666666,99.58333333333331,3320.0,1997,12,9,0.0,无,-23.2,-9.1,-31.7,0.61,0.36,680.2,682.0,678.4,0.7,,,无
1997-12-10,52645.0,青海,野牛沟,38.41666666666666,99.58333333333331,3320.0,1997,12,10,0.0,无,-21.3,-5.4,-29.5,0.61,0.3,680.6,683.1,678.0,0.7,,,无
1997-12-11,52645.0,青海,野牛沟,38.41666666666666,99.58333333333331,3320.0,1997,12,11,0.0,无,-17.5,-5.9,-24.2,0.58,0.31,678.0,679.5,676.1,0.8,,,无
1997-12-12,52645.0,青海,野牛沟,38.41666666666666,99.58333333333331,3320.0,1997,12,12,0.0,无,-18.0,-3.5,-26.7,0.57,0.29,678.0,680.4,676.2,0.7,,,无
1997-12-13,52645.0,青海,野牛沟,38.41666666666666,99.58333333333331,3320.0,1997,12,13,0.0,无,-14.7,-1.5,-22.7,0.55,0.34,678.1,679.6,676.4,1.2,,,无
1997-12-14,52645.0,青海,野牛沟,38.41666666666666,99.58333333333331,3320.0,1997,12,14,0.0,无,-17.4,-4.8,-26.1,0.57,0.35,679.2,681.2,676.7,0.7,,,无
1997-12-15,52645.0,青海,野牛沟,38.41666666666666,99.58333333333331,3320.0,1997,12,15,0.0,无,-15.6,-1.5,-23.0,0.57,0.3,678.0,679.1,676.5,0.8,,,无
1997-12-16,52645.0,青海,野牛沟,38.41666666666666,99.58333333333331,3320.0,1997,12,16,0.0,无,-15.4,-2.8,-24.4,0.53,0.33,679.4,681.1,677.5,0.8,,,无
1997-12-17,52645.0,青海,野牛沟,38.41666666666666,99.58333333333331,3320.0,1997,12,17,0.0,无,-15.4,-1.7,-23.1,0.51,0.25,679.7,682.0,678.0,1.1,,,无
1997-12-18,52645.0,青海,野牛沟,38.41666666666666,99.58333333333331,3320.0,1997,12,18,0.0,无,-15.6,1.2,-25.4,0.46,0.22,677.4,679.3,675.1,1.1,,,无
1997-12-19,52645.0,青海,野牛沟,38.41666666666666,99.58333333333331,3320.0,1997,12,19,0.0,无,-15.1,-1.3,-25.0,0.52,0.3,677.0,678.9,675.2,1.0,,,无
1997-12-20,52645.0,青海,野牛沟,38.41666666666666,99.58333333333331,3320.0,1997,12,20,0.0,无,-13.7,-1.6,-23.6,0.49,0.27,679.4,681.1,676.5,1.1,,,无
1997-12-21,52645.0,青海,野牛沟,38.41666666666666,99.58333333333331,3320.0,1997,12,21,0.0,无,-17.4,-5.7,-27.0,0.49,0.3,681.4,682.5,679.4,0.8,,,无
1997-12-22,52645.0,青海,野牛沟,38.41666666666666,99.58333333333331,3320.0,1997,12,22,0.0,无,-16.1,-1.2,-24.6,0.56,0.33,681.5,683.3,679.2,1.1,,,无
1997-12-23,52645.0,青海,野牛沟,38.41666666666666,99.58333333333331,3320.0,1997,12,23,0.0,无,-17.2,-1.5,-26.5,0.53,0.31,678.1,680.3,674.8,0.7,,,无
1997-12-24,52645.0,青海,野牛沟,38.41666666666666,99.58333333333331,3320.0,1997,12,24,0.0,无,-15.1,0.7,-24.6,0.57,0.26,675.3,677.0,673.6,1.0,,,无
1997-12-25,52645.0,青海,野牛沟,38.41666666666666,99.58333333333331,3320.0,1997,12,25,0.0,无,-15.3,-7.8,-21.8,0.67,0.37,676.2,677.5,675.3,0.5,,,无
1997-12-26,52645.0,青海,野牛沟,38.41666666666666,99.58333333333331,3320.0,1997,12,26,0.0,无,-17.6,-4.2,-26.9,0.5,0.19,676.9,678.1,674.8,0.8,,,无
1997-12-27,52645.0,青海,野牛沟,38.41666666666666,99.58333333333331,3320.0,1997,12,27,0.0,无,-16.8,-4.9,-26.5,0.6,0.36,677.7,679.9,675.3,0.9,,,无
1997-12-28,52645.0,青海,野牛沟,38.41666666666666,99.58333333333331,3320.0,1997,12,28,0.0,无,-17.6,-4.1,-26.8,0.54,0.32,677.4,679.0,675.7,0.8,,,无
1997-12-29,52645.0,青海,野牛沟,38.41666666666666,99.58333333333331,3320.0,1997,12,29,0.0,无,-16.4,-5.6,-26.6,0.49,0.21,678.4,680.8,676.9,0.7,,,无
1997-12-30,52645.0,青海,野牛沟,38.41666666666666,99.58333333333331,3320.0,1997,12,30,0.0,无,-16.1,-3.7,-25.5,0.6,0.39,677.3,679.3,674.2,0.9,,,无
1997-12-31,52645.0,青海,野牛沟,38.41666666666666,99.58333333333331,3320.0,1997,12,31,0.0,无,-15.6,-5.8,-25.1,0.57,0.27,677.5,679.5,676.1,1.1,,,无
1998-01-01,52645.0,青海,野牛沟,38.41666666666666,99.58333333333331,3320.0,1998,1,1,0.0,无,-17.4,-3.3,-27.0,0.47,0.21,674.3,677.3,672.2,1.3,,,无
1998-01-02,52645.0,青海,野牛沟,38.41666666666666,99.58333333333331,3320.0,1998,1,2,0.0,无,-17.4,-5.1,-27.7,0.48,0.27,673.1,674.6,671.3,1.0,,,无
1998-01-03,52645.0,青海,野牛沟,38.41666666666666,99.58333333333331,3320.0,1998,1,3,0.0,无,-16.4,-9.6,-23.1,0.61,0.37,677.1,678.7,674.6,1.1,,,无
1998-01-04,52645.0,青海,野牛沟,38.41666666666666,99.58333333333331,3320.0,1998,1,4,0.0,无,-20.3,-8.1,-29.7,0.61,0.25,679.8,681.8,677.8,1.1,,,无
1998-01-05,52645.0,青海,野牛沟,38.41666666666666,99.58333333333331,3320.0,1998,1,5,0.0,无,-18.5,-4.3,-28.4,0.52,0.27,677.4,679.5,675.3,0.8,,,无
1998-01-06,52645.0,青海,野牛沟,38.41666666666666,99.58333333333331,3320.0,1998,1,6,0.0,无,-12.9,-4.1,-19.2,0.66,0.37,674.3,676.3,672.4,1.0,,,无
1998-01-07,52645.0,青海,野牛沟,38.41666666666666,99.58333333333331,3320.0,1998,1,7,0.0,无,-15.5,-5.0,-24.9,0.67,0.28,673.5,675.3,672.0,0.9,,,无
1998-01-08,52645.0,青海,野牛沟,38.41666666666666,99.58333333333331,3320.0,1998,1,8,0.0,无,-14.9,-1.9,-24.4,0.44,0.22,672.2,674.1,671.1,0.7,,,无
1998-01-09,52645.0,青海,野牛沟,38.41666666666666,99.58333333333331,3320.0,1998,1,9,0.0,无,-8.7,0.0,-16.0,0.66,0.4,673.3,674.9,671.6,1.4,,,无
1998-01-10,52645.0,青海,野牛沟,38.41666666666666,99.58333333333331,3320.0,1998,1,10,2.1,normal,-13.6,-7.1,-16.8,0.95,0.83,676.9,677.9,674.9,0.3,,-13.77573496138044,Snow
1998-01-11,52645.0,青海,野牛沟,38.41666666666666,99.58333333333331,3320.0,1998,1,11,0.0,无,-21.0,-12.2,-30.7,0.89,0.66,675.9,678.7,673.3,0.5,,,无
1998-01-12,52645.0,青海,野牛沟,38.41666666666666,99.58333333333331,3320.0,1998,1,12,0.0,无,-21.8,-7.5,-30.4,0.78,0.51,673.3,675.1,671.6,0.7,,,无
1998-01-13,52645.0,青海,野牛沟,38.41666666666666,99.58333333333331,3320.0,1998,1,13,0.0,无,-20.5,-10.3,-28.7,0.66,0.51,671.2,672.4,669.5,0.5,,,无
1998-01-14,52645.0,青海,野牛沟,38.41666666666666,99.58333333333331,3320.0,1998,1,14,0.0,无,-20.8,-8.3,-31.1,0.71,0.29,671.5,674.1,667.9,0.8,,,无
1998-01-15,52645.0,青海,野牛沟,38.41666666666666,99.58333333333331,3320.0,1998,1,15,0.0,无,-15.9,-8.7,-26.1,0.56,0.32,664.1,668.7,661.6,1.0,,,无
1998-01-16,52645.0,青海,野牛沟,38.41666666666666,99.58333333333331,3320.0,1998,1,16,0.0,无,-18.8,-10.1,-27.9,0.64,0.33,667.4,670.4,662.4,1.0,,,无
1998-01-17,52645.0,青海,野牛沟,38.41666666666666,99.58333333333331,3320.0,1998,1,17,0.0,无,-21.7,-8.0,-31.9,0.64,0.35,670.2,671.8,667.4,0.9,,,无
1998-01-18,52645.0,青海,野牛沟,38.41666666666666,99.58333333333331,3320.0,1998,1,18,0.0,无,-20.9,-8.2,-30.4,0.67,0.39,672.0,673.3,669.8,1.0,,,无
1998-01-19,52645.0,青海,野牛沟,38.41666666666666,99.58333333333331,3320.0,1998,1,19,0.0,无,-20.9,-10.1,-30.2,0.71,0.39,672.9,674.2,670.5,0.8,,,无
1998-01-20,52645.0,青海,野牛沟,38.41666666666666,99.58333333333331,3320.0,1998,1,20,0.0,无,-20.3,-10.3,-29.3,0.67,0.33,673.9,675.2,672.2,0.6,,,无
1998-01-21,52645.0,青海,野牛沟,38.41666666666666,99.58333333333331,3320.0,1998,1,21,0.0,无,-19.7,-7.2,-30.2,0.57,0.31,674.3,676.1,671.8,1.2,,,无
1998-01-22,52645.0,青海,野牛沟,38.41666666666666,99.58333333333331,3320.0,1998,1,22,0.0,无,-20.2,-6.4,-31.0,0.55,0.26,675.2,677.7,672.3,1.1,,,无
1998-01-23,52645.0,青海,野牛沟,38.41666666666666,99.58333333333331,3320.0,1998,1,23,0.0,无,-18.1,-7.0,-27.7,0.56,0.28,674.9,676.3,672.6,1.3,,,无
1998-01-24,52645.0,青海,野牛沟,38.41666666666666,99.58333333333331,3320.0,1998,1,24,0.0,无,-20.0,-5.9,-30.2,0.57,0.26,676.7,677.8,673.8,0.9,,,无
1998-01-25,52645.0,青海,野牛沟,38.41666666666666,99.58333333333331,3320.0,1998,1,25,0.0,无,-17.8,-2.7,-27.8,0.5,0.25,677.0,678.5,674.4,1.2,,,无
1998-01-26,52645.0,青海,野牛沟,38.41666666666666,99.58333333333331,3320.0,1998,1,26,0.0,无,-16.0,-5.0,-24.2,0.47,0.27,675.1,678.4,672.2,1.5,,,无
1998-01-27,52645.0,青海,野牛沟,38.41666666666666,99.58333333333331,3320.0,1998,1,27,0.0,无,-17.7,-2.5,-27.7,0.41,0.16,680.1,682.3,675.4,1.4,,,无
1998-01-28,52645.0,青海,野牛沟,38.41666666666666,99.58333333333331,3320.0,1998,1,28,0.0,无,-16.9,-0.3,-27.7,0.38,0.2,683.4,685.7,681.1,1.0,,,无
1998-01-29,52645.0,青海,野牛沟,38.41666666666666,99.58333333333331,3320.0,1998,1,29,0.0,无,-16.1,-0.7,-27.9,0.43,0.19,680.8,682.8,677.6,1.4,,,无
1998-01-30,52645.0,青海,野牛沟,38.41666666666666,99.58333333333331,3320.0,1998,1,30,0.0,无,-14.4,-1.9,-25.8,0.4,0.24,678.5,680.1,676.5,0.9,,,无
1998-01-31,52645.0,青海,野牛沟,38.41666666666666,99.58333333333331,3320.0,1998,1,31,0.0,无,-11.1,-0.5,-23.6,0.48,0.16,677.1,678.4,674.8,1.6,,,无
1998-02-01,52645.0,青海,野牛沟,38.41666666666666,99.58333333333331,3320.0,1998,2,1,0.0,无,-11.3,1.0,-24.1,0.45,0.16,676.0,678.4,673.6,1.9,,,无
1998-02-02,52645.0,青海,野牛沟,38.41666666666666,99.58333333333331,3320.0,1998,2,2,0.0,无,-13.3,-1.4,-24.6,0.39,0.16,676.8,678.2,674.8,2.5,,,无
1998-02-03,52645.0,青海,野牛沟,38.41666666666666,99.58333333333331,3320.0,1998,2,3,0.0,无,-15.9,-1.7,-26.8,0.44,0.16,679.5,681.1,677.3,1.7,,,无
1998-02-04,52645.0,青海,野牛沟,38.41666666666666,99.58333333333331,3320.0,1998,2,4,0.0,无,-17.2,-3.4,-28.5,0.46,0.21,681.4,683.1,678.7,1.1,,,无
1998-02-05,52645.0,青海,野牛沟,38.41666666666666,99.58333333333331,3320.0,1998,2,5,0.0,无,-14.7,-6.1,-20.4,0.47,0.23,679.2,680.7,676.5,1.0,,,无
1998-02-06,52645.0,青海,野牛沟,38.41666666666666,99.58333333333331,3320.0,1998,2,6,0.0,无,-16.0,-5.5,-27.1,0.61,0.29,677.1,679.4,674.0,1.2,,,无
1998-02-07,52645.0,青海,野牛沟,38.41666666666666,99.58333333333331,3320.0,1998,2,7,0.0,无,-13.3,-3.0,-23.1,0.56,0.28,676.4,678.9,674.2,1.9,,,无
1998-02-08,52645.0,青海,野牛沟,38.41666666666666,99.58333333333331,3320.0,1998,2,8,0.0,无,-12.3,0.1,-23.5,0.4,0.23,674.8,676.2,671.8,2.8,,,无
1998-02-09,52645.0,青海,野牛沟,38.41666666666666,99.58333333333331,3320.0,1998,2,9,0.0,无,-11.8,0.5,-22.6,0.49,0.19,676.3,677.8,674.7,2.0,,,无
1998-02-10,52645.0,青海,野牛沟,38.41666666666666,99.58333333333331,3320.0,1998,2,10,0.0,无,-9.2,2.8,-19.5,0.54,0.32,676.3,678.2,674.5,1.9,,,无
1998-02-11,52645.0,青海,野牛沟,38.41666666666666,99.58333333333331,3320.0,1998,2,11,0.0,无,-1.8,10.1,-11.6,0.46,0.13,672.5,675.4,669.7,3.8,,,无
1998-02-12,52645.0,青海,野牛沟,38.41666666666666,99.58333333333331,3320.0,1998,2,12,0.0,无,-5.0,6.1,-8.4,0.48,0.13,673.5,676.0,671.0,2.0,,,无
1998-02-13,52645.0,青海,野牛沟,38.41666666666666,99.58333333333331,3320.0,1998,2,13,0.0,无,-11.1,-0.4,-22.0,0.56,0.21,678.4,681.6,675.4,1.6,,,无
1998-02-14,52645.0,青海,野牛沟,38.41666666666666,99.58333333333331,3320.0,1998,2,14,0.0,无,-8.0,5.2,-17.0,0.35,0.2,674.4,677.3,672.3,2.0,,,无
1998-02-15,52645.0,青海,野牛沟,38.41666666666666,99.58333333333331,3320.0,1998,2,15,0.0,无,-4.5,9.4,-17.1,0.44,0.2,673.4,674.6,671.6,2.9,,,无
1998-02-16,52645.0,青海,野牛沟,38.41666666666666,99.58333333333331,3320.0,1998,2,16,0.0,无,-3.7,7.5,-12.4,0.46,0.27,674.7,675.8,673.7,2.4,,,无
1998-02-17,52645.0,青海,野牛沟,38.41666666666666,99.58333333333331,3320.0,1998,2,17,0.0,无,-5.1,8.0,-16.7,0.59,0.27,673.2,675.6,669.5,2.2,,,无
1998-02-18,52645.0,青海,野牛沟,38.41666666666666,99.58333333333331,3320.0,1998,2,18,0.0,无,-4.3,6.9,-15.3,0.59,0.28,671.5,672.7,668.9,2.4,,,无
1998-02-19,52645.0,青海,野牛沟,38.41666666666666,99.58333333333331,3320.0,1998,2,19,0.6,normal,-6.4,3.7,-14.9,0.71,0.29,674.2,676.0,672.1,2.2,,-7.951820026965639,Snow
1998-02-20,52645.0,青海,野牛沟,38.41666666666666,99.58333333333331,3320.0,1998,2,20,0.3,normal,-8.5,0.7,-14.1,0.66,0.34,679.3,680.2,676.0,1.3,,-10.12395750041605,Snow
1998-02-21,52645.0,青海,野牛沟,38.41666666666666,99.58333333333331,3320.0,1998,2,21,0.0,无,-9.9,2.5,-21.1,0.5,0.11,679.3,681.2,675.8,2.0,,,无
1998-02-22,52645.0,青海,野牛沟,38.41666666666666,99.58333333333331,3320.0,1998,2,22,0.0,无,-9.4,4.7,-22.4,0.53,0.11,674.7,677.5,670.3,2.7,,,无
1998-02-23,52645.0,青海,野牛沟,38.41666666666666,99.58333333333331,3320.0,1998,2,23,1.5,normal,-9.4,1.0,-15.0,0.73,0.31,673.8,676.7,671.3,0.4,,-10.628984600679473,Snow
1998-02-24,52645.0,青海,野牛沟,38.41666666666666,99.58333333333331,3320.0,1998,2,24,2.3,normal,-13.8,-7.4,-22.6,0.87,0.68,678.8,680.6,676.7,0.3,,-14.251584526003725,Snow
1998-02-25,52645.0,青海,野牛沟,38.41666666666666,99.58333333333331,3320.0,1998,2,25,0.0,无,-15.8,-3.0,-26.6,0.69,0.33,678.7,680.5,676.8,1.3,,,无
1998-02-26,52645.0,青海,野牛沟,38.41666666666666,99.58333333333331,3320.0,1998,2,26,0.0,无,-16.3,-4.8,-27.0,0.68,0.44,678.7,680.1,676.7,1.5,,,无
1998-02-27,52645.0,青海,野牛沟,38.41666666666666,99.58333333333331,3320.0,1998,2,27,0.0,无,-12.6,-1.1,-22.3,0.69,0.51,678.0,679.5,675.4,1.5,,,无
1998-02-28,52645.0,青海,野牛沟,38.41666666666666,99.58333333333331,3320.0,1998,2,28,0.1,normal,-9.4,-2.5,-17.0,0.75,0.5,678.0,679.8,676.7,1.0,,-10.532058676305681,Snow
1998-03-01,52645.0,青海,野牛沟,38.41666666666666,99.58333333333331,3320.0,1998,3,1,0.7,normal,-7.1,0.4,-16.1,0.69,0.28,677.1,678.6,675.3,1.5,,-8.69713835666277,Snow
1998-03-02,52645.0,青海,野牛沟,38.41666666666666,99.58333333333331,3320.0,1998,3,2,0.1,normal,-8.8,0.6,-17.4,0.61,0.18,679.1,681.5,677.2,1.5,,-10.63747051047956,Snow
1998-03-03,52645.0,青海,野牛沟,38.41666666666666,99.58333333333331,3320.0,1998,3,3,0.0,无,-10.7,3.7,-23.6,0.58,0.16,677.1,679.0,674.8,2.1,,,无
1998-03-04,52645.0,青海,野牛沟,38.41666666666666,99.58333333333331,3320.0,1998,3,4,0.0,无,-8.7,7.9,-20.8,0.52,0.15,676.4,677.9,674.6,2.3,,,无
1998-03-05,52645.0,青海,野牛沟,38.41666666666666,99.58333333333331,3320.0,1998,3,5,0.0,无,-5.4,9.8,-18.5,0.51,0.18,674.1,676.1,670.7,3.3,,,无
1998-03-06,52645.0,青海,野牛沟,38.41666666666666,99.58333333333331,3320.0,1998,3,6,0.4,normal,-4.2,8.1,-14.6,0.71,0.27,672.8,675.0,669.6,2.0,,-5.934229867832532,Snow
1998-03-07,52645.0,青海,野牛沟,38.41666666666666,99.58333333333331,3320.0,1998,3,7,2.1,normal,-2.4,2.3,-10.6,0.74,0.49,670.9,672.6,669.1,2.6,,-4.090437621581944,Snow
1998-03-08,52645.0,青海,野牛沟,38.41666666666666,99.58333333333331,3320.0,1998,3,8,0.8,normal,-5.4,0.9,-9.0,0.71,0.41,672.7,674.4,669.8,1.3,,-7.0349314950862185,Snow
1998-03-09,52645.0,青海,野牛沟,38.41666666666666,99.58333333333331,3320.0,1998,3,9,0.0,无,-7.1,1.5,-13.6,0.6,0.36,675.2,676.4,673.2,1.9,,,无
1998-03-10,52645.0,青海,野牛沟,38.41666666666666,99.58333333333331,3320.0,1998,3,10,0.0,无,-7.1,-0.5,-13.4,0.66,0.37,675.2,676.3,673.1,1.9,,,无
1998-03-11,52645.0,青海,野牛沟,38.41666666666666,99.58333333333331,3320.0,1998,3,11,0.5,normal,-8.9,-3.7,-13.8,0.67,0.38,676.5,677.5,674.9,1.1,,-10.44518296128874,Snow
1998-03-12,52645.0,青海,野牛沟,38.41666666666666,99.58333333333331,3320.0,1998,3,12,0.0,无,-11.4,0.5,-22.6,0.59,0.2,675.4,678.4,672.3,2.3,,,无
1998-03-13,52645.0,青海,野牛沟,38.41666666666666,99.58333333333331,3320.0,1998,3,13,0.0,无,-9.8,1.0,-20.0,0.5,0.16,674.9,676.9,673.0,2.3,,,无
1998-03-14,52645.0,青海,野牛沟,38.41666666666666,99.58333333333331,3320.0,1998,3,14,0.0,无,-8.8,-1.5,-17.0,0.7,0.27,674.2,675.3,671.8,1.4,,,无
1998-03-15,52645.0,青海,野牛沟,38.41666666666666,99.58333333333331,3320.0,1998,3,15,2.5,normal,-11.2,-1.5,-23.1,0.78,0.37,674.8,675.9,672.9,1.4,,-12.100575904174736,Snow
1998-03-16,52645.0,青海,野牛沟,38.41666666666666,99.58333333333331,3320.0,1998,3,16,0.0,无,-6.8,2.8,-19.2,0.52,0.22,675.8,676.3,674.8,2.9,,,无
1998-03-17,52645.0,青海,野牛沟,38.41666666666666,99.58333333333331,3320.0,1998,3,17,0.0,无,0.8,7.0,-7.5,0.28,0.1,672.9,676.9,671.0,4.8,,,无
1998-03-18,52645.0,青海,野牛沟,38.41666666666666,99.58333333333331,3320.0,1998,3,18,0.0,无,0.3,4.2,-4.5,0.28,0.15,671.1,672.2,670.0,6.6,,,无
1998-03-19,52645.0,青海,野牛沟,38.41666666666666,99.58333333333331,3320.0,1998,3,19,0.0,无,-12.9,-2.4,-16.6,0.55,0.28,673.6,675.8,670.8,1.8,,,无
1998-03-20,52645.0,青海,野牛沟,38.41666666666666,99.58333333333331,3320.0,1998,3,20,0.4,normal,-13.4,-10.2,-14.9,0.78,0.59,672.2,676.2,668.5,0.6,,-14.19134765029765,Snow
1998-03-21,52645.0,青海,野牛沟,38.41666666666666,99.58333333333331,3320.0,1998,3,21,0.0,无,-11.7,4.0,-23.8,0.54,0.15,674.9,676.6,672.2,2.0,,,无
1998-03-22,52645.0,青海,野牛沟,38.41666666666666,99.58333333333331,3320.0,1998,3,22,1.0,normal,-8.4,0.0,-14.7,0.6,0.26,676.1,678.1,672.8,2.2,,-10.333550652275733,Snow
1998-03-23,52645.0,青海,野牛沟,38.41666666666666,99.58333333333331,3320.0,1998,3,23,0.2,normal,-8.6,-1.0,-15.9,0.64,0.21,678.3,680.3,675.5,1.7,,-10.313599152664871,Snow
1998-03-24,52645.0,青海,野牛沟,38.41666666666666,99.58333333333331,3320.0,1998,3,24,0.0,无,-7.6,1.2,-16.2,0.58,0.16,677.4,679.5,674.0,2.7,,,无
1998-03-25,52645.0,青海,野牛沟,38.41666666666666,99.58333333333331,3320.0,1998,3,25,0.0,无,-7.0,-0.5,-11.6,0.58,0.19,676.7,677.7,675.7,2.7,,,无
1998-03-26,52645.0,青海,野牛沟,38.41666666666666,99.58333333333331,3320.0,1998,3,26,0.0,无,-8.7,-1.5,-17.7,0.53,0.17,679.0,679.9,677.3,2.4,,,无
1998-03-27,52645.0,青海,野牛沟,38.41666666666666,99.58333333333331,3320.0,1998,3,27,0.0,无,-6.4,2.9,-16.5,0.39,0.16,679.1,681.1,677.9,3.6,,,无
1998-03-28,52645.0,青海,野牛沟,38.41666666666666,99.58333333333331,3320.0,1998,3,28,2.1,normal,-5.5,4.0,-12.0,0.52,0.21,679.0,680.3,677.5,2.4,,-8.213962886327216,Snow
1998-03-29,52645.0,青海,野牛沟,38.41666666666666,99.58333333333331,3320.0,1998,3,29,1.8,normal,-4.5,4.2,-10.8,0.66,0.21,681.7,683.9,680.1,2.1,,-6.495805386877227,Snow
1998-03-30,52645.0,青海,野牛沟,38.41666666666666,99.58333333333331,3320.0,1998,3,30,4.3,normal,-4.6,2.0,-6.2,0.74,0.25,681.3,682.1,679.8,1.1,,-6.109884761655295,Snow
1998-03-31,52645.0,青海,野牛沟,38.41666666666666,99.58333333333331,3320.0,1998,3,31,0.4,normal,-5.6,0.5,-13.5,0.6,0.33,680.7,682.7,679.0,3.4,,-7.833720176746302,Snow
1998-04-01,52645.0,青海,野牛沟,38.41666666666666,99.58333333333331,3320.0,1998,4,1,0.0,无,-3.2,10.0,-13.7,0.53,0.25,681.3,682.8,679.5,3.9,,,无
1998-04-02,52645.0,青海,野牛沟,38.41666666666666,99.58333333333331,3320.0,1998,4,2,0.0,无,1.3,13.5,-9.3,0.53,0.2,680.3,682.3,676.4,4.6,,,无
1998-04-03,52645.0,青海,野牛沟,38.41666666666666,99.58333333333331,3320.0,1998,4,3,0.5,normal,-0.4,10.0,-6.6,0.76,0.29,678.5,679.9,676.6,3.3,,-2.0910767125172613,Snow
1998-04-04,52645.0,青海,野牛沟,38.41666666666666,99.58333333333331,3320.0,1998,4,4,4.7,normal,-1.9,4.8,-7.6,0.75,0.46,681.3,682.5,679.5,2.6,,-3.546875792199269,Snow
1998-04-05,52645.0,青海,野牛沟,38.41666666666666,99.58333333333331,3320.0,1998,4,5,3.5,normal,-1.5,6.8,-7.8,0.67,0.28,682.6,684.4,680.9,3.7,,-3.7282348536477583,Snow
1998-04-06,52645.0,青海,野牛沟,38.41666666666666,99.58333333333331,3320.0,1998,4,6,0.0,无,0.4,7.9,-5.0,0.63,0.35,683.2,684.1,681.0,3.9,,,无
1998-04-07,52645.0,青海,野牛沟,38.41666666666666,99.58333333333331,3320.0,1998,4,7,0.0,无,-0.1,10.4,-9.1,0.51,0.08,680.5,684.1,676.2,4.7,,,无
1998-04-08,52645.0,青海,野牛沟,38.41666666666666,99.58333333333331,3320.0,1998,4,8,0.0,无,2.4,14.9,-7.0,0.4,0.12,676.8,678.6,673.7,5.6,,,无
1998-04-09,52645.0,青海,野牛沟,38.41666666666666,99.58333333333331,3320.0,1998,4,9,0.0,无,2.3,14.0,-7.2,0.55,0.18,675.6,677.5,672.1,5.3,,,无
1998-04-10,52645.0,青海,野牛沟,38.41666666666666,99.58333333333331,3320.0,1998,4,10,5.4,normal,-1.6,4.8,-5.1,0.82,0.55,677.9,682.1,675.1,0.4,,-2.79697350985336,Snow
1998-04-11,52645.0,青海,野牛沟,38.41666666666666,99.58333333333331,3320.0,1998,4,11,0.0,无,-4.7,6.6,-13.6,0.67,0.21,683.8,686.2,681.4,3.6,,,无
1998-04-12,52645.0,青海,野牛沟,38.41666666666666,99.58333333333331,3320.0,1998,4,12,0.0,无,-1.8,9.0,-10.5,0.48,0.14,680.3,683.2,676.3,5.3,,,无
1998-04-13,52645.0,青海,野牛沟,38.41666666666666,99.58333333333331,3320.0,1998,4,13,0.0,无,-1.5,7.5,-9.6,0.42,0.21,681.4,682.2,679.1,5.1,,,无
1998-04-14,52645.0,青海,野牛沟,38.41666666666666,99.58333333333331,3320.0,1998,4,14,0.3,normal,-1.3,6.0,-8.1,0.59,0.28,684.3,685.3,681.7,4.3,,-4.111776562973231,Snow
1998-04-15,52645.0,青海,野牛沟,38.41666666666666,99.58333333333331,3320.0,1998,4,15,0.0,无,-1.0,7.3,-8.8,0.52,0.18,685.2,686.0,684.0,3.8,,,无
1998-04-16,52645.0,青海,野牛沟,38.41666666666666,99.58333333333331,3320.0,1998,4,16,0.0,无,0.7,12.0,-8.7,0.43,0.15,685.4,686.9,682.6,5.9,,,无
1998-04-17,52645.0,青海,野牛沟,38.41666666666666,99.58333333333331,3320.0,1998,4,17,0.0,无,2.3,14.6,-7.9,0.43,0.13,684.0,686.0,680.4,6.4,,,无
1998-04-18,52645.0,青海,野牛沟,38.41666666666666,99.58333333333331,3320.0,1998,4,18,0.0,无,3.7,15.4,-7.1,0.39,0.13,681.6,683.9,678.1,7.3,,,无
1998-04-19,52645.0,青海,野牛沟,38.41666666666666,99.58333333333331,3320.0,1998,4,19,0.0,无,4.5,14.7,-6.1,0.38,0.13,681.3,683.1,678.9,7.3,,,无
1998-04-20,52645.0,青海,野牛沟,38.41666666666666,99.58333333333331,3320.0,1998,4,20,0.0,无,6.3,17.4,-5.1,0.38,0.1,679.2,682.3,675.5,7.2,,,无
1998-04-21,52645.0,青海,野牛沟,38.41666666666666,99.58333333333331,3320.0,1998,4,21,0.0,无,5.8,17.1,-6.0,0.34,0.14,676.1,678.0,673.3,7.3,,,无
1998-04-22,52645.0,青海,野牛沟,38.41666666666666,99.58333333333331,3320.0,1998,4,22,0.0,无,6.1,15.6,-4.0,0.38,0.22,674.7,677.5,671.9,6.7,,,无
1998-04-23,52645.0,青海,野牛沟,38.41666666666666,99.58333333333331,3320.0,1998,4,23,0.0,无,2.8,11.2,-3.8,0.51,0.21,679.0,680.5,673.6,8.0,,,无
1998-04-24,52645.0,青海,野牛沟,38.41666666666666,99.58333333333331,3320.0,1998,4,24,0.0,无,2.4,14.1,-9.6,0.51,0.28,680.6,682.4,676.9,6.5,,,无
1998-04-25,52645.0,青海,野牛沟,38.41666666666666,99.58333333333331,3320.0,1998,4,25,0.0,无,5.2,18.1,-7.2,0.45,0.12,679.8,682.2,676.5,7.5,,,无
1998-04-26,52645.0,青海,野牛沟,38.41666666666666,99.58333333333331,3320.0,1998,4,26,0.0,无,7.9,22.9,-5.6,0.49,0.15,677.9,680.6,674.2,8.0,,,无
1998-04-27,52645.0,青海,野牛沟,38.41666666666666,99.58333333333331,3320.0,1998,4,27,0.0,无,7.3,21.5,-2.8,0.54,0.22,677.8,680.8,674.9,11.2,,,无
1998-04-28,52645.0,青海,野牛沟,38.41666666666666,99.58333333333331,3320.0,1998,4,28,1.9,normal,3.8,9.1,-0.3,0.77,0.51,683.3,684.2,680.8,3.1,,1.8896291716037483,Rain
1998-04-29,52645.0,青海,野牛沟,38.41666666666666,99.58333333333331,3320.0,1998,4,29,2.9,normal,3.3,13.3,-1.3,0.79,0.39,682.5,685.7,677.1,4.1,,1.5921891114372366,Snow
1998-04-30,52645.0,青海,野牛沟,38.41666666666666,99.58333333333331,3320.0,1998,4,30,4.4,normal,2.2,14.1,-5.7,0.67,0.16,680.4,682.7,676.5,4.4,,-0.4146453519261373,Snow
1998-05-01,52645.0,青海,野牛沟,38.41666666666666,99.58333333333331,3320.0,1998,5,1,0.0,无,3.8,12.6,-5.0,0.53,0.15,682.2,683.6,679.2,6.0,,,无
1998-05-02,52645.0,青海,野牛沟,38.41666666666666,99.58333333333331,3320.0,1998,5,2,0.0,无,5.0,17.5,-5.5,0.51,0.13,683.2,685.3,680.1,7.5,,,无
1998-05-03,52645.0,青海,野牛沟,38.41666666666666,99.58333333333331,3320.0,1998,5,3,0.0,无,7.8,19.4,-3.8,0.49,0.09,682.8,685.3,679.3,9.2,,,无
1998-05-04,52645.0,青海,野牛沟,38.41666666666666,99.58333333333331,3320.0,1998,5,4,1.4,normal,10.3,19.7,3.8,0.43,0.16,678.9,680.6,675.6,9.2,,3.960752985873568,Rain
1998-05-05,52645.0,青海,野牛沟,38.41666666666666,99.58333333333331,3320.0,1998,5,5,7.3,normal,3.3,9.8,0.0,0.9,0.54,682.2,684.0,679.9,2.7,,2.498380430863505,Snow
1998-05-06,52645.0,青海,野牛沟,38.41666666666666,99.58333333333331,3320.0,1998,5,6,5.5,normal,1.6,4.2,0.1,0.94,0.74,685.0,686.2,684.0,2.1,,1.1523974308830853,Snow
1998-05-07,52645.0,青海,野牛沟,38.41666666666666,99.58333333333331,3320.0,1998,5,7,0.0,无,3.6,14.0,-2.2,0.73,0.35,685.3,687.8,681.1,4.9,,,无
1998-05-08,52645.0,青海,野牛沟,38.41666666666666,99.58333333333331,3320.0,1998,5,8,3.7,normal,3.9,10.0,1.2,0.79,0.46,681.5,683.7,680.0,0.6,,2.1518519914873613,Snow
1998-05-09,52645.0,青海,野牛沟,38.41666666666666,99.58333333333331,3320.0,1998,5,9,1.1,normal,2.4,6.5,-0.3,0.75,0.49,681.6,682.6,680.4,2.8,,0.42519800805306485,Snow
1998-05-10,52645.0,青海,野牛沟,38.41666666666666,99.58333333333331,3320.0,1998,5,10,10.7,normal,2.0,7.7,-2.5,0.73,0.36,682.3,683.7,681.0,6.1,,-0.10323856829186351,Snow
1998-05-11,52645.0,青海,野牛沟,38.41666666666666,99.58333333333331,3320.0,1998,5,11,0.0,无,3.8,11.4,-3.2,0.59,0.26,681.9,684.2,678.8,5.7,,,无
1998-05-12,52645.0,青海,野牛沟,38.41666666666666,99.58333333333331,3320.0,1998,5,12,2.8,normal,3.7,9.0,1.2,0.77,0.43,679.4,680.1,678.1,2.5,,1.7916741988254392,Rain
1998-05-13,52645.0,青海,野牛沟,38.41666666666666,99.58333333333331,3320.0,1998,5,13,2.0,normal,4.7,12.5,-3.7,0.67,0.31,679.8,681.6,677.6,5.4,,1.8171771178644347,Rain
1998-05-14,52645.0,青海,野牛沟,38.41666666666666,99.58333333333331,3320.0,1998,5,14,0.0,无,6.3,16.5,-1.4,0.58,0.17,680.1,681.4,677.4,7.1,,,无
1998-05-15,52645.0,青海,野牛沟,38.41666666666666,99.58333333333331,3320.0,1998,5,15,7.0,normal,1.4,6.6,-2.4,0.67,0.31,683.5,684.2,680.5,6.6,,-1.1245301195599966,Snow
1998-05-16,52645.0,青海,野牛沟,38.41666666666666,99.58333333333331,3320.0,1998,5,16,0.0,无,4.8,13.2,-2.5,0.43,0.19,682.4,685.6,679.4,6.7,,,无
1998-05-17,52645.0,青海,野牛沟,38.41666666666666,99.58333333333331,3320.0,1998,5,17,0.0,无,8.0,16.8,-1.6,0.49,0.23,681.3,682.5,679.3,7.6,,,无
1998-05-18,52645.0,青海,野牛沟,38.41666666666666,99.58333333333331,3320.0,1998,5,18,0.0,无,7.2,15.5,0.2,0.61,0.31,682.2,683.4,680.1,5.5,,,无
1998-05-19,52645.0,青海,野牛沟,38.41666666666666,99.58333333333331,3320.0,1998,5,19,0.0,无,9.1,19.6,-0.3,0.54,0.14,679.9,682.7,676.7,8.9,,,无
1998-05-20,52645.0,青海,野牛沟,38.41666666666666,99.58333333333331,3320.0,1998,5,20,8.9,normal,5.7,14.2,2.1,0.79,0.27,680.6,681.9,677.7,2.7,,3.832664940536188,Rain
1998-05-21,52645.0,青海,野牛沟,38.41666666666666,99.58333333333331,3320.0,1998,5,21,3.1,normal,5.1,12.6,-1.2,0.67,0.28,683.6,684.9,681.6,5.5,,2.1815922484901895,Rain
1998-05-22,52645.0,青海,野牛沟,38.41666666666666,99.58333333333331,3320.0,1998,5,22,0.0,无,4.8,13.5,-2.0,0.57,0.24,682.4,684.4,679.2,7.5,,,无
1998-05-23,52645.0,青海,野牛沟,38.41666666666666,99.58333333333331,3320.0,1998,5,23,0.0,无,2.8,8.5,-2.9,0.45,0.23,685.6,687.6,682.6,6.8,,,无
1998-05-24,52645.0,青海,野牛沟,38.41666666666666,99.58333333333331,3320.0,1998,5,24,0.0,无,2.6,11.6,-6.8,0.47,0.14,685.7,689.4,681.9,6.3,,,无
1998-05-25,52645.0,青海,野牛沟,38.41666666666666,99.58333333333331,3320.0,1998,5,25,0.0,无,4.5,13.3,-4.7,0.45,0.14,681.8,683.3,679.9,7.6,,,无
1998-05-26,52645.0,青海,野牛沟,38.41666666666666,99.58333333333331,3320.0,1998,5,26,2.4,normal,3.5,12.5,-2.9,0.6,0.27,681.9,682.9,679.7,4.5,,0.13467370100161968,Snow
1998-05-27,52645.0,青海,野牛沟,38.41666666666666,99.58333333333331,3320.0,1998,5,27,9.4,normal,2.1,7.3,-1.7,0.78,0.49,682.9,685.1,681.3,3.7,,0.39077423051077087,Snow
1998-05-28,52645.0,青海,野牛沟,38.41666666666666,99.58333333333331,3320.0,1998,5,28,1.2,normal,2.8,11.6,-2.6,0.79,0.36,682.8,685.3,679.7,3.7,,1.1250525050378224,Snow
1998-05-29,52645.0,青海,野牛沟,38.41666666666666,99.58333333333331,3320.0,1998,5,29,0.9,normal,5.8,12.7,0.9,0.75,0.45,681.0,683.8,679.1,5.0,,3.5558874045734212,Rain
1998-05-30,52645.0,青海,野牛沟,38.41666666666666,99.58333333333331,3320.0,1998,5,30,5.5,normal,4.6,9.9,-0.2,0.75,0.41,680.0,680.8,678.8,3.4,,2.4497504171176976,Rain
1998-05-31,52645.0,青海,野牛沟,38.41666666666666,99.58333333333331,3320.0,1998,5,31,12.8,normal,2.8,8.7,0.1,0.88,0.42,681.2,682.6,679.1,4.2,,1.8528784617155702,Snow
1998-06-01,52645.0,青海,野牛沟,38.41666666666666,99.58333333333331,3320.0,1998,6,1,1.3,normal,3.1,8.0,-1.0,0.8,0.44,683.2,683.7,682.3,2.6,,1.4888254367415188,Snow
1998-06-02,52645.0,青海,野牛沟,38.41666666666666,99.58333333333331,3320.0,1998,6,2,0.0,无,5.0,12.5,-2.0,0.6,0.31,683.8,684.7,682.5,5.9,,,无
1998-06-03,52645.0,青海,野牛沟,38.41666666666666,99.58333333333331,3320.0,1998,6,3,0.0,无,7.0,15.5,-1.7,0.5,0.21,684.2,685.4,682.6,7.5,,,无
1998-06-04,52645.0,青海,野牛沟,38.41666666666666,99.58333333333331,3320.0,1998,6,4,0.0,无,8.1,17.7,-1.4,0.51,0.23,683.4,684.7,681.7,7.7,,,无
1998-06-05,52645.0,青海,野牛沟,38.41666666666666,99.58333333333331,3320.0,1998,6,5,0.0,无,8.9,17.6,-0.4,0.57,0.29,683.7,684.8,681.6,8.3,,,无
1998-06-06,52645.0,青海,野牛沟,38.41666666666666,99.58333333333331,3320.0,1998,6,6,5.3,normal,5.9,12.8,1.8,0.74,0.35,683.1,684.2,681.9,2.0,,3.5573988760077713,Rain
1998-06-07,52645.0,青海,野牛沟,38.41666666666666,99.58333333333331,3320.0,1998,6,7,4.8,normal,6.0,11.3,1.7,0.77,0.44,682.3,683.7,680.7,3.8,,3.9289944728956394,Rain
1998-06-08,52645.0,青海,野牛沟,38.41666666666666,99.58333333333331,3320.0,1998,6,8,0.0,无,7.1,15.5,-0.6,0.67,0.26,681.7,682.8,679.6,6.7,,,无
1998-06-09,52645.0,青海,野牛沟,38.41666666666666,99.58333333333331,3320.0,1998,6,9,6.9,normal,7.8,15.6,0.4,0.69,0.4,681.5,682.5,679.9,5.1,,4.789144654122546,Rain
1998-06-10,52645.0,青海,野牛沟,38.41666666666666,99.58333333333331,3320.0,1998,6,10,9.4,normal,6.9,12.6,3.8,0.83,0.59,680.6,682.7,677.8,1.3,,5.3345445346288,Rain
1998-06-11,52645.0,青海,野牛沟,38.41666666666666,99.58333333333331,3320.0,1998,6,11,0.4,normal,9.0,16.1,1.3,0.64,0.3,680.2,681.0,678.6,7.6,,5.32467736157431,Rain
1998-06-12,52645.0,青海,野牛沟,38.41666666666666,99.58333333333331,3320.0,1998,6,12,4.2,normal,6.9,14.3,4.3,0.79,0.43,680.8,681.5,679.5,0.8,,4.953804250194929,Rain
1998-06-13,52645.0,青海,野牛沟,38.41666666666666,99.58333333333331,3320.0,1998,6,13,1.9,normal,9.4,19.4,2.5,0.76,0.36,679.8,682.0,677.1,6.5,,6.972309329211295,Rain
1998-06-14,52645.0,青海,野牛沟,38.41666666666666,99.58333333333331,3320.0,1998,6,14,11.3,normal,10.1,14.5,8.4,0.86,0.58,681.3,682.5,678.1,2.0,,8.681040527562246,Rain
1998-06-15,52645.0,青海,野牛沟,38.41666666666666,99.58333333333331,3320.0,1998,6,15,3.5,normal,9.9,15.9,6.5,0.8,0.54,684.2,685.6,682.5,2.6,,7.8656186481023616,Rain
1998-06-16,52645.0,青海,野牛沟,38.41666666666666,99.58333333333331,3320.0,1998,6,16,0.3,normal,9.1,17.9,1.7,0.67,0.29,684.3,686.5,681.2,7.4,,5.747076805731957,Rain
1998-06-17,52645.0,青海,野牛沟,38.41666666666666,99.58333333333331,3320.0,1998,6,17,0.0,无,10.3,15.5,6.8,0.56,0.24,682.6,684.0,680.2,8.3,,,无
1998-06-18,52645.0,青海,野牛沟,38.41666666666666,99.58333333333331,3320.0,1998,6,18,0.0,无,9.9,18.8,0.7,0.48,0.18,684.0,686.2,681.4,8.8,,,无
1998-06-19,52645.0,青海,野牛沟,38.41666666666666,99.58333333333331,3320.0,1998,6,19,0.0,无,9.8,17.1,1.2,0.52,0.22,681.9,682.6,680.6,7.3,,,无
1998-06-20,52645.0,青海,野牛沟,38.41666666666666,99.58333333333331,3320.0,1998,6,20,0.0,无,9.4,19.1,-1.3,0.45,0.18,682.9,684.3,680.2,8.6,,,无
1998-06-21,52645.0,青海,野牛沟,38.41666666666666,99.58333333333331,3320.0,1998,6,21,1.5,normal,9.5,18.0,1.9,0.64,0.24,680.2,682.1,678.4,6.2,,5.764039662831517,Rain
1998-06-22,52645.0,青海,野牛沟,38.41666666666666,99.58333333333331,3320.0,1998,6,22,6.9,normal,8.6,15.3,4.7,0.78,0.47,681.9,683.1,680.2,4.9,,6.441099917387567,Rain
1998-06-23,52645.0,青海,野牛沟,38.41666666666666,99.58333333333331,3320.0,1998,6,23,8.2,normal,6.1,9.6,4.1,0.84,0.69,684.4,685.1,683.0,2.2,,4.6718292032274045,Rain
1998-06-24,52645.0,青海,野牛沟,38.41666666666666,99.58333333333331,3320.0,1998,6,24,5.9,normal,7.8,15.4,2.1,0.68,0.33,684.8,686.1,683.4,6.3,,4.693042611380807,Rain
1998-06-25,52645.0,青海,野牛沟,38.41666666666666,99.58333333333331,3320.0,1998,6,25,6.8,normal,7.1,14.2,3.0,0.74,0.34,684.6,685.6,683.1,3.5,,4.659727070084219,Rain
1998-06-26,52645.0,青海,野牛沟,38.41666666666666,99.58333333333331,3320.0,1998,6,26,0.0,无,8.7,18.1,0.2,0.71,0.33,684.0,685.5,681.6,6.5,,,无
1998-06-27,52645.0,青海,野牛沟,38.41666666666666,99.58333333333331,3320.0,1998,6,27,0.0,无,10.7,18.7,1.9,0.63,0.27,682.9,683.9,681.9,6.6,,,无
1998-06-28,52645.0,青海,野牛沟,38.41666666666666,99.58333333333331,3320.0,1998,6,28,6.2,normal,11.6,18.5,6.2,0.62,0.38,684.4,687.0,682.4,5.0,,7.379616452875459,Rain
1998-06-29,52645.0,青海,野牛沟,38.41666666666666,99.58333333333331,3320.0,1998,6,29,1.4,normal,9.0,18.2,3.3,0.81,0.46,684.4,686.4,681.6,4.3,,7.124406940931389,Rain
1998-06-30,52645.0,青海,野牛沟,38.41666666666666,99.58333333333331,3320.0,1998,6,30,6.7,normal,10.7,17.2,5.2,0.66,0.36,683.7,685.5,682.0,8.2,,7.0561739007356605,Rain
1998-07-01,52645.0,青海,野牛沟,38.41666666666666,99.58333333333331,3320.0,1998,7,1,0.0,无,12.2,21.8,2.8,0.61,0.23,682.0,683.1,679.9,7.0,,,无
1998-07-02,52645.0,青海,野牛沟,38.41666666666666,99.58333333333331,3320.0,1998,7,2,0.0,无,13.2,22.1,4.8,0.62,0.32,681.8,682.9,680.0,8.1,,,无
1998-07-03,52645.0,青海,野牛沟,38.41666666666666,99.58333333333331,3320.0,1998,7,3,8.7,normal,11.9,18.1,8.3,0.77,0.49,681.8,682.6,679.2,4.6,,9.39860383515208,Rain
1998-07-04,52645.0,青海,野牛沟,38.41666666666666,99.58333333333331,3320.0,1998,7,4,11.1,normal,8.8,10.2,7.9,0.92,0.76,682.3,683.4,681.8,1.4,,8.029417273308233,Rain
1998-07-05,52645.0,青海,野牛沟,38.41666666666666,99.58333333333331,3320.0,1998,7,5,4.5,normal,10.3,15.6,6.3,0.69,0.42,682.2,683.3,680.6,5.9,,7.035565760651896,Rain
1998-07-06,52645.0,青海,野牛沟,38.41666666666666,99.58333333333331,3320.0,1998,7,6,0.6,normal,10.4,17.8,2.8,0.65,0.33,682.4,684.5,679.8,6.3,,6.673861870355515,Rain
1998-07-07,52645.0,青海,野牛沟,38.41666666666666,99.58333333333331,3320.0,1998,7,7,0.4,normal,9.5,16.3,5.7,0.75,0.34,682.0,683.3,680.2,4.2,,6.961680163808377,Rain
1998-07-08,52645.0,青海,野牛沟,38.41666666666666,99.58333333333331,3320.0,1998,7,8,1.1,normal,10.4,16.6,3.4,0.68,0.4,683.0,684.3,681.2,6.5,,7.014615559901345,Rain
1998-07-09,52645.0,青海,野牛沟,38.41666666666666,99.58333333333331,3320.0,1998,7,9,14.1,normal,6.6,13.9,4.8,0.88,0.45,684.1,685.0,682.3,0.0,,5.5170898156168,Rain
1998-07-10,52645.0,青海,野牛沟,38.41666666666666,99.58333333333331,3320.0,1998,7,10,2.3,normal,9.3,16.5,1.6,0.72,0.44,683.8,685.6,681.7,5.9,,6.462242189657652,Rain
1998-07-11,52645.0,青海,野牛沟,38.41666666666666,99.58333333333331,3320.0,1998,7,11,6.8,normal,7.8,14.0,3.0,0.81,0.52,682.1,683.3,679.9,3.9,,5.9929905305474795,Rain
1998-07-12,52645.0,青海,野牛沟,38.41666666666666,99.58333333333331,3320.0,1998,7,12,0.7,normal,11.0,19.7,4.8,0.72,0.41,681.1,682.3,679.3,6.0,,8.003364558978209,Rain
1998-07-13,52645.0,青海,野牛沟,38.41666666666666,99.58333333333331,3320.0,1998,7,13,3.0,normal,11.9,20.6,3.9,0.74,0.44,680.2,681.3,678.6,6.3,,9.052231480017245,Rain
1998-07-14,52645.0,青海,野牛沟,38.41666666666666,99.58333333333331,3320.0,1998,7,14,28.7,normal,8.9,15.6,6.2,0.84,0.62,684.1,684.8,678.6,,,7.333670427376684,Rain
1998-07-15,52645.0,青海,野牛沟,38.41666666666666,99.58333333333331,3320.0,1998,7,15,14.1,normal,6.4,14.2,1.4,0.83,0.45,685.6,686.3,683.5,5.4,,4.865608718663075,Rain
1998-07-16,52645.0,青海,野牛沟,38.41666666666666,99.58333333333331,3320.0,1998,7,16,9.4,normal,8.6,15.7,3.2,0.75,0.41,684.5,686.7,682.1,6.2,,6.137358393990948,Rain
1998-07-17,52645.0,青海,野牛沟,38.41666666666666,99.58333333333331,3320.0,1998,7,17,0.0,无,10.8,19.9,1.7,0.63,0.28,682.4,683.7,680.9,6.7,,,无
1998-07-18,52645.0,青海,野牛沟,38.41666666666666,99.58333333333331,3320.0,1998,7,18,0.0,无,12.7,19.4,7.3,0.66,0.33,682.7,683.7,681.0,4.4,,,无
1998-07-19,52645.0,青海,野牛沟,38.41666666666666,99.58333333333331,3320.0,1998,7,19,0.0,无,12.8,19.6,6.9,0.7,0.41,681.8,682.8,680.1,6.1,,,无
1998-07-20,52645.0,青海,野牛沟,38.41666666666666,99.58333333333331,3320.0,1998,7,20,7.9,normal,9.1,15.4,8.0,0.86,0.52,682.6,683.3,680.9,1.1,,7.7246269398356615,Rain
1998-07-21,52645.0,青海,野牛沟,38.41666666666666,99.58333333333331,3320.0,1998,7,21,6.6,normal,8.5,10.4,6.6,0.89,0.71,682.7,683.8,681.4,1.7,,7.445038035374787,Rain
1998-07-22,52645.0,青海,野牛沟,38.41666666666666,99.58333333333331,3320.0,1998,7,22,5.5,normal,9.7,17.3,4.0,0.76,0.41,683.1,683.8,681.8,6.3,,7.254008572783861,Rain
1998-07-23,52645.0,青海,野牛沟,38.41666666666666,99.58333333333331,3320.0,1998,7,23,0.0,无,10.2,19.6,2.4,0.7,0.29,683.0,683.9,680.9,6.3,,,无
1998-07-24,52645.0,青海,野牛沟,38.41666666666666,99.58333333333331,3320.0,1998,7,24,0.0,无,11.6,17.6,5.5,0.71,0.45,682.6,683.9,681.5,6.5,,,无
1998-07-25,52645.0,青海,野牛沟,38.41666666666666,99.58333333333331,3320.0,1998,7,25,6.3,normal,10.9,16.2,8.1,0.75,0.47,682.1,683.6,679.3,3.7,,8.249943691800802,Rain
1998-07-26,52645.0,青海,野牛沟,38.41666666666666,99.58333333333331,3320.0,1998,7,26,6.7,normal,9.7,18.3,2.5,0.73,0.38,683.1,684.7,681.2,7.2,,6.932660930049006,Rain
1998-07-27,52645.0,青海,野牛沟,38.41666666666666,99.58333333333331,3320.0,1998,7,27,0.0,无,10.7,19.3,3.3,0.74,0.39,683.1,683.6,681.5,6.9,,,无
1998-07-28,52645.0,青海,野牛沟,38.41666666666666,99.58333333333331,3320.0,1998,7,28,0.0,无,10.5,18.4,3.7,0.77,0.41,683.5,684.3,681.2,4.6,,,无
1998-07-29,52645.0,青海,野牛沟,38.41666666666666,99.58333333333331,3320.0,1998,7,29,2.5,normal,10.3,18.4,2.5,0.75,0.42,684.0,685.1,682.7,5.2,,7.70064349083063,Rain
1998-07-30,52645.0,青海,野牛沟,38.41666666666666,99.58333333333331,3320.0,1998,7,30,7.0,normal,9.5,16.1,5.5,0.85,0.56,684.0,686.1,682.0,3.9,,8.00655771110771,Rain
1998-07-31,52645.0,青海,野牛沟,38.41666666666666,99.58333333333331,3320.0,1998,7,31,2.7,normal,8.4,15.6,3.2,0.83,0.49,684.0,684.9,682.4,4.5,,6.758973549123772,Rain
1998-08-01,52645.0,青海,野牛沟,38.41666666666666,99.58333333333331,3320.0,1998,8,1,4.3,normal,9.0,14.9,2.8,0.74,0.45,683.6,685.2,681.3,5.9,,6.3994591573881765,Rain
1998-08-02,52645.0,青海,野牛沟,38.41666666666666,99.58333333333331,3320.0,1998,8,2,3.7,normal,7.6,18.0,1.3,0.82,0.44,683.8,684.7,680.9,5.7,,5.903914026171573,Rain
1998-08-03,52645.0,青海,野牛沟,38.41666666666666,99.58333333333331,3320.0,1998,8,3,10.2,normal,7.4,15.4,4.2,0.85,0.59,684.4,685.9,682.1,4.4,,6.003372901385311,Rain
1998-08-04,52645.0,青海,野牛沟,38.41666666666666,99.58333333333331,3320.0,1998,8,4,6.7,normal,7.6,15.9,1.9,0.85,0.53,684.8,686.0,682.4,4.3,,6.194508112424706,Rain
1998-08-05,52645.0,青海,野牛沟,38.41666666666666,99.58333333333331,3320.0,1998,8,5,3.0,normal,8.4,15.2,4.2,0.85,0.58,684.3,686.0,681.5,3.7,,6.9573084345931635,Rain
1998-08-06,52645.0,青海,野牛沟,38.41666666666666,99.58333333333331,3320.0,1998,8,6,9.0,normal,9.6,17.7,3.1,0.73,0.38,683.7,685.4,681.8,6.3,,6.842340952658144,Rain
1998-08-07,52645.0,青海,野牛沟,38.41666666666666,99.58333333333331,3320.0,1998,8,7,0.0,无,10.7,18.4,4.2,0.75,0.5,683.3,684.4,681.7,6.2,,,无
1998-08-08,52645.0,青海,野牛沟,38.41666666666666,99.58333333333331,3320.0,1998,8,8,14.6,normal,9.4,15.0,5.7,0.84,0.57,684.8,685.9,682.6,3.1,,7.809709278734007,Rain
1998-08-09,52645.0,青海,野牛沟,38.41666666666666,99.58333333333331,3320.0,1998,8,9,2.4,normal,8.8,15.6,3.4,0.8,0.49,684.7,686.0,682.8,3.9,,6.834998483255492,Rain
1998-08-10,52645.0,青海,野牛沟,38.41666666666666,99.58333333333331,3320.0,1998,8,10,7.6,normal,8.5,16.5,4.5,0.84,0.55,684.4,685.2,682.2,2.8,,6.95362299413699,Rain
1998-08-11,52645.0,青海,野牛沟,38.41666666666666,99.58333333333331,3320.0,1998,8,11,1.1,normal,7.5,14.0,2.4,0.85,0.54,684.7,685.9,683.0,3.1,,6.099024013636138,Rain
1998-08-12,52645.0,青海,野牛沟,38.41666666666666,99.58333333333331,3320.0,1998,8,12,0.0,无,9.9,17.1,2.5,0.7,0.36,683.9,684.9,682.5,5.2,,,无
1998-08-13,52645.0,青海,野牛沟,38.41666666666666,99.58333333333331,3320.0,1998,8,13,10.9,normal,8.5,12.9,6.5,0.81,0.56,682.5,684.4,681.8,0.1,,6.651960083611432,Rain
1998-08-14,52645.0,青海,野牛沟,38.41666666666666,99.58333333333331,3320.0,1998,8,14,5.1,normal,7.0,13.9,4.5,0.86,0.55,683.8,684.4,682.4,3.8,,5.715266464440831,Rain
1998-08-15,52645.0,青海,野牛沟,38.41666666666666,99.58333333333331,3320.0,1998,8,15,5.6,normal,8.6,17.1,2.1,0.72,0.35,685.2,686.0,683.9,6.2,,5.828172570540802,Rain
1998-08-16,52645.0,青海,野牛沟,38.41666666666666,99.58333333333331,3320.0,1998,8,16,1.9,normal,8.3,15.7,3.3,0.78,0.39,685.1,686.4,683.3,4.2,,6.166012391173212,Rain
1998-08-17,52645.0,青海,野牛沟,38.41666666666666,99.58333333333331,3320.0,1998,8,17,0.0,无,8.9,18.9,0.7,0.71,0.34,684.8,686.2,683.3,5.8,,,无
1998-08-18,52645.0,青海,野牛沟,38.41666666666666,99.58333333333331,3320.0,1998,8,18,1.6,normal,9.7,18.5,3.3,0.8,0.46,685.5,686.5,683.3,4.4,,7.679598554247398,Rain
1998-08-19,52645.0,青海,野牛沟,38.41666666666666,99.58333333333331,3320.0,1998,8,19,16.7,normal,6.9,9.0,5.9,0.9,0.8,685.9,687.6,685.4,1.1,,5.992378072074058,Rain
1998-08-20,52645.0,青海,野牛沟,38.41666666666666,99.58333333333331,3320.0,1998,8,20,0.1,normal,10.3,18.2,5.0,0.71,0.39,685.1,686.8,682.8,5.7,,7.263148848204293,Rain
1998-08-21,52645.0,青海,野牛沟,38.41666666666666,99.58333333333331,3320.0,1998,8,21,0.1,normal,11.7,18.3,6.6,0.69,0.38,684.3,685.6,682.4,6.1,,8.296783864545759,Rain
1998-08-22,52645.0,青海,野牛沟,38.41666666666666,99.58333333333331,3320.0,1998,8,22,0.0,无,11.2,20.1,4.0,0.73,0.45,684.6,685.7,683.2,6.0,,,无
1998-08-23,52645.0,青海,野牛沟,38.41666666666666,99.58333333333331,3320.0,1998,8,23,10.6,normal,10.5,14.4,6.9,0.77,0.59,686.0,686.7,684.1,2.9,,8.105888936640401,Rain
1998-08-24,52645.0,青海,野牛沟,38.41666666666666,99.58333333333331,3320.0,1998,8,24,0.0,无,11.1,17.8,5.3,0.74,0.44,686.2,687.9,684.0,4.7,,,无
1998-08-25,52645.0,青海,野牛沟,38.41666666666666,99.58333333333331,3320.0,1998,8,25,0.0,无,10.6,15.0,7.3,0.78,0.56,684.7,686.1,683.2,3.1,,,无
1998-08-26,52645.0,青海,野牛沟,38.41666666666666,99.58333333333331,3320.0,1998,8,26,8.1,normal,10.3,15.0,6.5,0.72,0.46,686.3,686.9,684.3,4.7,,7.375561747294133,Rain
1998-08-27,52645.0,青海,野牛沟,38.41666666666666,99.58333333333331,3320.0,1998,8,27,0.4,normal,8.5,12.0,7.0,0.78,0.55,686.6,687.3,685.6,2.6,,6.354015477352868,Rain
1998-08-28,52645.0,青海,野牛沟,38.41666666666666,99.58333333333331,3320.0,1998,8,28,0.9,normal,8.4,14.0,4.9,0.72,0.45,687.2,688.5,685.6,4.6,,5.64966735060342,Rain
1998-08-29,52645.0,青海,野牛沟,38.41666666666666,99.58333333333331,3320.0,1998,8,29,0.0,无,7.0,14.0,1.6,0.71,0.37,687.3,688.5,685.6,4.2,,,无
1998-08-30,52645.0,青海,野牛沟,38.41666666666666,99.58333333333331,3320.0,1998,8,30,0.7,normal,5.2,14.2,0.1,0.77,0.35,687.2,687.8,685.7,3.4,,3.193596917295234,Rain
1998-08-31,52645.0,青海,野牛沟,38.41666666666666,99.58333333333331,3320.0,1998,8,31,0.0,无,4.7,15.0,-1.5,0.75,0.36,686.6,687.6,684.3,4.3,,,无
1998-09-01,52645.0,青海,野牛沟,38.41666666666666,99.58333333333331,3320.0,1998,9,1,0.0,无,6.0,15.0,-1.6,0.68,0.25,686.7,687.7,685.5,4.3,,,无
1998-09-02,52645.0,青海,野牛沟,38.41666666666666,99.58333333333331,3320.0,1998,9,2,0.0,无,6.8,14.7,-0.3,0.63,0.33,687.4,688.5,686.4,3.9,,,无
1998-09-03,52645.0,青海,野牛沟,38.41666666666666,99.58333333333331,3320.0,1998,9,3,0.8,normal,4.8,10.5,1.2,0.74,0.34,688.4,688.7,687.0,2.0,,2.55669269434875,Rain
1998-09-04,52645.0,青海,野牛沟,38.41666666666666,99.58333333333331,3320.0,1998,9,4,2.2,normal,5.5,14.0,-1.5,0.75,0.36,689.3,690.7,687.5,4.8,,3.2918500678365303,Rain
1998-09-05,52645.0,青海,野牛沟,38.41666666666666,99.58333333333331,3320.0,1998,9,5,0.0,无,6.7,16.7,-1.5,0.65,0.25,688.0,689.5,685.7,5.5,,,无
1998-09-06,52645.0,青海,野牛沟,38.41666666666666,99.58333333333331,3320.0,1998,9,6,0.0,无,7.5,17.6,-1.4,0.59,0.22,687.0,688.4,684.8,5.6,,,无
1998-09-07,52645.0,青海,野牛沟,38.41666666666666,99.58333333333331,3320.0,1998,9,7,0.0,无,7.9,18.3,-0.9,0.56,0.17,686.1,687.3,684.0,5.7,,,无
1998-09-08,52645.0,青海,野牛沟,38.41666666666666,99.58333333333331,3320.0,1998,9,8,0.0,无,7.9,18.4,-0.7,0.6,0.25,686.4,687.5,684.8,4.9,,,无
1998-09-09,52645.0,青海,野牛沟,38.41666666666666,99.58333333333331,3320.0,1998,9,9,0.0,无,9.4,21.2,0.3,0.61,0.22,685.4,686.9,682.7,5.6,,,无
1998-09-10,52645.0,青海,野牛沟,38.41666666666666,99.58333333333331,3320.0,1998,9,10,2.1,normal,9.5,19.4,3.6,0.71,0.35,684.8,685.6,682.7,5.7,,6.538255019408887,Rain
1998-09-11,52645.0,青海,野牛沟,38.41666666666666,99.58333333333331,3320.0,1998,9,11,29.3,normal,9.3,17.1,4.8,0.86,0.54,685.2,687.8,682.4,,,7.918107837516026,Rain
1998-09-12,52645.0,青海,野牛沟,38.41666666666666,99.58333333333331,3320.0,1998,9,12,9.8,normal,10.4,14.9,7.7,0.77,0.57,684.7,685.9,683.3,4.6,,8.01144601304864,Rain
1998-09-13,52645.0,青海,野牛沟,38.41666666666666,99.58333333333331,3320.0,1998,9,13,1.5,normal,8.2,11.5,6.5,0.87,0.65,684.9,686.6,683.0,1.4,,6.962314890100179,Rain
1998-09-14,52645.0,青海,野牛沟,38.41666666666666,99.58333333333331,3320.0,1998,9,14,0.0,无,11.6,18.7,5.9,0.79,0.42,682.0,684.1,679.7,5.1,,,无
1998-09-15,52645.0,青海,野牛沟,38.41666666666666,99.58333333333331,3320.0,1998,9,15,7.0,normal,11.8,19.9,4.7,0.77,0.49,679.8,682.1,677.1,4.9,,9.303205613030915,Rain
1998-09-16,52645.0,青海,野牛沟,38.41666666666666,99.58333333333331,3320.0,1998,9,16,14.6,normal,8.5,15.0,4.7,0.82,0.61,683.0,684.5,677.3,3.7,,6.752808267003467,Rain
1998-09-17,52645.0,青海,野牛沟,38.41666666666666,99.58333333333331,3320.0,1998,9,17,0.6,normal,9.4,15.5,4.8,0.74,0.43,684.0,685.6,681.4,4.0,,6.766635130829228,Rain
1998-09-18,52645.0,青海,野牛沟,38.41666666666666,99.58333333333331,3320.0,1998,9,18,7.4,normal,3.2,11.5,0.0,0.85,0.64,685.9,687.6,681.8,1.0,,1.9972086048952997,Snow
1998-09-19,52645.0,青海,野牛沟,38.41666666666666,99.58333333333331,3320.0,1998,9,19,0.0,无,-0.8,6.7,-5.9,0.58,0.25,688.9,689.3,686.7,4.4,,,无
1998-09-20,52645.0,青海,野牛沟,38.41666666666666,99.58333333333331,3320.0,1998,9,20,0.0,无,2.3,12.9,-6.4,0.6,0.24,686.3,690.3,681.9,3.2,,,无
1998-09-21,52645.0,青海,野牛沟,38.41666666666666,99.58333333333331,3320.0,1998,9,21,0.0,无,5.7,13.5,1.2,0.66,0.39,681.2,683.3,678.5,3.7,,,无
1998-09-22,52645.0,青海,野牛沟,38.41666666666666,99.58333333333331,3320.0,1998,9,22,0.0,无,5.2,11.4,0.7,0.63,0.38,682.8,683.9,680.5,3.5,,,无
1998-09-23,52645.0,青海,野牛沟,38.41666666666666,99.58333333333331,3320.0,1998,9,23,0.0,无,5.0,13.6,-1.7,0.7,0.28,684.5,685.8,682.8,3.3,,,无
1998-09-24,52645.0,青海,野牛沟,38.41666666666666,99.58333333333331,3320.0,1998,9,24,0.4,normal,4.7,11.3,0.0,0.75,0.46,687.0,688.9,683.6,1.9,,2.552002658227468,Rain
1998-09-25,52645.0,青海,野牛沟,38.41666666666666,99.58333333333331,3320.0,1998,9,25,0.0,无,3.9,13.0,-1.2,0.75,0.15,690.5,692.2,688.6,3.5,,,无
1998-09-26,52645.0,青海,野牛沟,38.41666666666666,99.58333333333331,3320.0,1998,9,26,0.0,无,3.9,13.0,-3.3,0.62,0.18,691.5,692.9,689.5,3.4,,,无
1998-09-27,52645.0,青海,野牛沟,38.41666666666666,99.58333333333331,3320.0,1998,9,27,0.0,无,3.7,15.5,-4.5,0.61,0.2,690.6,692.3,687.8,3.9,,,无
1998-09-28,52645.0,青海,野牛沟,38.41666666666666,99.58333333333331,3320.0,1998,9,28,0.0,无,4.8,17.5,-4.4,0.57,0.16,687.4,689.0,684.7,4.0,,,无
1998-09-29,52645.0,青海,野牛沟,38.41666666666666,99.58333333333331,3320.0,1998,9,29,0.0,无,5.9,17.5,-3.8,0.57,0.19,685.2,687.1,682.2,5.4,,,无
1998-09-30,52645.0,青海,野牛沟,38.41666666666666,99.58333333333331,3320.0,1998,9,30,0.0,无,5.8,15.6,-0.8,0.59,0.28,685.9,687.5,683.6,4.3,,,无
1998-10-01,52645.0,青海,野牛沟,38.41666666666666,99.58333333333331,3320.0,1998,10,1,2.8,normal,3.6,10.9,0.2,0.82,0.43,687.8,689.5,685.8,2.0,,2.130754508731303,Snow
1998-10-02,52645.0,青海,野牛沟,38.41666666666666,99.58333333333331,3320.0,1998,10,2,9.2,normal,2.5,9.0,-1.8,0.81,0.4,686.8,687.7,685.0,1.8,,1.0102080030100025,Snow
1998-10-03,52645.0,青海,野牛沟,38.41666666666666,99.58333333333331,3320.0,1998,10,3,0.0,无,2.8,11.0,-4.0,0.72,0.28,686.5,688.9,684.3,2.7,,,无
1998-10-04,52645.0,青海,野牛沟,38.41666666666666,99.58333333333331,3320.0,1998,10,4,0.0,无,3.9,13.7,-4.1,0.63,0.14,684.7,685.8,682.6,3.3,,,无
1998-10-05,52645.0,青海,野牛沟,38.41666666666666,99.58333333333331,3320.0,1998,10,5,1.5,normal,2.6,11.0,-2.4,0.75,0.42,686.1,687.6,684.2,2.4,,0.6160071826238012,Snow
1998-10-06,52645.0,青海,野牛沟,38.41666666666666,99.58333333333331,3320.0,1998,10,6,0.0,无,3.7,14.3,-2.8,0.7,0.15,686.3,687.7,684.0,2.6,,,无
1998-10-07,52645.0,青海,野牛沟,38.41666666666666,99.58333333333331,3320.0,1998,10,7,0.0,无,3.9,14.8,-5.0,0.64,0.25,686.1,688.2,683.0,3.9,,,无
1998-10-08,52645.0,青海,野牛沟,38.41666666666666,99.58333333333331,3320.0,1998,10,8,0.0,无,5.4,11.6,0.2,0.53,0.3,686.1,687.0,683.9,3.5,,,无
1998-10-09,52645.0,青海,野牛沟,38.41666666666666,99.58333333333331,3320.0,1998,10,9,0.1,normal,1.9,11.0,-5.6,0.69,0.33,686.2,687.8,683.1,2.4,,-0.5099982773201939,Snow
1998-10-10,52645.0,青海,野牛沟,38.41666666666666,99.58333333333331,3320.0,1998,10,10,0.0,无,1.8,13.8,-7.1,0.61,0.19,684.3,686.7,681.5,3.0,,,无
1998-10-11,52645.0,青海,野牛沟,38.41666666666666,99.58333333333331,3320.0,1998,10,11,0.4,normal,2.9,12.1,-4.6,0.64,0.3,681.9,682.8,679.8,2.0,,-0.04169139631569063,Snow
1998-10-12,52645.0,青海,野牛沟,38.41666666666666,99.58333333333331,3320.0,1998,10,12,9.2,normal,0.6,6.7,-2.4,0.8,0.35,684.9,686.7,682.8,2.7,,-0.8564333448193162,Snow
1998-10-13,52645.0,青海,野牛沟,38.41666666666666,99.58333333333331,3320.0,1998,10,13,0.0,无,-0.9,5.6,-5.9,0.5,0.2,687.6,689.6,685.4,3.4,,,无
1998-10-14,52645.0,青海,野牛沟,38.41666666666666,99.58333333333331,3320.0,1998,10,14,0.0,无,-1.1,9.4,-8.1,0.55,0.15,685.5,688.2,682.4,2.8,,,无
1998-10-15,52645.0,青海,野牛沟,38.41666666666666,99.58333333333331,3320.0,1998,10,15,0.0,无,-1.8,10.4,-8.6,0.65,0.18,681.1,683.3,678.1,2.2,,,无
1998-10-16,52645.0,青海,野牛沟,38.41666666666666,99.58333333333331,3320.0,1998,10,16,0.0,无,-3.0,2.9,-6.4,0.79,0.37,685.2,687.5,681.1,1.9,,,无
1998-10-17,52645.0,青海,野牛沟,38.41666666666666,99.58333333333331,3320.0,1998,10,17,0.0,无,-3.7,6.2,-10.3,0.61,0.17,686.4,689.1,683.0,2.6,,,无
1998-10-18,52645.0,青海,野牛沟,38.41666666666666,99.58333333333331,3320.0,1998,10,18,0.0,无,-1.8,7.4,-8.9,0.6,0.27,684.1,686.0,681.5,2.2,,,无
1998-10-19,52645.0,青海,野牛沟,38.41666666666666,99.58333333333331,3320.0,1998,10,19,0.0,无,-0.3,7.5,-6.7,0.55,0.16,684.2,685.5,682.1,3.2,,,无
1998-10-20,52645.0,青海,野牛沟,38.41666666666666,99.58333333333331,3320.0,1998,10,20,0.0,无,-1.1,8.7,-9.4,0.58,0.18,686.0,688.0,683.2,2.4,,,无
1998-10-21,52645.0,青海,野牛沟,38.41666666666666,99.58333333333331,3320.0,1998,10,21,0.0,无,-2.2,6.4,-9.1,0.63,0.22,686.3,688.1,684.0,2.6,,,无
1998-10-22,52645.0,青海,野牛沟,38.41666666666666,99.58333333333331,3320.0,1998,10,22,0.0,无,-2.8,6.2,-9.9,0.58,0.15,685.3,687.0,682.6,2.2,,,无
1998-10-23,52645.0,青海,野牛沟,38.41666666666666,99.58333333333331,3320.0,1998,10,23,0.0,无,-3.8,4.5,-9.5,0.7,0.29,682.6,684.0,681.1,1.5,,,无
1998-10-24,52645.0,青海,野牛沟,38.41666666666666,99.58333333333331,3320.0,1998,10,24,0.0,无,-2.0,7.8,-9.8,0.54,0.08,682.0,683.3,679.8,4.2,,,无
1998-10-25,52645.0,青海,野牛沟,38.41666666666666,99.58333333333331,3320.0,1998,10,25,0.0,无,-6.0,4.6,-13.1,0.56,0.11,686.8,688.3,683.3,2.5,,,无
1998-10-26,52645.0,青海,野牛沟,38.41666666666666,99.58333333333331,3320.0,1998,10,26,0.0,无,-4.9,7.8,-13.7,0.5,0.15,685.2,687.6,682.4,2.0,,,无
1998-10-27,52645.0,青海,野牛沟,38.41666666666666,99.58333333333331,3320.0,1998,10,27,0.0,无,-2.8,8.1,-11.2,0.58,0.26,682.1,684.2,679.4,1.9,,,无
1998-10-28,52645.0,青海,野牛沟,38.41666666666666,99.58333333333331,3320.0,1998,10,28,0.1,normal,-2.7,4.0,-7.5,0.82,0.39,682.2,683.7,680.2,1.2,,-3.835240173485812,Snow
1998-10-29,52645.0,青海,野牛沟,38.41666666666666,99.58333333333331,3320.0,1998,10,29,0.0,无,-2.5,5.9,-9.8,0.58,0.1,682.5,684.3,680.1,1.9,,,无
1998-10-30,52645.0,青海,野牛沟,38.41666666666666,99.58333333333331,3320.0,1998,10,30,0.0,无,-5.0,6.0,-11.7,0.57,0.21,685.2,687.7,681.5,1.7,,,无
1998-10-31,52645.0,青海,野牛沟,38.41666666666666,99.58333333333331,3320.0,1998,10,31,0.0,无,-4.9,4.7,-12.6,0.56,0.15,686.7,688.6,684.4,2.1,,,无
1998-11-01,52645.0,青海,野牛沟,38.41666666666666,99.58333333333331,3320.0,1998,11,1,0.0,无,-5.2,6.2,-13.3,0.48,0.1,686.6,687.6,685.2,2.6,,,无
1998-11-02,52645.0,青海,野牛沟,38.41666666666666,99.58333333333331,3320.0,1998,11,2,0.0,无,-3.8,9.0,-13.0,0.44,0.1,686.2,688.5,683.3,2.4,,,无
1998-11-03,52645.0,青海,野牛沟,38.41666666666666,99.58333333333331,3320.0,1998,11,3,0.0,无,-3.4,10.0,-12.6,0.44,0.09,685.3,687.1,683.7,2.2,,,无
1998-11-04,52645.0,青海,野牛沟,38.41666666666666,99.58333333333331,3320.0,1998,11,4,0.0,无,-2.7,8.3,-12.1,0.44,0.11,685.2,686.6,682.7,2.7,,,无
1998-11-05,52645.0,青海,野牛沟,38.41666666666666,99.58333333333331,3320.0,1998,11,5,0.0,无,-5.2,6.2,-13.1,0.48,0.17,687.8,689.7,685.3,2.0,,,无
1998-11-06,52645.0,青海,野牛沟,38.41666666666666,99.58333333333331,3320.0,1998,11,6,0.0,无,-5.6,4.7,-14.4,0.54,0.23,687.2,688.2,685.2,1.9,,,无
1998-11-07,52645.0,青海,野牛沟,38.41666666666666,99.58333333333331,3320.0,1998,11,7,0.0,无,-6.1,3.5,-13.2,0.53,0.19,685.7,688.0,683.0,1.9,,,无
1998-11-08,52645.0,青海,野牛沟,38.41666666666666,99.58333333333331,3320.0,1998,11,8,0.0,无,-7.4,4.7,-15.6,0.48,0.13,684.8,685.8,682.7,2.0,,,无
1998-11-09,52645.0,青海,野牛沟,38.41666666666666,99.58333333333331,3320.0,1998,11,9,0.0,无,-7.5,5.5,-16.5,0.47,0.15,684.9,686.3,682.4,1.4,,,无
1998-11-10,52645.0,青海,野牛沟,38.41666666666666,99.58333333333331,3320.0,1998,11,10,0.0,无,-7.6,4.8,-16.4,0.45,0.14,685.6,686.9,683.9,1.8,,,无
1998-11-11,52645.0,青海,野牛沟,38.41666666666666,99.58333333333331,3320.0,1998,11,11,0.0,无,-8.6,3.2,-16.7,0.48,0.18,686.9,688.8,684.6,1.7,,,无
1998-11-12,52645.0,青海,野牛沟,38.41666666666666,99.58333333333331,3320.0,1998,11,12,0.0,无,-7.8,6.5,-16.9,0.46,0.15,684.0,686.1,681.5,1.6,,,无
1998-11-13,52645.0,青海,野牛沟,38.41666666666666,99.58333333333331,3320.0,1998,11,13,0.0,无,-6.8,7.5,-16.4,0.43,0.13,680.8,682.9,678.3,2.0,,,无
1998-11-14,52645.0,青海,野牛沟,38.41666666666666,99.58333333333331,3320.0,1998,11,14,0.0,无,-4.4,9.0,-15.2,0.42,0.18,679.8,681.8,675.8,2.2,,,无
1998-11-15,52645.0,青海,野牛沟,38.41666666666666,99.58333333333331,3320.0,1998,11,15,0.0,无,-1.9,5.2,-9.7,0.3,0.1,680.4,681.9,678.8,3.8,,,无
1998-11-16,52645.0,青海,野牛沟,38.41666666666666,99.58333333333331,3320.0,1998,11,16,0.0,无,-7.0,2.2,-14.9,0.26,0.07,681.9,683.5,679.8,4.2,,,无
1998-11-17,52645.0,青海,野牛沟,38.41666666666666,99.58333333333331,3320.0,1998,11,17,0.0,无,-9.6,4.2,-18.3,0.4,0.18,680.2,682.9,677.2,2.8,,,无
1998-11-18,52645.0,青海,野牛沟,38.41666666666666,99.58333333333331,3320.0,1998,11,18,0.0,无,-8.4,4.6,-17.3,0.45,0.18,680.0,681.2,678.0,2.4,,,无
1998-11-19,52645.0,青海,野牛沟,38.41666666666666,99.58333333333331,3320.0,1998,11,19,0.0,无,-8.9,5.3,-18.0,0.46,0.21,683.6,685.6,680.8,1.7,,,无
1998-11-20,52645.0,青海,野牛沟,38.41666666666666,99.58333333333331,3320.0,1998,11,20,0.0,无,-8.1,3.0,-17.3,0.59,0.33,685.8,687.2,683.7,1.6,,,无
1998-11-21,52645.0,青海,野牛沟,38.41666666666666,99.58333333333331,3320.0,1998,11,21,0.0,无,-9.4,2.4,-18.8,0.56,0.25,688.9,691.2,685.6,1.5,,,无
1998-11-22,52645.0,青海,野牛沟,38.41666666666666,99.58333333333331,3320.0,1998,11,22,0.0,无,-11.9,0.8,-20.5,0.46,0.2,686.5,687.8,684.1,1.5,,,无
1998-11-23,52645.0,青海,野牛沟,38.41666666666666,99.58333333333331,3320.0,1998,11,23,0.0,无,-11.1,4.8,-20.0,0.43,0.18,684.8,687.1,681.6,1.6,,,无
1998-11-24,52645.0,青海,野牛沟,38.41666666666666,99.58333333333331,3320.0,1998,11,24,0.0,无,-9.9,3.4,-20.3,0.45,0.22,681.2,683.4,678.5,1.2,,,无
1998-11-25,52645.0,青海,野牛沟,38.41666666666666,99.58333333333331,3320.0,1998,11,25,0.0,无,-8.0,6.4,-19.5,0.42,0.16,679.7,681.7,675.6,2.5,,,无
1998-11-26,52645.0,青海,野牛沟,38.41666666666666,99.58333333333331,3320.0,1998,11,26,0.0,无,-9.1,-0.2,-17.3,0.34,0.15,682.0,683.5,678.5,2.1,,,无
1998-11-27,52645.0,青海,野牛沟,38.41666666666666,99.58333333333331,3320.0,1998,11,27,0.0,无,-12.8,0.9,-23.3,0.4,0.18,681.7,684.0,678.6,1.4,,,无
1998-11-28,52645.0,青海,野牛沟,38.41666666666666,99.58333333333331,3320.0,1998,11,28,0.0,无,-11.4,3.7,-21.7,0.36,0.13,678.0,681.0,674.6,2.2,,,无
1998-11-29,52645.0,青海,野牛沟,38.41666666666666,99.58333333333331,3320.0,1998,11,29,0.0,无,-10.1,2.0,-17.8,0.35,0.17,677.8,679.1,676.2,2.0,,,无
1998-11-30,52645.0,青海,野牛沟,38.41666666666666,99.58333333333331,3320.0,1998,11,30,0.0,无,-11.4,2.7,-20.4,0.37,0.19,677.2,680.0,674.3,1.5,,,无
1998-12-01,52645.0,青海,野牛沟,38.41666666666666,99.58333333333331,3320.0,1998,12,1,0.0,无,-6.7,3.8,-17.0,0.39,0.18,677.8,679.4,675.5,2.6,,,无
1998-12-02,52645.0,青海,野牛沟,38.41666666666666,99.58333333333331,3320.0,1998,12,2,0.4,normal,-11.3,-3.6,-14.1,0.72,0.33,680.9,682.7,678.6,0.5,,-12.43526045408959,Snow
1998-12-03,52645.0,青海,野牛沟,38.41666666666666,99.58333333333331,3320.0,1998,12,3,0.0,无,-11.9,3.2,-22.7,0.58,0.21,681.2,684.4,677.5,1.4,,,无
1998-12-04,52645.0,青海,野牛沟,38.41666666666666,99.58333333333331,3320.0,1998,12,4,0.0,无,-10.4,-1.6,-18.0,0.56,0.3,681.2,683.1,678.7,1.3,,,无
1998-12-05,52645.0,青海,野牛沟,38.41666666666666,99.58333333333331,3320.0,1998,12,5,0.0,无,-12.4,-1.1,-21.2,0.8,0.41,681.3,684.5,678.2,1.0,,,无
1998-12-06,52645.0,青海,野牛沟,38.41666666666666,99.58333333333331,3320.0,1998,12,6,0.0,无,-10.7,-3.6,-17.9,0.49,0.19,683.1,684.8,679.9,1.2,,,无
1998-12-07,52645.0,青海,野牛沟,38.41666666666666,99.58333333333331,3320.0,1998,12,7,0.0,无,-14.2,-0.6,-24.6,0.47,0.16,682.9,686.3,679.5,1.1,,,无
1998-12-08,52645.0,青海,野牛沟,38.41666666666666,99.58333333333331,3320.0,1998,12,8,0.0,无,-13.8,-1.5,-23.6,0.46,0.22,683.3,685.4,681.2,1.2,,,无
1998-12-09,52645.0,青海,野牛沟,38.41666666666666,99.58333333333331,3320.0,1998,12,9,0.0,无,-13.5,-5.2,-22.0,0.57,0.3,684.9,686.4,682.8,1.1,,,无
1998-12-10,52645.0,青海,野牛沟,38.41666666666666,99.58333333333331,3320.0,1998,12,10,0.0,无,-12.1,-4.5,-20.3,0.54,0.34,687.0,689.2,685.2,1.0,,,无
1998-12-11,52645.0,青海,野牛沟,38.41666666666666,99.58333333333331,3320.0,1998,12,11,0.1,normal,-13.7,-5.8,-22.6,0.75,0.32,684.4,686.7,682.5,0.8,,-14.57204528321212,Snow
1998-12-12,52645.0,青海,野牛沟,38.41666666666666,99.58333333333331,3320.0,1998,12,12,0.0,无,-16.2,-5.2,-24.3,0.62,0.38,683.4,684.8,682.1,0.9,,,无
1998-12-13,52645.0,青海,野牛沟,38.41666666666666,99.58333333333331,3320.0,1998,12,13,0.0,无,-10.0,-4.5,-15.4,0.36,0.18,685.2,688.8,682.9,2.5,,,无
1998-12-14,52645.0,青海,野牛沟,38.41666666666666,99.58333333333331,3320.0,1998,12,14,0.0,无,-15.3,-2.7,-24.5,0.42,0.2,689.1,691.0,686.6,1.3,,,无
1998-12-15,52645.0,青海,野牛沟,38.41666666666666,99.58333333333331,3320.0,1998,12,15,0.0,无,-16.8,-2.5,-25.9,0.44,0.18,684.1,687.8,680.9,1.0,,,无
1998-12-16,52645.0,青海,野牛沟,38.41666666666666,99.58333333333331,3320.0,1998,12,16,0.0,无,-15.5,0.6,-24.8,0.45,0.16,681.4,683.5,678.2,0.9,,,无
1998-12-17,52645.0,青海,野牛沟,38.41666666666666,99.58333333333331,3320.0,1998,12,17,0.0,无,-10.9,2.0,-20.6,0.49,0.24,679.1,681.0,677.0,1.8,,,无
1998-12-18,52645.0,青海,野牛沟,38.41666666666666,99.58333333333331,3320.0,1998,12,18,0.0,无,-11.9,-0.9,-19.0,0.53,0.31,679.7,681.0,678.0,1.7,,,无
1998-12-19,52645.0,青海,野牛沟,38.41666666666666,99.58333333333331,3320.0,1998,12,19,0.0,无,-12.4,-0.5,-23.2,0.63,0.3,680.8,682.6,678.8,1.3,,,无
1998-12-20,52645.0,青海,野牛沟,38.41666666666666,99.58333333333331,3320.0,1998,12,20,0.0,无,-10.1,3.2,-21.1,0.55,0.29,677.3,679.9,674.8,1.1,,,无
1998-12-21,52645.0,青海,野牛沟,38.41666666666666,99.58333333333331,3320.0,1998,12,21,0.0,无,-10.1,0.4,-17.9,0.51,0.35,679.1,680.5,676.5,1.0,,,无
1998-12-22,52645.0,青海,野牛沟,38.41666666666666,99.58333333333331,3320.0,1998,12,22,0.0,无,-12.8,-0.5,-19.8,0.67,0.35,682.0,684.0,680.5,0.8,,,无
1998-12-23,52645.0,青海,野牛沟,38.41666666666666,99.58333333333331,3320.0,1998,12,23,0.1,normal,-14.2,-3.0,-21.8,0.63,0.37,680.5,682.1,678.6,0.6,,-15.460642183126808,Snow
1998-12-24,52645.0,青海,野牛沟,38.41666666666666,99.58333333333331,3320.0,1998,12,24,0.0,无,-16.0,-3.8,-25.0,0.59,0.29,681.2,682.4,679.5,0.9,,,无
1998-12-25,52645.0,青海,野牛沟,38.41666666666666,99.58333333333331,3320.0,1998,12,25,0.0,无,-16.3,-5.4,-24.3,0.57,0.4,682.0,683.4,679.7,1.0,,,无
1998-12-26,52645.0,青海,野牛沟,38.41666666666666,99.58333333333331,3320.0,1998,12,26,0.0,无,-16.8,-1.7,-25.3,0.57,0.23,681.0,682.4,679.0,0.9,,,无
1998-12-27,52645.0,青海,野牛沟,38.41666666666666,99.58333333333331,3320.0,1998,12,27,0.1,normal,-14.2,-3.4,-22.9,0.6,0.31,681.3,683.4,679.1,0.9,,-15.562922026492455,Snow
1998-12-28,52645.0,青海,野牛沟,38.41666666666666,99.58333333333331,3320.0,1998,12,28,0.2,normal,-15.8,-5.0,-23.1,0.83,0.44,683.0,684.5,680.9,0.5,,-16.318011407307914,Snow
1998-12-29,52645.0,青海,野牛沟,38.41666666666666,99.58333333333331,3320.0,1998,12,29,0.0,无,-16.5,-8.8,-22.3,0.74,0.47,681.0,682.6,679.3,0.4,,,无
1998-12-30,52645.0,青海,野牛沟,38.41666666666666,99.58333333333331,3320.0,1998,12,30,0.0,无,-18.8,-4.9,-27.8,0.63,0.32,680.4,683.2,677.4,0.8,,,无
1998-12-31,52645.0,青海,野牛沟,38.41666666666666,99.58333333333331,3320.0,1998,12,31,0.0,无,-17.9,-5.6,-27.1,0.53,0.3,681.9,683.3,679.1,0.8,,,无
1999-01-01,52645.0,青海,野牛沟,38.41666666666666,99.58333333333331,3320.0,1999,1,1,0.0,无,-15.9,-4.9,-24.9,0.48,0.19,682.9,684.3,680.5,0.9,,,无
1999-01-02,52645.0,青海,野牛沟,38.41666666666666,99.58333333333331,3320.0,1999,1,2,0.0,无,-17.1,-2.4,-26.5,0.36,0.13,681.7,683.8,678.7,1.2,,,无
1999-01-03,52645.0,青海,野牛沟,38.41666666666666,99.58333333333331,3320.0,1999,1,3,0.0,无,-14.5,-0.7,-26.5,0.39,0.16,677.8,681.0,673.7,1.7,,,无
1999-01-04,52645.0,青海,野牛沟,38.41666666666666,99.58333333333331,3320.0,1999,1,4,0.0,无,-11.0,-2.5,-18.2,0.46,0.23,674.7,676.5,671.6,1.4,,,无
1999-01-05,52645.0,青海,野牛沟,38.41666666666666,99.58333333333331,3320.0,1999,1,5,0.2,normal,-10.9,-5.2,-13.4,0.84,0.55,676.4,678.1,675.0,0.5,,-11.563628256717621,Snow
1999-01-06,52645.0,青海,野牛沟,38.41666666666666,99.58333333333331,3320.0,1999,1,6,0.0,无,-16.4,-7.4,-24.9,0.72,0.51,677.6,678.9,675.9,0.6,,,无
1999-01-07,52645.0,青海,野牛沟,38.41666666666666,99.58333333333331,3320.0,1999,1,7,0.0,无,-16.2,-3.2,-24.5,0.68,0.36,676.3,678.7,673.2,0.6,,,无
1999-01-08,52645.0,青海,野牛沟,38.41666666666666,99.58333333333331,3320.0,1999,1,8,0.0,无,-14.9,-6.2,-22.2,0.66,0.46,672.7,674.3,670.5,0.6,,,无
1999-01-09,52645.0,青海,野牛沟,38.41666666666666,99.58333333333331,3320.0,1999,1,9,0.6,normal,-12.2,-6.6,-15.5,0.76,0.53,675.2,677.1,672.7,0.7,,-13.126383041438775,Snow
1999-01-10,52645.0,青海,野牛沟,38.41666666666666,99.58333333333331,3320.0,1999,1,10,0.0,无,-19.6,-7.5,-28.2,0.79,0.36,678.6,680.2,677.1,0.5,,,无
1999-01-11,52645.0,青海,野牛沟,38.41666666666666,99.58333333333331,3320.0,1999,1,11,0.0,无,-20.3,-11.0,-28.9,0.7,0.5,676.7,678.8,674.7,0.5,,,无
1999-01-12,52645.0,青海,野牛沟,38.41666666666666,99.58333333333331,3320.0,1999,1,12,0.0,无,-20.2,-8.8,-29.1,0.69,0.37,675.3,677.0,672.8,0.6,,,无
1999-01-13,52645.0,青海,野牛沟,38.41666666666666,99.58333333333331,3320.0,1999,1,13,0.0,无,-20.2,-8.7,-29.3,0.61,0.3,675.9,677.6,673.8,1.2,,,无
1999-01-14,52645.0,青海,野牛沟,38.41666666666666,99.58333333333331,3320.0,1999,1,14,0.0,无,-21.3,-6.8,-30.5,0.57,0.22,681.7,683.9,677.6,0.6,,,无
1999-01-15,52645.0,青海,野牛沟,38.41666666666666,99.58333333333331,3320.0,1999,1,15,0.0,无,-19.5,-6.4,-29.5,0.52,0.24,681.4,682.7,679.4,1.1,,,无
1999-01-16,52645.0,青海,野牛沟,38.41666666666666,99.58333333333331,3320.0,1999,1,16,0.0,无,-16.9,-5.8,-24.7,0.62,0.24,679.6,681.0,677.6,1.2,,,无
1999-01-17,52645.0,青海,野牛沟,38.41666666666666,99.58333333333331,3320.0,1999,1,17,0.0,无,-18.0,-7.3,-27.4,0.54,0.31,677.5,680.4,674.0,0.7,,,无
1999-01-18,52645.0,青海,野牛沟,38.41666666666666,99.58333333333331,3320.0,1999,1,18,0.0,无,-15.7,-7.0,-23.7,0.48,0.25,673.0,674.5,671.2,1.7,,,无
1999-01-19,52645.0,青海,野牛沟,38.41666666666666,99.58333333333331,3320.0,1999,1,19,0.0,无,-19.6,-9.8,-26.6,0.47,0.18,677.4,679.6,673.3,1.3,,,无
1999-01-20,52645.0,青海,野牛沟,38.41666666666666,99.58333333333331,3320.0,1999,1,20,0.0,无,-20.2,-5.2,-31.1,0.42,0.17,677.7,679.9,674.9,1.1,,,无
1999-01-21,52645.0,青海,野牛沟,38.41666666666666,99.58333333333331,3320.0,1999,1,21,0.0,无,-12.5,1.8,-23.6,0.52,0.17,675.6,678.4,672.4,1.5,,,无
1999-01-22,52645.0,青海,野牛沟,38.41666666666666,99.58333333333331,3320.0,1999,1,22,0.0,无,-11.5,2.0,-21.3,0.47,0.21,673.5,675.3,671.7,1.5,,,无
1999-01-23,52645.0,青海,野牛沟,38.41666666666666,99.58333333333331,3320.0,1999,1,23,0.0,无,-11.2,1.7,-19.9,0.53,0.24,674.4,675.5,673.0,1.8,,,无
1999-01-24,52645.0,青海,野牛沟,38.41666666666666,99.58333333333331,3320.0,1999,1,24,0.0,无,-11.1,-2.9,-19.2,0.47,0.25,679.5,682.0,675.5,1.9,,,无
1999-01-25,52645.0,青海,野牛沟,38.41666666666666,99.58333333333331,3320.0,1999,1,25,0.0,无,-16.0,-0.7,-26.4,0.42,0.15,677.7,681.2,674.2,1.5,,,无
1999-01-26,52645.0,青海,野牛沟,38.41666666666666,99.58333333333331,3320.0,1999,1,26,0.0,无,-13.5,-2.1,-24.3,0.42,0.23,675.5,676.5,673.5,1.4,,,无
1999-01-27,52645.0,青海,野牛沟,38.41666666666666,99.58333333333331,3320.0,1999,1,27,0.0,无,-14.2,-1.3,-24.1,0.52,0.23,677.1,678.7,674.5,1.9,,,无
1999-01-28,52645.0,青海,野牛沟,38.41666666666666,99.58333333333331,3320.0,1999,1,28,0.0,无,-12.9,-2.1,-24.2,0.48,0.2,678.9,681.4,676.8,1.2,,,无
1999-01-29,52645.0,青海,野牛沟,38.41666666666666,99.58333333333331,3320.0,1999,1,29,0.0,无,-11.8,-1.4,-21.8,0.48,0.28,676.4,678.4,673.1,1.4,,,无
1999-01-30,52645.0,青海,野牛沟,38.41666666666666,99.58333333333331,3320.0,1999,1,30,0.0,无,-13.8,-2.7,-23.2,0.53,0.36,673.4,676.4,669.1,1.4,,,无
1999-01-31,52645.0,青海,野牛沟,38.41666666666666,99.58333333333331,3320.0,1999,1,31,0.4,normal,-12.3,-5.5,-19.4,0.85,0.43,672.5,673.5,670.7,1.3,,-12.87515014405432,Snow
1999-02-01,52645.0,青海,野牛沟,38.41666666666666,99.58333333333331,3320.0,1999,2,1,0.0,无,-15.4,-7.2,-22.8,0.63,0.14,677.9,681.5,673.5,1.6,,,无
1999-02-02,52645.0,青海,野牛沟,38.41666666666666,99.58333333333331,3320.0,1999,2,2,0.0,无,-17.5,-4.5,-27.2,0.36,0.14,684.1,686.7,681.5,1.2,,,无
1999-02-03,52645.0,青海,野牛沟,38.41666666666666,99.58333333333331,3320.0,1999,2,3,0.0,无,-15.1,-2.7,-24.9,0.42,0.2,681.5,683.4,678.5,1.3,,,无
1999-02-04,52645.0,青海,野牛沟,38.41666666666666,99.58333333333331,3320.0,1999,2,4,0.0,无,-11.6,-1.0,-21.5,0.45,0.26,679.4,681.0,675.6,1.4,,,无
1999-02-05,52645.0,青海,野牛沟,38.41666666666666,99.58333333333331,3320.0,1999,2,5,0.0,无,-12.2,0.4,-23.0,0.48,0.12,678.8,680.3,676.4,1.9,,,无
1999-02-06,52645.0,青海,野牛沟,38.41666666666666,99.58333333333331,3320.0,1999,2,6,0.0,无,-13.2,0.7,-24.5,0.34,0.08,680.9,682.7,678.5,1.7,,,无
1999-02-07,52645.0,青海,野牛沟,38.41666666666666,99.58333333333331,3320.0,1999,2,7,0.0,无,-13.3,1.4,-24.7,0.36,0.12,680.7,682.3,678.2,1.6,,,无
1999-02-08,52645.0,青海,野牛沟,38.41666666666666,99.58333333333331,3320.0,1999,2,8,0.0,无,-9.1,4.6,-20.7,0.34,0.16,678.5,680.8,675.0,1.9,,,无
1999-02-09,52645.0,青海,野牛沟,38.41666666666666,99.58333333333331,3320.0,1999,2,9,0.0,无,-7.3,2.6,-15.5,0.38,0.22,677.5,678.9,674.2,2.4,,,无
1999-02-10,52645.0,青海,野牛沟,38.41666666666666,99.58333333333331,3320.0,1999,2,10,0.0,无,-9.1,2.7,-20.3,0.61,0.14,681.2,682.9,678.8,2.1,,,无
1999-02-11,52645.0,青海,野牛沟,38.41666666666666,99.58333333333331,3320.0,1999,2,11,0.0,无,-10.3,2.5,-20.7,0.54,0.21,684.3,685.9,681.1,1.5,,,无
1999-02-12,52645.0,青海,野牛沟,38.41666666666666,99.58333333333331,3320.0,1999,2,12,0.0,无,-9.2,2.0,-18.5,0.6,0.29,684.6,686.0,682.1,2.2,,,无
1999-02-13,52645.0,青海,野牛沟,38.41666666666666,99.58333333333331,3320.0,1999,2,13,0.0,无,-8.8,3.5,-19.5,0.54,0.19,681.2,684.8,677.2,1.8,,,无
1999-02-14,52645.0,青海,野牛沟,38.41666666666666,99.58333333333331,3320.0,1999,2,14,0.0,无,-10.4,1.8,-21.5,0.54,0.14,681.9,684.9,679.2,1.6,,,无
1999-02-15,52645.0,青海,野牛沟,38.41666666666666,99.58333333333331,3320.0,1999,2,15,0.0,无,-9.3,3.7,-19.9,0.44,0.23,679.4,681.1,677.9,2.5,,,无
1999-02-16,52645.0,青海,野牛沟,38.41666666666666,99.58333333333331,3320.0,1999,2,16,0.0,无,-6.6,5.5,-16.8,0.5,0.28,676.4,679.4,673.5,3.0,,,无
1999-02-17,52645.0,青海,野牛沟,38.41666666666666,99.58333333333331,3320.0,1999,2,17,0.0,无,-8.5,0.7,-16.5,0.51,0.19,678.3,680.8,674.8,3.4,,,无
1999-02-18,52645.0,青海,野牛沟,38.41666666666666,99.58333333333331,3320.0,1999,2,18,0.0,无,-11.9,0.0,-22.4,0.28,0.06,680.9,682.2,678.3,3.3,,,无
1999-02-19,52645.0,青海,野牛沟,38.41666666666666,99.58333333333331,3320.0,1999,2,19,0.0,无,-12.7,1.6,-23.3,0.38,0.1,681.1,682.8,678.1,2.1,,,无
1999-02-20,52645.0,青海,野牛沟,38.41666666666666,99.58333333333331,3320.0,1999,2,20,0.0,无,-10.5,3.5,-22.2,0.4,0.22,679.7,680.8,677.0,1.6,,,无
1999-02-21,52645.0,青海,野牛沟,38.41666666666666,99.58333333333331,3320.0,1999,2,21,0.0,无,-6.8,6.7,-18.7,0.39,0.15,677.5,679.8,673.7,3.2,,,无
1999-02-22,52645.0,青海,野牛沟,38.41666666666666,99.58333333333331,3320.0,1999,2,22,0.0,无,-8.0,2.7,-15.4,0.55,0.16,677.1,678.2,675.2,2.0,,,无
1999-02-23,52645.0,青海,野牛沟,38.41666666666666,99.58333333333331,3320.0,1999,2,23,0.0,无,-7.0,8.4,-19.5,0.55,0.17,676.3,678.8,673.0,2.2,,,无
1999-02-24,52645.0,青海,野牛沟,38.41666666666666,99.58333333333331,3320.0,1999,2,24,0.0,无,-7.1,2.5,-15.8,0.46,0.22,675.3,676.8,672.1,2.7,,,无
1999-02-25,52645.0,青海,野牛沟,38.41666666666666,99.58333333333331,3320.0,1999,2,25,1.3,normal,-10.1,-2.5,-12.7,0.83,0.45,677.1,678.1,675.2,0.5,,-10.837866381999227,Snow
1999-02-26,52645.0,青海,野牛沟,38.41666666666666,99.58333333333331,3320.0,1999,2,26,0.0,无,-13.6,-0.9,-22.6,0.78,0.42,680.9,682.0,678.1,1.4,,,无
1999-02-27,52645.0,青海,野牛沟,38.41666666666666,99.58333333333331,3320.0,1999,2,27,0.3,normal,-10.3,-0.9,-15.6,0.82,0.53,682.1,683.5,680.2,0.6,,-11.068979700496445,Snow
1999-02-28,52645.0,青海,野牛沟,38.41666666666666,99.58333333333331,3320.0,1999,2,28,0.4,normal,-12.9,1.2,-24.6,0.74,0.24,680.8,683.4,677.3,1.0,,-13.856938985165058,Snow
1999-03-01,52645.0,青海,野牛沟,38.41666666666666,99.58333333333331,3320.0,1999,3,1,0.0,无,-12.7,0.5,-23.3,0.56,0.18,677.6,679.3,675.2,1.8,,,无
1999-03-02,52645.0,青海,野牛沟,38.41666666666666,99.58333333333331,3320.0,1999,3,2,0.0,无,-11.2,2.4,-23.1,0.48,0.17,678.0,680.0,676.4,2.1,,,无
1999-03-03,52645.0,青海,野牛沟,38.41666666666666,99.58333333333331,3320.0,1999,3,3,0.0,无,-7.4,3.8,-19.6,0.41,0.14,674.2,676.8,671.1,3.0,,,无
1999-03-04,52645.0,青海,野牛沟,38.41666666666666,99.58333333333331,3320.0,1999,3,4,0.0,无,-2.5,5.5,-10.5,0.48,0.2,671.2,673.1,668.9,3.8,,,无
1999-03-05,52645.0,青海,野牛沟,38.41666666666666,99.58333333333331,3320.0,1999,3,5,0.0,无,-2.6,8.8,-12.3,0.5,0.18,670.9,672.5,668.8,4.9,,,无
1999-03-06,52645.0,青海,野牛沟,38.41666666666666,99.58333333333331,3320.0,1999,3,6,0.0,无,-3.4,5.4,-10.6,0.55,0.29,672.5,674.8,669.7,2.3,,,无
1999-03-07,52645.0,青海,野牛沟,38.41666666666666,99.58333333333331,3320.0,1999,3,7,0.0,无,-4.0,7.7,-11.1,0.53,0.23,670.0,672.4,666.5,4.3,,,无
1999-03-08,52645.0,青海,野牛沟,38.41666666666666,99.58333333333331,3320.0,1999,3,8,0.5,normal,-9.0,-2.8,-14.3,0.76,0.43,671.2,672.5,669.8,1.1,,-10.118037011361668,Snow
1999-03-09,52645.0,青海,野牛沟,38.41666666666666,99.58333333333331,3320.0,1999,3,9,2.6,normal,-10.3,-4.0,-14.1,0.88,0.65,673.4,674.5,671.6,0.7,,-10.81567095355371,Snow
1999-03-10,52645.0,青海,野牛沟,38.41666666666666,99.58333333333331,3320.0,1999,3,10,0.2,normal,-9.6,-0.4,-17.0,0.76,0.52,675.6,677.0,673.4,2.1,,-10.676704339533188,Snow
1999-03-11,52645.0,青海,野牛沟,38.41666666666666,99.58333333333331,3320.0,1999,3,11,0.0,无,-7.1,3.6,-16.6,0.62,0.15,672.8,675.2,669.7,1.9,,,无
1999-03-12,52645.0,青海,野牛沟,38.41666666666666,99.58333333333331,3320.0,1999,3,12,0.0,无,-8.2,3.2,-17.0,0.56,0.23,672.0,673.4,669.3,2.5,,,无
1999-03-13,52645.0,青海,野牛沟,38.41666666666666,99.58333333333331,3320.0,1999,3,13,0.0,无,-8.3,-0.9,-15.3,0.68,0.36,675.0,676.7,672.2,2.5,,,无
1999-03-14,52645.0,青海,野牛沟,38.41666666666666,99.58333333333331,3320.0,1999,3,14,0.0,无,-7.2,2.7,-17.5,0.54,0.09,676.9,679.3,673.9,2.8,,,无
1999-03-15,52645.0,青海,野牛沟,38.41666666666666,99.58333333333331,3320.0,1999,3,15,0.0,无,-2.4,7.0,-9.4,0.26,0.09,670.7,674.3,668.7,4.5,,,无
1999-03-16,52645.0,青海,野牛沟,38.41666666666666,99.58333333333331,3320.0,1999,3,16,0.0,无,0.3,7.0,-9.9,0.29,0.11,667.9,671.1,665.5,4.7,,,无
1999-03-17,52645.0,青海,野牛沟,38.41666666666666,99.58333333333331,3320.0,1999,3,17,1.2,normal,-4.7,4.0,-10.9,0.57,0.17,668.4,670.4,666.0,2.7,,-7.247258428154049,Snow
1999-03-18,52645.0,青海,野牛沟,38.41666666666666,99.58333333333331,3320.0,1999,3,18,2.1,normal,-7.1,-0.7,-13.1,0.83,0.53,671.6,674.2,669.4,0.7,,-7.972620972521551,Snow
1999-03-19,52645.0,青海,野牛沟,38.41666666666666,99.58333333333331,3320.0,1999,3,19,0.3,normal,-5.1,0.7,-9.1,0.73,0.36,675.7,677.0,674.2,1.7,,-6.638628748836584,Snow
1999-03-20,52645.0,青海,野牛沟,38.41666666666666,99.58333333333331,3320.0,1999,3,20,0.0,无,-7.1,2.3,-15.3,0.49,0.19,676.3,677.7,674.0,2.9,,,无
1999-03-21,52645.0,青海,野牛沟,38.41666666666666,99.58333333333331,3320.0,1999,3,21,0.0,无,-6.4,3.1,-15.3,0.44,0.09,676.5,678.2,673.9,2.4,,,无
1999-03-22,52645.0,青海,野牛沟,38.41666666666666,99.58333333333331,3320.0,1999,3,22,0.0,无,-5.2,6.1,-14.4,0.39,0.12,674.1,675.5,671.8,3.0,,,无
1999-03-23,52645.0,青海,野牛沟,38.41666666666666,99.58333333333331,3320.0,1999,3,23,0.0,无,-3.3,8.3,-15.5,0.31,0.05,673.2,675.0,670.7,5.0,,,无
1999-03-24,52645.0,青海,野牛沟,38.41666666666666,99.58333333333331,3320.0,1999,3,24,0.0,无,-4.7,8.4,-15.0,0.38,0.1,673.3,675.0,670.9,4.0,,,无
1999-03-25,52645.0,青海,野牛沟,38.41666666666666,99.58333333333331,3320.0,1999,3,25,1.3,normal,-7.0,3.4,-14.3,0.59,0.21,673.8,675.9,671.8,2.4,,-9.14376304946041,Snow
1999-03-26,52645.0,青海,野牛沟,38.41666666666666,99.58333333333331,3320.0,1999,3,26,2.6,normal,-9.2,-2.5,-14.0,0.73,0.42,678.0,679.5,675.9,2.7,,-10.4375973024502,Snow
1999-03-27,52645.0,青海,野牛沟,38.41666666666666,99.58333333333331,3320.0,1999,3,27,0.0,无,-8.9,-0.3,-16.9,0.45,0.25,678.9,680.9,676.0,2.3,,,无
1999-03-28,52645.0,青海,野牛沟,38.41666666666666,99.58333333333331,3320.0,1999,3,28,0.0,无,-5.8,0.7,-13.6,0.47,0.1,676.9,678.7,674.8,2.9,,,无
1999-03-29,52645.0,青海,野牛沟,38.41666666666666,99.58333333333331,3320.0,1999,3,29,0.0,无,-5.2,3.5,-13.2,0.49,0.06,677.0,679.0,674.4,4.7,,,无
1999-03-30,52645.0,青海,野牛沟,38.41666666666666,99.58333333333331,3320.0,1999,3,30,0.0,无,-4.4,5.0,-14.1,0.42,0.12,673.2,675.2,672.4,2.1,,,无
1999-03-31,52645.0,青海,野牛沟,38.41666666666666,99.58333333333331,3320.0,1999,3,31,0.0,无,-3.7,4.3,-8.1,0.47,0.15,674.2,676.5,672.1,3.2,,,无
1999-04-01,52645.0,青海,野牛沟,38.41666666666666,99.58333333333331,3320.0,1999,4,1,0.0,无,-7.1,2.4,-17.5,0.46,0.06,679.8,680.9,676.5,4.5,,,无
1999-04-02,52645.0,青海,野牛沟,38.41666666666666,99.58333333333331,3320.0,1999,4,2,0.0,无,-6.5,2.6,-14.8,0.48,0.14,681.0,683.1,678.1,3.2,,,无
1999-04-03,52645.0,青海,野牛沟,38.41666666666666,99.58333333333331,3320.0,1999,4,3,0.0,无,-6.1,4.3,-14.5,0.57,0.11,682.4,684.1,680.1,3.6,,,无
1999-04-04,52645.0,青海,野牛沟,38.41666666666666,99.58333333333331,3320.0,1999,4,4,0.0,无,-3.7,4.4,-11.3,0.41,0.15,683.8,685.6,681.2,5.8,,,无
1999-04-05,52645.0,青海,野牛沟,38.41666666666666,99.58333333333331,3320.0,1999,4,5,0.0,无,-4.1,10.2,-14.9,0.38,0.13,682.3,685.4,679.1,4.3,,,无
1999-04-06,52645.0,青海,野牛沟,38.41666666666666,99.58333333333331,3320.0,1999,4,6,0.0,无,-1.7,13.0,-13.7,0.31,0.06,679.1,681.0,675.7,5.5,,,无
1999-04-07,52645.0,青海,野牛沟,38.41666666666666,99.58333333333331,3320.0,1999,4,7,0.0,无,1.5,10.5,-5.4,0.37,0.19,678.5,679.4,676.2,5.5,,,无
1999-04-08,52645.0,青海,野牛沟,38.41666666666666,99.58333333333331,3320.0,1999,4,8,0.0,无,0.2,10.4,-8.2,0.55,0.06,681.0,682.8,678.3,4.6,,,无
1999-04-09,52645.0,青海,野牛沟,38.41666666666666,99.58333333333331,3320.0,1999,4,9,0.0,无,0.9,15.0,-10.9,0.33,0.08,678.5,681.3,674.2,6.4,,,无
1999-04-10,52645.0,青海,野牛沟,38.41666666666666,99.58333333333331,3320.0,1999,4,10,4.5,normal,2.5,9.3,-4.2,0.47,0.13,676.4,678.2,674.4,5.9,,-1.8757809287501948,Snow
1999-04-11,52645.0,青海,野牛沟,38.41666666666666,99.58333333333331,3320.0,1999,4,11,0.0,无,1.6,8.5,-4.9,0.39,0.08,678.5,680.1,675.3,7.7,,,无
1999-04-12,52645.0,青海,野牛沟,38.41666666666666,99.58333333333331,3320.0,1999,4,12,0.0,无,0.7,12.0,-8.7,0.39,0.13,678.7,680.1,676.0,5.9,,,无
1999-04-13,52645.0,青海,野牛沟,38.41666666666666,99.58333333333331,3320.0,1999,4,13,0.0,无,1.0,9.7,-6.3,0.39,0.13,680.4,681.9,677.5,5.1,,,无
1999-04-14,52645.0,青海,野牛沟,38.41666666666666,99.58333333333331,3320.0,1999,4,14,0.0,无,1.1,12.5,-7.6,0.47,0.26,680.4,681.7,677.5,5.5,,,无
1999-04-15,52645.0,青海,野牛沟,38.41666666666666,99.58333333333331,3320.0,1999,4,15,0.1,normal,0.9,11.7,-6.8,0.67,0.28,680.0,681.6,677.0,4.6,,-1.5790459603682327,Snow
1999-04-16,52645.0,青海,野牛沟,38.41666666666666,99.58333333333331,3320.0,1999,4,16,9.9,normal,1.1,7.0,-2.5,0.63,0.26,681.1,682.4,679.4,3.6,,-1.7137655314661648,Snow
1999-04-17,52645.0,青海,野牛沟,38.41666666666666,99.58333333333331,3320.0,1999,4,17,0.4,normal,-0.6,6.2,-4.2,0.69,0.27,681.8,682.9,679.2,3.0,,-2.7757337360702605,Snow
1999-04-18,52645.0,青海,野牛沟,38.41666666666666,99.58333333333331,3320.0,1999,4,18,0.9,normal,-0.4,7.2,-5.4,0.69,0.22,681.0,683.1,678.2,3.5,,-2.596230317193302,Snow
1999-04-19,52645.0,青海,野牛沟,38.41666666666666,99.58333333333331,3320.0,1999,4,19,0.0,无,1.2,8.5,-5.2,0.57,0.21,680.9,681.4,679.0,3.7,,,无
1999-04-20,52645.0,青海,野牛沟,38.41666666666666,99.58333333333331,3320.0,1999,4,20,0.0,无,2.8,9.5,-2.7,0.63,0.18,681.3,682.5,679.6,4.2,,,无
1999-04-21,52645.0,青海,野牛沟,38.41666666666666,99.58333333333331,3320.0,1999,4,21,0.0,无,3.7,17.8,-6.5,0.45,0.06,681.3,683.4,677.2,7.0,,,无
1999-04-22,52645.0,青海,野牛沟,38.41666666666666,99.58333333333331,3320.0,1999,4,22,0.0,无,4.7,16.4,-4.7,0.43,0.18,679.2,681.8,676.4,6.5,,,无
1999-04-23,52645.0,青海,野牛沟,38.41666666666666,99.58333333333331,3320.0,1999,4,23,0.0,无,5.4,14.0,-3.0,0.6,0.26,676.8,680.3,673.0,5.9,,,无
1999-04-24,52645.0,青海,野牛沟,38.41666666666666,99.58333333333331,3320.0,1999,4,24,0.0,无,2.6,15.5,-4.3,0.58,0.2,676.6,677.7,673.2,5.4,,,无
1999-04-25,52645.0,青海,野牛沟,38.41666666666666,99.58333333333331,3320.0,1999,4,25,4.0,normal,-4.5,-0.2,-6.6,0.81,0.47,683.0,685.5,677.7,1.6,,-5.601134870212099,Snow
1999-04-26,52645.0,青海,野牛沟,38.41666666666666,99.58333333333331,3320.0,1999,4,26,0.3,normal,-5.4,-1.6,-7.4,0.83,0.68,685.4,686.7,683.7,2.1,,-6.339335078531945,Snow
1999-04-27,52645.0,青海,野牛沟,38.41666666666666,99.58333333333331,3320.0,1999,4,27,0.0,无,-3.1,4.9,-8.7,0.62,0.23,684.7,686.9,681.6,3.3,,,无
1999-04-28,52645.0,青海,野牛沟,38.41666666666666,99.58333333333331,3320.0,1999,4,28,0.0,无,-0.2,8.7,-7.3,0.48,0.18,681.7,684.0,678.7,5.3,,,无
1999-04-29,52645.0,青海,野牛沟,38.41666666666666,99.58333333333331,3320.0,1999,4,29,0.0,无,1.0,11.3,-7.3,0.41,0.18,681.4,682.6,679.3,5.3,,,无
1999-04-30,52645.0,青海,野牛沟,38.41666666666666,99.58333333333331,3320.0,1999,4,30,0.0,无,2.6,11.9,-6.7,0.44,0.19,681.3,682.7,678.2,5.8,,,无
1999-05-01,52645.0,青海,野牛沟,38.41666666666666,99.58333333333331,3320.0,1999,5,1,0.0,无,3.3,12.4,-4.7,0.54,0.21,681.5,683.1,678.7,6.2,,,无
1999-05-02,52645.0,青海,野牛沟,38.41666666666666,99.58333333333331,3320.0,1999,5,2,0.7,normal,-0.7,4.9,-2.7,0.67,0.21,683.3,684.1,680.8,2.0,,-3.0079557975100224,Snow
1999-05-03,52645.0,青海,野牛沟,38.41666666666666,99.58333333333331,3320.0,1999,5,3,0.1,normal,-0.4,7.3,-4.6,0.79,0.3,685.5,686.4,683.4,3.9,,-1.8669657596227518,Snow
1999-05-04,52645.0,青海,野牛沟,38.41666666666666,99.58333333333331,3320.0,1999,5,4,1.0,normal,1.8,9.0,-3.8,0.66,0.31,685.2,686.9,683.4,4.0,,-0.8441143484448199,Snow
1999-05-05,52645.0,青海,野牛沟,38.41666666666666,99.58333333333331,3320.0,1999,5,5,1.2,normal,2.2,8.4,-0.7,0.74,0.36,683.0,684.8,680.7,3.4,,0.161960877380527,Snow
1999-05-06,52645.0,青海,野牛沟,38.41666666666666,99.58333333333331,3320.0,1999,5,6,0.2,normal,1.9,9.7,-6.6,0.61,0.25,682.5,683.9,681.4,5.0,,-1.1705784698094712,Snow
1999-05-07,52645.0,青海,野牛沟,38.41666666666666,99.58333333333331,3320.0,1999,5,7,0.0,无,3.3,10.4,-2.9,0.43,0.24,684.8,685.8,681.7,6.0,,,无
1999-05-08,52645.0,青海,野牛沟,38.41666666666666,99.58333333333331,3320.0,1999,5,8,0.0,无,3.1,12.5,-5.6,0.5,0.2,686.4,687.6,685.2,6.0,,,无
1999-05-09,52645.0,青海,野牛沟,38.41666666666666,99.58333333333331,3320.0,1999,5,9,0.0,无,4.5,14.3,-5.7,0.39,0.12,686.8,688.4,684.9,7.7,,,无
1999-05-10,52645.0,青海,野牛沟,38.41666666666666,99.58333333333331,3320.0,1999,5,10,0.0,无,5.4,16.7,-6.0,0.4,0.09,684.1,686.3,681.1,7.7,,,无
1999-05-11,52645.0,青海,野牛沟,38.41666666666666,99.58333333333331,3320.0,1999,5,11,0.0,无,6.0,15.6,-4.3,0.4,0.12,681.7,683.0,680.3,7.1,,,无
1999-05-12,52645.0,青海,野牛沟,38.41666666666666,99.58333333333331,3320.0,1999,5,12,0.0,无,5.6,15.0,-3.8,0.53,0.26,680.9,682.6,677.7,5.8,,,无
1999-05-13,52645.0,青海,野牛沟,38.41666666666666,99.58333333333331,3320.0,1999,5,13,0.3,normal,4.2,9.8,1.5,0.75,0.34,681.8,682.9,680.0,3.2,,2.084027690174657,Rain
1999-05-14,52645.0,青海,野牛沟,38.41666666666666,99.58333333333331,3320.0,1999,5,14,0.0,无,6.7,16.0,-0.3,0.65,0.23,680.2,682.1,677.2,6.8,,,无
1999-05-15,52645.0,青海,野牛沟,38.41666666666666,99.58333333333331,3320.0,1999,5,15,0.6,normal,5.9,13.0,0.9,0.7,0.33,676.9,678.9,674.5,3.7,,3.168877917048243,Rain
1999-05-16,52645.0,青海,野牛沟,38.41666666666666,99.58333333333331,3320.0,1999,5,16,9.9,normal,2.6,10.0,-1.6,0.74,0.25,680.1,680.9,677.0,5.1,,0.5250387782733279,Snow
1999-05-17,52645.0,青海,野牛沟,38.41666666666666,99.58333333333331,3320.0,1999,5,17,0.0,无,2.8,7.8,-0.5,0.66,0.31,682.6,684.2,680.6,4.7,,,无
1999-05-18,52645.0,青海,野牛沟,38.41666666666666,99.58333333333331,3320.0,1999,5,18,0.9,normal,1.8,8.3,-2.3,0.75,0.47,683.8,685.2,682.1,3.5,,-0.12495015559434552,Snow
1999-05-19,52645.0,青海,野牛沟,38.41666666666666,99.58333333333331,3320.0,1999,5,19,0.0,无,3.8,12.5,-4.6,0.63,0.2,683.7,684.9,681.5,5.7,,,无
1999-05-20,52645.0,青海,野牛沟,38.41666666666666,99.58333333333331,3320.0,1999,5,20,0.0,无,6.0,14.7,0.8,0.61,0.13,682.6,685.0,679.1,6.1,,,无
1999-05-21,52645.0,青海,野牛沟,38.41666666666666,99.58333333333331,3320.0,1999,5,21,0.4,normal,3.0,11.8,-2.2,0.74,0.33,680.8,682.2,677.7,4.8,,0.8933946804758852,Snow
1999-05-22,52645.0,青海,野牛沟,38.41666666666666,99.58333333333331,3320.0,1999,5,22,0.8,normal,1.3,7.6,-5.5,0.63,0.24,681.9,683.4,680.0,4.4,,-1.5357334886516183,Snow
1999-05-23,52645.0,青海,野牛沟,38.41666666666666,99.58333333333331,3320.0,1999,5,23,0.0,无,1.5,8.5,-4.9,0.66,0.32,681.4,682.5,679.9,3.7,,,无
1999-05-24,52645.0,青海,野牛沟,38.41666666666666,99.58333333333331,3320.0,1999,5,24,1.4,normal,1.2,9.5,-1.5,0.83,0.38,680.2,682.4,677.2,3.2,,-0.06885129564451642,Snow
1999-05-25,52645.0,青海,野牛沟,38.41666666666666,99.58333333333331,3320.0,1999,5,25,4.1,normal,0.6,6.2,-5.7,0.74,0.43,681.6,682.9,680.1,4.7,,-1.3109891954531117,Snow
1999-05-26,52645.0,青海,野牛沟,38.41666666666666,99.58333333333331,3320.0,1999,5,26,0.0,无,6.6,15.5,-1.9,0.48,0.27,682.2,683.8,680.1,8.0,,,无
1999-05-27,52645.0,青海,野牛沟,38.41666666666666,99.58333333333331,3320.0,1999,5,27,0.0,无,7.8,17.4,0.2,0.6,0.29,681.8,682.5,679.7,7.1,,,无
1999-05-28,52645.0,青海,野牛沟,38.41666666666666,99.58333333333331,3320.0,1999,5,28,5.5,normal,4.3,10.6,0.3,0.79,0.46,683.6,684.7,681.5,2.9,,2.5282038743715995,Snow
1999-05-29,52645.0,青海,野牛沟,38.41666666666666,99.58333333333331,3320.0,1999,5,29,1.0,normal,4.2,8.3,2.0,0.78,0.57,681.5,683.8,679.3,2.5,,2.3454398176059987,Rain
1999-05-30,52645.0,青海,野牛沟,38.41666666666666,99.58333333333331,3320.0,1999,5,30,13.2,normal,1.5,5.7,-1.8,0.88,0.58,681.2,681.9,679.9,3.7,,0.5995089761759909,Snow
1999-05-31,52645.0,青海,野牛沟,38.41666666666666,99.58333333333331,3320.0,1999,5,31,4.0,normal,1.7,6.7,-0.1,0.91,0.58,683.0,683.9,681.4,2.2,,1.022587992376347,Snow
1999-06-01,52645.0,青海,野牛沟,38.41666666666666,99.58333333333331,3320.0,1999,6,1,0.0,无,4.1,10.9,-0.2,0.73,0.41,683.1,684.9,680.3,5.0,,,无
1999-06-02,52645.0,青海,野牛沟,38.41666666666666,99.58333333333331,3320.0,1999,6,2,1.5,normal,3.8,7.8,0.2,0.79,0.53,682.8,683.5,681.1,2.8,,2.0599404356921847,Snow
1999-06-03,52645.0,青海,野牛沟,38.41666666666666,99.58333333333331,3320.0,1999,6,3,0.0,无,5.1,11.5,-2.2,0.66,0.29,682.7,684.4,680.2,5.1,,,无
1999-06-04,52645.0,青海,野牛沟,38.41666666666666,99.58333333333331,3320.0,1999,6,4,0.0,无,7.8,14.3,-0.5,0.65,0.39,681.6,683.0,680.1,5.6,,,无
1999-06-05,52645.0,青海,野牛沟,38.41666666666666,99.58333333333331,3320.0,1999,6,5,5.0,normal,5.1,11.3,3.4,0.84,0.49,682.5,684.2,680.3,1.0,,3.719303410662609,Rain
1999-06-06,52645.0,青海,野牛沟,38.41666666666666,99.58333333333331,3320.0,1999,6,6,1.1,normal,5.7,10.7,0.7,0.82,0.52,685.6,686.4,684.2,3.1,,4.111853396396374,Rain
1999-06-07,52645.0,青海,野牛沟,38.41666666666666,99.58333333333331,3320.0,1999,6,7,5.9,normal,6.5,11.1,2.6,0.79,0.59,686.6,687.3,685.4,3.6,,4.587189445911899,Rain
1999-06-08,52645.0,青海,野牛沟,38.41666666666666,99.58333333333331,3320.0,1999,6,8,0.0,无,8.2,15.4,1.4,0.68,0.38,686.4,687.4,684.3,5.4,,,无
1999-06-09,52645.0,青海,野牛沟,38.41666666666666,99.58333333333331,3320.0,1999,6,9,0.0,无,10.1,17.6,1.3,0.59,0.28,685.3,687.0,683.5,7.2,,,无
1999-06-10,52645.0,青海,野牛沟,38.41666666666666,99.58333333333331,3320.0,1999,6,10,0.0,无,10.5,19.1,1.2,0.56,0.16,683.7,685.3,682.0,8.3,,,无
1999-06-11,52645.0,青海,野牛沟,38.41666666666666,99.58333333333331,3320.0,1999,6,11,0.0,无,12.3,21.6,2.0,0.54,0.23,680.9,683.0,677.7,8.3,,,无
1999-06-12,52645.0,青海,野牛沟,38.41666666666666,99.58333333333331,3320.0,1999,6,12,1.2,normal,12.9,20.9,5.4,0.67,0.32,678.8,679.4,676.7,6.7,,9.119644275457613,Rain
1999-06-13,52645.0,青海,野牛沟,38.41666666666666,99.58333333333331,3320.0,1999,6,13,9.2,normal,8.2,11.0,6.8,0.9,0.77,679.2,680.6,677.6,0.9,,7.249692834145214,Rain
1999-06-14,52645.0,青海,野牛沟,38.41666666666666,99.58333333333331,3320.0,1999,6,14,0.1,normal,9.1,14.0,6.0,0.77,0.49,682.1,682.7,679.7,3.7,,6.80273719845371,Rain
1999-06-15,52645.0,青海,野牛沟,38.41666666666666,99.58333333333331,3320.0,1999,6,15,7.3,normal,7.0,14.6,4.2,0.8,0.43,683.9,684.7,682.1,3.3,,5.146796212751714,Rain
1999-06-16,52645.0,青海,野牛沟,38.41666666666666,99.58333333333331,3320.0,1999,6,16,2.4,normal,8.8,15.6,1.7,0.69,0.3,685.2,686.1,683.1,6.6,,5.694215294720224,Rain
1999-06-17,52645.0,青海,野牛沟,38.41666666666666,99.58333333333331,3320.0,1999,6,17,0.0,无,9.1,18.8,0.0,0.58,0.19,683.3,685.3,680.8,7.2,,,无
1999-06-18,52645.0,青海,野牛沟,38.41666666666666,99.58333333333331,3320.0,1999,6,18,0.3,normal,10.2,19.0,1.6,0.58,0.27,683.2,684.4,681.3,6.9,,5.696833824112111,Rain
1999-06-19,52645.0,青海,野牛沟,38.41666666666666,99.58333333333331,3320.0,1999,6,19,4.7,normal,8.7,14.3,4.9,0.67,0.35,683.2,684.5,680.7,4.1,,5.388672167518043,Rain
1999-06-20,52645.0,青海,野牛沟,38.41666666666666,99.58333333333331,3320.0,1999,6,20,0.1,normal,7.9,14.5,1.5,0.63,0.31,682.0,684.8,680.0,6.2,,4.257206583017301,Rain
1999-06-21,52645.0,青海,野牛沟,38.41666666666666,99.58333333333331,3320.0,1999,6,21,0.0,无,8.8,15.4,1.0,0.54,0.31,679.8,681.6,678.2,7.1,,,无
1999-06-22,52645.0,青海,野牛沟,38.41666666666666,99.58333333333331,3320.0,1999,6,22,0.3,normal,8.2,14.9,4.0,0.62,0.33,680.9,682.3,679.9,6.6,,4.410858771415147,Rain
1999-06-23,52645.0,青海,野牛沟,38.41666666666666,99.58333333333331,3320.0,1999,6,23,0.3,normal,7.9,14.0,2.4,0.71,0.49,680.3,680.9,678.8,3.2,,5.081617608902014,Rain
1999-06-24,52645.0,青海,野牛沟,38.41666666666666,99.58333333333331,3320.0,1999,6,24,0.0,无,9.1,15.4,1.4,0.62,0.31,680.0,681.2,678.6,5.3,,,无
1999-06-25,52645.0,青海,野牛沟,38.41666666666666,99.58333333333331,3320.0,1999,6,25,0.2,normal,11.0,18.2,2.4,0.66,0.29,679.9,680.7,678.3,6.3,,7.314130501927267,Rain
1999-06-26,52645.0,青海,野牛沟,38.41666666666666,99.58333333333331,3320.0,1999,6,26,3.8,normal,8.3,14.6,2.0,0.74,0.46,682.4,683.1,679.7,2.6,,5.75612990154704,Rain
1999-06-27,52645.0,青海,野牛沟,38.41666666666666,99.58333333333331,3320.0,1999,6,27,0.0,无,10.4,19.3,2.8,0.65,0.22,682.0,683.7,679.6,6.7,,,无
1999-06-28,52645.0,青海,野牛沟,38.41666666666666,99.58333333333331,3320.0,1999,6,28,5.4,normal,8.5,16.6,6.4,0.75,0.29,682.7,683.3,680.3,2.2,,6.042718674360699,Rain
1999-06-29,52645.0,青海,野牛沟,38.41666666666666,99.58333333333331,3320.0,1999,6,29,0.0,无,9.3,16.6,3.7,0.74,0.38,681.8,683.2,679.9,4.9,,,无
1999-06-30,52645.0,青海,野牛沟,38.41666666666666,99.58333333333331,3320.0,1999,6,30,1.4,normal,8.3,16.7,1.4,0.74,0.35,681.9,684.3,678.6,4.9,,5.755361239293202,Rain
1999-07-01,52645.0,青海,野牛沟,38.41666666666666,99.58333333333331,3320.0,1999,7,1,3.8,normal,7.8,15.2,0.0,0.69,0.34,681.5,682.8,679.8,4.9,,4.789144654122546,Rain
1999-07-02,52645.0,青海,野牛沟,38.41666666666666,99.58333333333331,3320.0,1999,7,2,0.0,无,9.5,17.2,3.0,0.66,0.23,680.5,681.6,678.4,6.7,,,无
1999-07-03,52645.0,青海,野牛沟,38.41666666666666,99.58333333333331,3320.0,1999,7,3,0.0,无,8.2,15.9,1.2,0.72,0.44,679.8,680.9,677.9,5.3,,,无
1999-07-04,52645.0,青海,野牛沟,38.41666666666666,99.58333333333331,3320.0,1999,7,4,5.9,normal,8.4,15.1,4.2,0.78,0.47,681.2,682.3,679.7,3.6,,6.254104409052501,Rain
1999-07-05,52645.0,青海,野牛沟,38.41666666666666,99.58333333333331,3320.0,1999,7,5,14.5,normal,8.2,13.7,5.3,0.82,0.6,683.0,683.6,681.4,3.9,,6.469568712097149,Rain
1999-07-06,52645.0,青海,野牛沟,38.41666666666666,99.58333333333331,3320.0,1999,7,6,5.5,normal,7.4,14.4,4.2,0.81,0.53,683.8,685.2,681.7,3.3,,5.618526289600472,Rain
1999-07-07,52645.0,青海,野牛沟,38.41666666666666,99.58333333333331,3320.0,1999,7,7,0.0,无,8.2,18.3,0.3,0.73,0.33,683.9,685.2,681.9,5.5,,,无
1999-07-08,52645.0,青海,野牛沟,38.41666666666666,99.58333333333331,3320.0,1999,7,8,7.5,normal,8.7,15.1,4.7,0.81,0.47,682.8,683.2,681.9,,,6.840441174610716,Rain
1999-07-09,52645.0,青海,野牛沟,38.41666666666666,99.58333333333331,3320.0,1999,7,9,9.9,normal,5.5,14.3,1.2,0.87,0.51,683.3,684.0,681.0,2.0,,4.367894276593147,Rain
1999-07-10,52645.0,青海,野牛沟,38.41666666666666,99.58333333333331,3320.0,1999,7,10,11.1,normal,6.8,13.6,2.9,0.83,0.48,681.8,683.8,679.3,3.7,,5.240952877423424,Rain
1999-07-11,52645.0,青海,野牛沟,38.41666666666666,99.58333333333331,3320.0,1999,7,11,0.6,normal,7.2,15.3,1.2,0.76,0.45,680.1,682.4,677.8,5.2,,4.940924294649878,Rain
1999-07-12,52645.0,青海,野牛沟,38.41666666666666,99.58333333333331,3320.0,1999,7,12,1.1,normal,8.7,16.1,2.7,0.8,0.49,678.3,679.2,676.3,4.2,,6.733929107631567,Rain
1999-07-13,52645.0,青海,野牛沟,38.41666666666666,99.58333333333331,3320.0,1999,7,13,0.7,normal,10.5,17.7,3.2,0.76,0.5,679.4,680.3,678.9,5.9,,7.98773278619032,Rain
1999-07-14,52645.0,青海,野牛沟,38.41666666666666,99.58333333333331,3320.0,1999,7,14,3.4,normal,10.7,14.8,8.1,0.79,0.52,681.8,682.3,679.5,3.1,,8.504312331520204,Rain
1999-07-15,52645.0,青海,野牛沟,38.41666666666666,99.58333333333331,3320.0,1999,7,15,13.9,normal,9.1,13.5,4.6,0.81,0.62,683.1,683.6,682.2,3.8,,7.21708657164601,Rain
1999-07-16,52645.0,青海,野牛沟,38.41666666666666,99.58333333333331,3320.0,1999,7,16,5.5,normal,8.0,11.4,5.5,0.85,0.68,684.2,685.0,682.6,2.4,,6.575612284909629,Rain
1999-07-17,52645.0,青海,野牛沟,38.41666666666666,99.58333333333331,3320.0,1999,7,17,8.4,normal,8.7,15.4,4.5,0.82,0.44,685.5,685.8,683.9,4.2,,6.944178256437037,Rain
1999-07-18,52645.0,青海,野牛沟,38.41666666666666,99.58333333333331,3320.0,1999,7,18,0.8,normal,10.6,16.5,4.6,0.71,0.45,684.1,686.6,682.0,6.2,,7.5330649865897525,Rain
1999-07-19,52645.0,青海,野牛沟,38.41666666666666,99.58333333333331,3320.0,1999,7,19,11.7,normal,9.0,17.3,1.7,0.73,0.43,682.3,684.4,680.2,7.5,,6.29242038570069,Rain
1999-07-20,52645.0,青海,野牛沟,38.41666666666666,99.58333333333331,3320.0,1999,7,20,0.0,无,10.6,19.9,1.6,0.68,0.36,682.1,683.1,680.5,6.8,,,无
1999-07-21,52645.0,青海,野牛沟,38.41666666666666,99.58333333333331,3320.0,1999,7,21,0.0,无,10.7,19.5,1.8,0.67,0.36,682.1,682.9,680.6,7.1,,,无
1999-07-22,52645.0,青海,野牛沟,38.41666666666666,99.58333333333331,3320.0,1999,7,22,0.2,normal,9.9,18.3,2.2,0.73,0.41,681.8,682.4,680.5,6.4,,7.113141346055598,Rain
1999-07-23,52645.0,青海,野牛沟,38.41666666666666,99.58333333333331,3320.0,1999,7,23,1.9,normal,11.2,19.7,5.5,0.78,0.5,681.8,682.9,680.4,4.6,,8.860647577999195,Rain
1999-07-24,52645.0,青海,野牛沟,38.41666666666666,99.58333333333331,3320.0,1999,7,24,0.0,无,13.4,20.3,8.7,0.76,0.48,681.6,682.2,680.5,6.3,,,无
1999-07-25,52645.0,青海,野牛沟,38.41666666666666,99.58333333333331,3320.0,1999,7,25,0.3,normal,13.9,20.6,7.3,0.75,0.47,681.9,682.8,680.8,6.1,,11.011348307991064,Rain
1999-07-26,52645.0,青海,野牛沟,38.41666666666666,99.58333333333331,3320.0,1999,7,26,0.4,normal,14.1,21.4,7.0,0.76,0.45,682.1,683.2,680.8,5.7,,11.318333249029603,Rain
1999-07-27,52645.0,青海,野牛沟,38.41666666666666,99.58333333333331,3320.0,1999,7,27,0.3,normal,12.9,22.3,6.2,0.76,0.46,683.9,684.5,682.1,6.9,,10.21144583771147,Rain
1999-07-28,52645.0,青海,野牛沟,38.41666666666666,99.58333333333331,3320.0,1999,7,28,0.0,无,14.4,24.0,4.7,0.71,0.27,684.7,686.2,683.3,7.9,,,无
1999-07-29,52645.0,青海,野牛沟,38.41666666666666,99.58333333333331,3320.0,1999,7,29,0.0,无,15.6,24.3,6.4,0.68,0.33,684.9,686.1,683.8,8.2,,,无
1999-07-30,52645.0,青海,野牛沟,38.41666666666666,99.58333333333331,3320.0,1999,7,30,0.0,无,15.2,25.1,4.2,0.61,0.3,684.9,686.1,683.8,8.4,,,无
1999-07-31,52645.0,青海,野牛沟,38.41666666666666,99.58333333333331,3320.0,1999,7,31,0.0,无,15.7,26.5,5.2,0.67,0.3,684.6,685.9,683.1,7.5,,,无
1999-08-01,52645.0,青海,野牛沟,38.41666666666666,99.58333333333331,3320.0,1999,8,1,0.0,无,15.6,27.1,5.7,0.69,0.26,684.0,685.5,681.8,7.7,,,无
1999-08-02,52645.0,青海,野牛沟,38.41666666666666,99.58333333333331,3320.0,1999,8,2,0.0,无,15.7,26.6,6.3,0.69,0.26,682.5,684.0,680.1,6.6,,,无
1999-08-03,52645.0,青海,野牛沟,38.41666666666666,99.58333333333331,3320.0,1999,8,3,0.0,无,14.3,25.7,3.7,0.66,0.19,681.6,683.1,679.4,7.9,,,无
1999-08-04,52645.0,青海,野牛沟,38.41666666666666,99.58333333333331,3320.0,1999,8,4,0.0,无,15.1,23.1,10.0,0.73,0.37,680.6,681.6,678.1,5.8,,,无
1999-08-05,52645.0,青海,野牛沟,38.41666666666666,99.58333333333331,3320.0,1999,8,5,13.3,normal,10.9,14.8,8.5,0.93,0.67,681.1,682.5,679.7,1.5,,10.18319165029402,Rain
1999-08-06,52645.0,青海,野牛沟,38.41666666666666,99.58333333333331,3320.0,1999,8,6,2.0,normal,10.2,13.3,7.2,0.8,0.62,682.2,683.1,681.3,2.5,,8.144602333866985,Rain
1999-08-07,52645.0,青海,野牛沟,38.41666666666666,99.58333333333331,3320.0,1999,8,7,0.0,无,11.3,20.2,3.4,0.73,0.24,681.3,683.1,679.3,6.7,,,无
1999-08-08,52645.0,青海,野牛沟,38.41666666666666,99.58333333333331,3320.0,1999,8,8,6.1,normal,10.6,18.6,4.5,0.75,0.4,682.1,683.3,679.9,6.4,,7.973896326942422,Rain
1999-08-09,52645.0,青海,野牛沟,38.41666666666666,99.58333333333331,3320.0,1999,8,9,0.0,无,10.4,19.1,2.1,0.75,0.39,683.4,684.1,682.1,5.6,,,无
1999-08-10,52645.0,青海,野牛沟,38.41666666666666,99.58333333333331,3320.0,1999,8,10,0.1,normal,10.0,19.8,2.0,0.73,0.36,684.7,685.7,683.3,6.4,,7.209064454676688,Rain
1999-08-11,52645.0,青海,野牛沟,38.41666666666666,99.58333333333331,3320.0,1999,8,11,1.5,normal,8.4,16.7,3.8,0.84,0.45,684.9,686.0,683.4,3.5,,6.858993017865749,Rain
1999-08-12,52645.0,青海,野牛沟,38.41666666666666,99.58333333333331,3320.0,1999,8,12,17.0,normal,7.0,10.6,3.5,0.88,0.76,681.0,684.0,678.8,1.7,,5.900499644972048,Rain
1999-08-13,52645.0,青海,野牛沟,38.41666666666666,99.58333333333331,3320.0,1999,8,13,0.0,无,8.6,18.6,0.7,0.78,0.42,678.4,681.0,675.1,5.0,,,无
1999-08-14,52645.0,青海,野牛沟,38.41666666666666,99.58333333333331,3320.0,1999,8,14,0.0,无,13.1,20.7,5.6,0.77,0.59,677.8,679.5,675.3,6.3,,,无
1999-08-15,52645.0,青海,野牛沟,38.41666666666666,99.58333333333331,3320.0,1999,8,15,5.3,normal,11.9,15.3,9.6,0.93,0.73,683.1,683.8,679.4,1.2,,11.16347281472921,Rain
1999-08-16,52645.0,青海,野牛沟,38.41666666666666,99.58333333333331,3320.0,1999,8,16,0.3,normal,11.1,15.3,8.5,0.91,0.8,685.2,686.0,683.6,3.4,,10.171490575303984,Rain
1999-08-17,52645.0,青海,野牛沟,38.41666666666666,99.58333333333331,3320.0,1999,8,17,8.4,normal,8.1,11.2,6.6,0.91,0.7,687.7,688.2,685.3,1.6,,7.253004601143851,Rain
1999-08-18,52645.0,青海,野牛沟,38.41666666666666,99.58333333333331,3320.0,1999,8,18,0.0,无,9.7,17.4,3.8,0.76,0.46,687.6,688.6,685.5,6.5,,,无
1999-08-19,52645.0,青海,野牛沟,38.41666666666666,99.58333333333331,3320.0,1999,8,19,0.0,无,8.5,15.5,2.6,0.72,0.38,687.9,689.0,686.6,4.7,,,无
1999-08-20,52645.0,青海,野牛沟,38.41666666666666,99.58333333333331,3320.0,1999,8,20,0.0,无,7.8,16.7,-0.7,0.66,0.36,686.8,688.5,684.7,5.5,,,无
1999-08-21,52645.0,青海,野牛沟,38.41666666666666,99.58333333333331,3320.0,1999,8,21,0.0,无,8.2,15.2,0.5,0.62,0.3,685.2,686.4,683.8,5.9,,,无
1999-08-22,52645.0,青海,野牛沟,38.41666666666666,99.58333333333331,3320.0,1999,8,22,0.5,normal,6.7,14.0,0.4,0.74,0.38,685.6,687.1,684.2,4.4,,4.294613475141049,Rain
1999-08-23,52645.0,青海,野牛沟,38.41666666666666,99.58333333333331,3320.0,1999,8,23,0.7,normal,7.7,15.7,0.4,0.66,0.35,685.6,686.4,684.5,5.6,,4.40034858544029,Rain
1999-08-24,52645.0,青海,野牛沟,38.41666666666666,99.58333333333331,3320.0,1999,8,24,0.1,normal,6.7,15.1,1.1,0.67,0.29,685.7,686.7,683.3,4.3,,3.612213462288829,Rain
1999-08-25,52645.0,青海,野牛沟,38.41666666666666,99.58333333333331,3320.0,1999,8,25,0.1,normal,5.1,11.3,0.1,0.82,0.51,685.1,686.5,683.2,3.0,,3.5447763253617692,Rain
1999-08-26,52645.0,青海,野牛沟,38.41666666666666,99.58333333333331,3320.0,1999,8,26,0.0,无,4.6,14.8,-3.5,0.72,0.39,685.1,686.0,683.9,3.8,,,无
1999-08-27,52645.0,青海,野牛沟,38.41666666666666,99.58333333333331,3320.0,1999,8,27,0.4,normal,5.8,16.1,-3.1,0.68,0.34,684.8,686.1,682.8,4.8,,2.9033947778623537,Rain
1999-08-28,52645.0,青海,野牛沟,38.41666666666666,99.58333333333331,3320.0,1999,8,28,0.0,无,7.6,18.4,-1.5,0.65,0.23,685.3,686.9,683.6,6.2,,,无
1999-08-29,52645.0,青海,野牛沟,38.41666666666666,99.58333333333331,3320.0,1999,8,29,0.2,normal,7.3,18.9,-1.3,0.69,0.23,684.6,685.6,682.7,5.3,,4.345829971506938,Rain
1999-08-30,52645.0,青海,野牛沟,38.41666666666666,99.58333333333331,3320.0,1999,8,30,2.5,normal,7.6,14.3,2.7,0.78,0.46,685.0,686.1,684.1,2.7,,5.51452353185542,Rain
1999-08-31,52645.0,青海,野牛沟,38.41666666666666,99.58333333333331,3320.0,1999,8,31,0.0,无,7.7,17.2,0.6,0.74,0.35,685.2,686.2,683.4,5.1,,,无
1999-09-01,52645.0,青海,野牛沟,38.41666666666666,99.58333333333331,3320.0,1999,9,1,0.7,normal,8.3,15.4,2.2,0.71,0.4,685.5,686.4,684.1,4.7,,5.452891463231322,Rain
1999-09-02,52645.0,青海,野牛沟,38.41666666666666,99.58333333333331,3320.0,1999,9,2,0.0,无,7.5,19.3,-2.6,0.66,0.18,685.2,686.6,683.0,4.8,,,无
1999-09-03,52645.0,青海,野牛沟,38.41666666666666,99.58333333333331,3320.0,1999,9,3,0.0,无,8.8,19.1,-1.4,0.64,0.28,683.3,685.0,680.8,5.7,,,无
1999-09-04,52645.0,青海,野牛沟,38.41666666666666,99.58333333333331,3320.0,1999,9,4,8.5,normal,7.8,14.2,6.1,0.82,0.42,683.6,684.4,681.3,1.5,,6.092532765081491,Rain
1999-09-05,52645.0,青海,野牛沟,38.41666666666666,99.58333333333331,3320.0,1999,9,5,0.0,无,8.3,16.7,0.9,0.74,0.32,684.5,685.9,682.7,5.1,,,无
1999-09-06,52645.0,青海,野牛沟,38.41666666666666,99.58333333333331,3320.0,1999,9,6,0.0,无,8.7,19.3,-0.8,0.7,0.32,682.5,684.9,679.9,5.6,,,无
1999-09-07,52645.0,青海,野牛沟,38.41666666666666,99.58333333333331,3320.0,1999,9,7,3.0,normal,10.2,16.9,6.2,0.71,0.47,682.3,683.7,679.9,3.0,,7.1677364765321405,Rain
1999-09-08,52645.0,青海,野牛沟,38.41666666666666,99.58333333333331,3320.0,1999,9,8,3.9,normal,10.8,19.6,5.8,0.76,0.36,683.6,684.6,681.2,5.2,,8.270714314659923,Rain
1999-09-09,52645.0,青海,野牛沟,38.41666666666666,99.58333333333331,3320.0,1999,9,9,3.7,normal,8.4,14.1,6.5,0.88,0.61,683.1,683.7,682.1,0.0,,7.2510276750024305,Rain
1999-09-10,52645.0,青海,野牛沟,38.41666666666666,99.58333333333331,3320.0,1999,9,10,0.3,normal,7.5,13.5,4.5,0.71,0.51,685.5,686.3,683.6,3.6,,4.7284141385850775,Rain
1999-09-11,52645.0,青海,野牛沟,38.41666666666666,99.58333333333331,3320.0,1999,9,11,6.6,normal,6.1,10.8,3.0,0.84,0.61,685.4,687.2,683.5,3.2,,4.67272479979957,Rain
1999-09-12,52645.0,青海,野牛沟,38.41666666666666,99.58333333333331,3320.0,1999,9,12,0.0,无,8.7,15.0,2.7,0.74,0.31,684.2,685.0,682.6,3.9,,,无
1999-09-13,52645.0,青海,野牛沟,38.41666666666666,99.58333333333331,3320.0,1999,9,13,2.8,normal,7.2,14.1,3.6,0.68,0.37,685.9,686.7,684.3,5.1,,4.15844040142749,Rain
1999-09-14,52645.0,青海,野牛沟,38.41666666666666,99.58333333333331,3320.0,1999,9,14,0.0,无,5.3,14.5,-2.0,0.67,0.27,685.4,686.8,683.4,3.7,,,无
1999-09-15,52645.0,青海,野牛沟,38.41666666666666,99.58333333333331,3320.0,1999,9,15,0.0,无,5.2,14.8,-2.8,0.6,0.23,684.7,686.4,681.7,4.9,,,无
1999-09-16,52645.0,青海,野牛沟,38.41666666666666,99.58333333333331,3320.0,1999,9,16,0.0,无,5.1,14.9,-3.5,0.64,0.25,682.7,684.4,679.9,4.5,,,无
1999-09-17,52645.0,青海,野牛沟,38.41666666666666,99.58333333333331,3320.0,1999,9,17,0.2,normal,4.4,12.2,-2.5,0.66,0.33,681.5,682.8,679.6,3.5,,1.4623555258292287,Rain
1999-09-18,52645.0,青海,野牛沟,38.41666666666666,99.58333333333331,3320.0,1999,9,18,0.5,normal,1.8,12.3,-7.5,0.69,0.29,683.8,685.3,681.5,3.2,,-0.6044967201810314,Snow
1999-09-19,52645.0,青海,野牛沟,38.41666666666666,99.58333333333331,3320.0,1999,9,19,0.0,无,2.4,12.8,-5.7,0.68,0.25,684.9,685.7,683.0,3.7,,,无
1999-09-20,52645.0,青海,野牛沟,38.41666666666666,99.58333333333331,3320.0,1999,9,20,0.0,无,1.7,11.2,-6.2,0.64,0.19,685.9,687.3,684.2,3.9,,,无
1999-09-21,52645.0,青海,野牛沟,38.41666666666666,99.58333333333331,3320.0,1999,9,21,0.0,无,0.9,13.4,-8.8,0.56,0.19,686.2,687.6,684.3,3.9,,,无
1999-09-22,52645.0,青海,野牛沟,38.41666666666666,99.58333333333331,3320.0,1999,9,22,0.0,无,2.6,12.7,-6.3,0.6,0.29,685.1,686.1,683.2,3.7,,,无
1999-09-23,52645.0,青海,野牛沟,38.41666666666666,99.58333333333331,3320.0,1999,9,23,0.0,无,2.2,14.1,-7.3,0.55,0.16,685.5,686.5,683.3,4.4,,,无
1999-09-24,52645.0,青海,野牛沟,38.41666666666666,99.58333333333331,3320.0,1999,9,24,0.0,无,3.0,15.6,-7.3,0.58,0.21,684.6,687.0,681.2,4.0,,,无
1999-09-25,52645.0,青海,野牛沟,38.41666666666666,99.58333333333331,3320.0,1999,9,25,0.0,无,5.0,14.2,-2.8,0.5,0.18,682.2,683.1,680.6,4.4,,,无
1999-09-26,52645.0,青海,野牛沟,38.41666666666666,99.58333333333331,3320.0,1999,9,26,0.0,无,6.1,15.2,-4.2,0.58,0.27,682.4,684.5,679.8,5.4,,,无
1999-09-27,52645.0,青海,野牛沟,38.41666666666666,99.58333333333331,3320.0,1999,9,27,0.0,无,6.6,16.9,-1.8,0.57,0.11,683.4,684.7,679.9,5.6,,,无
1999-09-28,52645.0,青海,野牛沟,38.41666666666666,99.58333333333331,3320.0,1999,9,28,0.0,无,4.5,16.6,-3.8,0.55,0.19,686.3,687.7,683.5,5.0,,,无
1999-09-29,52645.0,青海,野牛沟,38.41666666666666,99.58333333333331,3320.0,1999,9,29,0.0,无,5.1,16.1,-4.2,0.54,0.21,685.8,687.6,682.4,5.2,,,无
1999-09-30,52645.0,青海,野牛沟,38.41666666666666,99.58333333333331,3320.0,1999,9,30,0.0,无,4.0,15.9,-5.4,0.59,0.26,683.4,685.0,680.6,4.3,,,无
1999-10-01,52645.0,青海,野牛沟,38.41666666666666,99.58333333333331,3320.0,1999,10,1,1.0,normal,4.0,8.5,1.7,0.65,0.36,684.9,685.8,683.0,2.6,,1.0246750421490392,Snow
1999-10-02,52645.0,青海,野牛沟,38.41666666666666,99.58333333333331,3320.0,1999,10,2,0.7,normal,5.0,12.7,1.0,0.76,0.3,685.8,686.9,683.8,3.3,,2.9164920569955433,Rain
1999-10-03,52645.0,青海,野牛沟,38.41666666666666,99.58333333333331,3320.0,1999,10,3,3.4,normal,2.4,6.5,0.0,0.78,0.46,685.5,686.7,684.0,2.2,,0.6736194808530849,Snow
1999-10-04,52645.0,青海,野牛沟,38.41666666666666,99.58333333333331,3320.0,1999,10,4,0.9,normal,2.7,9.0,-1.5,0.76,0.37,685.3,686.7,683.0,1.6,,0.7892254177113012,Snow
1999-10-05,52645.0,青海,野牛沟,38.41666666666666,99.58333333333331,3320.0,1999,10,5,0.0,无,3.7,10.7,-1.3,0.62,0.05,685.3,687.0,683.8,4.5,,,无
1999-10-06,52645.0,青海,野牛沟,38.41666666666666,99.58333333333331,3320.0,1999,10,6,0.0,无,1.5,10.4,-6.2,0.63,0.22,685.2,686.3,683.4,2.3,,,无
1999-10-07,52645.0,青海,野牛沟,38.41666666666666,99.58333333333331,3320.0,1999,10,7,0.0,无,0.9,12.6,-8.4,0.62,0.23,683.3,686.0,680.0,3.2,,,无
1999-10-08,52645.0,青海,野牛沟,38.41666666666666,99.58333333333331,3320.0,1999,10,8,4.2,normal,-1.5,6.3,-4.0,0.9,0.41,680.8,682.1,679.3,0.0,,-2.161198471724801,Snow
1999-10-09,52645.0,青海,野牛沟,38.41666666666666,99.58333333333331,3320.0,1999,10,9,0.3,normal,-4.2,2.1,-11.1,0.82,0.58,683.0,683.9,681.9,2.3,,-5.257526431934019,Snow
1999-10-10,52645.0,青海,野牛沟,38.41666666666666,99.58333333333331,3320.0,1999,10,10,0.0,无,-3.3,6.0,-9.9,0.67,0.18,685.8,687.6,682.2,2.1,,,无
1999-10-11,52645.0,青海,野牛沟,38.41666666666666,99.58333333333331,3320.0,1999,10,11,0.0,无,-3.0,8.2,-10.7,0.62,0.18,683.8,686.5,681.3,1.9,,,无
1999-10-12,52645.0,青海,野牛沟,38.41666666666666,99.58333333333331,3320.0,1999,10,12,0.0,无,-1.8,7.8,-9.6,0.62,0.22,682.4,683.6,680.9,2.7,,,无
1999-10-13,52645.0,青海,野牛沟,38.41666666666666,99.58333333333331,3320.0,1999,10,13,0.0,无,-1.3,8.5,-7.6,0.62,0.33,684.8,685.6,683.0,2.1,,,无
1999-10-14,52645.0,青海,野牛沟,38.41666666666666,99.58333333333331,3320.0,1999,10,14,0.0,无,0.0,8.0,-7.5,0.64,0.36,686.5,688.0,684.6,2.2,,,无
1999-10-15,52645.0,青海,野牛沟,38.41666666666666,99.58333333333331,3320.0,1999,10,15,2.6,normal,-2.2,3.6,-5.7,0.76,0.45,688.8,689.7,686.1,1.9,,-3.748620233122648,Snow
1999-10-16,52645.0,青海,野牛沟,38.41666666666666,99.58333333333331,3320.0,1999,10,16,0.0,无,-4.5,4.5,-12.0,0.61,0.28,689.5,690.6,687.9,2.2,,,无
1999-10-17,52645.0,青海,野牛沟,38.41666666666666,99.58333333333331,3320.0,1999,10,17,0.0,无,-4.6,6.2,-12.4,0.57,0.21,687.4,689.3,685.2,2.4,,,无
1999-10-18,52645.0,青海,野牛沟,38.41666666666666,99.58333333333331,3320.0,1999,10,18,0.0,无,-3.5,9.0,-13.0,0.56,0.19,686.2,687.7,683.8,2.1,,,无
1999-10-19,52645.0,青海,野牛沟,38.41666666666666,99.58333333333331,3320.0,1999,10,19,0.0,无,-1.5,8.1,-10.1,0.53,0.24,687.1,688.8,685.0,2.2,,,无
1999-10-20,52645.0,青海,野牛沟,38.41666666666666,99.58333333333331,3320.0,1999,10,20,0.0,无,-1.8,6.7,-8.6,0.59,0.36,685.7,687.1,683.8,1.6,,,无
1999-10-21,52645.0,青海,野牛沟,38.41666666666666,99.58333333333331,3320.0,1999,10,21,0.0,无,-2.9,9.0,-11.8,0.55,0.19,685.4,686.7,683.5,2.1,,,无
1999-10-22,52645.0,青海,野牛沟,38.41666666666666,99.58333333333331,3320.0,1999,10,22,0.0,无,-2.3,9.6,-11.0,0.54,0.16,686.6,688.1,684.7,2.7,,,无
1999-10-23,52645.0,青海,野牛沟,38.41666666666666,99.58333333333331,3320.0,1999,10,23,0.0,无,-3.3,9.9,-12.6,0.57,0.14,686.1,688.3,683.3,2.4,,,无
1999-10-24,52645.0,青海,野牛沟,38.41666666666666,99.58333333333331,3320.0,1999,10,24,0.0,无,-2.8,7.4,-11.1,0.55,0.25,684.9,686.0,683.3,2.9,,,无
1999-10-25,52645.0,青海,野牛沟,38.41666666666666,99.58333333333331,3320.0,1999,10,25,0.0,无,-3.1,8.2,-11.6,0.66,0.22,685.6,687.0,684.0,1.7,,,无
1999-10-26,52645.0,青海,野牛沟,38.41666666666666,99.58333333333331,3320.0,1999,10,26,0.0,无,-3.3,8.4,-13.1,0.54,0.12,684.5,686.5,681.9,2.7,,,无
1999-10-27,52645.0,青海,野牛沟,38.41666666666666,99.58333333333331,3320.0,1999,10,27,0.0,无,-4.2,6.7,-12.4,0.61,0.26,683.6,684.3,682.5,2.6,,,无
1999-10-28,52645.0,青海,野牛沟,38.41666666666666,99.58333333333331,3320.0,1999,10,28,0.0,无,-4.7,7.6,-13.4,0.6,0.22,682.5,684.8,680.0,1.6,,,无
1999-10-29,52645.0,青海,野牛沟,38.41666666666666,99.58333333333331,3320.0,1999,10,29,0.0,无,-3.2,7.4,-13.1,0.52,0.18,680.1,681.3,678.4,2.7,,,无
1999-10-30,52645.0,青海,野牛沟,38.41666666666666,99.58333333333331,3320.0,1999,10,30,0.6,normal,-1.8,2.4,-6.8,0.46,0.23,679.7,680.9,678.5,2.8,,-5.479277222136925,Snow
1999-10-31,52645.0,青海,野牛沟,38.41666666666666,99.58333333333331,3320.0,1999,10,31,0.0,无,-8.6,0.6,-16.3,0.46,0.11,685.2,687.4,679.0,2.7,,,无
1999-11-01,52645.0,青海,野牛沟,38.41666666666666,99.58333333333331,3320.0,1999,11,1,0.0,无,-8.8,5.2,-18.0,0.51,0.18,687.0,688.5,685.1,1.5,,,无
1999-11-02,52645.0,青海,野牛沟,38.41666666666666,99.58333333333331,3320.0,1999,11,2,0.0,无,-6.8,5.5,-15.9,0.53,0.2,686.5,688.0,684.7,1.9,,,无
1999-11-03,52645.0,青海,野牛沟,38.41666666666666,99.58333333333331,3320.0,1999,11,3,0.0,无,-7.5,6.5,-16.8,0.51,0.16,684.5,686.6,681.7,2.2,,,无
1999-11-04,52645.0,青海,野牛沟,38.41666666666666,99.58333333333331,3320.0,1999,11,4,0.0,无,-7.2,8.1,-17.4,0.53,0.18,682.3,683.9,680.2,1.8,,,无
1999-11-05,52645.0,青海,野牛沟,38.41666666666666,99.58333333333331,3320.0,1999,11,5,0.0,无,-5.2,10.3,-14.6,0.52,0.2,680.7,682.0,679.0,2.4,,,无
1999-11-06,52645.0,青海,野牛沟,38.41666666666666,99.58333333333331,3320.0,1999,11,6,0.0,无,-3.9,9.7,-13.3,0.55,0.23,682.3,683.2,680.4,1.5,,,无
1999-11-07,52645.0,青海,野牛沟,38.41666666666666,99.58333333333331,3320.0,1999,11,7,0.0,无,-3.8,10.1,-13.4,0.56,0.23,682.1,684.3,679.5,2.2,,,无
1999-11-08,52645.0,青海,野牛沟,38.41666666666666,99.58333333333331,3320.0,1999,11,8,0.0,无,-2.8,10.3,-12.2,0.57,0.21,680.4,682.0,677.3,2.2,,,无
1999-11-09,52645.0,青海,野牛沟,38.41666666666666,99.58333333333331,3320.0,1999,11,9,0.0,无,-5.1,5.7,-13.6,0.51,0.28,679.9,681.3,677.2,1.9,,,无
1999-11-10,52645.0,青海,野牛沟,38.41666666666666,99.58333333333331,3320.0,1999,11,10,0.4,normal,-6.9,-0.3,-13.4,0.62,0.31,679.8,680.9,678.7,1.8,,-8.882266625573006,Snow
1999-11-11,52645.0,青海,野牛沟,38.41666666666666,99.58333333333331,3320.0,1999,11,11,0.0,无,-9.4,2.3,-17.6,0.51,0.2,680.2,681.7,679.2,1.3,,,无
1999-11-12,52645.0,青海,野牛沟,38.41666666666666,99.58333333333331,3320.0,1999,11,12,0.0,无,-7.2,4.8,-17.5,0.45,0.16,679.6,681.3,677.0,1.7,,,无
1999-11-13,52645.0,青海,野牛沟,38.41666666666666,99.58333333333331,3320.0,1999,11,13,0.0,无,-6.4,6.5,-16.1,0.45,0.12,678.9,680.6,676.8,2.7,,,无
1999-11-14,52645.0,青海,野牛沟,38.41666666666666,99.58333333333331,3320.0,1999,11,14,0.0,无,-6.3,6.9,-15.1,0.47,0.1,681.2,683.2,679.1,1.9,,,无
1999-11-15,52645.0,青海,野牛沟,38.41666666666666,99.58333333333331,3320.0,1999,11,15,0.0,无,-8.0,1.9,-16.5,0.48,0.23,683.4,685.2,679.9,2.1,,,无
1999-11-16,52645.0,青海,野牛沟,38.41666666666666,99.58333333333331,3320.0,1999,11,16,0.0,无,-10.8,-0.7,-17.7,0.47,0.08,685.9,687.5,684.4,1.4,,,无
1999-11-17,52645.0,青海,野牛沟,38.41666666666666,99.58333333333331,3320.0,1999,11,17,0.0,无,-14.0,0.4,-23.2,0.37,0.12,686.2,689.2,683.1,1.3,,,无
1999-11-18,52645.0,青海,野牛沟,38.41666666666666,99.58333333333331,3320.0,1999,11,18,0.0,无,-12.5,-0.8,-21.5,0.4,0.18,681.6,683.9,679.1,1.5,,,无
1999-11-19,52645.0,青海,野牛沟,38.41666666666666,99.58333333333331,3320.0,1999,11,19,0.0,无,-12.9,0.7,-22.0,0.41,0.13,681.4,683.4,678.6,1.3,,,无
1999-11-20,52645.0,青海,野牛沟,38.41666666666666,99.58333333333331,3320.0,1999,11,20,0.0,无,-11.9,1.3,-21.2,0.38,0.16,679.6,681.1,677.6,1.4,,,无
1999-11-21,52645.0,青海,野牛沟,38.41666666666666,99.58333333333331,3320.0,1999,11,21,0.0,无,-11.7,1.7,-20.6,0.37,0.13,680.2,681.9,678.9,1.6,,,无
1999-11-22,52645.0,青海,野牛沟,38.41666666666666,99.58333333333331,3320.0,1999,11,22,0.0,无,-8.7,5.6,-20.0,0.34,0.12,678.3,681.2,674.8,1.9,,,无
1999-11-23,52645.0,青海,野牛沟,38.41666666666666,99.58333333333331,3320.0,1999,11,23,0.0,无,-5.3,-0.4,-9.4,0.34,0.18,679.1,682.9,675.6,2.3,,,无
1999-11-24,52645.0,青海,野牛沟,38.41666666666666,99.58333333333331,3320.0,1999,11,24,0.0,无,-11.2,1.8,-19.6,0.4,0.13,680.9,683.0,679.2,2.1,,,无
1999-11-25,52645.0,青海,野牛沟,38.41666666666666,99.58333333333331,3320.0,1999,11,25,0.0,无,-10.8,2.0,-20.5,0.34,0.12,679.3,681.7,676.3,1.8,,,无
1999-11-26,52645.0,青海,野牛沟,38.41666666666666,99.58333333333331,3320.0,1999,11,26,0.0,无,-11.9,-2.7,-20.8,0.42,0.22,678.4,679.6,676.7,1.2,,,无
1999-11-27,52645.0,青海,野牛沟,38.41666666666666,99.58333333333331,3320.0,1999,11,27,1.1,normal,-13.9,-7.6,-17.5,0.63,0.38,681.5,682.9,678.8,0.4,,-15.18344627822231,Snow
1999-11-28,52645.0,青海,野牛沟,38.41666666666666,99.58333333333331,3320.0,1999,11,28,0.0,无,-17.1,-7.0,-25.8,0.6,0.41,683.0,684.2,681.7,1.0,,,无
1999-11-29,52645.0,青海,野牛沟,38.41666666666666,99.58333333333331,3320.0,1999,11,29,0.0,无,-16.7,-5.5,-24.6,0.62,0.4,680.4,683.1,678.0,0.7,,,无
1999-11-30,52645.0,青海,野牛沟,38.41666666666666,99.58333333333331,3320.0,1999,11,30,0.0,无,-13.1,-1.8,-22.0,0.55,0.29,680.1,681.0,678.9,1.2,,,无
1999-12-01,52645.0,青海,野牛沟,38.41666666666666,99.58333333333331,3320.0,1999,12,1,0.0,无,-13.1,0.6,-21.3,0.59,0.33,681.7,683.2,679.7,1.2,,,无
1999-12-02,52645.0,青海,野牛沟,38.41666666666666,99.58333333333331,3320.0,1999,12,2,0.0,无,-10.5,2.8,-17.6,0.55,0.29,680.4,681.7,678.4,1.3,,,无
1999-12-03,52645.0,青海,野牛沟,38.41666666666666,99.58333333333331,3320.0,1999,12,3,0.3,normal,-13.4,-5.9,-18.2,0.7,0.45,684.4,685.3,681.7,0.6,,-14.467979323777232,Snow
1999-12-04,52645.0,青海,野牛沟,38.41666666666666,99.58333333333331,3320.0,1999,12,4,0.0,无,-17.8,-10.1,-23.1,0.64,0.47,685.5,686.1,684.2,0.3,,,无
1999-12-05,52645.0,青海,野牛沟,38.41666666666666,99.58333333333331,3320.0,1999,12,5,0.0,无,-18.9,-6.1,-27.3,0.52,0.27,685.8,687.1,683.5,1.0,,,无
1999-12-06,52645.0,青海,野牛沟,38.41666666666666,99.58333333333331,3320.0,1999,12,6,0.0,无,-18.0,-5.2,-27.1,0.54,0.27,683.6,685.0,681.3,1.1,,,无
1999-12-07,52645.0,青海,野牛沟,38.41666666666666,99.58333333333331,3320.0,1999,12,7,0.0,无,-16.9,-3.5,-26.1,0.48,0.23,685.6,686.9,683.2,0.9,,,无
1999-12-08,52645.0,青海,野牛沟,38.41666666666666,99.58333333333331,3320.0,1999,12,8,0.0,无,-16.4,-4.7,-24.8,0.54,0.28,686.6,688.8,684.6,1.2,,,无
1999-12-09,52645.0,青海,野牛沟,38.41666666666666,99.58333333333331,3320.0,1999,12,9,0.0,无,-16.6,-2.3,-25.1,0.48,0.19,682.4,685.1,680.1,1.1,,,无
1999-12-10,52645.0,青海,野牛沟,38.41666666666666,99.58333333333331,3320.0,1999,12,10,0.0,无,-16.5,-2.2,-25.7,0.52,0.22,682.9,684.3,681.1,1.0,,,无
1999-12-11,52645.0,青海,野牛沟,38.41666666666666,99.58333333333331,3320.0,1999,12,11,0.0,无,-16.3,-1.2,-25.7,0.49,0.21,682.9,684.1,680.8,1.1,,,无
1999-12-12,52645.0,青海,野牛沟,38.41666666666666,99.58333333333331,3320.0,1999,12,12,0.0,无,-15.2,-4.5,-24.4,0.5,0.27,684.5,685.7,682.2,0.8,,,无
1999-12-13,52645.0,青海,野牛沟,38.41666666666666,99.58333333333331,3320.0,1999,12,13,0.0,无,-15.7,-6.8,-25.7,0.47,0.28,684.5,686.4,682.0,1.1,,,无
1999-12-14,52645.0,青海,野牛沟,38.41666666666666,99.58333333333331,3320.0,1999,12,14,0.0,无,-17.8,-5.1,-26.9,0.5,0.25,680.0,683.8,677.0,1.4,,,无
1999-12-15,52645.0,青海,野牛沟,38.41666666666666,99.58333333333331,3320.0,1999,12,15,0.0,无,-16.1,-3.7,-25.9,0.5,0.25,677.6,679.1,675.9,1.1,,,无
1999-12-16,52645.0,青海,野牛沟,38.41666666666666,99.58333333333331,3320.0,1999,12,16,0.0,无,-15.0,-5.6,-23.9,0.49,0.3,679.2,680.5,677.1,1.2,,,无
1999-12-17,52645.0,青海,野牛沟,38.41666666666666,99.58333333333331,3320.0,1999,12,17,0.0,无,-16.3,-5.5,-25.3,0.53,0.23,681.2,682.6,679.8,0.9,,,无
1999-12-18,52645.0,青海,野牛沟,38.41666666666666,99.58333333333331,3320.0,1999,12,18,0.0,无,-15.5,-4.3,-25.0,0.45,0.2,681.2,682.5,679.7,1.7,,,无
1999-12-19,52645.0,青海,野牛沟,38.41666666666666,99.58333333333331,3320.0,1999,12,19,0.0,无,-17.4,-5.0,-26.3,0.49,0.29,681.7,683.0,680.0,1.1,,,无
1999-12-20,52645.0,青海,野牛沟,38.41666666666666,99.58333333333331,3320.0,1999,12,20,0.0,无,-17.6,-4.5,-26.9,0.49,0.26,682.3,683.2,680.6,1.0,,,无
1999-12-21,52645.0,青海,野牛沟,38.41666666666666,99.58333333333331,3320.0,1999,12,21,0.0,无,-18.0,-5.7,-27.8,0.49,0.22,685.7,688.3,683.2,0.8,,,无
1999-12-22,52645.0,青海,野牛沟,38.41666666666666,99.58333333333331,3320.0,1999,12,22,0.1,normal,-13.9,-8.1,-19.9,0.52,0.31,684.7,685.7,683.5,0.7,,-15.564995440333501,Snow
1999-12-23,52645.0,青海,野牛沟,38.41666666666666,99.58333333333331,3320.0,1999,12,23,0.0,无,-17.4,-6.1,-25.4,0.57,0.33,687.4,689.1,685.7,0.7,,,无
1999-12-24,52645.0,青海,野牛沟,38.41666666666666,99.58333333333331,3320.0,1999,12,24,0.0,无,-18.5,-5.4,-27.7,0.45,0.21,685.6,687.9,683.3,0.9,,,无
1999-12-25,52645.0,青海,野牛沟,38.41666666666666,99.58333333333331,3320.0,1999,12,25,0.0,无,-18.6,-4.3,-28.2,0.41,0.17,682.4,685.2,679.3,0.9,,,无
1999-12-26,52645.0,青海,野牛沟,38.41666666666666,99.58333333333331,3320.0,1999,12,26,0.0,无,-16.0,-2.1,-25.5,0.41,0.21,677.9,680.2,675.0,0.9,,,无
1999-12-27,52645.0,青海,野牛沟,38.41666666666666,99.58333333333331,3320.0,1999,12,27,0.0,无,-16.2,-4.8,-23.6,0.44,0.23,680.9,682.7,678.2,1.1,,,无
1999-12-28,52645.0,青海,野牛沟,38.41666666666666,99.58333333333331,3320.0,1999,12,28,0.0,无,-18.8,-5.0,-28.7,0.4,0.19,679.4,682.2,677.1,0.9,,,无
1999-12-29,52645.0,青海,野牛沟,38.41666666666666,99.58333333333331,3320.0,1999,12,29,0.0,无,-14.0,-0.9,-24.1,0.44,0.21,674.2,677.6,671.5,1.2,,,无
1999-12-30,52645.0,青海,野牛沟,38.41666666666666,99.58333333333331,3320.0,1999,12,30,0.0,无,-12.6,-1.2,-23.1,0.47,0.26,674.8,676.0,673.8,1.5,,,无
1999-12-31,52645.0,青海,野牛沟,38.41666666666666,99.58333333333331,3320.0,1999,12,31,0.0,无,-7.0,-1.6,-11.6,0.34,0.2,674.3,675.4,673.2,2.3,,,无
2000-01-01,52645.0,青海,野牛沟,38.41666666666666,99.58333333333331,3320.0,2000,1,1,0.0,无,-7.1,-2.2,-15.7,0.39,0.25,678.7,681.2,675.1,2.0,,,无
2000-01-02,52645.0,青海,野牛沟,38.41666666666666,99.58333333333331,3320.0,2000,1,2,0.0,无,-11.6,0.4,-22.9,0.43,0.26,677.2,681.0,673.5,1.5,,,无
2000-01-03,52645.0,青海,野牛沟,38.41666666666666,99.58333333333331,3320.0,2000,1,3,0.0,无,-8.7,-1.4,-16.6,0.45,0.29,673.6,676.2,671.9,2.1,,,无
2000-01-04,52645.0,青海,野牛沟,38.41666666666666,99.58333333333331,3320.0,2000,1,4,0.0,无,-4.3,-2.5,-7.3,0.32,0.26,671.2,673.6,669.1,2.6,,,无
2000-01-05,52645.0,青海,野牛沟,38.41666666666666,99.58333333333331,3320.0,2000,1,5,0.0,无,-8.4,-3.9,-12.2,0.38,0.26,672.2,674.8,670.3,3.1,,,无
2000-01-06,52645.0,青海,野牛沟,38.41666666666666,99.58333333333331,3320.0,2000,1,6,0.0,无,-13.5,-1.6,-24.0,0.35,0.2,676.3,678.4,673.8,1.6,,,无
2000-01-07,52645.0,青海,野牛沟,38.41666666666666,99.58333333333331,3320.0,2000,1,7,0.0,无,-13.6,0.2,-23.1,0.5,0.25,674.2,675.6,672.2,1.2,,,无
2000-01-08,52645.0,青海,野牛沟,38.41666666666666,99.58333333333331,3320.0,2000,1,8,0.0,无,-13.7,-1.9,-23.3,0.45,0.28,673.6,674.7,671.7,1.4,,,无
2000-01-09,52645.0,青海,野牛沟,38.41666666666666,99.58333333333331,3320.0,2000,1,9,0.0,无,-14.8,-2.3,-25.1,0.56,0.25,674.5,676.6,671.9,1.1,,,无
2000-01-10,52645.0,青海,野牛沟,38.41666666666666,99.58333333333331,3320.0,2000,1,10,0.0,无,-13.4,0.0,-21.6,0.46,0.27,671.5,672.7,669.5,1.1,,,无
2000-01-11,52645.0,青海,野牛沟,38.41666666666666,99.58333333333331,3320.0,2000,1,11,0.0,无,-13.9,-4.0,-21.5,0.58,0.23,673.7,674.8,671.7,1.3,,,无
2000-01-12,52645.0,青海,野牛沟,38.41666666666666,99.58333333333331,3320.0,2000,1,12,0.0,无,-17.0,-3.7,-27.3,0.41,0.19,674.3,676.5,671.9,1.2,,,无
2000-01-13,52645.0,青海,野牛沟,38.41666666666666,99.58333333333331,3320.0,2000,1,13,0.0,无,-14.2,-2.7,-23.1,0.44,0.21,670.8,672.9,669.6,1.1,,,无
2000-01-14,52645.0,青海,野牛沟,38.41666666666666,99.58333333333331,3320.0,2000,1,14,0.0,无,-16.7,-5.5,-24.6,0.5,0.28,670.4,671.2,668.2,0.8,,,无
2000-01-15,52645.0,青海,野牛沟,38.41666666666666,99.58333333333331,3320.0,2000,1,15,0.0,无,-15.8,-4.3,-25.1,0.63,0.41,672.5,673.8,670.8,0.7,,,无
2000-01-16,52645.0,青海,野牛沟,38.41666666666666,99.58333333333331,3320.0,2000,1,16,0.9,normal,-14.2,-7.0,-17.3,0.74,0.53,676.2,677.6,673.1,0.3,,-15.086989862532697,Snow
2000-01-17,52645.0,青海,野牛沟,38.41666666666666,99.58333333333331,3320.0,2000,1,17,0.0,无,-20.7,-10.1,-29.2,0.68,0.42,678.3,679.0,677.0,0.8,,,无
2000-01-18,52645.0,青海,野牛沟,38.41666666666666,99.58333333333331,3320.0,2000,1,18,0.0,无,-20.7,-6.3,-30.1,0.57,0.31,679.9,682.2,678.0,0.6,,,无
2000-01-19,52645.0,青海,野牛沟,38.41666666666666,99.58333333333331,3320.0,2000,1,19,0.0,无,-20.3,-7.4,-30.2,0.56,0.3,676.7,678.8,674.4,0.9,,,无
2000-01-20,52645.0,青海,野牛沟,38.41666666666666,99.58333333333331,3320.0,2000,1,20,0.0,无,-18.1,-7.4,-27.7,0.65,0.37,673.7,676.0,670.9,0.6,,,无
2000-01-21,52645.0,青海,野牛沟,38.41666666666666,99.58333333333331,3320.0,2000,1,21,0.6,normal,-15.4,-8.6,-22.1,0.73,0.55,673.6,674.8,672.1,0.5,,-16.255648750221276,Snow
2000-01-22,52645.0,青海,野牛沟,38.41666666666666,99.58333333333331,3320.0,2000,1,22,0.0,无,-18.1,-7.8,-28.1,0.56,0.31,673.2,675.0,672.1,0.8,,,无
2000-01-23,52645.0,青海,野牛沟,38.41666666666666,99.58333333333331,3320.0,2000,1,23,0.0,无,-21.0,-7.1,-31.8,0.64,0.43,675.0,676.2,673.0,0.7,,,无
2000-01-24,52645.0,青海,野牛沟,38.41666666666666,99.58333333333331,3320.0,2000,1,24,0.0,无,-21.0,-9.6,-30.5,0.87,0.52,680.2,681.9,675.9,0.7,,,无
2000-01-25,52645.0,青海,野牛沟,38.41666666666666,99.58333333333331,3320.0,2000,1,25,0.0,无,-21.7,-8.4,-31.0,0.76,0.45,682.8,684.3,681.0,1.1,,,无
2000-01-26,52645.0,青海,野牛沟,38.41666666666666,99.58333333333331,3320.0,2000,1,26,0.0,无,-20.1,-6.5,-29.8,0.71,0.41,682.2,684.5,679.7,1.2,,,无
2000-01-27,52645.0,青海,野牛沟,38.41666666666666,99.58333333333331,3320.0,2000,1,27,0.0,无,-20.0,-5.6,-30.2,0.72,0.38,679.5,681.1,676.7,0.8,,,无
2000-01-28,52645.0,青海,野牛沟,38.41666666666666,99.58333333333331,3320.0,2000,1,28,0.0,无,-20.4,-7.1,-30.4,0.69,0.35,677.6,679.0,675.6,1.5,,,无
2000-01-29,52645.0,青海,野牛沟,38.41666666666666,99.58333333333331,3320.0,2000,1,29,0.0,无,-20.7,-6.7,-31.1,0.69,0.3,680.6,682.8,677.6,0.8,,,无
2000-01-30,52645.0,青海,野牛沟,38.41666666666666,99.58333333333331,3320.0,2000,1,30,0.1,normal,-20.0,-11.5,-27.1,0.79,0.42,681.3,682.5,679.7,0.5,,-20.48062490457393,Snow
2000-01-31,52645.0,青海,野牛沟,38.41666666666666,99.58333333333331,3320.0,2000,1,31,0.3,normal,-21.6,-10.9,-30.8,0.91,0.6,677.4,680.8,675.4,0.6,,-21.783764754679787,Snow
2000-02-01,52645.0,青海,野牛沟,38.41666666666666,99.58333333333331,3320.0,2000,2,1,0.0,无,-21.7,-5.1,-31.0,0.75,0.35,675.2,676.8,672.5,0.7,,,无
2000-02-02,52645.0,青海,野牛沟,38.41666666666666,99.58333333333331,3320.0,2000,2,2,0.0,无,-18.5,-1.5,-29.0,0.76,0.39,674.5,676.7,671.8,0.8,,,无
2000-02-03,52645.0,青海,野牛沟,38.41666666666666,99.58333333333331,3320.0,2000,2,3,0.0,无,-14.8,0.1,-25.0,0.72,0.42,673.7,675.2,672.0,1.0,,,无
2000-02-04,52645.0,青海,野牛沟,38.41666666666666,99.58333333333331,3320.0,2000,2,4,0.1,normal,-11.6,-4.6,-19.8,0.81,0.43,675.9,677.0,673.7,0.9,,-12.357927829749876,Snow
2000-02-05,52645.0,青海,野牛沟,38.41666666666666,99.58333333333331,3320.0,2000,2,5,0.0,无,-16.4,-4.4,-27.2,0.68,0.35,677.5,679.2,675.6,1.0,,,无
2000-02-06,52645.0,青海,野牛沟,38.41666666666666,99.58333333333331,3320.0,2000,2,6,0.0,无,-15.8,-4.4,-26.1,0.6,0.32,677.4,679.5,676.1,1.9,,,无
2000-02-07,52645.0,青海,野牛沟,38.41666666666666,99.58333333333331,3320.0,2000,2,7,0.0,无,-17.8,-1.9,-28.9,0.62,0.28,678.9,681.5,675.4,1.3,,,无
2000-02-08,52645.0,青海,野牛沟,38.41666666666666,99.58333333333331,3320.0,2000,2,8,0.0,无,-14.4,-1.3,-23.9,0.56,0.3,674.6,677.1,671.6,1.6,,,无
2000-02-09,52645.0,青海,野牛沟,38.41666666666666,99.58333333333331,3320.0,2000,2,9,0.0,无,-13.3,-1.0,-23.9,0.46,0.2,674.1,675.5,672.6,1.6,,,无
2000-02-10,52645.0,青海,野牛沟,38.41666666666666,99.58333333333331,3320.0,2000,2,10,0.0,无,-14.4,0.2,-26.6,0.44,0.2,674.1,675.7,671.5,1.6,,,无
2000-02-11,52645.0,青海,野牛沟,38.41666666666666,99.58333333333331,3320.0,2000,2,11,0.0,无,-13.7,-0.6,-24.2,0.43,0.22,673.5,675.1,671.9,1.5,,,无
2000-02-12,52645.0,青海,野牛沟,38.41666666666666,99.58333333333331,3320.0,2000,2,12,0.0,无,-16.8,-8.0,-24.6,0.55,0.27,673.4,675.2,671.8,1.0,,,无
2000-02-13,52645.0,青海,野牛沟,38.41666666666666,99.58333333333331,3320.0,2000,2,13,0.0,无,-15.7,-6.6,-25.2,0.67,0.37,676.1,677.7,674.1,0.8,,,无
2000-02-14,52645.0,青海,野牛沟,38.41666666666666,99.58333333333331,3320.0,2000,2,14,0.0,无,-17.1,-4.8,-27.1,0.43,0.19,678.5,680.3,676.3,1.2,,,无
2000-02-15,52645.0,青海,野牛沟,38.41666666666666,99.58333333333331,3320.0,2000,2,15,0.0,无,-15.6,-1.6,-27.3,0.4,0.19,676.8,678.9,674.1,1.4,,,无
2000-02-16,52645.0,青海,野牛沟,38.41666666666666,99.58333333333331,3320.0,2000,2,16,0.0,无,-12.5,1.2,-25.1,0.43,0.19,674.4,676.6,672.1,1.7,,,无
2000-02-17,52645.0,青海,野牛沟,38.41666666666666,99.58333333333331,3320.0,2000,2,17,0.0,无,-12.6,-1.1,-21.5,0.42,0.23,672.1,674.2,668.6,1.5,,,无
2000-02-18,52645.0,青海,野牛沟,38.41666666666666,99.58333333333331,3320.0,2000,2,18,1.0,normal,-13.3,-4.0,-21.7,0.64,0.35,671.8,673.1,670.0,0.7,,-14.609867751398177,Snow
2000-02-19,52645.0,青海,野牛沟,38.41666666666666,99.58333333333331,3320.0,2000,2,19,0.3,normal,-15.8,-5.4,-24.9,0.66,0.37,673.9,675.9,672.0,0.3,,-16.851282047722414,Snow
2000-02-20,52645.0,青海,野牛沟,38.41666666666666,99.58333333333331,3320.0,2000,2,20,0.0,无,-15.1,-4.5,-24.1,0.61,0.33,672.3,674.5,669.0,1.1,,,无
2000-02-21,52645.0,青海,野牛沟,38.41666666666666,99.58333333333331,3320.0,2000,2,21,0.0,无,-11.9,-3.4,-21.3,0.58,0.21,670.9,672.1,668.7,1.5,,,无
2000-02-22,52645.0,青海,野牛沟,38.41666666666666,99.58333333333331,3320.0,2000,2,22,1.1,normal,-10.5,-5.1,-13.0,0.62,0.35,673.6,675.2,670.0,0.9,,-12.133781161177804,Snow
2000-02-23,52645.0,青海,野牛沟,38.41666666666666,99.58333333333331,3320.0,2000,2,23,0.9,normal,-15.2,-8.7,-19.1,0.75,0.54,675.3,677.2,674.0,0.4,,-16.00063817322352,Snow
2000-02-24,52645.0,青海,野牛沟,38.41666666666666,99.58333333333331,3320.0,2000,2,24,0.2,normal,-18.2,-13.7,-19.9,0.65,0.4,678.3,681.7,676.4,0.5,,-19.115449699052057,Snow
2000-02-25,52645.0,青海,野牛沟,38.41666666666666,99.58333333333331,3320.0,2000,2,25,0.0,无,-22.0,-11.5,-30.7,0.56,0.35,681.8,683.8,679.8,0.9,,,无
2000-02-26,52645.0,青海,野牛沟,38.41666666666666,99.58333333333331,3320.0,2000,2,26,0.0,无,-20.1,-8.5,-30.4,0.53,0.32,678.8,681.4,675.9,1.1,,,无
2000-02-27,52645.0,青海,野牛沟,38.41666666666666,99.58333333333331,3320.0,2000,2,27,0.0,无,-18.0,-6.7,-29.2,0.49,0.23,676.2,677.4,674.1,1.4,,,无
2000-02-28,52645.0,青海,野牛沟,38.41666666666666,99.58333333333331,3320.0,2000,2,28,0.0,无,-16.4,-6.3,-26.5,0.47,0.25,678.4,680.1,675.4,1.8,,,无
2000-02-29,52645.0,青海,野牛沟,38.41666666666666,99.58333333333331,3320.0,2000,2,29,0.0,无,-16.3,-2.4,-27.7,0.44,0.17,677.5,679.8,675.0,1.4,,,无
2000-03-01,52645.0,青海,野牛沟,38.41666666666666,99.58333333333331,3320.0,2000,3,1,0.0,无,-12.2,-1.9,-23.6,0.4,0.22,676.4,677.6,674.4,1.6,,,无
2000-03-02,52645.0,青海,野牛沟,38.41666666666666,99.58333333333331,3320.0,2000,3,2,0.0,无,-11.0,-2.0,-19.9,0.42,0.25,677.1,679.4,674.5,2.0,,,无
2000-03-03,52645.0,青海,野牛沟,38.41666666666666,99.58333333333331,3320.0,2000,3,3,0.0,无,-12.9,-1.8,-21.5,0.56,0.3,675.6,676.7,672.9,1.6,,,无
2000-03-04,52645.0,青海,野牛沟,38.41666666666666,99.58333333333331,3320.0,2000,3,4,0.2,normal,-12.2,-5.2,-18.9,0.66,0.45,675.5,676.6,673.4,1.1,,-13.517060356324379,Snow
2000-03-05,52645.0,青海,野牛沟,38.41666666666666,99.58333333333331,3320.0,2000,3,5,0.0,无,-13.7,-2.3,-23.0,0.55,0.24,676.5,678.5,674.3,1.5,,,无
2000-03-06,52645.0,青海,野牛沟,38.41666666666666,99.58333333333331,3320.0,2000,3,6,0.0,无,-12.7,-1.0,-23.7,0.41,0.19,676.7,678.4,675.0,1.7,,,无
2000-03-07,52645.0,青海,野牛沟,38.41666666666666,99.58333333333331,3320.0,2000,3,7,0.0,无,-11.4,0.4,-22.7,0.4,0.19,677.5,679.6,674.9,2.2,,,无
2000-03-08,52645.0,青海,野牛沟,38.41666666666666,99.58333333333331,3320.0,2000,3,8,0.0,无,-10.7,0.2,-21.0,0.38,0.14,676.5,677.9,674.6,2.7,,,无
2000-03-09,52645.0,青海,野牛沟,38.41666666666666,99.58333333333331,3320.0,2000,3,9,1.4,normal,-13.4,-2.3,-22.1,0.53,0.21,676.8,677.8,674.3,1.1,,-15.096620875820438,Snow
2000-03-10,52645.0,青海,野牛沟,38.41666666666666,99.58333333333331,3320.0,2000,3,10,0.1,normal,-11.8,-2.8,-20.3,0.64,0.3,676.9,678.3,674.5,1.3,,-13.227503695842366,Snow
2000-03-11,52645.0,青海,野牛沟,38.41666666666666,99.58333333333331,3320.0,2000,3,11,0.1,normal,-11.2,-1.9,-22.6,0.53,0.21,674.5,676.3,671.3,1.9,,-13.145307914631456,Snow
2000-03-12,52645.0,青海,野牛沟,38.41666666666666,99.58333333333331,3320.0,2000,3,12,0.0,无,-11.1,-2.5,-19.9,0.43,0.26,673.2,674.3,671.9,2.1,,,无
2000-03-13,52645.0,青海,野牛沟,38.41666666666666,99.58333333333331,3320.0,2000,3,13,0.0,无,-10.7,1.6,-21.2,0.52,0.22,674.2,675.6,672.2,1.8,,,无
2000-03-14,52645.0,青海,野牛沟,38.41666666666666,99.58333333333331,3320.0,2000,3,14,1.0,normal,-8.5,-2.9,-10.8,0.64,0.34,676.3,677.2,673.6,1.3,,-10.2264568102809,Snow
2000-03-15,52645.0,青海,野牛沟,38.41666666666666,99.58333333333331,3320.0,2000,3,15,0.1,normal,-12.2,-1.6,-23.1,0.53,0.21,677.8,679.1,675.1,2.0,,-14.025299682147537,Snow
2000-03-16,52645.0,青海,野牛沟,38.41666666666666,99.58333333333331,3320.0,2000,3,16,0.0,无,-11.3,0.6,-22.3,0.44,0.16,676.2,678.2,672.9,2.4,,,无
2000-03-17,52645.0,青海,野牛沟,38.41666666666666,99.58333333333331,3320.0,2000,3,17,0.2,normal,-7.1,0.8,-15.0,0.42,0.19,675.1,676.0,673.7,2.4,,-10.145155471982502,Snow
2000-03-18,52645.0,青海,野牛沟,38.41666666666666,99.58333333333331,3320.0,2000,3,18,0.0,无,-8.7,4.2,-19.8,0.41,0.15,675.8,678.0,672.6,2.5,,,无
2000-03-19,52645.0,青海,野牛沟,38.41666666666666,99.58333333333331,3320.0,2000,3,19,0.0,无,-5.6,5.1,-14.6,0.42,0.22,671.7,674.2,667.7,3.1,,,无
2000-03-20,52645.0,青海,野牛沟,38.41666666666666,99.58333333333331,3320.0,2000,3,20,0.0,无,-6.5,2.7,-14.1,0.47,0.17,674.9,676.2,671.1,3.7,,,无
2000-03-21,52645.0,青海,野牛沟,38.41666666666666,99.58333333333331,3320.0,2000,3,21,0.0,无,-6.3,3.5,-16.5,0.38,0.17,675.9,677.6,672.6,2.9,,,无
2000-03-22,52645.0,青海,野牛沟,38.41666666666666,99.58333333333331,3320.0,2000,3,22,0.0,无,-9.0,-1.1,-15.6,0.42,0.19,680.6,681.5,675.3,3.2,,,无
2000-03-23,52645.0,青海,野牛沟,38.41666666666666,99.58333333333331,3320.0,2000,3,23,0.0,无,-10.6,2.3,-21.7,0.38,0.16,683.1,685.5,679.8,2.4,,,无
2000-03-24,52645.0,青海,野牛沟,38.41666666666666,99.58333333333331,3320.0,2000,3,24,0.0,无,-9.9,-0.3,-18.8,0.33,0.17,682.1,682.8,680.2,2.9,,,无
2000-03-25,52645.0,青海,野牛沟,38.41666666666666,99.58333333333331,3320.0,2000,3,25,0.0,无,-9.8,1.5,-19.7,0.38,0.15,685.4,687.3,682.8,3.2,,,无
2000-03-26,52645.0,青海,野牛沟,38.41666666666666,99.58333333333331,3320.0,2000,3,26,0.0,无,-7.2,7.6,-20.4,0.36,0.17,683.7,686.2,679.6,5.0,,,无
2000-03-27,52645.0,青海,野牛沟,38.41666666666666,99.58333333333331,3320.0,2000,3,27,0.0,无,0.7,11.4,-10.0,0.32,0.13,684.3,686.0,680.7,6.6,,,无
2000-03-28,52645.0,青海,野牛沟,38.41666666666666,99.58333333333331,3320.0,2000,3,28,0.0,无,-0.2,14.2,-13.1,0.34,0.11,684.1,686.1,680.7,5.7,,,无
2000-03-29,52645.0,青海,野牛沟,38.41666666666666,99.58333333333331,3320.0,2000,3,29,0.0,无,0.7,15.2,-11.7,0.35,0.11,681.9,684.2,678.0,5.8,,,无
2000-03-30,52645.0,青海,野牛沟,38.41666666666666,99.58333333333331,3320.0,2000,3,30,0.0,无,0.7,15.0,-11.0,0.33,0.1,679.1,681.1,675.2,6.5,,,无
2000-03-31,52645.0,青海,野牛沟,38.41666666666666,99.58333333333331,3320.0,2000,3,31,0.0,无,0.3,11.1,-7.5,0.38,0.22,676.9,678.2,674.4,4.3,,,无
2000-04-01,52645.0,青海,野牛沟,38.41666666666666,99.58333333333331,3320.0,2000,4,1,0.0,无,-1.3,5.4,-7.9,0.52,0.35,679.2,680.2,677.3,3.3,,,无
2000-04-02,52645.0,青海,野牛沟,38.41666666666666,99.58333333333331,3320.0,2000,4,2,0.0,无,-2.4,4.4,-5.8,0.46,0.28,682.5,684.1,679.9,3.0,,,无
2000-04-03,52645.0,青海,野牛沟,38.41666666666666,99.58333333333331,3320.0,2000,4,3,3.4,normal,-5.0,3.9,-11.6,0.65,0.33,681.4,684.1,678.1,2.1,,-7.006171248321569,Snow
2000-04-04,52645.0,青海,野牛沟,38.41666666666666,99.58333333333331,3320.0,2000,4,4,0.0,无,-7.5,1.1,-16.3,0.64,0.36,681.9,683.1,680.9,2.7,,,无
2000-04-05,52645.0,青海,野牛沟,38.41666666666666,99.58333333333331,3320.0,2000,4,5,0.8,normal,-5.1,3.4,-11.0,0.6,0.25,680.3,682.8,677.3,3.9,,-7.392055913446973,Snow
2000-04-06,52645.0,青海,野牛沟,38.41666666666666,99.58333333333331,3320.0,2000,4,6,0.0,无,-5.6,4.0,-15.0,0.45,0.23,681.1,682.6,679.2,3.2,,,无
2000-04-07,52645.0,青海,野牛沟,38.41666666666666,99.58333333333331,3320.0,2000,4,7,0.0,无,-2.4,6.5,-11.6,0.4,0.09,679.4,680.9,675.7,4.7,,,无
2000-04-08,52645.0,青海,野牛沟,38.41666666666666,99.58333333333331,3320.0,2000,4,8,0.0,无,-4.0,6.2,-12.8,0.33,0.14,678.9,680.2,676.1,4.1,,,无
2000-04-09,52645.0,青海,野牛沟,38.41666666666666,99.58333333333331,3320.0,2000,4,9,0.0,无,-4.4,2.9,-12.8,0.45,0.22,683.4,684.7,679.1,4.0,,,无
2000-04-10,52645.0,青海,野牛沟,38.41666666666666,99.58333333333331,3320.0,2000,4,10,0.0,无,-4.9,7.1,-13.9,0.36,0.08,681.9,685.4,678.0,5.4,,,无
2000-04-11,52645.0,青海,野牛沟,38.41666666666666,99.58333333333331,3320.0,2000,4,11,0.0,无,-1.4,8.4,-12.1,0.34,0.16,679.8,681.9,676.6,5.4,,,无
2000-04-12,52645.0,青海,野牛沟,38.41666666666666,99.58333333333331,3320.0,2000,4,12,0.0,无,-1.1,11.0,-11.9,0.4,0.09,675.7,678.7,671.6,5.2,,,无
2000-04-13,52645.0,青海,野牛沟,38.41666666666666,99.58333333333331,3320.0,2000,4,13,1.9,normal,-6.0,1.7,-10.5,0.54,0.25,679.1,680.8,674.2,3.5,,-8.530620685901265,Snow
2000-04-14,52645.0,青海,野牛沟,38.41666666666666,99.58333333333331,3320.0,2000,4,14,0.0,无,-6.0,4.6,-15.0,0.46,0.14,681.0,682.3,679.7,3.7,,,无
2000-04-15,52645.0,青海,野牛沟,38.41666666666666,99.58333333333331,3320.0,2000,4,15,0.0,无,-1.4,14.1,-14.9,0.32,0.03,682.1,684.2,679.4,6.4,,,无
2000-04-16,52645.0,青海,野牛沟,38.41666666666666,99.58333333333331,3320.0,2000,4,16,0.0,无,-0.2,16.1,-12.3,0.34,0.09,678.2,681.0,673.7,7.3,,,无
2000-04-17,52645.0,青海,野牛沟,38.41666666666666,99.58333333333331,3320.0,2000,4,17,0.0,无,0.1,7.5,-5.6,0.36,0.21,679.6,680.7,676.3,5.1,,,无
2000-04-18,52645.0,青海,野牛沟,38.41666666666666,99.58333333333331,3320.0,2000,4,18,0.0,无,-0.1,8.7,-10.1,0.44,0.21,678.8,680.7,675.4,3.8,,,无
2000-04-19,52645.0,青海,野牛沟,38.41666666666666,99.58333333333331,3320.0,2000,4,19,0.4,normal,-1.9,5.5,-7.3,0.44,0.12,680.1,682.4,677.0,5.5,,-5.7035778663375725,Snow
2000-04-20,52645.0,青海,野牛沟,38.41666666666666,99.58333333333331,3320.0,2000,4,20,0.0,无,-5.5,5.8,-16.4,0.41,0.07,681.7,683.9,678.5,4.9,,,无
2000-04-21,52645.0,青海,野牛沟,38.41666666666666,99.58333333333331,3320.0,2000,4,21,0.0,无,-4.1,6.8,-14.1,0.41,0.12,681.8,683.1,680.1,4.7,,,无
2000-04-22,52645.0,青海,野牛沟,38.41666666666666,99.58333333333331,3320.0,2000,4,22,0.0,无,-2.0,10.7,-13.5,0.41,0.15,679.3,682.1,676.5,4.8,,,无
2000-04-23,52645.0,青海,野牛沟,38.41666666666666,99.58333333333331,3320.0,2000,4,23,0.0,无,0.7,10.6,-6.8,0.52,0.24,676.7,679.1,674.4,6.0,,,无
2000-04-24,52645.0,青海,野牛沟,38.41666666666666,99.58333333333331,3320.0,2000,4,24,0.2,normal,-0.4,5.2,-4.4,0.6,0.28,678.1,679.1,676.1,4.3,,-3.267825770189474,Snow
2000-04-25,52645.0,青海,野牛沟,38.41666666666666,99.58333333333331,3320.0,2000,4,25,0.0,无,-3.5,5.9,-13.1,0.5,0.21,680.7,682.0,678.9,4.7,,,无
2000-04-26,52645.0,青海,野牛沟,38.41666666666666,99.58333333333331,3320.0,2000,4,26,0.0,无,-0.7,11.5,-11.6,0.43,0.15,679.9,682.3,676.3,5.0,,,无
2000-04-27,52645.0,青海,野牛沟,38.41666666666666,99.58333333333331,3320.0,2000,4,27,0.7,normal,1.4,9.3,-5.5,0.66,0.25,678.4,679.6,675.6,5.0,,-1.2143081012621115,Snow
2000-04-28,52645.0,青海,野牛沟,38.41666666666666,99.58333333333331,3320.0,2000,4,28,0.0,无,-2.0,4.3,-7.6,0.63,0.23,679.6,682.5,677.8,2.6,,,无
2000-04-29,52645.0,青海,野牛沟,38.41666666666666,99.58333333333331,3320.0,2000,4,29,0.0,无,-3.3,8.7,-15.7,0.25,0.04,683.2,686.0,679.6,6.1,,,无
2000-04-30,52645.0,青海,野牛沟,38.41666666666666,99.58333333333331,3320.0,2000,4,30,0.0,无,0.1,10.4,-10.2,0.27,0.07,680.9,682.3,679.3,6.1,,,无
2000-05-01,52645.0,青海,野牛沟,38.41666666666666,99.58333333333331,3320.0,2000,5,1,0.0,无,-0.3,10.2,-9.3,0.31,0.07,683.6,684.8,680.4,4.7,,,无
2000-05-02,52645.0,青海,野牛沟,38.41666666666666,99.58333333333331,3320.0,2000,5,2,0.0,无,1.9,11.7,-8.7,0.37,0.07,686.8,688.5,684.8,6.0,,,无
2000-05-03,52645.0,青海,野牛沟,38.41666666666666,99.58333333333331,3320.0,2000,5,3,0.0,无,3.4,14.5,-8.6,0.31,0.08,684.9,686.6,682.1,6.3,,,无
2000-05-04,52645.0,青海,野牛沟,38.41666666666666,99.58333333333331,3320.0,2000,5,4,0.0,无,2.9,12.7,-6.6,0.39,0.17,684.1,685.1,682.0,4.5,,,无
2000-05-05,52645.0,青海,野牛沟,38.41666666666666,99.58333333333331,3320.0,2000,5,5,0.3,normal,5.2,14.2,-1.4,0.48,0.05,685.0,686.7,683.1,6.1,,0.45315650217814696,Rain
2000-05-06,52645.0,青海,野牛沟,38.41666666666666,99.58333333333331,3320.0,2000,5,6,0.0,无,4.5,13.1,-3.6,0.42,0.17,685.1,686.4,683.0,5.3,,,无
2000-05-07,52645.0,青海,野牛沟,38.41666666666666,99.58333333333331,3320.0,2000,5,7,3.7,normal,4.3,10.6,0.1,0.71,0.33,684.0,684.8,682.2,4.5,,1.8259709209467134,Rain
2000-05-08,52645.0,青海,野牛沟,38.41666666666666,99.58333333333331,3320.0,2000,5,8,6.4,normal,0.6,7.4,-4.1,0.69,0.31,683.9,684.8,682.0,4.8,,-1.6873528049352648,Snow
2000-05-09,52645.0,青海,野牛沟,38.41666666666666,99.58333333333331,3320.0,2000,5,9,0.0,无,2.0,10.8,-5.8,0.6,0.29,683.5,684.6,682.1,4.2,,,无
2000-05-10,52645.0,青海,野牛沟,38.41666666666666,99.58333333333331,3320.0,2000,5,10,1.1,normal,1.2,10.0,-4.2,0.7,0.4,682.3,684.0,679.1,2.7,,-1.0700604346521425,Snow
2000-05-11,52645.0,青海,野牛沟,38.41666666666666,99.58333333333331,3320.0,2000,5,11,0.0,无,3.7,14.2,-6.1,0.5,0.15,684.0,685.7,682.1,6.6,,,无
2000-05-12,52645.0,青海,野牛沟,38.41666666666666,99.58333333333331,3320.0,2000,5,12,0.0,无,5.4,17.3,-6.3,0.4,0.15,682.0,684.0,679.8,7.8,,,无
2000-05-13,52645.0,青海,野牛沟,38.41666666666666,99.58333333333331,3320.0,2000,5,13,0.0,无,6.3,16.1,-1.6,0.52,0.24,680.5,682.0,678.0,7.3,,,无
2000-05-14,52645.0,青海,野牛沟,38.41666666666666,99.58333333333331,3320.0,2000,5,14,0.0,无,5.7,15.2,-3.8,0.51,0.27,681.5,682.9,678.5,7.7,,,无
2000-05-15,52645.0,青海,野牛沟,38.41666666666666,99.58333333333331,3320.0,2000,5,15,0.9,normal,1.1,8.0,-1.4,0.85,0.53,684.4,685.6,681.8,4.5,,-0.009029292950430978,Snow
2000-05-16,52645.0,青海,野牛沟,38.41666666666666,99.58333333333331,3320.0,2000,5,16,0.4,normal,3.8,12.0,-2.4,0.54,0.17,684.9,686.8,682.0,6.9,,-0.14048801974620329,Snow
2000-05-17,52645.0,青海,野牛沟,38.41666666666666,99.58333333333331,3320.0,2000,5,17,0.0,无,3.5,12.3,-6.7,0.39,0.13,685.0,685.8,683.7,8.0,,,无
2000-05-18,52645.0,青海,野牛沟,38.41666666666666,99.58333333333331,3320.0,2000,5,18,0.0,无,3.5,15.0,-9.0,0.26,0.05,684.5,686.0,682.4,8.2,,,无
2000-05-19,52645.0,青海,野牛沟,38.41666666666666,99.58333333333331,3320.0,2000,5,19,0.0,无,4.6,16.6,-7.6,0.32,0.09,683.7,685.2,681.2,8.2,,,无
2000-05-20,52645.0,青海,野牛沟,38.41666666666666,99.58333333333331,3320.0,2000,5,20,0.0,无,6.8,19.1,-5.7,0.3,0.13,682.1,683.8,679.9,9.4,,,无
2000-05-21,52645.0,青海,野牛沟,38.41666666666666,99.58333333333331,3320.0,2000,5,21,0.0,无,7.1,17.7,-4.0,0.36,0.1,682.7,684.2,680.4,8.6,,,无
2000-05-22,52645.0,青海,野牛沟,38.41666666666666,99.58333333333331,3320.0,2000,5,22,1.8,normal,5.5,16.4,-2.7,0.61,0.24,683.3,684.4,682.0,5.2,,1.9665830389106853,Rain
2000-05-23,52645.0,青海,野牛沟,38.41666666666666,99.58333333333331,3320.0,2000,5,23,2.7,normal,5.8,15.5,0.3,0.72,0.29,682.9,684.7,680.6,5.0,,3.2780141382216277,Rain
2000-05-24,52645.0,青海,野牛沟,38.41666666666666,99.58333333333331,3320.0,2000,5,24,0.2,normal,6.4,16.0,-0.6,0.63,0.28,681.2,683.6,678.5,8.3,,2.9419982982988957,Rain
2000-05-25,52645.0,青海,野牛沟,38.41666666666666,99.58333333333331,3320.0,2000,5,25,8.3,normal,1.1,9.1,-1.2,0.83,0.3,681.5,683.2,679.5,3.0,,-0.16251184089704385,Snow
2000-05-26,52645.0,青海,野牛沟,38.41666666666666,99.58333333333331,3320.0,2000,5,26,0.0,无,0.4,8.3,-6.7,0.55,0.38,684.0,685.3,682.3,5.7,,,无
2000-05-27,52645.0,青海,野牛沟,38.41666666666666,99.58333333333331,3320.0,2000,5,27,0.0,无,5.4,12.2,-2.4,0.59,0.34,681.6,683.1,679.8,5.0,,,无
2000-05-28,52645.0,青海,野牛沟,38.41666666666666,99.58333333333331,3320.0,2000,5,28,5.0,normal,3.4,12.0,-1.6,0.79,0.4,681.8,682.6,679.8,4.5,,1.6848400402433095,Snow
2000-05-29,52645.0,青海,野牛沟,38.41666666666666,99.58333333333331,3320.0,2000,5,29,0.7,normal,5.6,12.7,-0.4,0.64,0.21,681.5,682.7,680.2,6.9,,2.337523198311895,Rain
2000-05-30,52645.0,青海,野牛沟,38.41666666666666,99.58333333333331,3320.0,2000,5,30,0.0,无,6.5,16.1,-3.0,0.54,0.19,681.4,683.0,679.0,6.2,,,无
2000-05-31,52645.0,青海,野牛沟,38.41666666666666,99.58333333333331,3320.0,2000,5,31,1.6,normal,6.0,16.4,-1.6,0.65,0.27,680.5,681.6,678.0,4.6,,2.784526018675346,Rain
2000-06-01,52645.0,青海,野牛沟,38.41666666666666,99.58333333333331,3320.0,2000,6,1,19.1,normal,3.2,6.9,-0.2,0.92,0.74,680.5,682.2,679.1,2.2,,2.562033310464442,Snow
2000-06-02,52645.0,青海,野牛沟,38.41666666666666,99.58333333333331,3320.0,2000,6,2,5.2,normal,6.8,13.0,0.8,0.69,0.39,679.9,680.5,678.9,6.7,,3.8877997124373964,Rain
2000-06-03,52645.0,青海,野牛沟,38.41666666666666,99.58333333333331,3320.0,2000,6,3,0.0,无,8.9,16.5,0.5,0.55,0.18,682.7,683.5,680.1,8.2,,,无
2000-06-04,52645.0,青海,野牛沟,38.41666666666666,99.58333333333331,3320.0,2000,6,4,0.0,无,10.0,20.9,0.3,0.54,0.11,682.0,684.0,679.1,8.6,,,无
2000-06-05,52645.0,青海,野牛沟,38.41666666666666,99.58333333333331,3320.0,2000,6,5,2.9,normal,11.5,17.6,6.8,0.63,0.34,680.5,681.7,678.3,5.9,,7.402808278343067,Rain
2000-06-06,52645.0,青海,野牛沟,38.41666666666666,99.58333333333331,3320.0,2000,6,6,23.1,normal,5.9,9.1,2.8,0.87,0.71,682.5,683.9,679.4,1.5,,4.751514612708179,Rain
2000-06-07,52645.0,青海,野牛沟,38.41666666666666,99.58333333333331,3320.0,2000,6,7,1.0,normal,6.8,13.4,1.7,0.72,0.38,684.2,685.2,682.3,4.9,,4.189786636313282,Rain
2000-06-08,52645.0,青海,野牛沟,38.41666666666666,99.58333333333331,3320.0,2000,6,8,0.0,无,8.2,17.6,-0.2,0.63,0.26,682.8,685.1,679.4,7.1,,,无
2000-06-09,52645.0,青海,野牛沟,38.41666666666666,99.58333333333331,3320.0,2000,6,9,0.1,normal,8.9,13.7,6.0,0.7,0.41,680.1,681.0,679.2,4.1,,5.880797572228249,Rain
2000-06-10,52645.0,青海,野牛沟,38.41666666666666,99.58333333333331,3320.0,2000,6,10,0.0,无,10.4,18.5,0.5,0.59,0.28,680.6,682.1,678.8,8.0,,,无
2000-06-11,52645.0,青海,野牛沟,38.41666666666666,99.58333333333331,3320.0,2000,6,11,0.0,无,11.8,16.6,6.1,0.6,0.39,679.1,679.8,678.2,5.8,,,无
2000-06-12,52645.0,青海,野牛沟,38.41666666666666,99.58333333333331,3320.0,2000,6,12,5.0,normal,9.5,14.2,6.5,0.77,0.54,679.9,680.8,678.9,3.4,,7.170623728747265,Rain
2000-06-13,52645.0,青海,野牛沟,38.41666666666666,99.58333333333331,3320.0,2000,6,13,10.6,normal,5.5,10.0,0.5,0.82,0.54,682.5,684.4,680.7,4.2,,3.9198502578633265,Rain
2000-06-14,52645.0,青海,野牛沟,38.41666666666666,99.58333333333331,3320.0,2000,6,14,0.0,无,6.0,14.7,-1.1,0.71,0.28,681.5,683.5,678.7,5.6,,,无
2000-06-15,52645.0,青海,野牛沟,38.41666666666666,99.58333333333331,3320.0,2000,6,15,1.7,normal,6.0,12.9,-0.3,0.7,0.36,681.1,682.0,679.7,3.9,,3.266718008490206,Rain
2000-06-16,52645.0,青海,野牛沟,38.41666666666666,99.58333333333331,3320.0,2000,6,16,3.4,normal,3.8,10.3,1.7,0.85,0.46,682.4,683.0,680.9,2.3,,2.5669397269281324,Snow
2000-06-17,52645.0,青海,野牛沟,38.41666666666666,99.58333333333331,3320.0,2000,6,17,3.5,normal,4.7,10.8,0.8,0.78,0.44,683.7,684.6,683.0,3.7,,2.8137735425380006,Rain
2000-06-18,52645.0,青海,野牛沟,38.41666666666666,99.58333333333331,3320.0,2000,6,18,0.1,normal,6.6,12.7,0.6,0.72,0.45,684.1,685.0,682.7,4.9,,4.007721863810674,Rain
2000-06-19,52645.0,青海,野牛沟,38.41666666666666,99.58333333333331,3320.0,2000,6,19,0.0,无,7.6,16.1,-0.7,0.66,0.37,682.9,684.0,681.1,6.7,,,无
2000-06-20,52645.0,青海,野牛沟,38.41666666666666,99.58333333333331,3320.0,2000,6,20,0.0,无,9.7,15.9,1.6,0.63,0.4,681.4,682.6,679.4,6.5,,,无
2000-06-21,52645.0,青海,野牛沟,38.41666666666666,99.58333333333331,3320.0,2000,6,21,0.0,无,10.6,20.4,1.0,0.6,0.26,679.6,680.7,677.6,7.3,,,无
2000-06-22,52645.0,青海,野牛沟,38.41666666666666,99.58333333333331,3320.0,2000,6,22,7.6,normal,8.0,15.2,4.8,0.83,0.44,680.7,681.2,679.2,2.7,,6.376828617566148,Rain
2000-06-23,52645.0,青海,野牛沟,38.41666666666666,99.58333333333331,3320.0,2000,6,23,2.1,normal,8.0,11.5,6.1,0.83,0.6,680.6,681.4,680.0,2.1,,6.376732565724583,Rain
2000-06-24,52645.0,青海,野牛沟,38.41666666666666,99.58333333333331,3320.0,2000,6,24,1.7,normal,8.3,11.6,5.5,0.84,0.65,679.8,680.5,679.3,2.7,,6.7593428927312305,Rain
2000-06-25,52645.0,青海,野牛沟,38.41666666666666,99.58333333333331,3320.0,2000,6,25,2.4,normal,9.5,14.0,5.9,0.78,0.55,681.1,681.9,679.7,4.0,,7.277573307102254,Rain
2000-06-26,52645.0,青海,野牛沟,38.41666666666666,99.58333333333331,3320.0,2000,6,26,8.6,normal,8.9,15.3,5.6,0.81,0.53,682.2,683.0,680.6,4.5,,7.027952307962262,Rain
2000-06-27,52645.0,青海,野牛沟,38.41666666666666,99.58333333333331,3320.0,2000,6,27,13.8,normal,8.3,15.3,4.8,0.76,0.44,682.6,683.5,681.1,5.3,,5.960351712548948,Rain
2000-06-28,52645.0,青海,野牛沟,38.41666666666666,99.58333333333331,3320.0,2000,6,28,3.0,normal,7.7,13.6,2.6,0.74,0.46,684.0,684.7,681.9,4.5,,5.208718612973073,Rain
2000-06-29,52645.0,青海,野牛沟,38.41666666666666,99.58333333333331,3320.0,2000,6,29,0.0,无,8.2,16.8,0.2,0.69,0.35,684.3,685.7,682.6,6.3,,,无
2000-06-30,52645.0,青海,野牛沟,38.41666666666666,99.58333333333331,3320.0,2000,6,30,0.0,无,9.6,20.4,0.3,0.66,0.31,682.8,684.2,680.7,7.2,,,无
2000-07-01,52645.0,青海,野牛沟,38.41666666666666,99.58333333333331,3320.0,2000,7,1,0.0,无,9.9,18.4,2.6,0.7,0.38,682.1,683.3,680.4,7.3,,,无
2000-07-02,52645.0,青海,野牛沟,38.41666666666666,99.58333333333331,3320.0,2000,7,2,13.7,normal,7.6,12.8,2.8,0.83,0.63,681.6,682.6,681.0,3.0,,5.998714621397618,Rain
2000-07-03,52645.0,青海,野牛沟,38.41666666666666,99.58333333333331,3320.0,2000,7,3,0.0,无,10.6,18.9,2.6,0.74,0.38,682.1,683.2,680.7,6.7,,,无
2000-07-04,52645.0,青海,野牛沟,38.41666666666666,99.58333333333331,3320.0,2000,7,4,0.0,无,12.8,18.6,6.1,0.65,0.37,683.2,683.9,681.0,5.6,,,无
2000-07-05,52645.0,青海,野牛沟,38.41666666666666,99.58333333333331,3320.0,2000,7,5,0.4,normal,11.1,18.9,3.3,0.67,0.37,684.4,685.3,683.0,6.2,,7.527995858608718,Rain
2000-07-06,52645.0,青海,野牛沟,38.41666666666666,99.58333333333331,3320.0,2000,7,6,12.6,normal,9.6,13.5,6.3,0.84,0.55,684.1,684.8,683.4,0.8,,7.999259086438593,Rain
2000-07-07,52645.0,青海,野牛沟,38.41666666666666,99.58333333333331,3320.0,2000,7,7,2.2,normal,10.3,16.9,4.3,0.65,0.35,684.9,686.2,683.1,7.5,,6.591039634452334,Rain
2000-07-08,52645.0,青海,野牛沟,38.41666666666666,99.58333333333331,3320.0,2000,7,8,0.0,无,10.5,19.0,1.4,0.6,0.26,684.2,685.2,682.7,7.3,,,无
2000-07-09,52645.0,青海,野牛沟,38.41666666666666,99.58333333333331,3320.0,2000,7,9,1.1,normal,10.2,17.9,2.4,0.65,0.36,684.3,685.2,683.1,6.7,,6.501482875326832,Rain
2000-07-10,52645.0,青海,野牛沟,38.41666666666666,99.58333333333331,3320.0,2000,7,10,0.0,无,9.2,18.9,0.5,0.69,0.31,683.6,684.8,681.7,6.5,,,无
2000-07-11,52645.0,青海,野牛沟,38.41666666666666,99.58333333333331,3320.0,2000,7,11,0.0,无,9.1,19.0,1.3,0.7,0.4,682.8,683.7,680.7,6.2,,,无
2000-07-12,52645.0,青海,野牛沟,38.41666666666666,99.58333333333331,3320.0,2000,7,12,0.4,normal,10.0,18.9,2.2,0.68,0.38,682.1,683.0,680.2,7.0,,6.6551838667525365,Rain
2000-07-13,52645.0,青海,野牛沟,38.41666666666666,99.58333333333331,3320.0,2000,7,13,0.0,无,10.1,19.6,0.4,0.65,0.3,681.7,682.7,680.4,7.3,,,无
2000-07-14,52645.0,青海,野牛沟,38.41666666666666,99.58333333333331,3320.0,2000,7,14,0.0,无,11.5,22.0,0.5,0.57,0.24,681.0,682.2,679.3,8.5,,,无
2000-07-15,52645.0,青海,野牛沟,38.41666666666666,99.58333333333331,3320.0,2000,7,15,0.0,无,13.1,24.4,2.0,0.57,0.28,679.6,681.0,677.4,8.6,,,无
2000-07-16,52645.0,青海,野牛沟,38.41666666666666,99.58333333333331,3320.0,2000,7,16,0.8,normal,13.8,23.1,4.2,0.67,0.32,679.8,680.5,678.4,6.5,,9.923468222363358,Rain
2000-07-17,52645.0,青海,野牛沟,38.41666666666666,99.58333333333331,3320.0,2000,7,17,1.8,normal,13.9,23.9,8.5,0.79,0.43,679.6,681.5,676.8,6.4,,11.492484252075336,Rain
2000-07-18,52645.0,青海,野牛沟,38.41666666666666,99.58333333333331,3320.0,2000,7,18,6.6,normal,15.5,22.2,10.4,0.76,0.49,679.3,680.0,678.1,6.9,,12.609539018718966,Rain
2000-07-19,52645.0,青海,野牛沟,38.41666666666666,99.58333333333331,3320.0,2000,7,19,0.0,无,16.1,23.1,11.1,0.7,0.42,681.6,682.1,680.0,7.1,,,无
2000-07-20,52645.0,青海,野牛沟,38.41666666666666,99.58333333333331,3320.0,2000,7,20,0.0,无,16.4,24.5,7.9,0.65,0.37,683.7,684.6,681.9,9.4,,,无
2000-07-21,52645.0,青海,野牛沟,38.41666666666666,99.58333333333331,3320.0,2000,7,21,0.0,无,16.5,25.3,7.6,0.62,0.36,684.5,685.8,682.6,8.6,,,无
2000-07-22,52645.0,青海,野牛沟,38.41666666666666,99.58333333333331,3320.0,2000,7,22,0.0,无,18.5,26.9,10.2,0.58,0.29,683.3,684.7,680.6,9.5,,,无
2000-07-23,52645.0,青海,野牛沟,38.41666666666666,99.58333333333331,3320.0,2000,7,23,0.9,normal,17.6,27.0,11.4,0.67,0.29,681.3,682.9,678.5,8.5,,13.315793886195276,Rain
2000-07-24,52645.0,青海,野牛沟,38.41666666666666,99.58333333333331,3320.0,2000,7,24,0.3,normal,16.2,27.4,8.6,0.68,0.33,681.0,682.4,678.2,7.0,,12.200980004874026,Rain
2000-07-25,52645.0,青海,野牛沟,38.41666666666666,99.58333333333331,3320.0,2000,7,25,0.8,normal,16.1,26.5,7.5,0.68,0.36,681.6,683.6,679.4,7.2,,12.112515883895338,Rain
2000-07-26,52645.0,青海,野牛沟,38.41666666666666,99.58333333333331,3320.0,2000,7,26,5.9,normal,14.8,25.1,8.4,0.71,0.41,682.4,683.8,680.1,6.6,,11.335400441455615,Rain
2000-07-27,52645.0,青海,野牛沟,38.41666666666666,99.58333333333331,3320.0,2000,7,27,9.3,normal,11.3,15.3,9.5,0.86,0.68,683.5,684.3,682.8,2.6,,9.831823444803266,Rain
2000-07-28,52645.0,青海,野牛沟,38.41666666666666,99.58333333333331,3320.0,2000,7,28,4.8,normal,8.6,11.1,6.8,0.83,0.62,685.5,686.6,684.0,1.7,,6.949899242816877,Rain
2000-07-29,52645.0,青海,野牛沟,38.41666666666666,99.58333333333331,3320.0,2000,7,29,0.0,无,7.6,16.3,-0.8,0.62,0.3,686.7,688.2,684.8,6.5,,,无
2000-07-30,52645.0,青海,野牛沟,38.41666666666666,99.58333333333331,3320.0,2000,7,30,0.0,无,8.7,18.3,0.3,0.59,0.22,683.8,686.0,681.4,7.4,,,无
2000-07-31,52645.0,青海,野牛沟,38.41666666666666,99.58333333333331,3320.0,2000,7,31,6.6,normal,5.2,13.9,1.3,0.78,0.38,682.0,682.9,679.3,3.3,,3.2771041145884494,Rain
2000-08-01,52645.0,青海,野牛沟,38.41666666666666,99.58333333333331,3320.0,2000,8,1,5.5,normal,5.0,13.5,-1.3,0.74,0.37,682.3,683.7,680.0,6.1,,2.7308853898105268,Rain
2000-08-02,52645.0,青海,野牛沟,38.41666666666666,99.58333333333331,3320.0,2000,8,2,0.1,normal,7.8,15.6,0.0,0.66,0.38,681.3,682.5,679.5,5.6,,4.480040484730696,Rain
2000-08-03,52645.0,青海,野牛沟,38.41666666666666,99.58333333333331,3320.0,2000,8,3,0.0,无,9.7,17.4,1.6,0.64,0.33,680.5,682.1,678.2,6.2,,,无
2000-08-04,52645.0,青海,野牛沟,38.41666666666666,99.58333333333331,3320.0,2000,8,4,0.0,无,11.5,16.5,7.2,0.58,0.34,681.5,681.9,679.4,6.0,,,无
2000-08-05,52645.0,青海,野牛沟,38.41666666666666,99.58333333333331,3320.0,2000,8,5,7.7,normal,8.5,13.5,6.4,0.85,0.49,684.1,684.6,681.7,1.2,,7.0525463041675485,Rain
2000-08-06,52645.0,青海,野牛沟,38.41666666666666,99.58333333333331,3320.0,2000,8,6,3.2,normal,8.6,13.4,5.0,0.84,0.61,685.4,686.4,684.5,2.3,,7.049594049046681,Rain
2000-08-07,52645.0,青海,野牛沟,38.41666666666666,99.58333333333331,3320.0,2000,8,7,0.9,normal,7.8,15.9,0.6,0.72,0.37,686.1,687.7,684.4,5.6,,5.102304721068482,Rain
2000-08-08,52645.0,青海,野牛沟,38.41666666666666,99.58333333333331,3320.0,2000,8,8,0.3,normal,8.6,17.2,1.6,0.71,0.3,685.8,686.8,683.8,4.6,,5.725066859460548,Rain
2000-08-09,52645.0,青海,野牛沟,38.41666666666666,99.58333333333331,3320.0,2000,8,9,0.0,无,7.8,16.6,-0.4,0.67,0.31,685.4,687.0,683.1,6.9,,,无
2000-08-10,52645.0,青海,野牛沟,38.41666666666666,99.58333333333331,3320.0,2000,8,10,0.0,无,8.8,17.2,-0.2,0.67,0.32,683.6,684.9,682.0,6.0,,,无
2000-08-11,52645.0,青海,野牛沟,38.41666666666666,99.58333333333331,3320.0,2000,8,11,0.7,normal,8.9,19.3,-0.7,0.68,0.37,682.6,683.3,681.1,5.5,,5.672536398299246,Rain
2000-08-12,52645.0,青海,野牛沟,38.41666666666666,99.58333333333331,3320.0,2000,8,12,4.5,normal,8.3,16.5,3.0,0.83,0.48,684.2,684.8,682.2,3.0,,6.6644185828891755,Rain
2000-08-13,52645.0,青海,野牛沟,38.41666666666666,99.58333333333331,3320.0,2000,8,13,2.1,normal,9.3,13.0,7.5,0.84,0.63,685.6,686.2,684.8,3.0,,7.715337110268332,Rain
2000-08-14,52645.0,青海,野牛沟,38.41666666666666,99.58333333333331,3320.0,2000,8,14,0.4,normal,9.0,15.6,3.0,0.72,0.43,685.2,687.3,682.9,5.2,,6.191834827414211,Rain
2000-08-15,52645.0,青海,野牛沟,38.41666666666666,99.58333333333331,3320.0,2000,8,15,0.0,无,9.7,19.6,1.6,0.69,0.33,683.0,684.8,680.0,6.0,,,无
2000-08-16,52645.0,青海,野牛沟,38.41666666666666,99.58333333333331,3320.0,2000,8,16,8.9,normal,7.7,12.3,2.4,0.72,0.49,683.2,683.5,681.0,4.4,,5.006543158132488,Rain
2000-08-17,52645.0,青海,野牛沟,38.41666666666666,99.58333333333331,3320.0,2000,8,17,0.0,无,8.0,17.4,0.2,0.67,0.34,684.2,684.9,682.7,5.0,,,无
2000-08-18,52645.0,青海,野牛沟,38.41666666666666,99.58333333333331,3320.0,2000,8,18,0.3,normal,9.0,20.9,0.0,0.66,0.24,684.6,685.6,683.2,5.6,,5.551019758413722,Rain
2000-08-19,52645.0,青海,野牛沟,38.41666666666666,99.58333333333331,3320.0,2000,8,19,0.8,normal,9.4,21.1,0.9,0.69,0.29,685.0,686.1,682.4,5.1,,6.232646425667583,Rain
2000-08-20,52645.0,青海,野牛沟,38.41666666666666,99.58333333333331,3320.0,2000,8,20,3.4,normal,8.3,12.0,6.9,0.86,0.65,683.4,685.0,683.0,0.5,,6.959391415696481,Rain
2000-08-21,52645.0,青海,野牛沟,38.41666666666666,99.58333333333331,3320.0,2000,8,21,11.6,normal,6.0,10.9,2.4,0.81,0.59,684.5,684.9,683.3,2.7,,4.302157264863218,Rain
2000-08-22,52645.0,青海,野牛沟,38.41666666666666,99.58333333333331,3320.0,2000,8,22,0.0,无,6.6,16.9,-1.7,0.69,0.15,686.4,688.0,684.9,5.5,,,无
2000-08-23,52645.0,青海,野牛沟,38.41666666666666,99.58333333333331,3320.0,2000,8,23,0.0,无,9.2,17.5,3.1,0.65,0.33,685.3,686.4,683.4,5.4,,,无
2000-08-24,52645.0,青海,野牛沟,38.41666666666666,99.58333333333331,3320.0,2000,8,24,3.9,normal,10.3,16.5,6.6,0.8,0.46,684.9,685.8,683.3,5.0,,8.241426916543034,Rain
2000-08-25,52645.0,青海,野牛沟,38.41666666666666,99.58333333333331,3320.0,2000,8,25,13.9,normal,8.8,13.3,5.5,0.8,0.61,686.1,687.3,684.3,3.4,,6.836594008123265,Rain
2000-08-26,52645.0,青海,野牛沟,38.41666666666666,99.58333333333331,3320.0,2000,8,26,0.0,无,7.5,16.2,0.7,0.71,0.28,685.1,686.5,682.2,5.4,,,无
2000-08-27,52645.0,青海,野牛沟,38.41666666666666,99.58333333333331,3320.0,2000,8,27,0.0,无,6.2,14.9,-1.6,0.63,0.21,684.0,685.2,681.9,5.8,,,无
2000-08-28,52645.0,青海,野牛沟,38.41666666666666,99.58333333333331,3320.0,2000,8,28,0.0,无,5.3,14.3,-2.6,0.59,0.23,684.1,685.3,682.1,5.6,,,无
2000-08-29,52645.0,青海,野牛沟,38.41666666666666,99.58333333333331,3320.0,2000,8,29,0.0,无,4.5,14.6,-2.8,0.68,0.31,682.9,683.9,680.2,5.3,,,无
2000-08-30,52645.0,青海,野牛沟,38.41666666666666,99.58333333333331,3320.0,2000,8,30,0.0,无,6.0,16.6,-2.4,0.65,0.28,680.7,682.1,679.0,5.0,,,无
2000-08-31,52645.0,青海,野牛沟,38.41666666666666,99.58333333333331,3320.0,2000,8,31,0.0,无,8.4,18.9,-1.4,0.59,0.19,680.0,681.1,678.3,6.2,,,无
2000-09-01,52645.0,青海,野牛沟,38.41666666666666,99.58333333333331,3320.0,2000,9,1,2.4,normal,8.9,19.8,0.4,0.69,0.29,679.6,680.4,676.6,5.3,,5.773471471254967,Rain
2000-09-02,52645.0,青海,野牛沟,38.41666666666666,99.58333333333331,3320.0,2000,9,2,8.3,normal,9.7,16.1,4.6,0.7,0.41,681.3,682.2,680.2,6.0,,6.60437656236097,Rain
2000-09-03,52645.0,青海,野牛沟,38.41666666666666,99.58333333333331,3320.0,2000,9,3,2.6,normal,6.1,12.7,4.8,0.81,0.4,684.8,685.7,681.6,2.4,,4.396567295396019,Rain
2000-09-04,52645.0,青海,野牛沟,38.41666666666666,99.58333333333331,3320.0,2000,9,4,0.1,normal,6.8,14.2,2.2,0.71,0.41,686.4,687.0,685.1,3.9,,4.095940851814617,Rain
2000-09-05,52645.0,青海,野牛沟,38.41666666666666,99.58333333333331,3320.0,2000,9,5,0.0,无,6.0,13.0,1.9,0.75,0.52,686.1,688.0,684.1,4.1,,,无
2000-09-06,52645.0,青海,野牛沟,38.41666666666666,99.58333333333331,3320.0,2000,9,6,0.0,无,5.7,12.9,1.4,0.69,0.31,683.9,685.6,681.6,5.2,,,无
2000-09-07,52645.0,青海,野牛沟,38.41666666666666,99.58333333333331,3320.0,2000,9,7,0.0,无,4.2,13.6,-2.9,0.66,0.29,683.3,684.5,681.3,4.7,,,无
2000-09-08,52645.0,青海,野牛沟,38.41666666666666,99.58333333333331,3320.0,2000,9,8,0.0,无,4.6,14.2,-3.5,0.7,0.36,682.8,683.8,681.0,4.2,,,无
2000-09-09,52645.0,青海,野牛沟,38.41666666666666,99.58333333333331,3320.0,2000,9,9,0.3,normal,6.2,13.5,0.5,0.75,0.35,682.8,683.7,681.5,3.3,,3.9266562852488773,Rain
2000-09-10,52645.0,青海,野牛沟,38.41666666666666,99.58333333333331,3320.0,2000,9,10,1.8,normal,6.6,12.4,2.3,0.74,0.38,682.9,684.5,681.1,3.5,,4.1988172799589,Rain
2000-09-11,52645.0,青海,野牛沟,38.41666666666666,99.58333333333331,3320.0,2000,9,11,5.2,normal,2.9,8.0,0.5,0.87,0.62,683.6,684.7,681.5,1.9,,1.8704265679741239,Snow
2000-09-12,52645.0,青海,野牛沟,38.41666666666666,99.58333333333331,3320.0,2000,9,12,0.0,无,4.4,9.9,0.5,0.76,0.54,686.1,687.6,684.6,3.1,,,无
2000-09-13,52645.0,青海,野牛沟,38.41666666666666,99.58333333333331,3320.0,2000,9,13,1.6,normal,4.4,11.5,-0.3,0.74,0.31,689.5,690.8,686.0,5.1,,2.191397471121017,Rain
2000-09-14,52645.0,青海,野牛沟,38.41666666666666,99.58333333333331,3320.0,2000,9,14,0.0,无,4.1,14.5,-4.7,0.69,0.34,688.2,689.7,686.0,4.1,,,无
2000-09-15,52645.0,青海,野牛沟,38.41666666666666,99.58333333333331,3320.0,2000,9,15,0.0,无,3.4,14.3,-3.7,0.73,0.35,687.1,687.8,685.8,3.9,,,无
2000-09-16,52645.0,青海,野牛沟,38.41666666666666,99.58333333333331,3320.0,2000,9,16,0.0,无,3.7,14.3,-4.3,0.7,0.31,686.5,688.0,684.0,3.7,,,无
2000-09-17,52645.0,青海,野牛沟,38.41666666666666,99.58333333333331,3320.0,2000,9,17,1.4,normal,3.2,12.0,-2.6,0.8,0.36,685.3,686.6,683.6,2.0,,1.5850173698953585,Snow
2000-09-18,52645.0,青海,野牛沟,38.41666666666666,99.58333333333331,3320.0,2000,9,18,0.4,normal,2.8,10.5,-2.7,0.73,0.3,685.6,686.7,683.7,4.3,,0.6340204868540544,Snow
2000-09-19,52645.0,青海,野牛沟,38.41666666666666,99.58333333333331,3320.0,2000,9,19,1.5,normal,2.1,9.2,-2.2,0.68,0.38,685.2,686.3,684.0,3.7,,-0.41301337324889165,Snow
2000-09-20,52645.0,青海,野牛沟,38.41666666666666,99.58333333333331,3320.0,2000,9,20,0.0,无,2.0,14.2,-7.1,0.64,0.2,683.5,685.4,681.3,3.9,,,无
2000-09-21,52645.0,青海,野牛沟,38.41666666666666,99.58333333333331,3320.0,2000,9,21,0.0,无,4.0,14.5,-5.7,0.61,0.26,682.9,684.3,681.7,3.6,,,无
2000-09-22,52645.0,青海,野牛沟,38.41666666666666,99.58333333333331,3320.0,2000,9,22,0.0,无,7.0,15.0,-1.9,0.64,0.34,684.3,685.5,682.4,5.3,,,无
2000-09-23,52645.0,青海,野牛沟,38.41666666666666,99.58333333333331,3320.0,2000,9,23,2.5,normal,4.0,10.4,2.7,0.87,0.45,684.5,685.0,683.0,0.2,,2.9278970018294315,Snow
2000-09-24,52645.0,青海,野牛沟,38.41666666666666,99.58333333333331,3320.0,2000,9,24,0.0,无,3.9,11.0,-2.4,0.75,0.49,684.2,686.1,681.4,3.5,,,无
2000-09-25,52645.0,青海,野牛沟,38.41666666666666,99.58333333333331,3320.0,2000,9,25,16.7,normal,1.5,7.7,0.0,0.97,0.59,682.6,683.9,682.0,0.0,,1.27748304543156,Snow
2000-09-26,52645.0,青海,野牛沟,38.41666666666666,99.58333333333331,3320.0,2000,9,26,0.0,无,1.7,10.0,-2.7,0.86,0.55,682.5,684.0,681.3,2.1,,,无
2000-09-27,52645.0,青海,野牛沟,38.41666666666666,99.58333333333331,3320.0,2000,9,27,0.0,无,3.6,12.6,-2.7,0.73,0.26,684.0,685.9,681.3,3.4,,,无
2000-09-28,52645.0,青海,野牛沟,38.41666666666666,99.58333333333331,3320.0,2000,9,28,4.8,normal,3.2,7.8,1.3,0.86,0.54,683.3,685.1,681.7,1.0,,2.076865220387094,Snow
2000-09-29,52645.0,青海,野牛沟,38.41666666666666,99.58333333333331,3320.0,2000,9,29,0.7,normal,2.5,8.7,-0.2,0.85,0.5,685.9,686.9,684.2,1.5,,1.3290177111109847,Snow
2000-09-30,52645.0,青海,野牛沟,38.41666666666666,99.58333333333331,3320.0,2000,9,30,2.6,normal,1.6,9.0,-2.0,0.81,0.42,684.7,686.5,682.6,2.4,,0.1601894849268115,Snow
2000-10-01,52645.0,青海,野牛沟,38.41666666666666,99.58333333333331,3320.0,2000,10,1,0.0,无,1.2,11.4,-5.9,0.65,0.22,684.7,685.7,683.4,3.1,,,无
2000-10-02,52645.0,青海,野牛沟,38.41666666666666,99.58333333333331,3320.0,2000,10,2,0.0,无,4.0,14.9,-4.2,0.52,0.23,684.6,685.5,682.4,4.6,,,无
2000-10-03,52645.0,青海,野牛沟,38.41666666666666,99.58333333333331,3320.0,2000,10,3,0.0,无,0.7,8.0,-5.3,0.76,0.42,685.4,686.2,684.3,1.7,,,无
2000-10-04,52645.0,青海,野牛沟,38.41666666666666,99.58333333333331,3320.0,2000,10,4,0.0,无,1.6,13.0,-6.0,0.67,0.26,685.8,686.9,684.1,2.6,,,无
2000-10-05,52645.0,青海,野牛沟,38.41666666666666,99.58333333333331,3320.0,2000,10,5,0.0,无,3.7,15.8,-5.5,0.56,0.16,683.9,685.9,681.7,4.7,,,无
2000-10-06,52645.0,青海,野牛沟,38.41666666666666,99.58333333333331,3320.0,2000,10,6,0.0,无,4.6,19.2,-3.9,0.55,0.18,681.6,682.8,678.6,5.1,,,无
2000-10-07,52645.0,青海,野牛沟,38.41666666666666,99.58333333333331,3320.0,2000,10,7,0.0,无,3.7,14.7,-3.1,0.65,0.33,682.2,684.3,679.5,3.9,,,无
2000-10-08,52645.0,青海,野牛沟,38.41666666666666,99.58333333333331,3320.0,2000,10,8,0.0,无,4.7,15.2,-2.8,0.62,0.31,678.6,680.4,675.9,4.3,,,无
2000-10-09,52645.0,青海,野牛沟,38.41666666666666,99.58333333333331,3320.0,2000,10,9,0.0,无,3.6,10.0,-0.7,0.57,0.4,680.3,681.5,677.9,3.5,,,无
2000-10-10,52645.0,青海,野牛沟,38.41666666666666,99.58333333333331,3320.0,2000,10,10,0.8,normal,0.5,4.9,-1.0,0.86,0.54,681.8,684.3,679.9,1.5,,-0.5108605751744877,Snow
2000-10-11,52645.0,青海,野牛沟,38.41666666666666,99.58333333333331,3320.0,2000,10,11,0.0,无,-1.1,8.8,-5.8,0.74,0.3,684.9,685.9,683.0,1.7,,,无
2000-10-12,52645.0,青海,野牛沟,38.41666666666666,99.58333333333331,3320.0,2000,10,12,0.0,无,-1.9,8.8,-9.1,0.65,0.26,685.1,686.8,681.9,2.4,,,无
2000-10-13,52645.0,青海,野牛沟,38.41666666666666,99.58333333333331,3320.0,2000,10,13,0.0,无,-0.9,6.5,-5.6,0.65,0.25,683.1,684.9,680.5,2.3,,,无
2000-10-14,52645.0,青海,野牛沟,38.41666666666666,99.58333333333331,3320.0,2000,10,14,0.0,无,-2.3,8.3,-9.9,0.63,0.21,683.4,684.8,681.7,2.6,,,无
2000-10-15,52645.0,青海,野牛沟,38.41666666666666,99.58333333333331,3320.0,2000,10,15,0.1,normal,-3.0,1.8,-6.6,0.81,0.47,685.6,686.3,683.8,1.0,,-4.179579398028506,Snow
2000-10-16,52645.0,青海,野牛沟,38.41666666666666,99.58333333333331,3320.0,2000,10,16,0.0,无,-1.7,8.3,-8.1,0.6,0.16,685.7,687.3,684.2,2.6,,,无
2000-10-17,52645.0,青海,野牛沟,38.41666666666666,99.58333333333331,3320.0,2000,10,17,0.0,无,-0.7,11.8,-10.7,0.49,0.18,682.4,684.8,679.4,3.7,,,无
2000-10-18,52645.0,青海,野牛沟,38.41666666666666,99.58333333333331,3320.0,2000,10,18,0.0,无,0.3,7.5,-5.2,0.44,0.24,680.0,682.1,677.6,3.7,,,无
2000-10-19,52645.0,青海,野牛沟,38.41666666666666,99.58333333333331,3320.0,2000,10,19,0.0,无,-1.3,6.6,-9.7,0.51,0.17,678.8,680.7,676.7,3.6,,,无
2000-10-20,52645.0,青海,野牛沟,38.41666666666666,99.58333333333331,3320.0,2000,10,20,0.0,无,-1.8,8.4,-9.1,0.5,0.21,679.6,681.6,677.1,3.6,,,无
2000-10-21,52645.0,青海,野牛沟,38.41666666666666,99.58333333333331,3320.0,2000,10,21,0.0,无,-4.0,4.0,-11.4,0.7,0.42,680.5,682.3,678.9,1.7,,,无
2000-10-22,52645.0,青海,野牛沟,38.41666666666666,99.58333333333331,3320.0,2000,10,22,0.0,无,-1.4,10.0,-10.7,0.61,0.19,677.8,680.4,675.3,3.0,,,无
2000-10-23,52645.0,青海,野牛沟,38.41666666666666,99.58333333333331,3320.0,2000,10,23,0.0,无,0.4,9.4,-8.1,0.43,0.21,677.0,678.4,675.8,4.1,,,无
2000-10-24,52645.0,青海,野牛沟,38.41666666666666,99.58333333333331,3320.0,2000,10,24,0.0,无,-3.0,6.3,-11.7,0.54,0.19,682.1,683.9,678.4,3.3,,,无
2000-10-25,52645.0,青海,野牛沟,38.41666666666666,99.58333333333331,3320.0,2000,10,25,0.0,无,-4.3,8.3,-13.3,0.47,0.21,683.0,684.8,681.2,3.2,,,无
2000-10-26,52645.0,青海,野牛沟,38.41666666666666,99.58333333333331,3320.0,2000,10,26,0.0,无,-3.9,8.5,-13.0,0.55,0.2,683.4,685.2,681.4,3.3,,,无
2000-10-27,52645.0,青海,野牛沟,38.41666666666666,99.58333333333331,3320.0,2000,10,27,0.0,无,-4.4,5.1,-12.3,0.59,0.31,683.2,684.1,681.2,2.2,,,无
2000-10-28,52645.0,青海,野牛沟,38.41666666666666,99.58333333333331,3320.0,2000,10,28,0.1,normal,-5.0,0.1,-9.6,0.48,0.13,686.3,689.3,683.1,3.6,,-8.004977083009873,Snow
2000-10-29,52645.0,青海,野牛沟,38.41666666666666,99.58333333333331,3320.0,2000,10,29,0.0,无,-6.6,8.5,-17.2,0.43,0.19,684.9,690.1,679.9,2.8,,,无
2000-10-30,52645.0,青海,野牛沟,38.41666666666666,99.58333333333331,3320.0,2000,10,30,0.0,无,-6.0,1.5,-10.9,0.44,0.21,681.6,684.6,679.4,4.0,,,无
2000-10-31,52645.0,青海,野牛沟,38.41666666666666,99.58333333333331,3320.0,2000,10,31,0.0,无,-8.9,4.8,-18.6,0.43,0.2,685.3,686.7,683.7,2.4,,,无
2000-11-01,52645.0,青海,野牛沟,38.41666666666666,99.58333333333331,3320.0,2000,11,1,0.0,无,-6.1,5.9,-15.3,0.49,0.2,683.7,686.2,680.9,2.3,,,无
2000-11-02,52645.0,青海,野牛沟,38.41666666666666,99.58333333333331,3320.0,2000,11,2,0.0,无,-4.5,9.0,-15.3,0.5,0.19,680.1,681.6,677.4,2.6,,,无
2000-11-03,52645.0,青海,野牛沟,38.41666666666666,99.58333333333331,3320.0,2000,11,3,0.0,无,-3.1,3.3,-8.9,0.41,0.23,683.6,687.2,679.6,3.4,,,无
2000-11-04,52645.0,青海,野牛沟,38.41666666666666,99.58333333333331,3320.0,2000,11,4,0.0,无,-5.4,8.1,-16.0,0.41,0.16,683.3,687.6,679.7,2.5,,,无
2000-11-05,52645.0,青海,野牛沟,38.41666666666666,99.58333333333331,3320.0,2000,11,5,0.0,无,-5.6,8.0,-14.6,0.46,0.19,678.0,680.4,675.5,3.1,,,无
2000-11-06,52645.0,青海,野牛沟,38.41666666666666,99.58333333333331,3320.0,2000,11,6,0.0,无,-5.8,4.3,-12.8,0.53,0.24,677.6,679.0,676.2,2.4,,,无
2000-11-07,52645.0,青海,野牛沟,38.41666666666666,99.58333333333331,3320.0,2000,11,7,0.0,无,-6.4,5.2,-16.0,0.47,0.23,678.9,680.6,677.1,1.9,,,无
2000-11-08,52645.0,青海,野牛沟,38.41666666666666,99.58333333333331,3320.0,2000,11,8,0.0,无,0.1,10.7,-13.6,0.32,0.13,677.3,679.6,674.9,3.7,,,无
2000-11-09,52645.0,青海,野牛沟,38.41666666666666,99.58333333333331,3320.0,2000,11,9,0.0,无,-6.4,7.5,-12.5,0.46,0.15,677.7,681.9,675.5,2.6,,,无
2000-11-10,52645.0,青海,野牛沟,38.41666666666666,99.58333333333331,3320.0,2000,11,10,0.0,无,-11.0,-0.7,-18.9,0.59,0.31,683.2,684.5,681.5,1.5,,,无
2000-11-11,52645.0,青海,野牛沟,38.41666666666666,99.58333333333331,3320.0,2000,11,11,0.0,无,-11.7,-1.0,-20.2,0.51,0.19,682.2,683.2,680.6,2.0,,,无
2000-11-12,52645.0,青海,野牛沟,38.41666666666666,99.58333333333331,3320.0,2000,11,12,0.0,无,-12.2,0.2,-21.8,0.46,0.18,679.9,682.7,677.0,1.5,,,无
2000-11-13,52645.0,青海,野牛沟,38.41666666666666,99.58333333333331,3320.0,2000,11,13,0.0,无,-10.3,3.4,-20.5,0.41,0.22,677.2,678.4,675.3,1.9,,,无
2000-11-14,52645.0,青海,野牛沟,38.41666666666666,99.58333333333331,3320.0,2000,11,14,0.0,无,-9.4,2.0,-19.4,0.49,0.3,679.2,681.7,676.5,1.6,,,无
2000-11-15,52645.0,青海,野牛沟,38.41666666666666,99.58333333333331,3320.0,2000,11,15,0.7,normal,-9.6,-2.7,-18.1,0.69,0.38,680.4,682.2,677.5,1.2,,-10.988964347429636,Snow
2000-11-16,52645.0,青海,野牛沟,38.41666666666666,99.58333333333331,3320.0,2000,11,16,0.0,无,-13.5,-3.8,-22.4,0.52,0.24,682.1,683.8,679.5,1.1,,,无
2000-11-17,52645.0,青海,野牛沟,38.41666666666666,99.58333333333331,3320.0,2000,11,17,0.0,无,-11.7,2.0,-21.7,0.52,0.22,679.7,682.7,675.8,1.4,,,无
2000-11-18,52645.0,青海,野牛沟,38.41666666666666,99.58333333333331,3320.0,2000,11,18,0.3,normal,-12.7,-4.4,-16.8,0.69,0.32,677.8,682.6,673.9,0.3,,-13.860786772255288,Snow
2000-11-19,52645.0,青海,野牛沟,38.41666666666666,99.58333333333331,3320.0,2000,11,19,0.5,normal,-16.4,-9.8,-22.6,0.63,0.38,683.2,684.5,682.6,0.5,,-17.488666487767304,Snow
2000-11-20,52645.0,青海,野牛沟,38.41666666666666,99.58333333333331,3320.0,2000,11,20,0.0,无,-18.1,-6.6,-26.2,0.58,0.35,681.1,683.7,678.2,0.7,,,无
2000-11-21,52645.0,青海,野牛沟,38.41666666666666,99.58333333333331,3320.0,2000,11,21,0.0,无,-16.0,-1.1,-25.1,0.55,0.26,677.9,679.4,676.0,1.0,,,无
2000-11-22,52645.0,青海,野牛沟,38.41666666666666,99.58333333333331,3320.0,2000,11,22,0.0,无,-14.2,-0.7,-23.7,0.48,0.23,679.1,681.2,676.7,1.2,,,无
2000-11-23,52645.0,青海,野牛沟,38.41666666666666,99.58333333333331,3320.0,2000,11,23,0.0,无,-14.4,-0.7,-23.7,0.5,0.23,680.3,681.6,678.8,1.2,,,无
2000-11-24,52645.0,青海,野牛沟,38.41666666666666,99.58333333333331,3320.0,2000,11,24,0.0,无,-10.6,2.2,-22.4,0.44,0.18,678.6,680.7,676.0,1.6,,,无
2000-11-25,52645.0,青海,野牛沟,38.41666666666666,99.58333333333331,3320.0,2000,11,25,0.0,无,-13.1,-1.6,-20.9,0.53,0.2,678.5,679.9,676.2,0.9,,,无
2000-11-26,52645.0,青海,野牛沟,38.41666666666666,99.58333333333331,3320.0,2000,11,26,0.0,无,-14.1,-2.5,-23.1,0.49,0.19,681.2,682.7,679.4,1.2,,,无
2000-11-27,52645.0,青海,野牛沟,38.41666666666666,99.58333333333331,3320.0,2000,11,27,0.0,无,-14.3,-2.6,-23.9,0.46,0.23,681.6,683.6,678.8,1.3,,,无
2000-11-28,52645.0,青海,野牛沟,38.41666666666666,99.58333333333331,3320.0,2000,11,28,0.0,无,-13.0,0.2,-21.4,0.47,0.22,679.5,680.9,677.4,1.0,,,无
2000-11-29,52645.0,青海,野牛沟,38.41666666666666,99.58333333333331,3320.0,2000,11,29,0.0,无,-11.6,-1.0,-18.9,0.43,0.17,678.6,680.6,676.2,1.3,,,无
2000-11-30,52645.0,青海,野牛沟,38.41666666666666,99.58333333333331,3320.0,2000,11,30,0.0,无,-14.5,-1.1,-24.3,0.4,0.19,676.8,678.1,674.7,1.2,,,无
2000-12-01,52645.0,青海,野牛沟,38.41666666666666,99.58333333333331,3320.0,2000,12,1,0.1,normal,-13.2,-7.4,-19.4,0.52,0.27,680.2,682.4,676.5,0.6,,-14.948670287943258,Snow
2000-12-02,52645.0,青海,野牛沟,38.41666666666666,99.58333333333331,3320.0,2000,12,2,0.0,无,-17.2,-10.5,-23.3,0.66,0.36,682.6,683.9,681.0,0.3,,,无
2000-12-03,52645.0,青海,野牛沟,38.41666666666666,99.58333333333331,3320.0,2000,12,3,0.0,无,-19.3,-6.7,-28.0,0.54,0.27,680.3,683.0,677.1,0.7,,,无
2000-12-04,52645.0,青海,野牛沟,38.41666666666666,99.58333333333331,3320.0,2000,12,4,0.0,无,-13.6,-2.5,-21.3,0.53,0.34,678.3,679.6,677.0,1.0,,,无
2000-12-05,52645.0,青海,野牛沟,38.41666666666666,99.58333333333331,3320.0,2000,12,5,0.0,无,-14.4,-1.4,-23.6,0.56,0.28,678.2,679.7,676.0,1.0,,,无
2000-12-06,52645.0,青海,野牛沟,38.41666666666666,99.58333333333331,3320.0,2000,12,6,0.0,无,-14.4,-2.2,-24.0,0.52,0.27,679.7,681.1,678.2,1.0,,,无
2000-12-07,52645.0,青海,野牛沟,38.41666666666666,99.58333333333331,3320.0,2000,12,7,0.0,无,-14.4,-1.4,-24.1,0.47,0.18,679.5,681.5,676.9,1.2,,,无
2000-12-08,52645.0,青海,野牛沟,38.41666666666666,99.58333333333331,3320.0,2000,12,8,0.0,无,-13.8,1.0,-25.3,0.44,0.17,675.1,677.3,672.7,1.6,,,无
2000-12-09,52645.0,青海,野牛沟,38.41666666666666,99.58333333333331,3320.0,2000,12,9,0.0,无,-13.6,-3.8,-20.3,0.46,0.24,676.0,678.2,673.8,1.2,,,无
2000-12-10,52645.0,青海,野牛沟,38.41666666666666,99.58333333333331,3320.0,2000,12,10,0.0,无,-16.5,-5.4,-25.8,0.53,0.26,678.4,679.5,676.4,0.9,,,无
2000-12-11,52645.0,青海,野牛沟,38.41666666666666,99.58333333333331,3320.0,2000,12,11,0.0,无,-15.2,-7.5,-22.2,0.51,0.27,681.4,682.9,677.9,1.1,,,无
2000-12-12,52645.0,青海,野牛沟,38.41666666666666,99.58333333333331,3320.0,2000,12,12,0.0,无,-18.9,-8.5,-27.1,0.5,0.27,679.6,683.3,676.3,0.8,,,无
2000-12-13,52645.0,青海,野牛沟,38.41666666666666,99.58333333333331,3320.0,2000,12,13,0.0,无,-17.0,-6.8,-24.0,0.46,0.27,674.5,676.4,672.8,1.0,,,无
2000-12-14,52645.0,青海,野牛沟,38.41666666666666,99.58333333333331,3320.0,2000,12,14,0.0,无,-17.8,-4.8,-27.7,0.47,0.22,676.2,677.2,674.8,0.9,,,无
2000-12-15,52645.0,青海,野牛沟,38.41666666666666,99.58333333333331,3320.0,2000,12,15,0.0,无,-16.5,-3.8,-25.8,0.44,0.25,678.8,680.1,675.9,1.1,,,无
2000-12-16,52645.0,青海,野牛沟,38.41666666666666,99.58333333333331,3320.0,2000,12,16,0.0,无,-16.0,-1.7,-24.1,0.49,0.26,678.9,680.3,677.6,1.0,,,无
2000-12-17,52645.0,青海,野牛沟,38.41666666666666,99.58333333333331,3320.0,2000,12,17,0.0,无,-13.7,0.6,-23.8,0.43,0.21,676.9,678.4,675.1,1.3,,,无
2000-12-18,52645.0,青海,野牛沟,38.41666666666666,99.58333333333331,3320.0,2000,12,18,0.0,无,-11.2,-0.8,-19.4,0.36,0.19,676.0,677.4,673.5,0.9,,,无
2000-12-19,52645.0,青海,野牛沟,38.41666666666666,99.58333333333331,3320.0,2000,12,19,1.1,normal,-11.4,-6.0,-13.2,0.72,0.38,681.5,685.3,675.8,0.1,,-12.52788888010333,Snow
2000-12-20,52645.0,青海,野牛沟,38.41666666666666,99.58333333333331,3320.0,2000,12,20,0.0,无,-20.2,-11.2,-26.8,0.71,0.58,684.5,686.0,682.6,0.6,,,无
2000-12-21,52645.0,青海,野牛沟,38.41666666666666,99.58333333333331,3320.0,2000,12,21,0.0,无,-21.6,-10.4,-29.5,0.65,0.48,681.8,684.9,679.1,0.6,,,无
2000-12-22,52645.0,青海,野牛沟,38.41666666666666,99.58333333333331,3320.0,2000,12,22,0.0,无,-17.0,-5.8,-24.3,0.55,0.27,680.3,682.2,679.3,1.0,,,无
2000-12-23,52645.0,青海,野牛沟,38.41666666666666,99.58333333333331,3320.0,2000,12,23,0.0,无,-15.5,-3.8,-23.7,0.62,0.32,680.5,681.4,679.1,0.9,,,无
2000-12-24,52645.0,青海,野牛沟,38.41666666666666,99.58333333333331,3320.0,2000,12,24,0.0,无,-16.5,-4.3,-25.6,0.58,0.32,682.4,684.1,680.7,0.8,,,无
2000-12-25,52645.0,青海,野牛沟,38.41666666666666,99.58333333333331,3320.0,2000,12,25,0.0,无,-16.4,-2.5,-25.8,0.5,0.28,681.3,683.0,679.1,1.0,,,无
2000-12-26,52645.0,青海,野牛沟,38.41666666666666,99.58333333333331,3320.0,2000,12,26,0.0,无,-14.2,-2.8,-22.7,0.55,0.28,680.6,681.8,679.3,0.7,,,无
2000-12-27,52645.0,青海,野牛沟,38.41666666666666,99.58333333333331,3320.0,2000,12,27,0.0,无,-14.6,-1.6,-23.9,0.55,0.27,681.8,683.8,680.0,0.8,,,无
2000-12-28,52645.0,青海,野牛沟,38.41666666666666,99.58333333333331,3320.0,2000,12,28,0.0,无,-15.6,-3.2,-23.9,0.52,0.28,678.9,680.4,677.0,1.1,,,无
2000-12-29,52645.0,青海,野牛沟,38.41666666666666,99.58333333333331,3320.0,2000,12,29,0.0,无,-15.6,-2.6,-23.9,0.47,0.23,680.1,681.6,678.0,1.1,,,无
2000-12-30,52645.0,青海,野牛沟,38.41666666666666,99.58333333333331,3320.0,2000,12,30,0.0,无,-16.2,-2.2,-26.1,0.48,0.27,680.7,682.3,678.7,1.0,,,无
2000-12-31,52645.0,青海,野牛沟,38.41666666666666,99.58333333333331,3320.0,2000,12,31,0.0,无,-14.9,-3.5,-23.7,0.44,0.18,677.5,679.8,675.4,1.7,,,无
2001-01-01,52645.0,青海,野牛沟,38.41666666666666,99.58333333333331,3320.0,2001,1,1,0.0,无,-17.6,-5.2,-26.6,0.43,0.21,674.9,677.4,672.3,1.1,,,无
2001-01-02,52645.0,青海,野牛沟,38.41666666666666,99.58333333333331,3320.0,2001,1,2,0.0,无,-17.5,-5.7,-26.3,0.43,0.25,675.5,677.3,673.5,1.4,,,无
2001-01-03,52645.0,青海,野牛沟,38.41666666666666,99.58333333333331,3320.0,2001,1,3,0.0,无,-16.6,-2.5,-26.0,0.45,0.21,676.3,677.6,674.0,1.6,,,无
2001-01-04,52645.0,青海,野牛沟,38.41666666666666,99.58333333333331,3320.0,2001,1,4,0.0,无,-15.9,-2.1,-25.7,0.43,0.24,676.0,678.2,674.6,1.2,,,无
2001-01-05,52645.0,青海,野牛沟,38.41666666666666,99.58333333333331,3320.0,2001,1,5,0.0,无,-18.1,-6.5,-25.0,0.52,0.34,674.8,676.0,673.3,0.5,,,无
2001-01-06,52645.0,青海,野牛沟,38.41666666666666,99.58333333333331,3320.0,2001,1,6,0.0,无,-16.1,-5.0,-25.3,0.54,0.27,671.7,674.5,669.2,1.0,,,无
2001-01-07,52645.0,青海,野牛沟,38.41666666666666,99.58333333333331,3320.0,2001,1,7,0.0,无,-12.8,-3.2,-20.8,0.47,0.29,669.6,670.6,668.6,1.4,,,无
2001-01-08,52645.0,青海,野牛沟,38.41666666666666,99.58333333333331,3320.0,2001,1,8,0.0,无,-16.4,-7.7,-23.7,0.37,0.2,674.4,676.5,670.6,1.7,,,无
2001-01-09,52645.0,青海,野牛沟,38.41666666666666,99.58333333333331,3320.0,2001,1,9,0.0,无,-18.7,-7.4,-29.8,0.41,0.22,674.5,677.3,671.4,1.4,,,无
2001-01-10,52645.0,青海,野牛沟,38.41666666666666,99.58333333333331,3320.0,2001,1,10,0.0,无,-15.5,-5.0,-25.6,0.44,0.22,671.8,673.3,670.0,1.5,,,无
2001-01-11,52645.0,青海,野牛沟,38.41666666666666,99.58333333333331,3320.0,2001,1,11,0.0,无,-15.2,-5.4,-24.8,0.42,0.24,671.4,673.7,668.8,1.2,,,无
2001-01-12,52645.0,青海,野牛沟,38.41666666666666,99.58333333333331,3320.0,2001,1,12,0.0,无,-14.8,-5.8,-26.0,0.44,0.26,675.2,677.0,673.3,1.8,,,无
2001-01-13,52645.0,青海,野牛沟,38.41666666666666,99.58333333333331,3320.0,2001,1,13,0.0,无,-12.0,-3.5,-21.2,0.45,0.32,677.1,678.4,673.7,2.1,,,无
2001-01-14,52645.0,青海,野牛沟,38.41666666666666,99.58333333333331,3320.0,2001,1,14,0.0,无,-15.7,-3.6,-25.1,0.53,0.3,679.1,680.3,677.5,1.1,,,无
2001-01-15,52645.0,青海,野牛沟,38.41666666666666,99.58333333333331,3320.0,2001,1,15,0.0,无,-15.8,-3.6,-25.3,0.48,0.28,679.7,681.3,677.6,1.2,,,无
2001-01-16,52645.0,青海,野牛沟,38.41666666666666,99.58333333333331,3320.0,2001,1,16,0.0,无,-16.3,-0.8,-26.4,0.4,0.16,678.2,680.3,676.5,1.1,,,无
2001-01-17,52645.0,青海,野牛沟,38.41666666666666,99.58333333333331,3320.0,2001,1,17,0.0,无,-15.8,0.5,-27.7,0.4,0.18,675.4,677.3,672.4,1.3,,,无
2001-01-18,52645.0,青海,野牛沟,38.41666666666666,99.58333333333331,3320.0,2001,1,18,0.0,无,-13.9,-4.3,-19.5,0.36,0.22,675.6,677.7,673.2,1.1,,,无
2001-01-19,52645.0,青海,野牛沟,38.41666666666666,99.58333333333331,3320.0,2001,1,19,0.0,无,-15.1,-1.6,-25.8,0.45,0.18,679.1,681.0,677.6,1.4,,,无
2001-01-20,52645.0,青海,野牛沟,38.41666666666666,99.58333333333331,3320.0,2001,1,20,0.0,无,-16.2,-1.0,-26.8,0.39,0.18,676.5,678.4,673.5,1.3,,,无
2001-01-21,52645.0,青海,野牛沟,38.41666666666666,99.58333333333331,3320.0,2001,1,21,0.0,无,-14.8,-3.9,-24.1,0.38,0.26,674.0,675.1,671.7,1.0,,,无
2001-01-22,52645.0,青海,野牛沟,38.41666666666666,99.58333333333331,3320.0,2001,1,22,0.0,无,-15.7,-3.2,-26.3,0.41,0.21,672.6,673.8,670.4,1.0,,,无
2001-01-23,52645.0,青海,野牛沟,38.41666666666666,99.58333333333331,3320.0,2001,1,23,0.0,无,-15.2,-4.2,-25.3,0.45,0.29,672.7,674.7,670.1,1.5,,,无
2001-01-24,52645.0,青海,野牛沟,38.41666666666666,99.58333333333331,3320.0,2001,1,24,0.0,无,-11.3,-3.2,-19.1,0.54,0.36,671.4,673.0,669.3,1.3,,,无
2001-01-25,52645.0,青海,野牛沟,38.41666666666666,99.58333333333331,3320.0,2001,1,25,0.7,normal,-14.7,-8.1,-18.8,0.68,0.32,671.9,672.9,670.8,1.0,,-15.764484916777462,Snow
2001-01-26,52645.0,青海,野牛沟,38.41666666666666,99.58333333333331,3320.0,2001,1,26,0.0,无,-16.9,-7.9,-23.2,0.59,0.4,671.9,673.5,670.1,0.9,,,无
2001-01-27,52645.0,青海,野牛沟,38.41666666666666,99.58333333333331,3320.0,2001,1,27,0.0,无,-18.1,-8.1,-27.7,0.5,0.3,676.0,677.6,673.3,1.3,,,无
2001-01-28,52645.0,青海,野牛沟,38.41666666666666,99.58333333333331,3320.0,2001,1,28,0.0,无,-17.1,-4.7,-26.8,0.55,0.26,676.3,678.6,674.9,1.7,,,无
2001-01-29,52645.0,青海,野牛沟,38.41666666666666,99.58333333333331,3320.0,2001,1,29,0.0,无,-15.2,-2.6,-25.8,0.38,0.14,674.0,675.9,671.5,2.0,,,无
2001-01-30,52645.0,青海,野牛沟,38.41666666666666,99.58333333333331,3320.0,2001,1,30,0.0,无,-14.3,-1.5,-23.3,0.35,0.17,673.1,676.3,669.6,1.6,,,无
2001-01-31,52645.0,青海,野牛沟,38.41666666666666,99.58333333333331,3320.0,2001,1,31,0.0,无,-15.0,-3.5,-24.0,0.43,0.21,675.9,677.3,674.1,1.4,,,无
2001-02-01,52645.0,青海,野牛沟,38.41666666666666,99.58333333333331,3320.0,2001,2,1,0.0,无,-15.0,-0.4,-24.5,0.41,0.22,674.4,675.9,672.0,1.3,,,无
2001-02-02,52645.0,青海,野牛沟,38.41666666666666,99.58333333333331,3320.0,2001,2,2,0.0,无,-13.5,-2.8,-23.6,0.42,0.27,672.5,674.0,669.6,1.8,,,无
2001-02-03,52645.0,青海,野牛沟,38.41666666666666,99.58333333333331,3320.0,2001,2,3,0.0,无,-12.8,-1.6,-22.0,0.46,0.29,673.0,674.8,671.1,1.9,,,无
2001-02-04,52645.0,青海,野牛沟,38.41666666666666,99.58333333333331,3320.0,2001,2,4,0.0,无,-12.8,-2.7,-23.9,0.45,0.28,671.1,673.3,668.2,1.5,,,无
2001-02-05,52645.0,青海,野牛沟,38.41666666666666,99.58333333333331,3320.0,2001,2,5,0.0,无,-11.9,0.4,-22.5,0.36,0.18,670.4,672.3,668.3,2.0,,,无
2001-02-06,52645.0,青海,野牛沟,38.41666666666666,99.58333333333331,3320.0,2001,2,6,0.0,无,-13.4,-4.9,-22.7,0.47,0.22,673.8,675.2,670.7,1.8,,,无
2001-02-07,52645.0,青海,野牛沟,38.41666666666666,99.58333333333331,3320.0,2001,2,7,0.0,无,-14.0,-4.0,-23.8,0.43,0.15,676.0,677.6,674.5,2.1,,,无
2001-02-08,52645.0,青海,野牛沟,38.41666666666666,99.58333333333331,3320.0,2001,2,8,0.0,无,-15.9,-4.1,-26.5,0.37,0.17,677.7,679.1,676.1,2.0,,,无
2001-02-09,52645.0,青海,野牛沟,38.41666666666666,99.58333333333331,3320.0,2001,2,9,0.0,无,-14.7,-3.4,-25.1,0.49,0.22,678.3,680.0,676.2,2.0,,,无
2001-02-10,52645.0,青海,野牛沟,38.41666666666666,99.58333333333331,3320.0,2001,2,10,0.0,无,-14.4,-1.3,-25.1,0.42,0.23,674.8,677.4,671.6,2.0,,,无
2001-02-11,52645.0,青海,野牛沟,38.41666666666666,99.58333333333331,3320.0,2001,2,11,0.0,无,-12.6,-3.2,-19.3,0.43,0.3,674.5,675.4,673.3,1.4,,,无
2001-02-12,52645.0,青海,野牛沟,38.41666666666666,99.58333333333331,3320.0,2001,2,12,0.2,normal,-13.6,-7.6,-16.0,0.63,0.35,678.3,679.9,675.1,0.3,,-14.912456125727683,Snow
2001-02-13,52645.0,青海,野牛沟,38.41666666666666,99.58333333333331,3320.0,2001,2,13,0.0,无,-17.5,-3.7,-27.5,0.63,0.25,680.2,682.7,677.3,1.1,,,无
2001-02-14,52645.0,青海,野牛沟,38.41666666666666,99.58333333333331,3320.0,2001,2,14,0.0,无,-13.3,0.4,-24.9,0.38,0.2,678.7,679.6,677.2,2.6,,,无
2001-02-15,52645.0,青海,野牛沟,38.41666666666666,99.58333333333331,3320.0,2001,2,15,0.0,无,-12.9,1.9,-25.0,0.35,0.15,681.0,683.7,678.7,1.7,,,无
2001-02-16,52645.0,青海,野牛沟,38.41666666666666,99.58333333333331,3320.0,2001,2,16,0.0,无,-10.4,0.2,-18.6,0.46,0.15,676.6,679.4,673.9,1.7,,,无
2001-02-17,52645.0,青海,野牛沟,38.41666666666666,99.58333333333331,3320.0,2001,2,17,0.0,无,-10.3,2.7,-21.7,0.51,0.21,677.2,679.1,674.9,1.5,,,无
2001-02-18,52645.0,青海,野牛沟,38.41666666666666,99.58333333333331,3320.0,2001,2,18,0.0,无,-6.1,5.5,-14.9,0.32,0.19,676.9,678.2,675.6,2.6,,,无
2001-02-19,52645.0,青海,野牛沟,38.41666666666666,99.58333333333331,3320.0,2001,2,19,0.0,无,-8.5,2.9,-18.1,0.45,0.19,677.6,679.3,674.4,2.3,,,无
2001-02-20,52645.0,青海,野牛沟,38.41666666666666,99.58333333333331,3320.0,2001,2,20,0.0,无,-10.4,2.0,-21.3,0.46,0.17,676.4,678.6,673.8,2.1,,,无
2001-02-21,52645.0,青海,野牛沟,38.41666666666666,99.58333333333331,3320.0,2001,2,21,0.0,无,-9.4,5.5,-21.1,0.34,0.16,672.8,675.7,668.4,2.6,,,无
2001-02-22,52645.0,青海,野牛沟,38.41666666666666,99.58333333333331,3320.0,2001,2,22,0.0,无,-10.2,0.5,-16.9,0.44,0.26,672.6,673.6,670.8,1.6,,,无
2001-02-23,52645.0,青海,野牛沟,38.41666666666666,99.58333333333331,3320.0,2001,2,23,1.2,normal,-10.5,-2.0,-16.6,0.49,0.21,675.7,677.8,672.3,2.0,,-12.701006100259743,Snow
2001-02-24,52645.0,青海,野牛沟,38.41666666666666,99.58333333333331,3320.0,2001,2,24,0.0,无,-10.3,3.4,-21.7,0.39,0.2,675.8,678.3,672.5,1.4,,,无
2001-02-25,52645.0,青海,野牛沟,38.41666666666666,99.58333333333331,3320.0,2001,2,25,0.0,无,-8.9,4.1,-19.9,0.41,0.23,672.3,674.6,668.7,2.5,,,无
2001-02-26,52645.0,青海,野牛沟,38.41666666666666,99.58333333333331,3320.0,2001,2,26,0.0,无,-7.9,-2.0,-12.0,0.44,0.26,674.1,677.7,669.3,2.1,,,无
2001-02-27,52645.0,青海,野牛沟,38.41666666666666,99.58333333333331,3320.0,2001,2,27,2.0,normal,-11.9,-3.6,-19.9,0.65,0.45,680.7,681.9,677.7,1.7,,-13.273517171369477,Snow
2001-02-28,52645.0,青海,野牛沟,38.41666666666666,99.58333333333331,3320.0,2001,2,28,0.5,normal,-12.8,-0.8,-22.8,0.6,0.26,681.3,683.4,679.1,2.1,,-14.287921651180401,Snow
2001-03-01,52645.0,青海,野牛沟,38.41666666666666,99.58333333333331,3320.0,2001,3,1,0.0,无,-11.7,-4.7,-20.6,0.51,0.26,678.9,680.2,677.9,1.1,,,无
2001-03-02,52645.0,青海,野牛沟,38.41666666666666,99.58333333333331,3320.0,2001,3,2,0.0,无,-12.5,-4.2,-20.9,0.5,0.3,679.5,681.7,677.3,2.0,,,无
2001-03-03,52645.0,青海,野牛沟,38.41666666666666,99.58333333333331,3320.0,2001,3,3,0.0,无,-14.3,-0.5,-25.9,0.37,0.15,684.7,687.4,681.7,2.0,,,无
2001-03-04,52645.0,青海,野牛沟,38.41666666666666,99.58333333333331,3320.0,2001,3,4,0.0,无,-12.3,0.0,-22.9,0.34,0.18,677.7,682.1,674.7,2.0,,,无
2001-03-05,52645.0,青海,野牛沟,38.41666666666666,99.58333333333331,3320.0,2001,3,5,0.0,无,-7.9,-1.3,-15.3,0.26,0.11,673.4,675.3,671.8,2.9,,,无
2001-03-06,52645.0,青海,野牛沟,38.41666666666666,99.58333333333331,3320.0,2001,3,6,0.0,无,-8.4,0.5,-16.0,0.31,0.11,675.1,676.7,672.7,4.2,,,无
2001-03-07,52645.0,青海,野牛沟,38.41666666666666,99.58333333333331,3320.0,2001,3,7,0.0,无,-9.0,0.5,-18.3,0.33,0.12,679.3,681.3,675.5,4.2,,,无
2001-03-08,52645.0,青海,野牛沟,38.41666666666666,99.58333333333331,3320.0,2001,3,8,0.0,无,-11.4,3.2,-24.3,0.27,0.12,681.9,683.6,678.7,3.1,,,无
2001-03-09,52645.0,青海,野牛沟,38.41666666666666,99.58333333333331,3320.0,2001,3,9,0.0,无,-9.1,3.7,-19.7,0.3,0.15,680.9,682.5,677.8,2.6,,,无
2001-03-10,52645.0,青海,野牛沟,38.41666666666666,99.58333333333331,3320.0,2001,3,10,0.0,无,-8.3,2.9,-19.2,0.3,0.14,682.3,683.4,679.8,3.0,,,无
2001-03-11,52645.0,青海,野牛沟,38.41666666666666,99.58333333333331,3320.0,2001,3,11,0.0,无,-9.6,5.0,-22.0,0.25,0.08,684.7,686.7,682.0,2.8,,,无
2001-03-12,52645.0,青海,野牛沟,38.41666666666666,99.58333333333331,3320.0,2001,3,12,0.0,无,-8.1,8.2,-21.1,0.26,0.09,679.8,683.1,675.4,3.6,,,无
2001-03-13,52645.0,青海,野牛沟,38.41666666666666,99.58333333333331,3320.0,2001,3,13,0.0,无,-7.9,8.5,-20.2,0.3,0.14,676.5,677.5,673.5,4.2,,,无
2001-03-14,52645.0,青海,野牛沟,38.41666666666666,99.58333333333331,3320.0,2001,3,14,0.0,无,-5.6,9.5,-17.7,0.33,0.16,677.5,679.6,674.2,3.2,,,无
2001-03-15,52645.0,青海,野牛沟,38.41666666666666,99.58333333333331,3320.0,2001,3,15,0.0,无,-3.0,8.7,-8.6,0.27,0.19,675.6,676.8,672.6,3.4,,,无
2001-03-16,52645.0,青海,野牛沟,38.41666666666666,99.58333333333331,3320.0,2001,3,16,3.9,normal,-8.0,-1.6,-10.6,0.77,0.21,677.2,678.2,675.3,1.2,,-9.124055675225286,Snow
2001-03-17,52645.0,青海,野牛沟,38.41666666666666,99.58333333333331,3320.0,2001,3,17,0.8,normal,-11.7,-2.0,-21.2,0.68,0.38,678.9,680.4,676.5,1.6,,-12.971776039049697,Snow
2001-03-18,52645.0,青海,野牛沟,38.41666666666666,99.58333333333331,3320.0,2001,3,18,0.0,无,-9.2,0.1,-18.3,0.49,0.27,678.8,679.6,675.7,2.7,,,无
2001-03-19,52645.0,青海,野牛沟,38.41666666666666,99.58333333333331,3320.0,2001,3,19,0.2,normal,-9.3,2.1,-19.9,0.52,0.18,680.5,681.7,679.0,2.6,,-11.50604396919626,Snow
2001-03-20,52645.0,青海,野牛沟,38.41666666666666,99.58333333333331,3320.0,2001,3,20,0.0,无,-7.4,6.4,-19.8,0.43,0.1,678.2,681.5,673.7,3.8,,,无
2001-03-21,52645.0,青海,野牛沟,38.41666666666666,99.58333333333331,3320.0,2001,3,21,0.0,无,-7.1,7.5,-17.5,0.38,0.1,676.4,678.8,673.8,4.4,,,无
2001-03-22,52645.0,青海,野牛沟,38.41666666666666,99.58333333333331,3320.0,2001,3,22,0.0,无,-5.0,5.2,-12.1,0.38,0.22,675.0,676.2,671.9,3.8,,,无
2001-03-23,52645.0,青海,野牛沟,38.41666666666666,99.58333333333331,3320.0,2001,3,23,0.0,无,-7.6,2.6,-16.5,0.45,0.13,676.7,677.4,674.6,5.0,,,无
2001-03-24,52645.0,青海,野牛沟,38.41666666666666,99.58333333333331,3320.0,2001,3,24,0.0,无,-7.6,2.6,-17.0,0.45,0.15,679.3,681.0,677.1,3.6,,,无
2001-03-25,52645.0,青海,野牛沟,38.41666666666666,99.58333333333331,3320.0,2001,3,25,0.0,无,-7.6,4.3,-18.2,0.45,0.12,678.1,680.3,674.8,3.7,,,无
2001-03-26,52645.0,青海,野牛沟,38.41666666666666,99.58333333333331,3320.0,2001,3,26,0.0,无,-7.4,0.5,-13.2,0.49,0.25,676.9,677.7,675.6,2.9,,,无
2001-03-27,52645.0,青海,野牛沟,38.41666666666666,99.58333333333331,3320.0,2001,3,27,0.0,无,-8.8,-0.9,-16.8,0.53,0.29,676.9,678.2,675.5,2.1,,,无
2001-03-28,52645.0,青海,野牛沟,38.41666666666666,99.58333333333331,3320.0,2001,3,28,0.0,无,-4.9,7.1,-17.4,0.37,0.13,680.0,681.7,677.1,4.0,,,无
2001-03-29,52645.0,青海,野牛沟,38.41666666666666,99.58333333333331,3320.0,2001,3,29,0.0,无,-5.6,9.0,-17.9,0.3,0.03,678.1,679.9,675.8,5.2,,,无
2001-03-30,52645.0,青海,野牛沟,38.41666666666666,99.58333333333331,3320.0,2001,3,30,0.0,无,-3.5,9.3,-14.3,0.24,0.11,681.4,683.0,677.8,5.3,,,无
2001-03-31,52645.0,青海,野牛沟,38.41666666666666,99.58333333333331,3320.0,2001,3,31,0.0,无,-2.9,11.3,-15.6,0.25,0.04,682.3,684.5,679.6,5.5,,,无
2001-04-01,52645.0,青海,野牛沟,38.41666666666666,99.58333333333331,3320.0,2001,4,1,0.0,无,-1.7,11.7,-12.7,0.29,0.12,680.5,682.4,677.7,5.9,,,无
2001-04-02,52645.0,青海,野牛沟,38.41666666666666,99.58333333333331,3320.0,2001,4,2,0.8,normal,-2.1,8.4,-8.7,0.43,0.18,679.4,680.7,677.7,2.9,,-5.940917433873261,Snow
2001-04-03,52645.0,青海,野牛沟,38.41666666666666,99.58333333333331,3320.0,2001,4,3,0.8,normal,-1.7,5.7,-6.4,0.55,0.27,680.3,681.1,678.8,3.8,,-4.7521137725435425,Snow
2001-04-04,52645.0,青海,野牛沟,38.41666666666666,99.58333333333331,3320.0,2001,4,4,1.6,normal,-5.0,8.5,-12.4,0.61,0.26,680.9,681.8,677.6,3.3,,-7.243146627162571,Snow
2001-04-05,52645.0,青海,野牛沟,38.41666666666666,99.58333333333331,3320.0,2001,4,5,2.0,normal,-5.2,4.4,-12.7,0.61,0.28,682.0,684.1,679.0,3.2,,-7.4184102080491465,Snow
2001-04-06,52645.0,青海,野牛沟,38.41666666666666,99.58333333333331,3320.0,2001,4,6,0.0,无,-2.4,8.9,-11.5,0.5,0.21,679.3,680.1,677.3,4.4,,,无
2001-04-07,52645.0,青海,野牛沟,38.41666666666666,99.58333333333331,3320.0,2001,4,7,0.0,无,-1.0,5.4,-6.8,0.39,0.18,676.8,680.0,673.5,3.7,,,无
2001-04-08,52645.0,青海,野牛沟,38.41666666666666,99.58333333333331,3320.0,2001,4,8,0.0,无,0.0,9.0,-6.2,0.42,0.13,669.4,673.9,665.9,5.0,,,无
2001-04-09,52645.0,青海,野牛沟,38.41666666666666,99.58333333333331,3320.0,2001,4,9,0.3,normal,-12.8,-5.9,-14.8,0.58,0.46,679.2,681.6,672.1,1.5,,-14.36695529373521,Snow
2001-04-10,52645.0,青海,野牛沟,38.41666666666666,99.58333333333331,3320.0,2001,4,10,0.0,无,-11.1,-2.3,-18.9,0.37,0.16,684.1,686.0,681.6,3.6,,,无
2001-04-11,52645.0,青海,野牛沟,38.41666666666666,99.58333333333331,3320.0,2001,4,11,0.0,无,-8.0,3.8,-18.5,0.34,0.12,682.4,684.8,679.6,4.6,,,无
2001-04-12,52645.0,青海,野牛沟,38.41666666666666,99.58333333333331,3320.0,2001,4,12,0.0,无,-4.0,9.5,-16.0,0.32,0.03,677.8,680.5,673.8,7.2,,,无
2001-04-13,52645.0,青海,野牛沟,38.41666666666666,99.58333333333331,3320.0,2001,4,13,0.0,无,-3.9,5.8,-12.0,0.31,0.15,680.6,681.9,676.0,4.7,,,无
2001-04-14,52645.0,青海,野牛沟,38.41666666666666,99.58333333333331,3320.0,2001,4,14,0.0,无,-1.1,9.2,-10.1,0.34,0.17,683.5,685.2,681.8,4.6,,,无
2001-04-15,52645.0,青海,野牛沟,38.41666666666666,99.58333333333331,3320.0,2001,4,15,0.0,无,-1.6,11.7,-12.7,0.32,0.08,683.2,685.2,681.5,6.6,,,无
2001-04-16,52645.0,青海,野牛沟,38.41666666666666,99.58333333333331,3320.0,2001,4,16,0.0,无,1.2,12.7,-8.6,0.32,0.17,680.5,684.0,676.8,5.3,,,无
2001-04-17,52645.0,青海,野牛沟,38.41666666666666,99.58333333333331,3320.0,2001,4,17,0.0,无,2.5,15.1,-6.6,0.36,0.19,677.8,679.2,674.9,6.4,,,无
2001-04-18,52645.0,青海,野牛沟,38.41666666666666,99.58333333333331,3320.0,2001,4,18,0.0,无,2.7,16.9,-7.9,0.45,0.27,677.8,679.0,675.2,6.4,,,无
2001-04-19,52645.0,青海,野牛沟,38.41666666666666,99.58333333333331,3320.0,2001,4,19,9.3,normal,0.6,10.6,-4.2,0.73,0.35,678.8,681.0,674.9,2.7,,-1.3910181225081475,Snow
2001-04-20,52645.0,青海,野牛沟,38.41666666666666,99.58333333333331,3320.0,2001,4,20,2.5,normal,-1.1,8.2,-7.6,0.75,0.34,679.4,680.3,677.9,5.4,,-2.809270945882658,Snow
2001-04-21,52645.0,青海,野牛沟,38.41666666666666,99.58333333333331,3320.0,2001,4,21,0.0,无,3.0,12.5,-4.7,0.56,0.17,678.4,680.8,675.1,5.3,,,无
2001-04-22,52645.0,青海,野牛沟,38.41666666666666,99.58333333333331,3320.0,2001,4,22,0.0,无,1.0,8.6,-0.8,0.52,0.38,678.7,680.6,675.4,4.2,,,无
2001-04-23,52645.0,青海,野牛沟,38.41666666666666,99.58333333333331,3320.0,2001,4,23,0.0,无,-1.0,6.1,-6.6,0.65,0.34,681.5,682.5,679.4,2.7,,,无
2001-04-24,52645.0,青海,野牛沟,38.41666666666666,99.58333333333331,3320.0,2001,4,24,0.9,normal,-1.4,5.9,-8.4,0.54,0.29,679.3,681.4,677.1,3.4,,-4.569165358819807,Snow
2001-04-25,52645.0,青海,野牛沟,38.41666666666666,99.58333333333331,3320.0,2001,4,25,0.0,无,0.9,10.2,-7.0,0.52,0.09,677.4,678.8,675.5,5.8,,,无
2001-04-26,52645.0,青海,野牛沟,38.41666666666666,99.58333333333331,3320.0,2001,4,26,0.3,normal,2.6,10.8,-6.3,0.45,0.16,676.2,678.0,674.6,5.1,,-1.972658805602454,Snow
2001-04-27,52645.0,青海,野牛沟,38.41666666666666,99.58333333333331,3320.0,2001,4,27,0.0,无,1.4,7.1,-4.7,0.55,0.28,676.1,677.7,674.6,3.6,,,无
2001-04-28,52645.0,青海,野牛沟,38.41666666666666,99.58333333333331,3320.0,2001,4,28,0.0,无,2.4,11.1,-5.6,0.44,0.09,674.7,677.4,672.0,5.9,,,无
2001-04-29,52645.0,青海,野牛沟,38.41666666666666,99.58333333333331,3320.0,2001,4,29,1.9,normal,1.0,6.9,-4.1,0.4,0.12,679.3,683.0,673.3,7.6,,-3.6753787833007623,Snow
2001-04-30,52645.0,青海,野牛沟,38.41666666666666,99.58333333333331,3320.0,2001,4,30,0.0,无,-0.7,9.2,-10.4,0.38,0.15,683.8,685.3,681.4,5.8,,,无
2001-05-01,52645.0,青海,野牛沟,38.41666666666666,99.58333333333331,3320.0,2001,5,1,0.0,无,3.5,12.1,-4.3,0.24,0.1,679.9,682.2,677.6,7.5,,,无
2001-05-02,52645.0,青海,野牛沟,38.41666666666666,99.58333333333331,3320.0,2001,5,2,0.0,无,1.6,11.1,-6.4,0.39,0.16,679.1,681.0,676.2,6.7,,,无
2001-05-03,52645.0,青海,野牛沟,38.41666666666666,99.58333333333331,3320.0,2001,5,3,0.0,无,1.7,10.2,-4.8,0.44,0.04,681.2,682.7,677.5,6.2,,,无
2001-05-04,52645.0,青海,野牛沟,38.41666666666666,99.58333333333331,3320.0,2001,5,4,0.0,无,3.6,14.3,-6.6,0.41,0.08,680.9,682.8,678.5,6.7,,,无
2001-05-05,52645.0,青海,野牛沟,38.41666666666666,99.58333333333331,3320.0,2001,5,5,0.0,无,4.1,14.9,-5.5,0.47,0.19,679.3,680.5,676.1,6.9,,,无
2001-05-06,52645.0,青海,野牛沟,38.41666666666666,99.58333333333331,3320.0,2001,5,6,1.2,normal,-1.0,6.6,-2.7,0.69,0.34,682.0,683.3,678.0,2.3,,-3.1373549303596127,Snow
2001-05-07,52645.0,青海,野牛沟,38.41666666666666,99.58333333333331,3320.0,2001,5,7,0.2,normal,-1.6,6.9,-6.6,0.61,0.23,684.8,685.6,683.1,4.1,,-4.231972195504006,Snow
2001-05-08,52645.0,青海,野牛沟,38.41666666666666,99.58333333333331,3320.0,2001,5,8,0.0,无,-2.0,6.5,-8.9,0.64,0.33,683.3,685.6,681.0,3.7,,,无
2001-05-09,52645.0,青海,野牛沟,38.41666666666666,99.58333333333331,3320.0,2001,5,9,0.0,无,0.5,9.7,-8.6,0.53,0.15,682.7,683.8,681.0,5.3,,,无
2001-05-10,52645.0,青海,野牛沟,38.41666666666666,99.58333333333331,3320.0,2001,5,10,0.0,无,2.1,10.1,-6.5,0.52,0.17,683.1,683.8,681.9,5.3,,,无
2001-05-11,52645.0,青海,野牛沟,38.41666666666666,99.58333333333331,3320.0,2001,5,11,0.0,无,3.6,12.0,-6.5,0.45,0.21,685.3,686.5,683.8,6.7,,,无
2001-05-12,52645.0,青海,野牛沟,38.41666666666666,99.58333333333331,3320.0,2001,5,12,0.0,无,4.4,16.1,-6.1,0.42,0.16,684.2,686.2,680.4,7.0,,,无
2001-05-13,52645.0,青海,野牛沟,38.41666666666666,99.58333333333331,3320.0,2001,5,13,0.3,normal,3.7,11.8,-0.2,0.7,0.35,681.8,684.1,679.1,5.4,,1.1909665796525415,Snow
2001-05-14,52645.0,青海,野牛沟,38.41666666666666,99.58333333333331,3320.0,2001,5,14,3.2,normal,-0.2,4.9,-4.6,0.66,0.46,684.9,686.0,682.1,2.5,,-2.6300674192103246,Snow
2001-05-15,52645.0,青海,野牛沟,38.41666666666666,99.58333333333331,3320.0,2001,5,15,0.0,无,2.1,7.5,-1.5,0.55,0.38,685.5,687.4,684.3,4.3,,,无
2001-05-16,52645.0,青海,野牛沟,38.41666666666666,99.58333333333331,3320.0,2001,5,16,0.0,无,2.7,12.5,-3.7,0.46,0.17,684.8,686.5,682.1,6.1,,,无
2001-05-17,52645.0,青海,野牛沟,38.41666666666666,99.58333333333331,3320.0,2001,5,17,0.0,无,5.2,8.5,-0.8,0.29,0.21,686.6,687.7,683.0,6.6,,,无
2001-05-18,52645.0,青海,野牛沟,38.41666666666666,99.58333333333331,3320.0,2001,5,18,0.0,无,2.5,11.7,-5.7,0.48,0.21,685.2,688.2,682.8,5.7,,,无
2001-05-19,52645.0,青海,野牛沟,38.41666666666666,99.58333333333331,3320.0,2001,5,19,0.0,无,4.6,12.1,-3.6,0.45,0.2,683.6,685.4,681.7,5.5,,,无
2001-05-20,52645.0,青海,野牛沟,38.41666666666666,99.58333333333331,3320.0,2001,5,20,0.0,无,6.3,18.3,-5.6,0.39,0.16,681.4,683.6,678.1,8.3,,,无
2001-05-21,52645.0,青海,野牛沟,38.41666666666666,99.58333333333331,3320.0,2001,5,21,0.0,无,8.9,20.0,-3.4,0.43,0.19,679.0,680.9,676.2,9.7,,,无
2001-05-22,52645.0,青海,野牛沟,38.41666666666666,99.58333333333331,3320.0,2001,5,22,2.1,normal,5.7,14.6,2.8,0.67,0.32,678.7,680.0,677.0,4.5,,2.7068159638091727,Rain
2001-05-23,52645.0,青海,野牛沟,38.41666666666666,99.58333333333331,3320.0,2001,5,23,9.5,normal,1.7,8.7,-1.8,0.77,0.37,680.9,682.0,679.3,4.1,,-0.06331343998161376,Snow
2001-05-24,52645.0,青海,野牛沟,38.41666666666666,99.58333333333331,3320.0,2001,5,24,0.0,无,3.8,10.7,-1.3,0.57,0.24,681.1,682.5,679.7,5.7,,,无
2001-05-25,52645.0,青海,野牛沟,38.41666666666666,99.58333333333331,3320.0,2001,5,25,0.0,无,2.3,9.0,-3.7,0.54,0.35,682.5,683.4,680.9,5.3,,,无
2001-05-26,52645.0,青海,野牛沟,38.41666666666666,99.58333333333331,3320.0,2001,5,26,0.0,无,3.5,11.7,-2.2,0.54,0.34,684.5,685.3,683.0,6.3,,,无
2001-05-27,52645.0,青海,野牛沟,38.41666666666666,99.58333333333331,3320.0,2001,5,27,0.0,无,4.9,13.0,-1.0,0.56,0.15,685.7,687.2,683.6,6.5,,,无
2001-05-28,52645.0,青海,野牛沟,38.41666666666666,99.58333333333331,3320.0,2001,5,28,4.3,normal,2.1,8.1,-1.0,0.78,0.38,684.0,685.9,682.9,1.6,,0.39213731242945027,Snow
2001-05-29,52645.0,青海,野牛沟,38.41666666666666,99.58333333333331,3320.0,2001,5,29,0.0,无,2.4,9.0,-2.8,0.68,0.48,682.6,684.0,681.5,3.3,,,无
2001-05-30,52645.0,青海,野牛沟,38.41666666666666,99.58333333333331,3320.0,2001,5,30,5.1,normal,1.7,7.6,-1.6,0.79,0.42,684.1,685.3,682.0,3.4,,0.09768215642476097,Snow
2001-05-31,52645.0,青海,野牛沟,38.41666666666666,99.58333333333331,3320.0,2001,5,31,0.0,无,4.7,14.5,-4.2,0.55,0.18,683.8,685.5,681.3,6.1,,,无
2001-06-01,52645.0,青海,野牛沟,38.41666666666666,99.58333333333331,3320.0,2001,6,1,0.0,无,6.9,15.9,-3.0,0.49,0.21,683.2,684.8,681.4,7.6,,,无
2001-06-02,52645.0,青海,野牛沟,38.41666666666666,99.58333333333331,3320.0,2001,6,2,0.4,normal,7.0,13.9,0.7,0.62,0.25,685.0,685.7,682.3,5.8,,3.3749409006422004,Rain
2001-06-03,52645.0,青海,野牛沟,38.41666666666666,99.58333333333331,3320.0,2001,6,3,0.0,无,6.7,16.0,-3.5,0.54,0.19,684.9,686.2,683.2,6.7,,,无
2001-06-04,52645.0,青海,野牛沟,38.41666666666666,99.58333333333331,3320.0,2001,6,4,0.0,无,7.2,18.2,-2.6,0.53,0.27,683.2,685.0,680.0,8.4,,,无
2001-06-05,52645.0,青海,野牛沟,38.41666666666666,99.58333333333331,3320.0,2001,6,5,6.9,normal,3.7,11.4,1.5,0.84,0.5,682.1,683.5,681.4,2.2,,2.3875576345169636,Snow
2001-06-06,52645.0,青海,野牛沟,38.41666666666666,99.58333333333331,3320.0,2001,6,6,0.0,无,6.5,16.5,-0.4,0.63,0.25,681.4,683.3,678.8,6.0,,,无
2001-06-07,52645.0,青海,野牛沟,38.41666666666666,99.58333333333331,3320.0,2001,6,7,0.0,无,8.2,16.4,-0.5,0.51,0.22,679.3,679.9,678.1,7.1,,,无
2001-06-08,52645.0,青海,野牛沟,38.41666666666666,99.58333333333331,3320.0,2001,6,8,4.4,normal,7.5,14.3,3.4,0.6,0.29,678.9,679.7,677.9,4.6,,3.5876357773222933,Rain
2001-06-09,52645.0,青海,野牛沟,38.41666666666666,99.58333333333331,3320.0,2001,6,9,3.4,normal,6.5,13.7,0.9,0.69,0.4,682.5,684.4,679.6,5.6,,3.6231181646866917,Rain
2001-06-10,52645.0,青海,野牛沟,38.41666666666666,99.58333333333331,3320.0,2001,6,10,1.7,normal,6.3,14.6,2.6,0.79,0.33,684.9,686.4,682.6,4.4,,4.398329712727995,Rain
2001-06-11,52645.0,青海,野牛沟,38.41666666666666,99.58333333333331,3320.0,2001,6,11,0.0,无,7.8,16.3,-0.6,0.54,0.15,685.4,686.2,684.1,7.8,,,无
2001-06-12,52645.0,青海,野牛沟,38.41666666666666,99.58333333333331,3320.0,2001,6,12,0.0,无,8.7,17.1,-2.0,0.55,0.24,685.6,687.1,683.7,8.8,,,无
2001-06-13,52645.0,青海,野牛沟,38.41666666666666,99.58333333333331,3320.0,2001,6,13,0.0,无,9.3,21.2,-2.7,0.45,0.16,682.3,684.2,679.3,9.3,,,无
2001-06-14,52645.0,青海,野牛沟,38.41666666666666,99.58333333333331,3320.0,2001,6,14,0.0,无,9.2,18.5,-0.3,0.47,0.13,679.7,682.0,676.6,10.8,,,无
2001-06-15,52645.0,青海,野牛沟,38.41666666666666,99.58333333333331,3320.0,2001,6,15,0.0,无,7.2,14.4,2.8,0.55,0.3,678.8,679.6,677.2,6.2,,,无
2001-06-16,52645.0,青海,野牛沟,38.41666666666666,99.58333333333331,3320.0,2001,6,16,0.0,无,6.6,14.9,-1.9,0.56,0.28,679.2,680.2,677.2,6.2,,,无
2001-06-17,52645.0,青海,野牛沟,38.41666666666666,99.58333333333331,3320.0,2001,6,17,0.0,无,8.6,16.4,-0.6,0.5,0.26,679.6,680.6,677.7,7.8,,,无
2001-06-18,52645.0,青海,野牛沟,38.41666666666666,99.58333333333331,3320.0,2001,6,18,0.0,无,8.9,18.7,-2.7,0.48,0.25,680.2,681.5,678.3,9.1,,,无
2001-06-19,52645.0,青海,野牛沟,38.41666666666666,99.58333333333331,3320.0,2001,6,19,2.6,normal,8.5,15.3,3.3,0.59,0.29,682.6,684.1,679.4,6.1,,4.351710627191836,Rain
2001-06-20,52645.0,青海,野牛沟,38.41666666666666,99.58333333333331,3320.0,2001,6,20,0.0,无,7.4,15.7,-2.3,0.53,0.28,684.6,685.6,682.4,6.3,,,无
2001-06-21,52645.0,青海,野牛沟,38.41666666666666,99.58333333333331,3320.0,2001,6,21,0.0,无,8.5,17.5,-3.1,0.49,0.25,684.2,685.9,682.0,7.3,,,无
2001-06-22,52645.0,青海,野牛沟,38.41666666666666,99.58333333333331,3320.0,2001,6,22,0.0,无,9.7,19.9,-2.4,0.43,0.23,682.6,684.5,680.3,8.9,,,无
2001-06-23,52645.0,青海,野牛沟,38.41666666666666,99.58333333333331,3320.0,2001,6,23,0.0,无,11.4,21.3,-1.1,0.44,0.2,681.2,682.5,679.0,9.0,,,无
2001-06-24,52645.0,青海,野牛沟,38.41666666666666,99.58333333333331,3320.0,2001,6,24,0.0,无,11.9,23.1,-0.4,0.43,0.09,680.9,682.9,678.9,10.3,,,无
2001-06-25,52645.0,青海,野牛沟,38.41666666666666,99.58333333333331,3320.0,2001,6,25,0.0,无,11.9,19.8,5.1,0.45,0.25,680.9,682.2,678.8,7.8,,,无
2001-06-26,52645.0,青海,野牛沟,38.41666666666666,99.58333333333331,3320.0,2001,6,26,7.5,normal,7.9,15.2,5.9,0.86,0.47,682.2,683.2,680.7,3.7,,6.5755489301634595,Rain
2001-06-27,52645.0,青海,野牛沟,38.41666666666666,99.58333333333331,3320.0,2001,6,27,3.4,normal,8.0,12.4,5.8,0.79,0.58,682.3,683.9,680.8,3.4,,5.982995521312735,Rain
2001-06-28,52645.0,青海,野牛沟,38.41666666666666,99.58333333333331,3320.0,2001,6,28,4.7,normal,7.5,14.6,2.3,0.74,0.34,683.9,685.4,681.4,5.8,,5.025267637037296,Rain
2001-06-29,52645.0,青海,野牛沟,38.41666666666666,99.58333333333331,3320.0,2001,6,29,0.5,normal,7.4,16.4,-0.5,0.66,0.26,683.6,685.1,681.9,5.2,,4.130079088606293,Rain
2001-06-30,52645.0,青海,野牛沟,38.41666666666666,99.58333333333331,3320.0,2001,6,30,0.6,normal,10.1,17.5,1.3,0.58,0.29,681.4,683.7,679.5,6.6,,5.60652062555588,Rain
2001-07-01,52645.0,青海,野牛沟,38.41666666666666,99.58333333333331,3320.0,2001,7,1,1.4,normal,7.0,15.6,0.2,0.61,0.29,682.7,683.6,680.1,4.6,,3.2676476881161642,Rain
2001-07-02,52645.0,青海,野牛沟,38.41666666666666,99.58333333333331,3320.0,2001,7,2,1.3,normal,8.0,15.3,1.1,0.61,0.24,683.3,684.8,681.1,6.1,,4.136638544747098,Rain
2001-07-03,52645.0,青海,野牛沟,38.41666666666666,99.58333333333331,3320.0,2001,7,3,0.0,无,10.0,21.9,-2.9,0.46,0.16,682.5,684.4,679.9,8.4,,,无
2001-07-04,52645.0,青海,野牛沟,38.41666666666666,99.58333333333331,3320.0,2001,7,4,0.0,无,12.5,24.4,1.0,0.52,0.17,680.2,681.9,677.8,9.0,,,无
2001-07-05,52645.0,青海,野牛沟,38.41666666666666,99.58333333333331,3320.0,2001,7,5,0.8,normal,13.8,24.4,7.0,0.56,0.25,679.3,680.3,676.4,7.7,,8.495092310601425,Rain
2001-07-06,52645.0,青海,野牛沟,38.41666666666666,99.58333333333331,3320.0,2001,7,6,16.2,normal,11.3,18.5,7.8,0.79,0.54,682.1,683.7,679.5,7.9,,9.065234925815219,Rain
2001-07-07,52645.0,青海,野牛沟,38.41666666666666,99.58333333333331,3320.0,2001,7,7,0.4,normal,11.8,18.1,7.8,0.77,0.56,684.6,685.8,682.5,4.7,,9.309551684571357,Rain
2001-07-08,52645.0,青海,野牛沟,38.41666666666666,99.58333333333331,3320.0,2001,7,8,5.5,normal,11.6,18.0,8.0,0.75,0.41,683.9,684.6,682.1,3.5,,8.896740725123454,Rain
2001-07-09,52645.0,青海,野牛沟,38.41666666666666,99.58333333333331,3320.0,2001,7,9,2.1,normal,7.5,10.5,4.8,0.72,0.47,685.5,686.3,684.3,2.0,,4.82852013653114,Rain
2001-07-10,52645.0,青海,野牛沟,38.41666666666666,99.58333333333331,3320.0,2001,7,10,0.6,normal,10.6,18.2,5.4,0.61,0.27,684.2,685.6,683.0,6.2,,6.392471156731303,Rain
2001-07-11,52645.0,青海,野牛沟,38.41666666666666,99.58333333333331,3320.0,2001,7,11,2.7,normal,8.4,16.8,0.1,0.68,0.31,684.2,685.8,682.6,4.9,,5.228514558949002,Rain
2001-07-12,52645.0,青海,野牛沟,38.41666666666666,99.58333333333331,3320.0,2001,7,12,0.0,无,11.5,22.0,1.0,0.58,0.21,682.8,684.5,680.4,7.4,,,无
2001-07-13,52645.0,青海,野牛沟,38.41666666666666,99.58333333333331,3320.0,2001,7,13,0.0,无,13.2,23.8,1.0,0.51,0.13,681.4,683.1,679.6,8.7,,,无
2001-07-14,52645.0,青海,野牛沟,38.41666666666666,99.58333333333331,3320.0,2001,7,14,0.8,normal,11.6,22.6,2.3,0.57,0.23,681.3,683.0,679.5,7.2,,6.764589043298597,Rain
2001-07-15,52645.0,青海,野牛沟,38.41666666666666,99.58333333333331,3320.0,2001,7,15,7.4,normal,10.5,20.1,3.6,0.72,0.36,681.5,682.9,678.6,5.7,,7.549404181615018,Rain
2001-07-16,52645.0,青海,野牛沟,38.41666666666666,99.58333333333331,3320.0,2001,7,16,7.9,normal,9.9,12.3,8.4,0.82,0.7,681.3,682.2,680.2,2.9,,8.07296365940212,Rain
2001-07-17,52645.0,青海,野牛沟,38.41666666666666,99.58333333333331,3320.0,2001,7,17,3.0,normal,11.4,17.4,8.5,0.82,0.59,679.8,681.2,678.3,3.3,,9.48807493787887,Rain
2001-07-18,52645.0,青海,野牛沟,38.41666666666666,99.58333333333331,3320.0,2001,7,18,16.3,normal,11.6,16.5,8.6,0.76,0.49,679.9,680.5,678.5,5.7,,9.004611086304934,Rain
2001-07-19,52645.0,青海,野牛沟,38.41666666666666,99.58333333333331,3320.0,2001,7,19,2.1,normal,10.3,15.2,8.4,0.8,0.47,682.5,683.1,680.5,2.9,,8.238700376645745,Rain
2001-07-20,52645.0,青海,野牛沟,38.41666666666666,99.58333333333331,3320.0,2001,7,20,1.3,normal,11.2,19.0,2.6,0.61,0.29,683.6,684.9,682.0,7.2,,6.910840405074796,Rain
2001-07-21,52645.0,青海,野牛沟,38.41666666666666,99.58333333333331,3320.0,2001,7,21,3.3,normal,10.7,17.7,3.0,0.65,0.36,683.1,683.9,682.1,5.4,,6.940146101383591,Rain
2001-07-22,52645.0,青海,野牛沟,38.41666666666666,99.58333333333331,3320.0,2001,7,22,1.2,normal,10.5,21.4,1.0,0.67,0.27,682.4,683.6,680.0,6.7,,6.989734046066682,Rain
2001-07-23,52645.0,青海,野牛沟,38.41666666666666,99.58333333333331,3320.0,2001,7,23,3.3,normal,8.9,17.2,4.0,0.82,0.47,682.5,683.4,679.6,3.9,,7.129960620891951,Rain
2001-07-24,52645.0,青海,野牛沟,38.41666666666666,99.58333333333331,3320.0,2001,7,24,0.6,normal,10.3,18.8,5.4,0.72,0.32,681.9,683.8,678.8,5.5,,7.368230444522523,Rain
2001-07-25,52645.0,青海,野牛沟,38.41666666666666,99.58333333333331,3320.0,2001,7,25,2.0,normal,8.7,17.4,2.4,0.75,0.44,682.3,683.9,680.1,5.6,,6.226127627013809,Rain
2001-07-26,52645.0,青海,野牛沟,38.41666666666666,99.58333333333331,3320.0,2001,7,26,10.8,normal,9.2,13.8,5.4,0.76,0.53,682.9,684.1,682.2,4.8,,6.7919493624185145,Rain
2001-07-27,52645.0,青海,野牛沟,38.41666666666666,99.58333333333331,3320.0,2001,7,27,0.8,normal,10.4,15.0,6.5,0.66,0.4,683.1,684.1,682.0,4.7,,6.788976776932416,Rain
2001-07-28,52645.0,青海,野牛沟,38.41666666666666,99.58333333333331,3320.0,2001,7,28,3.2,normal,9.4,17.5,3.0,0.69,0.37,682.7,684.8,680.5,7.1,,6.228322284876522,Rain
2001-07-29,52645.0,青海,野牛沟,38.41666666666666,99.58333333333331,3320.0,2001,7,29,1.0,normal,11.4,21.7,2.3,0.63,0.19,681.6,683.1,679.8,7.2,,7.3179139277026595,Rain
2001-07-30,52645.0,青海,野牛沟,38.41666666666666,99.58333333333331,3320.0,2001,7,30,0.0,无,12.8,22.7,3.2,0.63,0.28,681.6,682.9,680.2,8.1,,,无
2001-07-31,52645.0,青海,野牛沟,38.41666666666666,99.58333333333331,3320.0,2001,7,31,0.0,无,14.1,23.2,4.6,0.6,0.22,682.5,683.8,680.8,8.3,,,无
2001-08-01,52645.0,青海,野牛沟,38.41666666666666,99.58333333333331,3320.0,2001,8,1,0.0,无,14.0,22.5,6.4,0.64,0.34,683.4,684.8,681.8,7.8,,,无
2001-08-02,52645.0,青海,野牛沟,38.41666666666666,99.58333333333331,3320.0,2001,8,2,0.0,无,14.9,22.9,7.6,0.61,0.34,683.5,684.1,681.7,8.6,,,无
2001-08-03,52645.0,青海,野牛沟,38.41666666666666,99.58333333333331,3320.0,2001,8,3,0.0,无,14.7,21.5,7.0,0.61,0.39,684.1,685.2,682.9,7.7,,,无
2001-08-04,52645.0,青海,野牛沟,38.41666666666666,99.58333333333331,3320.0,2001,8,4,5.7,normal,10.1,17.9,8.9,0.88,0.5,686.7,687.6,683.7,1.2,,8.891811164217124,Rain
2001-08-05,52645.0,青海,野牛沟,38.41666666666666,99.58333333333331,3320.0,2001,8,5,1.2,normal,10.9,19.2,5.2,0.71,0.36,687.0,688.5,685.3,6.3,,7.80974373764979,Rain
2001-08-06,52645.0,青海,野牛沟,38.41666666666666,99.58333333333331,3320.0,2001,8,6,0.9,normal,9.3,15.6,5.9,0.79,0.42,686.7,687.1,685.6,1.9,,7.202460968914699,Rain
2001-08-07,52645.0,青海,野牛沟,38.41666666666666,99.58333333333331,3320.0,2001,8,7,1.5,normal,9.6,14.6,6.6,0.79,0.48,687.5,688.1,686.1,3.9,,7.483624366962238,Rain
2001-08-08,52645.0,青海,野牛沟,38.41666666666666,99.58333333333331,3320.0,2001,8,8,0.0,无,9.5,17.0,0.5,0.65,0.39,686.5,687.8,684.9,4.5,,,无
2001-08-09,52645.0,青海,野牛沟,38.41666666666666,99.58333333333331,3320.0,2001,8,9,0.3,normal,10.1,21.0,0.3,0.6,0.23,686.7,687.9,685.2,6.9,,5.8510360492278,Rain
2001-08-10,52645.0,青海,野牛沟,38.41666666666666,99.58333333333331,3320.0,2001,8,10,0.0,无,11.1,20.7,1.4,0.58,0.3,686.7,687.6,685.0,6.2,,,无
2001-08-11,52645.0,青海,野牛沟,38.41666666666666,99.58333333333331,3320.0,2001,8,11,0.1,normal,9.8,20.9,0.8,0.65,0.31,686.2,687.3,684.1,6.6,,6.1525778521904195,Rain
2001-08-12,52645.0,青海,野牛沟,38.41666666666666,99.58333333333331,3320.0,2001,8,12,11.5,normal,10.2,17.2,4.8,0.71,0.36,686.4,687.9,684.8,6.5,,7.174853299700632,Rain
2001-08-13,52645.0,青海,野牛沟,38.41666666666666,99.58333333333331,3320.0,2001,8,13,0.0,无,10.2,20.4,0.6,0.64,0.21,685.6,686.8,683.7,6.2,,,无
2001-08-14,52645.0,青海,野牛沟,38.41666666666666,99.58333333333331,3320.0,2001,8,14,0.0,无,11.9,23.5,1.2,0.56,0.19,683.6,685.1,681.1,7.8,,,无
2001-08-15,52645.0,青海,野牛沟,38.41666666666666,99.58333333333331,3320.0,2001,8,15,2.1,normal,9.9,19.5,3.4,0.71,0.34,682.4,683.4,680.8,4.7,,6.89626675314202,Rain
2001-08-16,52645.0,青海,野牛沟,38.41666666666666,99.58333333333331,3320.0,2001,8,16,2.3,normal,8.6,12.8,6.7,0.82,0.63,683.2,683.8,681.7,2.9,,6.84742612728614,Rain
2001-08-17,52645.0,青海,野牛沟,38.41666666666666,99.58333333333331,3320.0,2001,8,17,8.7,normal,8.5,12.7,5.9,0.81,0.58,681.9,684.3,680.6,3.1,,6.651311033714804,Rain
2001-08-18,52645.0,青海,野牛沟,38.41666666666666,99.58333333333331,3320.0,2001,8,18,0.7,normal,7.4,10.2,5.3,0.77,0.54,683.8,685.1,680.7,2.1,,5.229029404006602,Rain
2001-08-19,52645.0,青海,野牛沟,38.41666666666666,99.58333333333331,3320.0,2001,8,19,0.0,无,6.6,17.5,-2.1,0.7,0.24,685.8,687.3,683.9,5.2,,,无
2001-08-20,52645.0,青海,野牛沟,38.41666666666666,99.58333333333331,3320.0,2001,8,20,0.0,无,8.1,17.7,-1.2,0.64,0.27,685.4,686.5,684.0,5.5,,,无
2001-08-21,52645.0,青海,野牛沟,38.41666666666666,99.58333333333331,3320.0,2001,8,21,0.8,normal,7.6,18.0,-0.1,0.71,0.25,686.1,687.0,684.2,5.4,,4.820019831642246,Rain
2001-08-22,52645.0,青海,野牛沟,38.41666666666666,99.58333333333331,3320.0,2001,8,22,10.9,normal,6.9,15.3,1.3,0.72,0.39,684.6,687.7,681.3,5.9,,4.28139774949257,Rain
2001-08-23,52645.0,青海,野牛沟,38.41666666666666,99.58333333333331,3320.0,2001,8,23,1.5,normal,6.7,14.1,1.0,0.77,0.48,682.6,684.1,680.9,4.5,,4.578445751548501,Rain
2001-08-24,52645.0,青海,野牛沟,38.41666666666666,99.58333333333331,3320.0,2001,8,24,0.0,无,6.7,17.0,-2.3,0.64,0.27,683.0,684.4,681.2,5.4,,,无
2001-08-25,52645.0,青海,野牛沟,38.41666666666666,99.58333333333331,3320.0,2001,8,25,0.1,normal,6.9,13.1,0.8,0.72,0.36,683.5,684.2,681.6,3.3,,4.279565665847502,Rain
2001-08-26,52645.0,青海,野牛沟,38.41666666666666,99.58333333333331,3320.0,2001,8,26,1.5,normal,8.4,15.1,5.5,0.74,0.34,683.4,684.8,682.1,4.5,,5.849307727788031,Rain
2001-08-27,52645.0,青海,野牛沟,38.41666666666666,99.58333333333331,3320.0,2001,8,27,0.6,normal,7.6,16.0,1.1,0.68,0.29,682.6,684.0,679.9,4.5,,4.5098578967315595,Rain
2001-08-28,52645.0,青海,野牛沟,38.41666666666666,99.58333333333331,3320.0,2001,8,28,0.1,normal,7.0,17.5,-2.0,0.66,0.24,681.4,682.8,679.3,5.7,,3.7706395050275754,Rain
2001-08-29,52645.0,青海,野牛沟,38.41666666666666,99.58333333333331,3320.0,2001,8,29,2.5,normal,5.5,14.5,-1.3,0.77,0.43,682.0,682.7,679.9,3.5,,3.4649267067040013,Rain
2001-08-30,52645.0,青海,野牛沟,38.41666666666666,99.58333333333331,3320.0,2001,8,30,8.4,normal,6.5,12.3,2.0,0.74,0.46,682.7,683.7,681.6,3.8,,4.106843559559716,Rain
2001-08-31,52645.0,青海,野牛沟,38.41666666666666,99.58333333333331,3320.0,2001,8,31,0.0,无,6.4,16.5,-2.2,0.68,0.26,683.5,684.9,681.0,5.0,,,无
2001-09-01,52645.0,青海,野牛沟,38.41666666666666,99.58333333333331,3320.0,2001,9,1,0.6,normal,9.3,16.2,6.1,0.75,0.38,683.0,683.5,681.8,4.0,,6.779147541547075,Rain
2001-09-02,52645.0,青海,野牛沟,38.41666666666666,99.58333333333331,3320.0,2001,9,2,16.0,normal,5.1,8.7,1.5,0.85,0.62,685.5,686.5,683.5,2.0,,3.8100039400445906,Rain
2001-09-03,52645.0,青海,野牛沟,38.41666666666666,99.58333333333331,3320.0,2001,9,3,0.1,normal,4.9,14.2,-1.0,0.76,0.36,686.7,688.2,684.8,5.1,,2.8253252515166194,Rain
2001-09-04,52645.0,青海,野牛沟,38.41666666666666,99.58333333333331,3320.0,2001,9,4,0.0,无,6.4,15.1,-0.7,0.68,0.36,685.2,686.4,683.3,4.8,,,无
2001-09-05,52645.0,青海,野牛沟,38.41666666666666,99.58333333333331,3320.0,2001,9,5,0.0,无,7.1,17.6,-1.9,0.68,0.29,683.2,684.8,680.4,5.3,,,无
2001-09-06,52645.0,青海,野牛沟,38.41666666666666,99.58333333333331,3320.0,2001,9,6,15.4,normal,4.7,12.3,1.8,0.89,0.53,681.4,682.1,680.4,1.5,,3.770294640798304,Rain
2001-09-07,52645.0,青海,野牛沟,38.41666666666666,99.58333333333331,3320.0,2001,9,7,1.4,normal,5.0,12.4,1.4,0.77,0.42,685.4,686.3,682.1,3.5,,3.0057092692467835,Rain
2001-09-08,52645.0,青海,野牛沟,38.41666666666666,99.58333333333331,3320.0,2001,9,8,0.1,normal,5.7,14.2,0.5,0.81,0.33,687.2,688.8,685.0,3.9,,4.022796519038274,Rain
2001-09-09,52645.0,青海,野牛沟,38.41666666666666,99.58333333333331,3320.0,2001,9,9,6.3,normal,7.0,12.1,2.5,0.74,0.54,686.0,687.6,683.4,4.3,,4.570210165718067,Rain
2001-09-10,52645.0,青海,野牛沟,38.41666666666666,99.58333333333331,3320.0,2001,9,10,0.0,无,5.9,15.1,-0.7,0.72,0.35,683.6,685.9,680.5,3.8,,,无
2001-09-11,52645.0,青海,野牛沟,38.41666666666666,99.58333333333331,3320.0,2001,9,11,1.3,normal,6.5,12.4,3.7,0.81,0.58,683.0,684.4,680.7,2.3,,4.770956237964303,Rain
2001-09-12,52645.0,青海,野牛沟,38.41666666666666,99.58333333333331,3320.0,2001,9,12,5.9,normal,7.0,15.3,2.4,0.8,0.52,683.7,685.7,681.8,4.3,,5.146567462521197,Rain
2001-09-13,52645.0,青海,野牛沟,38.41666666666666,99.58333333333331,3320.0,2001,9,13,4.9,normal,7.3,16.4,2.4,0.82,0.51,680.1,682.8,675.5,3.7,,5.6169004641171005,Rain
2001-09-14,52645.0,青海,野牛沟,38.41666666666666,99.58333333333331,3320.0,2001,9,14,4.6,normal,8.3,17.1,2.6,0.84,0.42,682.1,683.7,679.5,5.6,,6.761409055522036,Rain
2001-09-15,52645.0,青海,野牛沟,38.41666666666666,99.58333333333331,3320.0,2001,9,15,5.0,normal,8.6,16.9,4.0,0.82,0.6,682.4,685.3,679.5,3.4,,6.846611437884129,Rain
2001-09-16,52645.0,青海,野牛沟,38.41666666666666,99.58333333333331,3320.0,2001,9,16,2.5,normal,6.2,10.7,2.5,0.85,0.67,686.4,687.7,684.6,2.6,,4.860232714415438,Rain
2001-09-17,52645.0,青海,野牛沟,38.41666666666666,99.58333333333331,3320.0,2001,9,17,10.7,normal,7.1,13.7,2.0,0.81,0.56,684.0,686.0,681.2,4.4,,5.336512357942271,Rain
2001-09-18,52645.0,青海,野牛沟,38.41666666666666,99.58333333333331,3320.0,2001,9,18,19.8,normal,4.2,10.0,1.8,0.92,0.67,681.3,683.4,680.1,2.3,,3.538608564899346,Snow
2001-09-19,52645.0,青海,野牛沟,38.41666666666666,99.58333333333331,3320.0,2001,9,19,0.0,无,6.7,13.0,2.5,0.76,0.35,682.7,684.2,681.0,4.4,,,无
2001-09-20,52645.0,青海,野牛沟,38.41666666666666,99.58333333333331,3320.0,2001,9,20,0.0,无,6.0,15.4,-1.0,0.79,0.32,684.2,685.0,682.4,3.2,,,无
2001-09-21,52645.0,青海,野牛沟,38.41666666666666,99.58333333333331,3320.0,2001,9,21,0.0,无,7.7,17.9,-1.2,0.71,0.29,684.2,686.1,681.3,4.6,,,无
2001-09-22,52645.0,青海,野牛沟,38.41666666666666,99.58333333333331,3320.0,2001,9,22,0.9,normal,6.8,12.4,3.3,0.8,0.55,683.9,685.0,681.5,1.7,,4.959313770572504,Rain
2001-09-23,52645.0,青海,野牛沟,38.41666666666666,99.58333333333331,3320.0,2001,9,23,0.9,normal,5.6,9.5,3.9,0.78,0.69,685.8,686.8,684.8,1.8,,3.654253957810014,Rain
2001-09-24,52645.0,青海,野牛沟,38.41666666666666,99.58333333333331,3320.0,2001,9,24,0.0,无,5.4,14.3,-1.7,0.77,0.38,686.1,687.6,683.3,3.8,,,无
2001-09-25,52645.0,青海,野牛沟,38.41666666666666,99.58333333333331,3320.0,2001,9,25,0.7,normal,6.1,13.6,0.0,0.76,0.44,683.9,686.0,681.3,3.9,,3.9301929659607504,Rain
2001-09-26,52645.0,青海,野牛沟,38.41666666666666,99.58333333333331,3320.0,2001,9,26,0.5,normal,6.5,12.5,1.7,0.77,0.49,683.6,684.6,681.7,3.1,,4.394346433358298,Rain
2001-09-27,52645.0,青海,野牛沟,38.41666666666666,99.58333333333331,3320.0,2001,9,27,5.8,normal,3.7,8.2,0.6,0.89,0.58,683.9,684.8,681.5,1.8,,2.8048744868321718,Snow
2001-09-28,52645.0,青海,野牛沟,38.41666666666666,99.58333333333331,3320.0,2001,9,28,5.1,normal,1.7,4.1,-0.5,0.94,0.82,685.7,686.4,684.3,0.9,,1.2508648703315073,Snow
2001-09-29,52645.0,青海,野牛沟,38.41666666666666,99.58333333333331,3320.0,2001,9,29,0.6,normal,1.1,7.4,-3.0,0.75,0.35,687.7,689.0,686.4,2.8,,-0.7653129488691723,Snow
2001-09-30,52645.0,青海,野牛沟,38.41666666666666,99.58333333333331,3320.0,2001,9,30,0.0,无,1.6,12.4,-5.6,0.64,0.16,685.9,688.0,683.2,3.2,,,无
2001-10-01,52645.0,青海,野牛沟,38.41666666666666,99.58333333333331,3320.0,2001,10,1,0.5,normal,0.6,9.5,-4.8,0.77,0.33,684.5,686.1,683.2,2.9,,-1.0810580444480555,Snow
2001-10-02,52645.0,青海,野牛沟,38.41666666666666,99.58333333333331,3320.0,2001,10,2,0.5,normal,-1.5,3.3,-3.5,0.77,0.39,686.7,687.7,685.4,1.8,,-3.032850839708945,Snow
2001-10-03,52645.0,青海,野牛沟,38.41666666666666,99.58333333333331,3320.0,2001,10,3,0.0,无,-0.7,11.1,-8.4,0.63,0.08,686.4,688.7,683.8,3.5,,,无
2001-10-04,52645.0,青海,野牛沟,38.41666666666666,99.58333333333331,3320.0,2001,10,4,0.0,无,1.1,12.3,-7.1,0.57,0.18,682.6,685.1,679.8,2.8,,,无
2001-10-05,52645.0,青海,野牛沟,38.41666666666666,99.58333333333331,3320.0,2001,10,5,0.0,无,0.9,10.3,-5.0,0.7,0.35,680.5,681.6,677.8,2.2,,,无
2001-10-06,52645.0,青海,野牛沟,38.41666666666666,99.58333333333331,3320.0,2001,10,6,0.0,无,1.7,10.6,-4.5,0.65,0.27,681.5,682.5,680.0,3.1,,,无
2001-10-07,52645.0,青海,野牛沟,38.41666666666666,99.58333333333331,3320.0,2001,10,7,0.0,无,0.6,9.4,-6.1,0.61,0.27,683.5,684.4,681.0,2.5,,,无
2001-10-08,52645.0,青海,野牛沟,38.41666666666666,99.58333333333331,3320.0,2001,10,8,0.0,无,1.3,11.5,-6.7,0.45,0.05,686.3,688.4,683.7,4.9,,,无
2001-10-09,52645.0,青海,野牛沟,38.41666666666666,99.58333333333331,3320.0,2001,10,9,0.0,无,1.0,13.6,-8.3,0.56,0.1,684.2,687.1,681.0,3.8,,,无
2001-10-10,52645.0,青海,野牛沟,38.41666666666666,99.58333333333331,3320.0,2001,10,10,0.0,无,3.8,14.4,-3.7,0.55,0.25,682.3,683.9,680.1,3.6,,,无
2001-10-11,52645.0,青海,野牛沟,38.41666666666666,99.58333333333331,3320.0,2001,10,11,0.6,normal,2.2,10.7,-2.2,0.71,0.43,680.9,682.5,678.2,2.0,,-0.08530026698542859,Snow
2001-10-12,52645.0,青海,野牛沟,38.41666666666666,99.58333333333331,3320.0,2001,10,12,1.0,normal,3.8,9.7,0.4,0.79,0.51,682.6,684.2,680.1,2.8,,2.059701353356602,Snow
2001-10-13,52645.0,青海,野牛沟,38.41666666666666,99.58333333333331,3320.0,2001,10,13,0.2,normal,3.3,10.0,1.4,0.81,0.42,680.4,683.1,678.1,2.6,,1.7567036639790912,Snow
2001-10-14,52645.0,青海,野牛沟,38.41666666666666,99.58333333333331,3320.0,2001,10,14,0.0,无,-0.4,7.6,-4.9,0.57,0.09,681.8,683.2,680.4,3.4,,,无
2001-10-15,52645.0,青海,野牛沟,38.41666666666666,99.58333333333331,3320.0,2001,10,15,0.0,无,-2.1,7.4,-9.6,0.65,0.18,684.8,686.6,682.0,2.3,,,无
2001-10-16,52645.0,青海,野牛沟,38.41666666666666,99.58333333333331,3320.0,2001,10,16,0.0,无,-1.8,8.3,-9.0,0.59,0.12,685.9,687.2,683.6,2.6,,,无
2001-10-17,52645.0,青海,野牛沟,38.41666666666666,99.58333333333331,3320.0,2001,10,17,0.0,无,-2.1,8.2,-10.1,0.58,0.11,683.5,685.4,681.0,2.9,,,无
2001-10-18,52645.0,青海,野牛沟,38.41666666666666,99.58333333333331,3320.0,2001,10,18,0.0,无,-1.6,8.5,-8.7,0.63,0.32,681.9,683.2,679.9,1.9,,,无
2001-10-19,52645.0,青海,野牛沟,38.41666666666666,99.58333333333331,3320.0,2001,10,19,0.0,无,-0.6,9.8,-9.1,0.57,0.09,683.8,685.5,681.2,3.4,,,无
2001-10-20,52645.0,青海,野牛沟,38.41666666666666,99.58333333333331,3320.0,2001,10,20,0.0,无,-1.3,7.9,-9.4,0.53,0.24,684.9,686.1,682.7,2.6,,,无
2001-10-21,52645.0,青海,野牛沟,38.41666666666666,99.58333333333331,3320.0,2001,10,21,0.0,无,-0.9,11.1,-10.1,0.57,0.1,684.8,686.0,682.9,3.2,,,无
2001-10-22,52645.0,青海,野牛沟,38.41666666666666,99.58333333333331,3320.0,2001,10,22,0.0,无,-0.1,10.7,-8.5,0.53,0.12,685.3,686.7,683.9,2.9,,,无
2001-10-23,52645.0,青海,野牛沟,38.41666666666666,99.58333333333331,3320.0,2001,10,23,0.0,无,0.1,10.7,-9.5,0.53,0.15,685.7,687.0,683.6,2.7,,,无
2001-10-24,52645.0,青海,野牛沟,38.41666666666666,99.58333333333331,3320.0,2001,10,24,0.0,无,0.6,9.0,-7.8,0.57,0.21,684.7,686.2,682.2,2.5,,,无
2001-10-25,52645.0,青海,野牛沟,38.41666666666666,99.58333333333331,3320.0,2001,10,25,0.0,无,-0.4,10.7,-9.8,0.54,0.13,684.2,686.0,682.1,3.3,,,无
2001-10-26,52645.0,青海,野牛沟,38.41666666666666,99.58333333333331,3320.0,2001,10,26,0.0,无,-0.8,4.8,-7.3,0.69,0.33,684.9,687.4,683.2,1.8,,,无
2001-10-27,52645.0,青海,野牛沟,38.41666666666666,99.58333333333331,3320.0,2001,10,27,0.0,无,-3.8,8.0,-11.6,0.61,0.11,688.7,691.0,686.5,2.3,,,无
2001-10-28,52645.0,青海,野牛沟,38.41666666666666,99.58333333333331,3320.0,2001,10,28,0.0,无,-4.0,8.2,-13.2,0.55,0.06,685.2,687.8,682.2,2.5,,,无
2001-10-29,52645.0,青海,野牛沟,38.41666666666666,99.58333333333331,3320.0,2001,10,29,0.0,无,-3.7,10.3,-13.9,0.59,0.1,681.8,684.0,679.1,2.4,,,无
2001-10-30,52645.0,青海,野牛沟,38.41666666666666,99.58333333333331,3320.0,2001,10,30,0.0,无,-2.1,4.4,-5.6,0.57,0.24,681.2,682.3,679.5,2.5,,,无
2001-10-31,52645.0,青海,野牛沟,38.41666666666666,99.58333333333331,3320.0,2001,10,31,0.0,无,-4.8,7.4,-12.8,0.67,0.14,682.3,684.1,680.0,2.6,,,无
2001-11-01,52645.0,青海,野牛沟,38.41666666666666,99.58333333333331,3320.0,2001,11,1,0.0,无,-5.6,6.3,-12.5,0.62,0.27,681.4,683.1,679.7,1.8,,,无
2001-11-02,52645.0,青海,野牛沟,38.41666666666666,99.58333333333331,3320.0,2001,11,2,0.0,无,-3.3,8.0,-12.3,0.64,0.18,680.5,682.9,678.8,2.2,,,无
2001-11-03,52645.0,青海,野牛沟,38.41666666666666,99.58333333333331,3320.0,2001,11,3,1.6,normal,-4.7,3.3,-9.5,0.69,0.32,681.1,683.3,679.6,1.5,,-6.498634461818189,Snow
2001-11-04,52645.0,青海,野牛沟,38.41666666666666,99.58333333333331,3320.0,2001,11,4,0.2,normal,-6.6,1.5,-11.2,0.68,0.29,684.7,686.0,682.9,1.4,,-8.281527196863706,Snow
2001-11-05,52645.0,青海,野牛沟,38.41666666666666,99.58333333333331,3320.0,2001,11,5,0.0,无,-6.9,3.9,-15.8,0.64,0.29,685.5,687.7,682.6,1.6,,,无
2001-11-06,52645.0,青海,野牛沟,38.41666666666666,99.58333333333331,3320.0,2001,11,6,0.2,normal,-5.6,1.3,-8.0,0.83,0.51,683.4,684.1,682.0,0.8,,-6.531687257790417,Snow
2001-11-07,52645.0,青海,野牛沟,38.41666666666666,99.58333333333331,3320.0,2001,11,7,0.0,无,-5.7,0.6,-10.3,0.7,0.48,683.9,685.2,682.2,0.8,,,无
2001-11-08,52645.0,青海,野牛沟,38.41666666666666,99.58333333333331,3320.0,2001,11,8,0.0,无,-6.7,3.1,-14.2,0.65,0.28,684.5,685.9,683.1,1.2,,,无
2001-11-09,52645.0,青海,野牛沟,38.41666666666666,99.58333333333331,3320.0,2001,11,9,0.7,normal,-6.3,1.3,-12.1,0.75,0.47,684.2,685.4,682.4,1.0,,-7.62875633198862,Snow
2001-11-10,52645.0,青海,野牛沟,38.41666666666666,99.58333333333331,3320.0,2001,11,10,1.2,normal,-8.2,0.4,-12.2,0.72,0.36,684.5,685.7,683.4,1.1,,-9.54813810688718,Snow
2001-11-11,52645.0,青海,野牛沟,38.41666666666666,99.58333333333331,3320.0,2001,11,11,0.0,无,-7.2,3.9,-16.3,0.56,0.2,682.4,684.6,679.2,1.5,,,无
2001-11-12,52645.0,青海,野牛沟,38.41666666666666,99.58333333333331,3320.0,2001,11,12,0.0,无,-6.6,2.1,-12.2,0.56,0.23,684.2,687.2,680.7,2.0,,,无
2001-11-13,52645.0,青海,野牛沟,38.41666666666666,99.58333333333331,3320.0,2001,11,13,0.0,无,-9.7,1.4,-17.8,0.49,0.13,688.2,689.9,686.4,1.7,,,无
2001-11-14,52645.0,青海,野牛沟,38.41666666666666,99.58333333333331,3320.0,2001,11,14,0.0,无,-9.5,2.9,-17.8,0.53,0.16,687.8,689.7,685.6,1.3,,,无
2001-11-15,52645.0,青海,野牛沟,38.41666666666666,99.58333333333331,3320.0,2001,11,15,0.0,无,-8.3,2.4,-17.3,0.52,0.19,684.7,686.7,682.4,1.7,,,无
2001-11-16,52645.0,青海,野牛沟,38.41666666666666,99.58333333333331,3320.0,2001,11,16,0.0,无,-8.2,0.8,-16.3,0.59,0.3,684.2,685.1,682.7,1.0,,,无
2001-11-17,52645.0,青海,野牛沟,38.41666666666666,99.58333333333331,3320.0,2001,11,17,0.0,无,-9.4,2.3,-17.9,0.55,0.2,685.5,686.8,683.9,1.2,,,无
2001-11-18,52645.0,青海,野牛沟,38.41666666666666,99.58333333333331,3320.0,2001,11,18,0.0,无,-9.3,0.9,-18.0,0.62,0.25,687.3,688.4,685.4,1.6,,,无
2001-11-19,52645.0,青海,野牛沟,38.41666666666666,99.58333333333331,3320.0,2001,11,19,0.0,无,-10.7,0.5,-18.3,0.56,0.24,686.9,688.6,684.9,1.4,,,无
2001-11-20,52645.0,青海,野牛沟,38.41666666666666,99.58333333333331,3320.0,2001,11,20,0.0,无,-10.5,3.9,-19.5,0.48,0.15,684.0,685.9,681.6,1.5,,,无
2001-11-21,52645.0,青海,野牛沟,38.41666666666666,99.58333333333331,3320.0,2001,11,21,0.0,无,-8.3,6.8,-18.0,0.46,0.14,681.9,683.4,679.6,1.9,,,无
2001-11-22,52645.0,青海,野牛沟,38.41666666666666,99.58333333333331,3320.0,2001,11,22,0.0,无,-8.1,4.7,-17.8,0.47,0.16,681.1,682.3,678.9,1.6,,,无
2001-11-23,52645.0,青海,野牛沟,38.41666666666666,99.58333333333331,3320.0,2001,11,23,0.0,无,-9.6,1.9,-18.8,0.46,0.19,682.5,684.5,680.1,2.5,,,无
2001-11-24,52645.0,青海,野牛沟,38.41666666666666,99.58333333333331,3320.0,2001,11,24,0.0,无,-9.2,2.5,-19.4,0.49,0.2,681.4,685.3,678.3,2.5,,,无
2001-11-25,52645.0,青海,野牛沟,38.41666666666666,99.58333333333331,3320.0,2001,11,25,0.0,无,-5.3,1.9,-11.7,0.55,0.27,680.1,682.1,678.3,3.0,,,无
2001-11-26,52645.0,青海,野牛沟,38.41666666666666,99.58333333333331,3320.0,2001,11,26,0.0,无,-7.7,3.9,-16.4,0.6,0.24,678.5,680.1,676.2,1.6,,,无
2001-11-27,52645.0,青海,野牛沟,38.41666666666666,99.58333333333331,3320.0,2001,11,27,0.0,无,-8.7,2.7,-18.5,0.49,0.24,675.7,678.7,672.7,1.6,,,无
2001-11-28,52645.0,青海,野牛沟,38.41666666666666,99.58333333333331,3320.0,2001,11,28,0.0,无,-8.5,2.4,-16.8,0.44,0.13,674.2,674.8,672.8,1.8,,,无
2001-11-29,52645.0,青海,野牛沟,38.41666666666666,99.58333333333331,3320.0,2001,11,29,0.0,无,-8.9,2.4,-15.5,0.32,0.15,676.7,678.2,674.2,2.2,,,无
2001-11-30,52645.0,青海,野牛沟,38.41666666666666,99.58333333333331,3320.0,2001,11,30,0.0,无,-10.4,2.6,-20.2,0.34,0.1,678.2,680.6,676.0,2.2,,,无
2001-12-01,52645.0,青海,野牛沟,38.41666666666666,99.58333333333331,3320.0,2001,12,1,0.0,无,-10.9,1.6,-20.1,0.4,0.16,675.5,677.6,672.7,2.1,,,无
2001-12-02,52645.0,青海,野牛沟,38.41666666666666,99.58333333333331,3320.0,2001,12,2,0.0,无,-11.2,-3.7,-19.1,0.41,0.23,675.7,677.3,674.5,1.2,,,无
2001-12-03,52645.0,青海,野牛沟,38.41666666666666,99.58333333333331,3320.0,2001,12,3,0.0,无,-10.1,-0.5,-19.5,0.49,0.1,673.3,677.0,670.6,2.0,,,无
2001-12-04,52645.0,青海,野牛沟,38.41666666666666,99.58333333333331,3320.0,2001,12,4,0.1,normal,-11.4,-7.4,-13.3,0.67,0.39,674.9,676.7,671.8,0.9,,-12.74121883942621,Snow
2001-12-05,52645.0,青海,野牛沟,38.41666666666666,99.58333333333331,3320.0,2001,12,5,0.0,无,-16.7,-6.6,-23.9,0.64,0.22,677.9,679.3,676.4,1.0,,,无
2001-12-06,52645.0,青海,野牛沟,38.41666666666666,99.58333333333331,3320.0,2001,12,6,0.0,无,-15.4,-2.9,-23.9,0.54,0.23,674.1,678.6,670.3,1.1,,,无
2001-12-07,52645.0,青海,野牛沟,38.41666666666666,99.58333333333331,3320.0,2001,12,7,0.0,无,-10.3,-3.1,-21.6,0.3,0.11,672.4,674.5,670.5,1.7,,,无
2001-12-08,52645.0,青海,野牛沟,38.41666666666666,99.58333333333331,3320.0,2001,12,8,0.0,无,-12.9,-4.7,-19.5,0.5,0.2,677.3,679.3,674.5,0.9,,,无
2001-12-09,52645.0,青海,野牛沟,38.41666666666666,99.58333333333331,3320.0,2001,12,9,0.0,无,-14.6,-3.8,-23.4,0.59,0.33,679.4,682.3,676.9,1.1,,,无
2001-12-10,52645.0,青海,野牛沟,38.41666666666666,99.58333333333331,3320.0,2001,12,10,0.0,无,-11.5,-0.5,-22.8,0.44,0.1,675.9,677.3,673.7,1.4,,,无
2001-12-11,52645.0,青海,野牛沟,38.41666666666666,99.58333333333331,3320.0,2001,12,11,0.0,无,-9.2,-3.3,-13.4,0.54,0.2,674.8,677.7,672.6,1.2,,,无
2001-12-12,52645.0,青海,野牛沟,38.41666666666666,99.58333333333331,3320.0,2001,12,12,0.0,无,-16.6,-8.7,-25.2,0.57,0.33,679.2,680.5,677.7,0.9,,,无
2001-12-13,52645.0,青海,野牛沟,38.41666666666666,99.58333333333331,3320.0,2001,12,13,0.0,无,-19.7,-8.7,-28.3,0.54,0.21,682.0,684.0,679.7,0.9,,,无
2001-12-14,52645.0,青海,野牛沟,38.41666666666666,99.58333333333331,3320.0,2001,12,14,0.0,无,-18.7,-5.2,-27.9,0.46,0.14,678.8,681.0,675.7,0.9,,,无
2001-12-15,52645.0,青海,野牛沟,38.41666666666666,99.58333333333331,3320.0,2001,12,15,0.0,无,-12.0,-0.5,-20.5,0.39,0.2,677.4,678.5,675.8,1.6,,,无
2001-12-16,52645.0,青海,野牛沟,38.41666666666666,99.58333333333331,3320.0,2001,12,16,0.0,无,-13.5,-2.3,-22.7,0.5,0.23,677.8,679.0,676.2,1.0,,,无
2001-12-17,52645.0,青海,野牛沟,38.41666666666666,99.58333333333331,3320.0,2001,12,17,0.0,无,-15.3,-4.1,-24.4,0.46,0.24,678.2,679.4,677.2,1.1,,,无
2001-12-18,52645.0,青海,野牛沟,38.41666666666666,99.58333333333331,3320.0,2001,12,18,0.0,无,-13.4,-1.9,-24.8,0.41,0.15,677.1,679.1,675.4,1.6,,,无
2001-12-19,52645.0,青海,野牛沟,38.41666666666666,99.58333333333331,3320.0,2001,12,19,0.0,无,-15.1,-2.6,-24.2,0.35,0.1,679.2,681.9,676.4,1.9,,,无
2001-12-20,52645.0,青海,野牛沟,38.41666666666666,99.58333333333331,3320.0,2001,12,20,0.0,无,-19.1,-6.6,-28.7,0.53,0.13,686.6,688.4,681.9,1.0,,,无
2001-12-21,52645.0,青海,野牛沟,38.41666666666666,99.58333333333331,3320.0,2001,12,21,0.0,无,-18.5,-3.6,-27.8,0.39,0.19,687.4,689.1,686.0,1.0,,,无
2001-12-22,52645.0,青海,野牛沟,38.41666666666666,99.58333333333331,3320.0,2001,12,22,0.0,无,-17.5,-2.0,-27.0,0.36,0.15,684.8,687.0,682.3,1.4,,,无
2001-12-23,52645.0,青海,野牛沟,38.41666666666666,99.58333333333331,3320.0,2001,12,23,0.0,无,-14.1,1.7,-24.0,0.44,0.22,681.9,683.8,679.5,1.3,,,无
2001-12-24,52645.0,青海,野牛沟,38.41666666666666,99.58333333333331,3320.0,2001,12,24,0.0,无,-11.1,-1.3,-21.7,0.47,0.22,680.1,682.4,677.8,1.4,,,无
2001-12-25,52645.0,青海,野牛沟,38.41666666666666,99.58333333333331,3320.0,2001,12,25,0.0,无,-10.8,-0.7,-21.3,0.55,0.2,680.8,682.2,678.7,1.5,,,无
2001-12-26,52645.0,青海,野牛沟,38.41666666666666,99.58333333333331,3320.0,2001,12,26,0.0,无,-11.3,-2.9,-18.5,0.5,0.29,681.2,682.3,680.2,1.0,,,无
2001-12-27,52645.0,青海,野牛沟,38.41666666666666,99.58333333333331,3320.0,2001,12,27,0.0,无,-16.9,-5.1,-24.9,0.51,0.17,683.2,685.1,681.9,1.5,,,无
2001-12-28,52645.0,青海,野牛沟,38.41666666666666,99.58333333333331,3320.0,2001,12,28,0.0,无,-17.1,-2.1,-26.4,0.31,0.14,685.8,688.2,683.6,1.4,,,无
2001-12-29,52645.0,青海,野牛沟,38.41666666666666,99.58333333333331,3320.0,2001,12,29,0.0,无,-17.1,-2.7,-26.5,0.38,0.16,682.2,684.6,678.8,1.3,,,无
2001-12-30,52645.0,青海,野牛沟,38.41666666666666,99.58333333333331,3320.0,2001,12,30,0.0,无,-17.4,-3.3,-26.6,0.32,0.11,678.9,680.4,677.3,1.3,,,无
2001-12-31,52645.0,青海,野牛沟,38.41666666666666,99.58333333333331,3320.0,2001,12,31,0.0,无,-15.8,-6.5,-24.8,0.43,0.21,679.5,680.5,678.2,1.0,,,无
2002-01-01,52645.0,青海,野牛沟,38.41666666666666,99.58333333333331,3320.0,2002,1,1,0.0,无,-17.3,-4.7,-26.3,0.63,0.35,682.9,684.5,679.8,1.2,,,无
2002-01-02,52645.0,青海,野牛沟,38.41666666666666,99.58333333333331,3320.0,2002,1,2,0.0,无,-13.6,-0.7,-23.6,0.64,0.37,685.1,686.5,683.7,0.8,,,无
2002-01-03,52645.0,青海,野牛沟,38.41666666666666,99.58333333333331,3320.0,2002,1,3,0.0,无,-13.7,-0.6,-22.6,0.61,0.3,685.8,686.9,684.1,1.1,,,无
2002-01-04,52645.0,青海,野牛沟,38.41666666666666,99.58333333333331,3320.0,2002,1,4,0.0,无,-14.2,-0.4,-23.0,0.62,0.34,684.4,686.1,681.8,1.0,,,无
2002-01-05,52645.0,青海,野牛沟,38.41666666666666,99.58333333333331,3320.0,2002,1,5,0.0,无,-14.9,-2.7,-23.5,0.6,0.32,682.9,683.9,680.9,1.4,,,无
2002-01-06,52645.0,青海,野牛沟,38.41666666666666,99.58333333333331,3320.0,2002,1,6,0.0,无,-13.2,0.8,-22.8,0.43,0.22,685.6,688.2,683.4,1.2,,,无
2002-01-07,52645.0,青海,野牛沟,38.41666666666666,99.58333333333331,3320.0,2002,1,7,0.0,无,-14.1,0.9,-23.4,0.52,0.22,683.5,684.9,681.7,1.1,,,无
2002-01-08,52645.0,青海,野牛沟,38.41666666666666,99.58333333333331,3320.0,2002,1,8,0.0,无,-13.5,-0.3,-24.4,0.43,0.18,683.4,685.0,680.5,1.5,,,无
2002-01-09,52645.0,青海,野牛沟,38.41666666666666,99.58333333333331,3320.0,2002,1,9,0.0,无,-11.8,0.4,-22.0,0.44,0.22,682.6,684.5,680.6,1.3,,,无
2002-01-10,52645.0,青海,野牛沟,38.41666666666666,99.58333333333331,3320.0,2002,1,10,0.0,无,-14.1,1.9,-24.0,0.36,0.16,681.9,684.2,679.3,1.8,,,无
2002-01-11,52645.0,青海,野牛沟,38.41666666666666,99.58333333333331,3320.0,2002,1,11,0.0,无,-11.9,4.9,-23.8,0.39,0.13,678.6,680.5,675.5,1.4,,,无
2002-01-12,52645.0,青海,野牛沟,38.41666666666666,99.58333333333331,3320.0,2002,1,12,0.0,无,-12.0,3.1,-22.8,0.4,0.16,677.7,679.6,675.3,1.7,,,无
2002-01-13,52645.0,青海,野牛沟,38.41666666666666,99.58333333333331,3320.0,2002,1,13,0.0,无,-4.2,6.2,-13.6,0.31,0.16,669.7,675.3,666.2,3.3,,,无
2002-01-14,52645.0,青海,野牛沟,38.41666666666666,99.58333333333331,3320.0,2002,1,14,0.0,无,-8.5,0.4,-16.5,0.49,0.18,669.5,671.7,667.1,1.5,,,无
2002-01-15,52645.0,青海,野牛沟,38.41666666666666,99.58333333333331,3320.0,2002,1,15,0.6,normal,-11.3,-5.0,-13.2,0.83,0.55,674.8,676.2,671.7,0.2,,-11.990368069289929,Snow
2002-01-16,52645.0,青海,野牛沟,38.41666666666666,99.58333333333331,3320.0,2002,1,16,0.0,无,-16.6,-5.2,-23.8,0.78,0.5,674.9,677.4,672.1,0.7,,,无
2002-01-17,52645.0,青海,野牛沟,38.41666666666666,99.58333333333331,3320.0,2002,1,17,0.3,normal,-12.5,-4.5,-16.3,0.78,0.55,671.4,673.1,670.0,0.7,,-13.336709589082766,Snow
2002-01-18,52645.0,青海,野牛沟,38.41666666666666,99.58333333333331,3320.0,2002,1,18,0.0,无,-17.5,-7.1,-26.0,0.73,0.48,673.2,674.3,671.6,0.7,,,无
2002-01-19,52645.0,青海,野牛沟,38.41666666666666,99.58333333333331,3320.0,2002,1,19,0.6,normal,-17.9,-9.9,-22.9,0.78,0.53,677.4,679.0,674.1,0.2,,-18.4865883998702,Snow
2002-01-20,52645.0,青海,野牛沟,38.41666666666666,99.58333333333331,3320.0,2002,1,20,0.0,无,-23.0,-12.9,-31.6,0.69,0.43,679.7,681.8,678.5,0.7,,,无
2002-01-21,52645.0,青海,野牛沟,38.41666666666666,99.58333333333331,3320.0,2002,1,21,0.0,无,-22.9,-10.6,-31.5,0.63,0.4,678.7,680.4,677.1,0.8,,,无
2002-01-22,52645.0,青海,野牛沟,38.41666666666666,99.58333333333331,3320.0,2002,1,22,0.0,无,-22.3,-9.6,-31.2,0.61,0.34,677.5,678.7,675.4,0.9,,,无
2002-01-23,52645.0,青海,野牛沟,38.41666666666666,99.58333333333331,3320.0,2002,1,23,0.0,无,-20.6,-7.7,-30.1,0.59,0.31,675.8,677.7,673.4,1.0,,,无
2002-01-24,52645.0,青海,野牛沟,38.41666666666666,99.58333333333331,3320.0,2002,1,24,0.0,无,-18.6,-6.0,-27.7,0.55,0.22,675.2,676.5,673.4,1.2,,,无
2002-01-25,52645.0,青海,野牛沟,38.41666666666666,99.58333333333331,3320.0,2002,1,25,0.0,无,-18.7,-5.7,-28.6,0.56,0.25,675.3,676.8,673.4,1.1,,,无
2002-01-26,52645.0,青海,野牛沟,38.41666666666666,99.58333333333331,3320.0,2002,1,26,0.0,无,-17.4,-5.9,-27.1,0.57,0.26,675.8,677.7,673.7,1.2,,,无
2002-01-27,52645.0,青海,野牛沟,38.41666666666666,99.58333333333331,3320.0,2002,1,27,0.0,无,-18.3,-7.7,-28.6,0.57,0.27,677.6,678.9,675.6,1.1,,,无
2002-01-28,52645.0,青海,野牛沟,38.41666666666666,99.58333333333331,3320.0,2002,1,28,0.0,无,-19.2,-7.3,-28.6,0.52,0.25,679.2,680.9,677.0,1.3,,,无
2002-01-29,52645.0,青海,野牛沟,38.41666666666666,99.58333333333331,3320.0,2002,1,29,0.0,无,-16.4,-9.5,-22.2,0.66,0.34,678.8,679.8,677.2,0.6,,,无
2002-01-30,52645.0,青海,野牛沟,38.41666666666666,99.58333333333331,3320.0,2002,1,30,0.0,无,-18.6,-7.8,-28.2,0.63,0.31,677.3,678.4,675.4,0.8,,,无
2002-01-31,52645.0,青海,野牛沟,38.41666666666666,99.58333333333331,3320.0,2002,1,31,0.0,无,-18.4,-9.5,-25.9,0.56,0.25,679.4,680.7,677.0,1.2,,,无
2002-02-01,52645.0,青海,野牛沟,38.41666666666666,99.58333333333331,3320.0,2002,2,1,0.0,无,-20.4,-4.9,-30.1,0.52,0.17,679.9,682.3,676.9,1.1,,,无
2002-02-02,52645.0,青海,野牛沟,38.41666666666666,99.58333333333331,3320.0,2002,2,2,0.0,无,-16.1,-1.7,-26.5,0.44,0.1,675.7,678.0,672.6,1.3,,,无
2002-02-03,52645.0,青海,野牛沟,38.41666666666666,99.58333333333331,3320.0,2002,2,3,0.0,无,-15.0,-4.2,-21.8,0.4,0.15,676.8,678.8,674.2,1.2,,,无
2002-02-04,52645.0,青海,野牛沟,38.41666666666666,99.58333333333331,3320.0,2002,2,4,0.0,无,-16.6,-5.5,-25.6,0.51,0.26,679.4,680.6,677.4,0.9,,,无
2002-02-05,52645.0,青海,野牛沟,38.41666666666666,99.58333333333331,3320.0,2002,2,5,0.0,无,-14.5,-1.6,-25.0,0.46,0.14,676.6,678.8,674.1,1.5,,,无
2002-02-06,52645.0,青海,野牛沟,38.41666666666666,99.58333333333331,3320.0,2002,2,6,0.0,无,-13.3,0.1,-24.8,0.4,0.16,674.0,675.8,671.8,1.3,,,无
2002-02-07,52645.0,青海,野牛沟,38.41666666666666,99.58333333333331,3320.0,2002,2,7,0.0,无,-10.3,-1.8,-20.9,0.42,0.21,675.7,678.7,673.0,1.8,,,无
2002-02-08,52645.0,青海,野牛沟,38.41666666666666,99.58333333333331,3320.0,2002,2,8,0.0,无,-9.5,2.8,-21.9,0.45,0.17,676.0,679.7,672.0,2.1,,,无
2002-02-09,52645.0,青海,野牛沟,38.41666666666666,99.58333333333331,3320.0,2002,2,9,0.0,无,-12.0,0.3,-20.8,0.45,0.1,678.7,681.1,672.5,2.2,,,无
2002-02-10,52645.0,青海,野牛沟,38.41666666666666,99.58333333333331,3320.0,2002,2,10,0.0,无,-14.0,-0.6,-25.8,0.28,0.11,680.0,682.2,678.0,1.8,,,无
2002-02-11,52645.0,青海,野牛沟,38.41666666666666,99.58333333333331,3320.0,2002,2,11,0.0,无,-11.4,0.9,-21.1,0.39,0.16,680.5,681.5,678.5,2.6,,,无
2002-02-12,52645.0,青海,野牛沟,38.41666666666666,99.58333333333331,3320.0,2002,2,12,0.0,无,-10.6,4.4,-24.0,0.4,0.12,678.6,682.9,673.5,2.2,,,无
2002-02-13,52645.0,青海,野牛沟,38.41666666666666,99.58333333333331,3320.0,2002,2,13,0.0,无,-4.5,1.3,-12.8,0.36,0.16,674.7,676.6,672.9,2.4,,,无
2002-02-14,52645.0,青海,野牛沟,38.41666666666666,99.58333333333331,3320.0,2002,2,14,0.5,normal,-10.3,-0.7,-19.9,0.71,0.26,680.7,682.8,676.6,1.5,,-11.54701124738136,Snow
2002-02-15,52645.0,青海,野牛沟,38.41666666666666,99.58333333333331,3320.0,2002,2,15,0.0,无,-13.4,-0.3,-22.3,0.64,0.25,679.3,681.4,676.5,1.5,,,无
2002-02-16,52645.0,青海,野牛沟,38.41666666666666,99.58333333333331,3320.0,2002,2,16,0.0,无,-11.6,4.1,-22.5,0.52,0.1,680.3,681.6,679.1,2.0,,,无
2002-02-17,52645.0,青海,野牛沟,38.41666666666666,99.58333333333331,3320.0,2002,2,17,0.0,无,-9.5,6.6,-21.9,0.42,0.07,681.1,682.5,679.2,2.5,,,无
2002-02-18,52645.0,青海,野牛沟,38.41666666666666,99.58333333333331,3320.0,2002,2,18,0.0,无,-8.4,7.2,-20.4,0.39,0.08,682.6,684.7,680.2,2.7,,,无
2002-02-19,52645.0,青海,野牛沟,38.41666666666666,99.58333333333331,3320.0,2002,2,19,0.0,无,-9.0,5.6,-20.9,0.39,0.14,682.2,683.7,679.2,2.2,,,无
2002-02-20,52645.0,青海,野牛沟,38.41666666666666,99.58333333333331,3320.0,2002,2,20,0.0,无,-7.9,3.8,-19.7,0.47,0.16,680.8,683.3,677.2,2.3,,,无
2002-02-21,52645.0,青海,野牛沟,38.41666666666666,99.58333333333331,3320.0,2002,2,21,0.0,无,-8.6,2.4,-16.8,0.5,0.24,677.7,679.6,675.3,2.0,,,无
2002-02-22,52645.0,青海,野牛沟,38.41666666666666,99.58333333333331,3320.0,2002,2,22,0.4,normal,-7.0,3.3,-14.1,0.66,0.19,680.6,682.3,678.3,1.7,,-8.758466728669351,Snow
2002-02-23,52645.0,青海,野牛沟,38.41666666666666,99.58333333333331,3320.0,2002,2,23,0.0,无,-4.6,8.9,-18.6,0.43,0.03,676.0,679.5,672.3,2.9,,,无
2002-02-24,52645.0,青海,野牛沟,38.41666666666666,99.58333333333331,3320.0,2002,2,24,0.0,无,-6.2,4.9,-12.1,0.5,0.06,674.7,676.3,672.2,3.0,,,无
2002-02-25,52645.0,青海,野牛沟,38.41666666666666,99.58333333333331,3320.0,2002,2,25,0.0,无,-10.3,-1.8,-18.5,0.67,0.38,677.6,679.6,674.7,1.8,,,无
2002-02-26,52645.0,青海,野牛沟,38.41666666666666,99.58333333333331,3320.0,2002,2,26,0.0,无,-10.3,-1.6,-17.4,0.54,0.28,676.2,677.5,673.1,2.0,,,无
2002-02-27,52645.0,青海,野牛沟,38.41666666666666,99.58333333333331,3320.0,2002,2,27,0.0,无,-9.2,-2.6,-16.6,0.68,0.29,674.3,676.3,672.7,1.7,,,无
2002-02-28,52645.0,青海,野牛沟,38.41666666666666,99.58333333333331,3320.0,2002,2,28,0.0,无,-10.1,-0.2,-20.9,0.59,0.21,673.7,674.6,672.0,2.3,,,无
2002-03-01,52645.0,青海,野牛沟,38.41666666666666,99.58333333333331,3320.0,2002,3,1,0.0,无,-4.7,1.7,-8.9,0.39,0.23,673.1,674.1,672.1,2.8,,,无
2002-03-02,52645.0,青海,野牛沟,38.41666666666666,99.58333333333331,3320.0,2002,3,2,0.0,无,-8.5,4.5,-20.4,0.4,0.07,674.4,676.4,672.3,2.6,,,无
2002-03-03,52645.0,青海,野牛沟,38.41666666666666,99.58333333333331,3320.0,2002,3,3,0.0,无,-9.4,4.4,-20.4,0.36,0.13,675.3,676.4,672.0,3.0,,,无
2002-03-04,52645.0,青海,野牛沟,38.41666666666666,99.58333333333331,3320.0,2002,3,4,0.0,无,-8.6,-3.3,-12.2,0.62,0.26,679.2,680.8,676.2,1.9,,,无
2002-03-05,52645.0,青海,野牛沟,38.41666666666666,99.58333333333331,3320.0,2002,3,5,0.0,无,-12.6,-1.1,-21.8,0.49,0.18,682.4,684.0,680.5,2.2,,,无
2002-03-06,52645.0,青海,野牛沟,38.41666666666666,99.58333333333331,3320.0,2002,3,6,0.0,无,-9.9,1.3,-21.5,0.34,0.09,682.1,684.3,679.4,2.5,,,无
2002-03-07,52645.0,青海,野牛沟,38.41666666666666,99.58333333333331,3320.0,2002,3,7,0.0,无,-8.2,6.5,-20.8,0.28,0.05,679.5,681.7,676.2,2.5,,,无
2002-03-08,52645.0,青海,野牛沟,38.41666666666666,99.58333333333331,3320.0,2002,3,8,0.0,无,-7.2,6.7,-20.2,0.27,0.06,677.2,678.9,674.8,3.4,,,无
2002-03-09,52645.0,青海,野牛沟,38.41666666666666,99.58333333333331,3320.0,2002,3,9,0.0,无,-6.9,5.5,-18.4,0.27,0.1,680.0,681.0,677.0,2.4,,,无
2002-03-10,52645.0,青海,野牛沟,38.41666666666666,99.58333333333331,3320.0,2002,3,10,0.0,无,-6.7,7.4,-18.6,0.32,0.09,681.0,683.2,678.3,3.5,,,无
2002-03-11,52645.0,青海,野牛沟,38.41666666666666,99.58333333333331,3320.0,2002,3,11,0.0,无,-3.4,6.4,-12.9,0.37,0.13,679.2,680.3,677.5,3.7,,,无
2002-03-12,52645.0,青海,野牛沟,38.41666666666666,99.58333333333331,3320.0,2002,3,12,0.0,无,-2.9,6.9,-9.6,0.5,0.01,678.6,681.7,676.1,3.5,,,无
2002-03-13,52645.0,青海,野牛沟,38.41666666666666,99.58333333333331,3320.0,2002,3,13,0.0,无,-7.1,2.0,-16.9,0.35,0.09,678.5,679.2,677.2,2.3,,,无
2002-03-14,52645.0,青海,野牛沟,38.41666666666666,99.58333333333331,3320.0,2002,3,14,0.0,无,-7.9,0.2,-15.9,0.58,0.3,680.7,681.9,678.1,2.3,,,无
2002-03-15,52645.0,青海,野牛沟,38.41666666666666,99.58333333333331,3320.0,2002,3,15,0.0,无,-8.0,1.9,-17.3,0.58,0.15,677.9,681.1,674.3,2.7,,,无
2002-03-16,52645.0,青海,野牛沟,38.41666666666666,99.58333333333331,3320.0,2002,3,16,0.0,无,-9.4,-0.2,-19.1,0.3,0.06,679.3,680.4,676.3,4.8,,,无
2002-03-17,52645.0,青海,野牛沟,38.41666666666666,99.58333333333331,3320.0,2002,3,17,0.0,无,-9.5,2.6,-21.5,0.27,0.1,680.7,682.0,678.6,3.3,,,无
2002-03-18,52645.0,青海,野牛沟,38.41666666666666,99.58333333333331,3320.0,2002,3,18,0.0,无,-6.0,7.5,-17.3,0.35,0.08,680.9,683.2,678.4,3.9,,,无
2002-03-19,52645.0,青海,野牛沟,38.41666666666666,99.58333333333331,3320.0,2002,3,19,0.0,无,-4.3,5.5,-12.7,0.37,0.11,677.7,680.9,675.6,3.1,,,无
2002-03-20,52645.0,青海,野牛沟,38.41666666666666,99.58333333333331,3320.0,2002,3,20,0.0,无,-6.1,3.2,-16.4,0.31,0.03,677.2,681.3,672.3,4.9,,,无
2002-03-21,52645.0,青海,野牛沟,38.41666666666666,99.58333333333331,3320.0,2002,3,21,0.5,normal,-6.3,0.4,-12.2,0.35,0.07,673.0,675.6,670.3,5.1,,-9.886451528214074,Snow
2002-03-22,52645.0,青海,野牛沟,38.41666666666666,99.58333333333331,3320.0,2002,3,22,0.0,无,-8.5,4.4,-21.0,0.27,0.1,675.5,677.3,672.9,4.4,,,无
2002-03-23,52645.0,青海,野牛沟,38.41666666666666,99.58333333333331,3320.0,2002,3,23,0.0,无,-5.0,1.4,-10.7,0.38,0.21,673.7,675.2,671.4,2.3,,,无
2002-03-24,52645.0,青海,野牛沟,38.41666666666666,99.58333333333331,3320.0,2002,3,24,0.0,无,-4.2,9.2,-13.3,0.56,0.02,672.9,675.3,669.1,4.0,,,无
2002-03-25,52645.0,青海,野牛沟,38.41666666666666,99.58333333333331,3320.0,2002,3,25,0.0,无,-3.5,8.2,-14.3,0.46,0.1,673.9,675.5,670.3,3.8,,,无
2002-03-26,52645.0,青海,野牛沟,38.41666666666666,99.58333333333331,3320.0,2002,3,26,0.0,无,0.5,9.6,-6.5,0.58,0.26,673.6,676.5,669.5,4.3,,,无
2002-03-27,52645.0,青海,野牛沟,38.41666666666666,99.58333333333331,3320.0,2002,3,27,3.8,normal,-4.3,4.9,-11.7,0.61,0.24,677.7,679.0,670.9,2.9,,-6.629391970943854,Snow
2002-03-28,52645.0,青海,野牛沟,38.41666666666666,99.58333333333331,3320.0,2002,3,28,0.0,无,-4.5,4.9,-13.2,0.47,0.11,680.2,682.1,677.5,3.5,,,无
2002-03-29,52645.0,青海,野牛沟,38.41666666666666,99.58333333333331,3320.0,2002,3,29,0.0,无,-4.1,3.7,-11.0,0.47,0.12,680.5,682.5,678.9,4.8,,,无
2002-03-30,52645.0,青海,野牛沟,38.41666666666666,99.58333333333331,3320.0,2002,3,30,0.0,无,-4.4,10.4,-17.8,0.34,0.0,682.0,684.9,677.9,4.3,,,无
2002-03-31,52645.0,青海,野牛沟,38.41666666666666,99.58333333333331,3320.0,2002,3,31,0.0,无,-2.8,12.0,-15.5,0.3,0.0,677.3,678.8,674.9,4.5,,,无
2002-04-01,52645.0,青海,野牛沟,38.41666666666666,99.58333333333331,3320.0,2002,4,1,0.0,无,-1.4,13.5,-13.1,0.31,0.06,678.4,680.7,675.0,5.3,,,无
2002-04-02,52645.0,青海,野牛沟,38.41666666666666,99.58333333333331,3320.0,2002,4,2,0.0,无,2.1,13.0,-6.6,0.44,0.16,677.2,679.0,674.4,5.5,,,无
2002-04-03,52645.0,青海,野牛沟,38.41666666666666,99.58333333333331,3320.0,2002,4,3,4.4,normal,-1.2,6.3,-2.7,0.78,0.32,676.1,677.4,675.1,2.0,,-2.6970100519215423,Snow
2002-04-04,52645.0,青海,野牛沟,38.41666666666666,99.58333333333331,3320.0,2002,4,4,3.2,normal,-1.7,4.8,-4.8,0.68,0.24,676.4,677.6,675.5,3.0,,-3.8501725263523356,Snow
2002-04-05,52645.0,青海,野牛沟,38.41666666666666,99.58333333333331,3320.0,2002,4,5,0.0,无,3.3,12.5,-5.2,0.29,0.12,673.2,676.0,670.8,7.6,,,无
2002-04-06,52645.0,青海,野牛沟,38.41666666666666,99.58333333333331,3320.0,2002,4,6,0.0,无,3.3,14.6,-3.2,0.38,0.12,673.7,676.6,670.8,7.1,,,无
2002-04-07,52645.0,青海,野牛沟,38.41666666666666,99.58333333333331,3320.0,2002,4,7,0.0,无,0.1,11.6,-9.1,0.5,0.04,678.5,680.5,675.5,7.8,,,无
2002-04-08,52645.0,青海,野牛沟,38.41666666666666,99.58333333333331,3320.0,2002,4,8,0.0,无,-1.5,10.4,-11.3,0.38,0.07,680.0,681.9,676.7,5.8,,,无
2002-04-09,52645.0,青海,野牛沟,38.41666666666666,99.58333333333331,3320.0,2002,4,9,0.0,无,-0.6,5.9,-5.2,0.47,0.19,678.8,680.0,676.2,4.6,,,无
2002-04-10,52645.0,青海,野牛沟,38.41666666666666,99.58333333333331,3320.0,2002,4,10,3.1,normal,-3.2,1.8,-7.5,0.54,0.23,681.3,682.6,678.5,4.2,,-6.106487878228051,Snow
2002-04-11,52645.0,青海,野牛沟,38.41666666666666,99.58333333333331,3320.0,2002,4,11,0.0,无,-2.6,8.1,-11.4,0.47,0.09,683.2,684.2,681.3,5.2,,,无
2002-04-12,52645.0,青海,野牛沟,38.41666666666666,99.58333333333331,3320.0,2002,4,12,0.0,无,-1.0,11.4,-12.3,0.39,0.01,682.8,685.1,679.5,6.1,,,无
2002-04-13,52645.0,青海,野牛沟,38.41666666666666,99.58333333333331,3320.0,2002,4,13,0.0,无,0.1,15.2,-11.5,0.31,0.01,676.6,680.9,670.9,6.2,,,无
2002-04-14,52645.0,青海,野牛沟,38.41666666666666,99.58333333333331,3320.0,2002,4,14,0.0,无,0.5,7.9,-5.0,0.6,0.09,673.4,674.5,671.6,4.3,,,无
2002-04-15,52645.0,青海,野牛沟,38.41666666666666,99.58333333333331,3320.0,2002,4,15,0.0,无,-2.6,5.6,-10.2,0.47,0.05,674.2,674.8,672.2,6.6,,,无
2002-04-16,52645.0,青海,野牛沟,38.41666666666666,99.58333333333331,3320.0,2002,4,16,0.0,无,-3.8,8.3,-14.2,0.43,0.04,679.0,680.8,674.1,6.5,,,无
2002-04-17,52645.0,青海,野牛沟,38.41666666666666,99.58333333333331,3320.0,2002,4,17,0.0,无,-0.7,8.2,-9.8,0.31,0.1,679.3,681.3,677.0,5.4,,,无
2002-04-18,52645.0,青海,野牛沟,38.41666666666666,99.58333333333331,3320.0,2002,4,18,0.0,无,-1.2,9.7,-9.5,0.52,0.27,679.2,679.6,678.0,3.8,,,无
2002-04-19,52645.0,青海,野牛沟,38.41666666666666,99.58333333333331,3320.0,2002,4,19,0.0,无,1.8,13.6,-8.3,0.49,0.07,679.7,681.7,676.8,5.7,,,无
2002-04-20,52645.0,青海,野牛沟,38.41666666666666,99.58333333333331,3320.0,2002,4,20,0.0,无,4.2,16.6,-7.1,0.33,0.08,678.0,680.5,675.4,7.6,,,无
2002-04-21,52645.0,青海,野牛沟,38.41666666666666,99.58333333333331,3320.0,2002,4,21,0.0,无,5.6,17.5,-5.1,0.41,0.08,675.2,678.0,672.4,9.1,,,无
2002-04-22,52645.0,青海,野牛沟,38.41666666666666,99.58333333333331,3320.0,2002,4,22,0.0,无,4.7,16.6,-3.3,0.41,0.08,677.2,678.7,673.6,9.9,,,无
2002-04-23,52645.0,青海,野牛沟,38.41666666666666,99.58333333333331,3320.0,2002,4,23,0.0,无,3.6,16.7,-7.9,0.54,0.12,680.4,682.0,677.6,7.1,,,无
2002-04-24,52645.0,青海,野牛沟,38.41666666666666,99.58333333333331,3320.0,2002,4,24,0.0,无,4.1,14.3,-5.2,0.48,0.26,679.0,680.7,676.7,6.3,,,无
2002-04-25,52645.0,青海,野牛沟,38.41666666666666,99.58333333333331,3320.0,2002,4,25,0.0,无,4.1,13.5,-3.1,0.55,0.33,677.8,679.5,675.6,5.9,,,无
2002-04-26,52645.0,青海,野牛沟,38.41666666666666,99.58333333333331,3320.0,2002,4,26,0.0,无,7.5,16.9,-1.4,0.6,0.33,675.8,678.3,672.3,8.0,,,无
2002-04-27,52645.0,青海,野牛沟,38.41666666666666,99.58333333333331,3320.0,2002,4,27,6.0,normal,4.8,11.9,-1.7,0.8,0.44,673.2,674.9,669.8,2.3,,3.0719392425218084,Snow
2002-04-28,52645.0,青海,野牛沟,38.41666666666666,99.58333333333331,3320.0,2002,4,28,3.3,normal,0.0,5.9,-5.1,0.65,0.4,677.2,678.5,674.1,4.3,,-2.5416422327622135,Snow
2002-04-29,52645.0,青海,野牛沟,38.41666666666666,99.58333333333331,3320.0,2002,4,29,0.0,无,2.2,9.9,-5.1,0.61,0.27,676.3,678.5,672.9,4.2,,,无
2002-04-30,52645.0,青海,野牛沟,38.41666666666666,99.58333333333331,3320.0,2002,4,30,4.2,normal,2.7,9.6,-0.9,0.75,0.34,674.3,675.3,672.0,4.1,,0.6912044494446734,Snow
2002-05-01,52645.0,青海,野牛沟,38.41666666666666,99.58333333333331,3320.0,2002,5,1,1.6,normal,1.2,7.9,-4.7,0.51,0.17,676.8,677.4,674.5,5.7,,-2.608936199885945,Snow
2002-05-02,52645.0,青海,野牛沟,38.41666666666666,99.58333333333331,3320.0,2002,5,2,0.0,无,1.3,9.5,-4.1,0.55,0.14,679.0,679.9,677.4,5.3,,,无
2002-05-03,52645.0,青海,野牛沟,38.41666666666666,99.58333333333331,3320.0,2002,5,3,0.0,无,2.5,11.2,-3.0,0.58,0.16,680.6,681.2,678.5,4.9,,,无
2002-05-04,52645.0,青海,野牛沟,38.41666666666666,99.58333333333331,3320.0,2002,5,4,3.0,normal,-0.9,4.2,-2.2,0.93,0.6,681.1,682.7,679.8,1.0,,-1.373415484746796,Snow
2002-05-05,52645.0,青海,野牛沟,38.41666666666666,99.58333333333331,3320.0,2002,5,5,0.9,normal,-2.2,3.1,-6.1,0.79,0.49,681.7,684.1,679.1,1.9,,-3.559190619379975,Snow
2002-05-06,52645.0,青海,野牛沟,38.41666666666666,99.58333333333331,3320.0,2002,5,6,0.1,normal,2.9,11.0,-3.3,0.55,0.2,679.1,681.4,677.2,5.8,,-0.8291813951448246,Snow
2002-05-07,52645.0,青海,野牛沟,38.41666666666666,99.58333333333331,3320.0,2002,5,7,0.0,无,3.3,9.9,-3.7,0.61,0.3,679.1,679.6,677.6,3.8,,,无
2002-05-08,52645.0,青海,野牛沟,38.41666666666666,99.58333333333331,3320.0,2002,5,8,0.8,normal,1.3,8.8,-3.7,0.79,0.4,681.9,684.0,679.6,4.1,,-0.27919984363100614,Snow
2002-05-09,52645.0,青海,野牛沟,38.41666666666666,99.58333333333331,3320.0,2002,5,9,0.4,normal,3.2,12.2,-4.1,0.65,0.23,684.1,685.6,681.6,5.0,,0.31431885317724007,Snow
2002-05-10,52645.0,青海,野牛沟,38.41666666666666,99.58333333333331,3320.0,2002,5,10,0.0,无,4.6,14.4,-4.4,0.53,0.16,682.4,684.7,679.6,6.6,,,无
2002-05-11,52645.0,青海,野牛沟,38.41666666666666,99.58333333333331,3320.0,2002,5,11,2.5,normal,3.8,13.8,-3.4,0.66,0.3,681.8,682.5,679.4,5.4,,0.929571360339696,Snow
2002-05-12,52645.0,青海,野牛沟,38.41666666666666,99.58333333333331,3320.0,2002,5,12,6.8,normal,2.0,7.9,-0.9,0.82,0.58,682.4,683.7,680.6,2.7,,0.613434499253871,Snow
2002-05-13,52645.0,青海,野牛沟,38.41666666666666,99.58333333333331,3320.0,2002,5,13,4.2,normal,1.4,9.3,-6.1,0.66,0.34,682.9,684.0,681.6,5.0,,-1.2053336079856836,Snow
2002-05-14,52645.0,青海,野牛沟,38.41666666666666,99.58333333333331,3320.0,2002,5,14,0.0,无,5.1,14.0,-2.7,0.55,0.24,682.6,683.4,681.4,6.4,,,无
2002-05-15,52645.0,青海,野牛沟,38.41666666666666,99.58333333333331,3320.0,2002,5,15,0.0,无,6.7,15.5,-2.7,0.51,0.19,682.7,684.6,681.0,8.7,,,无
2002-05-16,52645.0,青海,野牛沟,38.41666666666666,99.58333333333331,3320.0,2002,5,16,0.0,无,7.6,19.6,-3.8,0.47,0.08,679.8,682.2,677.0,8.6,,,无
2002-05-17,52645.0,青海,野牛沟,38.41666666666666,99.58333333333331,3320.0,2002,5,17,0.2,normal,4.8,15.1,1.9,0.68,0.26,678.8,679.5,677.3,3.2,,1.9963002752816061,Rain
2002-05-18,52645.0,青海,野牛沟,38.41666666666666,99.58333333333331,3320.0,2002,5,18,4.9,normal,3.2,12.6,-0.3,0.81,0.35,679.2,680.2,676.8,4.9,,1.66126739810887,Snow
2002-05-19,52645.0,青海,野牛沟,38.41666666666666,99.58333333333331,3320.0,2002,5,19,0.0,无,3.7,9.2,-1.1,0.68,0.36,678.5,680.4,675.9,4.3,,,无
2002-05-20,52645.0,青海,野牛沟,38.41666666666666,99.58333333333331,3320.0,2002,5,20,1.7,normal,0.8,5.1,-1.7,0.86,0.51,677.3,678.9,675.7,2.1,,-0.22677388139036747,Snow
2002-05-21,52645.0,青海,野牛沟,38.41666666666666,99.58333333333331,3320.0,2002,5,21,0.5,normal,1.5,5.5,-0.3,0.85,0.63,678.8,680.2,676.7,1.6,,0.36838687357259925,Snow
2002-05-22,52645.0,青海,野牛沟,38.41666666666666,99.58333333333331,3320.0,2002,5,22,3.4,normal,1.3,6.7,-1.2,0.84,0.63,681.2,683.0,678.6,2.3,,0.10325128011880569,Snow
2002-05-23,52645.0,青海,野牛沟,38.41666666666666,99.58333333333331,3320.0,2002,5,23,0.7,normal,1.6,8.8,-1.4,0.82,0.43,684.3,684.9,683.0,4.1,,0.2372018691688682,Snow
2002-05-24,52645.0,青海,野牛沟,38.41666666666666,99.58333333333331,3320.0,2002,5,24,6.5,normal,-0.9,6.7,-3.1,0.9,0.55,686.7,687.3,684.5,3.5,,-1.5754401734895174,Snow
2002-05-25,52645.0,青海,野牛沟,38.41666666666666,99.58333333333331,3320.0,2002,5,25,0.5,normal,1.6,9.1,-4.0,0.72,0.38,687.2,688.6,685.7,5.0,,-0.5408755109246188,Snow
2002-05-26,52645.0,青海,野牛沟,38.41666666666666,99.58333333333331,3320.0,2002,5,26,0.0,无,3.5,10.7,-3.2,0.64,0.3,685.6,687.4,683.5,5.7,,,无
2002-05-27,52645.0,青海,野牛沟,38.41666666666666,99.58333333333331,3320.0,2002,5,27,0.0,无,4.4,13.0,-2.9,0.63,0.22,682.2,684.3,679.8,6.6,,,无
2002-05-28,52645.0,青海,野牛沟,38.41666666666666,99.58333333333331,3320.0,2002,5,28,0.0,无,3.5,11.4,-1.3,0.74,0.33,681.4,682.2,680.0,4.6,,,无
2002-05-29,52645.0,青海,野牛沟,38.41666666666666,99.58333333333331,3320.0,2002,5,29,3.8,normal,5.3,11.2,0.2,0.7,0.44,682.9,684.0,681.1,4.4,,2.638118114486452,Rain
2002-05-30,52645.0,青海,野牛沟,38.41666666666666,99.58333333333331,3320.0,2002,5,30,0.0,无,7.5,17.5,-2.0,0.56,0.21,682.0,683.8,679.8,7.4,,,无
2002-05-31,52645.0,青海,野牛沟,38.41666666666666,99.58333333333331,3320.0,2002,5,31,0.0,无,8.9,16.5,-0.5,0.5,0.19,681.7,682.8,680.3,7.7,,,无
2002-06-01,52645.0,青海,野牛沟,38.41666666666666,99.58333333333331,3320.0,2002,6,1,0.8,normal,6.1,14.3,0.6,0.66,0.27,683.2,683.9,680.9,4.3,,2.975742514261035,Rain
2002-06-02,52645.0,青海,野牛沟,38.41666666666666,99.58333333333331,3320.0,2002,6,2,2.5,normal,7.2,13.4,2.1,0.76,0.47,684.1,685.2,683.2,5.3,,4.94653863817351,Rain
2002-06-03,52645.0,青海,野牛沟,38.41666666666666,99.58333333333331,3320.0,2002,6,3,0.3,normal,6.3,15.5,-1.0,0.72,0.37,684.2,684.7,682.4,5.4,,3.7350190629959767,Rain
2002-06-04,52645.0,青海,野牛沟,38.41666666666666,99.58333333333331,3320.0,2002,6,4,7.6,normal,6.1,14.5,1.2,0.81,0.45,684.5,685.3,682.8,3.4,,4.396243592794398,Rain
2002-06-05,52645.0,青海,野牛沟,38.41666666666666,99.58333333333331,3320.0,2002,6,5,0.1,normal,8.4,17.1,1.9,0.7,0.23,683.4,685.5,680.4,6.1,,5.435887319232182,Rain
2002-06-06,52645.0,青海,野牛沟,38.41666666666666,99.58333333333331,3320.0,2002,6,6,6.6,normal,8.0,13.7,3.7,0.77,0.43,681.1,682.2,679.9,1.5,,5.781651403007939,Rain
2002-06-07,52645.0,青海,野牛沟,38.41666666666666,99.58333333333331,3320.0,2002,6,7,9.2,normal,7.9,12.6,4.2,0.79,0.6,678.8,680.9,676.5,4.8,,5.885357900168722,Rain
2002-06-08,52645.0,青海,野牛沟,38.41666666666666,99.58333333333331,3320.0,2002,6,8,7.0,normal,8.0,14.0,4.3,0.79,0.49,678.9,680.5,677.2,2.7,,5.978875772724757,Rain
2002-06-09,52645.0,青海,野牛沟,38.41666666666666,99.58333333333331,3320.0,2002,6,9,1.3,normal,6.6,14.0,-1.1,0.69,0.37,681.2,682.5,679.2,5.3,,3.7105390758852907,Rain
2002-06-10,52645.0,青海,野牛沟,38.41666666666666,99.58333333333331,3320.0,2002,6,10,0.0,无,7.2,15.5,-1.2,0.64,0.33,682.5,684.1,680.3,6.5,,,无
2002-06-11,52645.0,青海,野牛沟,38.41666666666666,99.58333333333331,3320.0,2002,6,11,0.0,无,8.1,17.3,-0.5,0.64,0.34,683.1,684.3,681.1,7.0,,,无
2002-06-12,52645.0,青海,野牛沟,38.41666666666666,99.58333333333331,3320.0,2002,6,12,0.0,无,9.2,15.7,4.0,0.67,0.4,683.3,684.1,680.9,5.4,,,无
2002-06-13,52645.0,青海,野牛沟,38.41666666666666,99.58333333333331,3320.0,2002,6,13,0.0,无,9.2,18.7,-0.6,0.55,0.2,683.2,684.4,681.0,7.7,,,无
2002-06-14,52645.0,青海,野牛沟,38.41666666666666,99.58333333333331,3320.0,2002,6,14,0.2,normal,8.9,16.5,2.3,0.7,0.41,682.5,684.0,680.1,4.9,,5.8851537551609345,Rain
2002-06-15,52645.0,青海,野牛沟,38.41666666666666,99.58333333333331,3320.0,2002,6,15,0.3,normal,9.4,16.4,3.7,0.68,0.39,682.7,683.8,681.7,6.1,,6.1198441165104045,Rain
2002-06-16,52645.0,青海,野牛沟,38.41666666666666,99.58333333333331,3320.0,2002,6,16,0.0,无,10.0,18.3,0.1,0.6,0.32,680.0,682.7,677.3,7.2,,,无
2002-06-17,52645.0,青海,野牛沟,38.41666666666666,99.58333333333331,3320.0,2002,6,17,18.9,normal,9.6,17.2,5.0,0.72,0.38,679.1,680.8,677.6,7.7,,6.727118330634281,Rain
2002-06-18,52645.0,青海,野牛沟,38.41666666666666,99.58333333333331,3320.0,2002,6,18,0.0,无,11.3,17.4,4.2,0.63,0.41,678.9,679.8,677.3,7.2,,,无
2002-06-19,52645.0,青海,野牛沟,38.41666666666666,99.58333333333331,3320.0,2002,6,19,1.7,normal,10.1,13.4,7.7,0.71,0.46,678.5,680.2,677.0,3.4,,7.070558855372853,Rain
2002-06-20,52645.0,青海,野牛沟,38.41666666666666,99.58333333333331,3320.0,2002,6,20,9.3,normal,4.6,10.0,0.0,0.85,0.6,679.0,680.4,677.5,1.6,,3.3274909504604233,Snow
2002-06-21,52645.0,青海,野牛沟,38.41666666666666,99.58333333333331,3320.0,2002,6,21,0.9,normal,7.1,13.9,3.2,0.74,0.46,679.5,679.9,678.2,3.6,,4.651894144463031,Rain
2002-06-22,52645.0,青海,野牛沟,38.41666666666666,99.58333333333331,3320.0,2002,6,22,1.1,normal,5.5,11.1,2.0,0.76,0.4,682.3,683.1,679.9,3.5,,3.3736348547133455,Rain
2002-06-23,52645.0,青海,野牛沟,38.41666666666666,99.58333333333331,3320.0,2002,6,23,0.0,无,7.2,15.3,-0.8,0.75,0.33,683.7,684.7,681.7,5.2,,,无
2002-06-24,52645.0,青海,野牛沟,38.41666666666666,99.58333333333331,3320.0,2002,6,24,0.0,无,9.9,20.5,-1.3,0.61,0.24,683.5,685.3,680.8,7.0,,,无
2002-06-25,52645.0,青海,野牛沟,38.41666666666666,99.58333333333331,3320.0,2002,6,25,0.1,normal,10.3,20.4,2.7,0.64,0.28,683.1,684.5,681.1,6.4,,6.473479585914945,Rain
2002-06-26,52645.0,青海,野牛沟,38.41666666666666,99.58333333333331,3320.0,2002,6,26,2.0,normal,10.6,15.4,5.5,0.67,0.45,684.1,685.7,683.5,3.2,,7.0822104229605864,Rain
2002-06-27,52645.0,青海,野牛沟,38.41666666666666,99.58333333333331,3320.0,2002,6,27,1.5,normal,8.8,14.5,4.1,0.73,0.46,686.0,686.5,684.1,3.9,,6.1157848284260075,Rain
2002-06-28,52645.0,青海,野牛沟,38.41666666666666,99.58333333333331,3320.0,2002,6,28,0.0,无,9.2,17.7,0.9,0.67,0.33,686.2,687.7,684.5,6.5,,,无
2002-06-29,52645.0,青海,野牛沟,38.41666666666666,99.58333333333331,3320.0,2002,6,29,1.0,normal,9.1,14.6,3.3,0.69,0.43,685.6,686.7,684.5,5.0,,5.964373074138201,Rain
2002-06-30,52645.0,青海,野牛沟,38.41666666666666,99.58333333333331,3320.0,2002,6,30,0.0,无,9.6,21.2,-1.7,0.62,0.18,682.6,684.8,679.0,7.7,,,无
2002-07-01,52645.0,青海,野牛沟,38.41666666666666,99.58333333333331,3320.0,2002,7,1,0.0,无,11.2,17.4,6.3,0.58,0.29,681.2,682.7,679.0,4.9,,,无
2002-07-02,52645.0,青海,野牛沟,38.41666666666666,99.58333333333331,3320.0,2002,7,2,0.0,无,9.9,18.0,1.5,0.64,0.35,683.3,684.5,681.6,5.2,,,无
2002-07-03,52645.0,青海,野牛沟,38.41666666666666,99.58333333333331,3320.0,2002,7,3,0.0,无,11.2,17.4,4.6,0.61,0.36,683.5,684.7,681.2,7.2,,,无
2002-07-04,52645.0,青海,野牛沟,38.41666666666666,99.58333333333331,3320.0,2002,7,4,0.0,无,11.6,20.4,1.7,0.57,0.27,683.3,684.7,681.8,7.4,,,无
2002-07-05,52645.0,青海,野牛沟,38.41666666666666,99.58333333333331,3320.0,2002,7,5,0.0,无,11.0,20.5,1.0,0.57,0.33,682.8,684.3,680.3,8.7,,,无
2002-07-06,52645.0,青海,野牛沟,38.41666666666666,99.58333333333331,3320.0,2002,7,6,2.3,normal,12.7,16.3,9.6,0.67,0.48,681.3,682.2,680.8,3.9,,8.946546288373302,Rain
2002-07-07,52645.0,青海,野牛沟,38.41666666666666,99.58333333333331,3320.0,2002,7,7,6.5,normal,10.5,12.3,9.8,0.89,0.73,681.0,681.4,680.0,1.2,,9.377992546002044,Rain
2002-07-08,52645.0,青海,野牛沟,38.41666666666666,99.58333333333331,3320.0,2002,7,8,9.6,normal,11.7,19.0,9.0,0.84,0.6,682.2,682.9,680.6,5.1,,9.994785046575657,Rain
2002-07-09,52645.0,青海,野牛沟,38.41666666666666,99.58333333333331,3320.0,2002,7,9,26.7,normal,11.3,15.6,9.6,0.91,0.75,682.0,683.3,681.2,3.7,,10.364649787423751,Rain
2002-07-10,52645.0,青海,野牛沟,38.41666666666666,99.58333333333331,3320.0,2002,7,10,11.2,normal,11.6,16.0,8.8,0.83,0.66,681.2,682.4,679.1,6.2,,9.78881294418867,Rain
2002-07-11,52645.0,青海,野牛沟,38.41666666666666,99.58333333333331,3320.0,2002,7,11,0.0,无,14.1,21.8,6.4,0.74,0.42,679.4,681.1,676.7,6.5,,,无
2002-07-12,52645.0,青海,野牛沟,38.41666666666666,99.58333333333331,3320.0,2002,7,12,12.7,normal,11.7,19.2,10.5,0.88,0.59,679.9,680.8,676.9,2.5,,10.429817296877605,Rain
2002-07-13,52645.0,青海,野牛沟,38.41666666666666,99.58333333333331,3320.0,2002,7,13,3.5,normal,11.2,16.6,8.0,0.71,0.46,683.7,684.5,680.8,5.7,,8.075706003708646,Rain
2002-07-14,52645.0,青海,野牛沟,38.41666666666666,99.58333333333331,3320.0,2002,7,14,4.3,normal,11.4,16.9,6.9,0.8,0.6,684.2,685.0,682.4,3.4,,9.272062526309949,Rain
2002-07-15,52645.0,青海,野牛沟,38.41666666666666,99.58333333333331,3320.0,2002,7,15,12.0,normal,10.5,12.3,9.0,0.85,0.73,684.8,686.0,684.3,2.3,,8.961433039922508,Rain
2002-07-16,52645.0,青海,野牛沟,38.41666666666666,99.58333333333331,3320.0,2002,7,16,1.6,normal,10.8,14.4,8.2,0.79,0.54,685.0,685.6,684.4,1.6,,8.601566423164243,Rain
2002-07-17,52645.0,青海,野牛沟,38.41666666666666,99.58333333333331,3320.0,2002,7,17,0.1,normal,11.4,18.4,5.6,0.72,0.41,685.6,686.2,684.3,4.5,,8.37457464523155,Rain
2002-07-18,52645.0,青海,野牛沟,38.41666666666666,99.58333333333331,3320.0,2002,7,18,1.4,normal,10.7,15.5,7.5,0.73,0.49,686.1,687.0,685.2,4.6,,7.850295378974299,Rain
2002-07-19,52645.0,青海,野牛沟,38.41666666666666,99.58333333333331,3320.0,2002,7,19,0.2,normal,8.3,15.9,1.8,0.74,0.39,686.0,687.2,685.0,4.1,,5.761649975690886,Rain
2002-07-20,52645.0,青海,野牛沟,38.41666666666666,99.58333333333331,3320.0,2002,7,20,0.5,normal,8.5,13.8,5.2,0.76,0.48,684.7,686.5,683.1,4.0,,6.147999531114379,Rain
2002-07-21,52645.0,青海,野牛沟,38.41666666666666,99.58333333333331,3320.0,2002,7,21,0.0,无,8.6,17.3,-0.4,0.66,0.39,683.0,685.3,681.1,5.7,,,无
2002-07-22,52645.0,青海,野牛沟,38.41666666666666,99.58333333333331,3320.0,2002,7,22,0.0,无,9.3,17.4,1.0,0.69,0.37,681.3,682.6,679.7,6.1,,,无
2002-07-23,52645.0,青海,野牛沟,38.41666666666666,99.58333333333331,3320.0,2002,7,23,0.0,无,10.4,17.5,2.0,0.63,0.34,682.0,682.4,680.3,6.8,,,无
2002-07-24,52645.0,青海,野牛沟,38.41666666666666,99.58333333333331,3320.0,2002,7,24,0.0,无,9.6,18.0,-0.6,0.55,0.22,684.7,686.4,682.4,7.0,,,无
2002-07-25,52645.0,青海,野牛沟,38.41666666666666,99.58333333333331,3320.0,2002,7,25,0.0,无,9.5,18.9,-0.8,0.62,0.22,684.3,686.1,682.7,7.5,,,无
2002-07-26,52645.0,青海,野牛沟,38.41666666666666,99.58333333333331,3320.0,2002,7,26,0.0,无,10.2,17.0,-0.2,0.52,0.25,683.3,684.8,682.0,9.1,,,无
2002-07-27,52645.0,青海,野牛沟,38.41666666666666,99.58333333333331,3320.0,2002,7,27,0.0,无,9.0,20.5,-2.0,0.57,0.29,682.6,683.8,680.7,7.4,,,无
2002-07-28,52645.0,青海,野牛沟,38.41666666666666,99.58333333333331,3320.0,2002,7,28,0.0,无,9.5,19.0,-0.1,0.61,0.32,682.7,683.9,680.6,6.8,,,无
2002-07-29,52645.0,青海,野牛沟,38.41666666666666,99.58333333333331,3320.0,2002,7,29,11.3,normal,9.4,15.8,6.4,0.82,0.47,682.3,683.1,681.0,5.6,,7.601853627706601,Rain
2002-07-30,52645.0,青海,野牛沟,38.41666666666666,99.58333333333331,3320.0,2002,7,30,0.0,无,11.2,20.7,2.3,0.7,0.37,682.2,683.5,680.4,6.4,,,无
2002-07-31,52645.0,青海,野牛沟,38.41666666666666,99.58333333333331,3320.0,2002,7,31,0.0,无,11.7,21.3,2.6,0.69,0.4,683.2,684.2,681.0,7.5,,,无
2002-08-01,52645.0,青海,野牛沟,38.41666666666666,99.58333333333331,3320.0,2002,8,1,0.0,无,14.4,22.3,8.9,0.67,0.39,685.6,686.3,683.2,7.3,,,无
2002-08-02,52645.0,青海,野牛沟,38.41666666666666,99.58333333333331,3320.0,2002,8,2,8.2,normal,12.3,22.0,8.5,0.81,0.44,686.4,687.4,684.0,6.8,,10.231984260117638,Rain
2002-08-03,52645.0,青海,野牛沟,38.41666666666666,99.58333333333331,3320.0,2002,8,3,28.6,normal,12.3,21.0,9.0,0.88,0.54,685.5,687.7,682.8,8.2,,11.011941542910474,Rain
2002-08-04,52645.0,青海,野牛沟,38.41666666666666,99.58333333333331,3320.0,2002,8,4,9.8,normal,11.9,19.6,7.8,0.85,0.6,684.3,685.8,682.1,4.3,,10.297204305038882,Rain
2002-08-05,52645.0,青海,野牛沟,38.41666666666666,99.58333333333331,3320.0,2002,8,5,9.5,normal,11.4,15.7,8.8,0.89,0.52,683.4,684.5,682.4,3.1,,10.249867289768058,Rain
2002-08-06,52645.0,青海,野牛沟,38.41666666666666,99.58333333333331,3320.0,2002,8,6,1.6,normal,12.6,16.7,10.1,0.83,0.61,682.9,683.5,681.5,3.0,,10.73846721058818,Rain
2002-08-07,52645.0,青海,野牛沟,38.41666666666666,99.58333333333331,3320.0,2002,8,7,8.4,normal,10.4,14.5,9.5,0.88,0.55,683.7,684.0,682.5,1.8,,9.179030555281237,Rain
2002-08-08,52645.0,青海,野牛沟,38.41666666666666,99.58333333333331,3320.0,2002,8,8,2.0,normal,10.0,17.0,4.9,0.68,0.29,684.6,685.4,683.2,5.4,,6.6600652169619545,Rain
2002-08-09,52645.0,青海,野牛沟,38.41666666666666,99.58333333333331,3320.0,2002,8,9,0.0,无,8.8,17.4,1.0,0.63,0.31,683.9,685.3,681.5,6.0,,,无
2002-08-10,52645.0,青海,野牛沟,38.41666666666666,99.58333333333331,3320.0,2002,8,10,11.5,normal,6.2,13.8,3.8,0.84,0.42,683.1,684.0,682.0,1.6,,4.76574045835402,Rain
2002-08-11,52645.0,青海,野牛沟,38.41666666666666,99.58333333333331,3320.0,2002,8,11,2.3,normal,7.0,11.5,4.7,0.74,0.55,683.9,685.0,682.6,3.7,,4.566997729145901,Rain
2002-08-12,52645.0,青海,野牛沟,38.41666666666666,99.58333333333331,3320.0,2002,8,12,1.2,normal,6.6,11.0,3.0,0.69,0.51,684.6,685.8,683.8,3.5,,3.716906184574875,Rain
2002-08-13,52645.0,青海,野牛沟,38.41666666666666,99.58333333333331,3320.0,2002,8,13,0.0,无,6.1,15.6,-2.1,0.68,0.37,683.7,685.0,682.4,5.1,,,无
2002-08-14,52645.0,青海,野牛沟,38.41666666666666,99.58333333333331,3320.0,2002,8,14,0.0,无,7.2,17.1,-1.8,0.63,0.27,682.6,683.8,681.1,6.1,,,无
2002-08-15,52645.0,青海,野牛沟,38.41666666666666,99.58333333333331,3320.0,2002,8,15,0.0,无,8.1,19.0,-1.1,0.65,0.26,681.9,683.4,680.4,6.1,,,无
2002-08-16,52645.0,青海,野牛沟,38.41666666666666,99.58333333333331,3320.0,2002,8,16,0.0,无,9.0,18.6,-0.4,0.64,0.28,682.7,684.0,680.8,6.5,,,无
2002-08-17,52645.0,青海,野牛沟,38.41666666666666,99.58333333333331,3320.0,2002,8,17,0.0,无,8.7,18.5,-0.6,0.67,0.31,683.8,684.8,681.8,6.3,,,无
2002-08-18,52645.0,青海,野牛沟,38.41666666666666,99.58333333333331,3320.0,2002,8,18,0.0,无,8.8,19.1,-0.7,0.66,0.33,684.4,685.8,682.5,6.1,,,无
2002-08-19,52645.0,青海,野牛沟,38.41666666666666,99.58333333333331,3320.0,2002,8,19,0.0,无,10.2,19.2,1.9,0.64,0.37,683.6,684.8,681.5,6.0,,,无
2002-08-20,52645.0,青海,野牛沟,38.41666666666666,99.58333333333331,3320.0,2002,8,20,0.0,无,9.5,14.8,4.9,0.75,0.43,684.5,685.4,682.7,3.3,,,无
2002-08-21,52645.0,青海,野牛沟,38.41666666666666,99.58333333333331,3320.0,2002,8,21,0.0,无,7.5,13.7,2.5,0.76,0.5,685.8,686.3,684.8,3.4,,,无
2002-08-22,52645.0,青海,野牛沟,38.41666666666666,99.58333333333331,3320.0,2002,8,22,0.0,无,8.4,19.0,-0.2,0.67,0.3,686.0,687.6,684.2,6.0,,,无
2002-08-23,52645.0,青海,野牛沟,38.41666666666666,99.58333333333331,3320.0,2002,8,23,0.0,无,9.0,19.5,-0.2,0.63,0.24,686.0,687.5,684.3,6.7,,,无
2002-08-24,52645.0,青海,野牛沟,38.41666666666666,99.58333333333331,3320.0,2002,8,24,9.8,normal,8.0,17.1,3.5,0.76,0.4,686.1,687.6,684.3,5.9,,5.6881923051275285,Rain
2002-08-25,52645.0,青海,野牛沟,38.41666666666666,99.58333333333331,3320.0,2002,8,25,0.1,normal,7.1,16.0,0.8,0.69,0.27,687.5,689.0,685.0,4.6,,4.171571738358435,Rain
2002-08-26,52645.0,青海,野牛沟,38.41666666666666,99.58333333333331,3320.0,2002,8,26,0.0,无,6.6,17.2,-1.4,0.64,0.26,686.2,687.5,684.1,5.2,,,无
2002-08-27,52645.0,青海,野牛沟,38.41666666666666,99.58333333333331,3320.0,2002,8,27,0.0,无,7.5,17.6,-2.0,0.62,0.29,685.2,686.1,684.0,4.8,,,无
2002-08-28,52645.0,青海,野牛沟,38.41666666666666,99.58333333333331,3320.0,2002,8,28,0.1,normal,8.4,17.3,-1.5,0.61,0.32,686.4,688.1,684.7,5.1,,4.491144754834218,Rain
2002-08-29,52645.0,青海,野牛沟,38.41666666666666,99.58333333333331,3320.0,2002,8,29,0.0,无,7.7,19.8,-2.6,0.6,0.23,687.5,689.0,685.7,6.1,,,无
2002-08-30,52645.0,青海,野牛沟,38.41666666666666,99.58333333333331,3320.0,2002,8,30,0.0,无,9.0,20.6,-0.6,0.6,0.26,685.8,687.6,683.2,5.2,,,无
2002-08-31,52645.0,青海,野牛沟,38.41666666666666,99.58333333333331,3320.0,2002,8,31,0.3,normal,9.1,19.0,1.5,0.69,0.35,685.1,686.8,683.6,5.3,,5.963434811568624,Rain
2002-09-01,52645.0,青海,野牛沟,38.41666666666666,99.58333333333331,3320.0,2002,9,1,1.3,normal,7.9,15.0,1.0,0.79,0.53,685.0,686.4,683.9,2.9,,5.89285889417241,Rain
2002-09-02,52645.0,青海,野牛沟,38.41666666666666,99.58333333333331,3320.0,2002,9,2,1.0,normal,10.3,17.7,5.0,0.69,0.35,685.3,686.0,684.0,5.2,,7.041389777262057,Rain
2002-09-03,52645.0,青海,野牛沟,38.41666666666666,99.58333333333331,3320.0,2002,9,3,0.0,无,9.1,17.6,1.5,0.67,0.35,685.4,687.1,683.0,5.8,,,无
2002-09-04,52645.0,青海,野牛沟,38.41666666666666,99.58333333333331,3320.0,2002,9,4,0.0,无,7.6,11.0,4.3,0.77,0.54,684.3,685.4,682.6,2.9,,,无
2002-09-05,52645.0,青海,野牛沟,38.41666666666666,99.58333333333331,3320.0,2002,9,5,0.0,无,11.4,16.2,7.8,0.79,0.61,681.2,683.2,679.6,4.1,,,无
2002-09-06,52645.0,青海,野牛沟,38.41666666666666,99.58333333333331,3320.0,2002,9,6,8.6,normal,10.4,15.0,7.9,0.87,0.73,681.1,681.7,680.0,3.8,,9.07293703952504,Rain
2002-09-07,52645.0,青海,野牛沟,38.41666666666666,99.58333333333331,3320.0,2002,9,7,0.2,normal,11.1,19.4,7.4,0.79,0.57,683.1,684.0,681.3,5.2,,8.879569136054123,Rain
2002-09-08,52645.0,青海,野牛沟,38.41666666666666,99.58333333333331,3320.0,2002,9,8,0.0,无,11.1,18.0,7.5,0.74,0.55,685.9,686.9,684.0,5.2,,,无
2002-09-09,52645.0,青海,野牛沟,38.41666666666666,99.58333333333331,3320.0,2002,9,9,6.7,normal,9.5,16.5,5.0,0.81,0.55,684.1,687.1,680.9,4.1,,7.59449891951252,Rain
2002-09-10,52645.0,青海,野牛沟,38.41666666666666,99.58333333333331,3320.0,2002,9,10,0.4,normal,6.7,13.3,4.2,0.82,0.61,682.4,683.4,680.1,3.2,,5.052776799613485,Rain
2002-09-11,52645.0,青海,野牛沟,38.41666666666666,99.58333333333331,3320.0,2002,9,11,2.8,normal,4.5,8.3,2.0,0.88,0.71,684.9,686.1,682.3,1.8,,3.493880845787589,Snow
2002-09-12,52645.0,青海,野牛沟,38.41666666666666,99.58333333333331,3320.0,2002,9,12,3.4,normal,5.3,10.6,2.5,0.84,0.55,686.5,687.3,685.0,2.5,,3.913055534436096,Rain
2002-09-13,52645.0,青海,野牛沟,38.41666666666666,99.58333333333331,3320.0,2002,9,13,4.2,normal,4.5,12.0,0.7,0.8,0.45,686.9,688.0,684.3,3.5,,2.806268293888521,Snow
2002-09-14,52645.0,青海,野牛沟,38.41666666666666,99.58333333333331,3320.0,2002,9,14,4.3,normal,3.9,11.3,0.2,0.74,0.29,687.1,688.4,685.2,4.3,,1.7289959589490111,Rain
2002-09-15,52645.0,青海,野牛沟,38.41666666666666,99.58333333333331,3320.0,2002,9,15,0.0,无,3.5,13.5,-4.1,0.7,0.33,686.4,688.0,684.1,4.0,,,无
2002-09-16,52645.0,青海,野牛沟,38.41666666666666,99.58333333333331,3320.0,2002,9,16,0.0,无,3.7,12.6,-4.6,0.66,0.29,684.3,686.0,681.9,3.1,,,无
2002-09-17,52645.0,青海,野牛沟,38.41666666666666,99.58333333333331,3320.0,2002,9,17,0.0,无,5.0,14.4,-3.0,0.64,0.3,684.5,685.6,682.6,4.5,,,无
2002-09-18,52645.0,青海,野牛沟,38.41666666666666,99.58333333333331,3320.0,2002,9,18,5.6,normal,2.6,8.1,0.5,0.87,0.47,685.1,686.2,683.7,0.5,,1.583224979971738,Snow
2002-09-19,52645.0,青海,野牛沟,38.41666666666666,99.58333333333331,3320.0,2002,9,19,0.9,normal,4.2,10.7,0.1,0.77,0.44,687.4,688.5,686.0,2.7,,2.266193015903073,Rain
2002-09-20,52645.0,青海,野牛沟,38.41666666666666,99.58333333333331,3320.0,2002,9,20,0.0,无,5.1,11.6,0.7,0.6,0.26,688.6,689.6,687.2,4.2,,,无
2002-09-21,52645.0,青海,野牛沟,38.41666666666666,99.58333333333331,3320.0,2002,9,21,0.0,无,1.1,11.0,-6.0,0.58,0.27,690.8,692.3,689.3,3.7,,,无
2002-09-22,52645.0,青海,野牛沟,38.41666666666666,99.58333333333331,3320.0,2002,9,22,0.0,无,1.0,12.5,-7.8,0.58,0.19,688.9,691.1,685.5,3.5,,,无
2002-09-23,52645.0,青海,野牛沟,38.41666666666666,99.58333333333331,3320.0,2002,9,23,0.0,无,1.5,8.0,-2.1,0.76,0.42,686.2,687.3,684.9,2.3,,,无
2002-09-24,52645.0,青海,野牛沟,38.41666666666666,99.58333333333331,3320.0,2002,9,24,0.6,normal,0.8,9.7,-6.5,0.71,0.3,686.1,687.1,683.7,2.6,,-1.34935591632948,Snow
2002-09-25,52645.0,青海,野牛沟,38.41666666666666,99.58333333333331,3320.0,2002,9,25,0.0,无,0.5,11.0,-5.7,0.75,0.23,685.1,685.9,683.0,2.3,,,无
2002-09-26,52645.0,青海,野牛沟,38.41666666666666,99.58333333333331,3320.0,2002,9,26,2.9,normal,0.9,8.2,-3.5,0.74,0.36,686.9,688.4,685.1,3.3,,-1.027283061487707,Snow
2002-09-27,52645.0,青海,野牛沟,38.41666666666666,99.58333333333331,3320.0,2002,9,27,0.0,无,1.1,12.4,-7.3,0.59,0.19,687.0,688.4,684.7,3.5,,,无
2002-09-28,52645.0,青海,野牛沟,38.41666666666666,99.58333333333331,3320.0,2002,9,28,0.0,无,2.1,13.2,-7.0,0.6,0.19,686.4,688.0,684.5,3.3,,,无
2002-09-29,52645.0,青海,野牛沟,38.41666666666666,99.58333333333331,3320.0,2002,9,29,0.4,normal,2.1,10.8,-3.5,0.71,0.34,687.2,688.6,685.0,1.2,,-0.16558747374167293,Snow
2002-09-30,52645.0,青海,野牛沟,38.41666666666666,99.58333333333331,3320.0,2002,9,30,0.0,无,0.6,10.9,-7.0,0.58,0.23,687.4,688.3,686.6,3.5,,,无
2002-10-01,52645.0,青海,野牛沟,38.41666666666666,99.58333333333331,3320.0,2002,10,1,0.0,无,1.1,14.2,-8.6,0.54,0.07,687.0,688.5,684.3,4.2,,,无
2002-10-02,52645.0,青海,野牛沟,38.41666666666666,99.58333333333331,3320.0,2002,10,2,0.0,无,0.1,9.2,-7.5,0.63,0.26,686.7,688.0,685.1,3.0,,,无
2002-10-03,52645.0,青海,野牛沟,38.41666666666666,99.58333333333331,3320.0,2002,10,3,0.0,无,0.4,10.0,-7.5,0.65,0.23,686.8,688.1,684.8,2.8,,,无
2002-10-04,52645.0,青海,野牛沟,38.41666666666666,99.58333333333331,3320.0,2002,10,4,0.0,无,-1.3,8.0,-8.5,0.75,0.29,686.9,688.2,684.4,2.0,,,无
2002-10-05,52645.0,青海,野牛沟,38.41666666666666,99.58333333333331,3320.0,2002,10,5,1.4,normal,-1.2,8.4,-10.3,0.6,0.14,690.9,692.3,688.2,3.9,,-3.938000322183375,Snow
2002-10-06,52645.0,青海,野牛沟,38.41666666666666,99.58333333333331,3320.0,2002,10,6,0.0,无,-0.3,11.0,-8.8,0.51,0.19,688.7,691.8,685.8,4.0,,,无
2002-10-07,52645.0,青海,野牛沟,38.41666666666666,99.58333333333331,3320.0,2002,10,7,0.0,无,0.8,14.4,-9.4,0.53,0.14,688.0,689.8,685.2,4.0,,,无
2002-10-08,52645.0,青海,野牛沟,38.41666666666666,99.58333333333331,3320.0,2002,10,8,0.0,无,1.4,12.4,-7.6,0.59,0.24,685.9,687.7,683.1,3.1,,,无
2002-10-09,52645.0,青海,野牛沟,38.41666666666666,99.58333333333331,3320.0,2002,10,9,0.0,无,2.8,12.2,-6.0,0.57,0.17,686.3,687.8,684.0,3.5,,,无
2002-10-10,52645.0,青海,野牛沟,38.41666666666666,99.58333333333331,3320.0,2002,10,10,0.0,无,1.7,11.5,-4.1,0.54,0.07,687.4,689.9,685.1,4.6,,,无
2002-10-11,52645.0,青海,野牛沟,38.41666666666666,99.58333333333331,3320.0,2002,10,11,0.0,无,-1.7,8.7,-10.5,0.59,0.14,684.5,686.2,682.0,2.9,,,无
2002-10-12,52645.0,青海,野牛沟,38.41666666666666,99.58333333333331,3320.0,2002,10,12,0.0,无,-2.2,7.5,-10.1,0.73,0.28,684.1,686.0,682.0,2.0,,,无
2002-10-13,52645.0,青海,野牛沟,38.41666666666666,99.58333333333331,3320.0,2002,10,13,0.0,无,-1.0,9.1,-8.8,0.6,0.15,683.5,684.6,681.7,2.7,,,无
2002-10-14,52645.0,青海,野牛沟,38.41666666666666,99.58333333333331,3320.0,2002,10,14,0.0,无,-1.9,11.1,-11.5,0.54,0.13,683.6,685.1,681.6,3.0,,,无
2002-10-15,52645.0,青海,野牛沟,38.41666666666666,99.58333333333331,3320.0,2002,10,15,0.0,无,-0.8,14.1,-11.0,0.49,0.07,682.7,684.8,680.3,3.8,,,无
2002-10-16,52645.0,青海,野牛沟,38.41666666666666,99.58333333333331,3320.0,2002,10,16,0.0,无,0.4,15.4,-11.6,0.5,0.08,681.2,682.9,678.6,4.2,,,无
2002-10-17,52645.0,青海,野牛沟,38.41666666666666,99.58333333333331,3320.0,2002,10,17,0.0,无,1.0,12.1,-9.2,0.5,0.19,681.1,683.0,679.0,4.0,,,无
2002-10-18,52645.0,青海,野牛沟,38.41666666666666,99.58333333333331,3320.0,2002,10,18,0.0,无,-1.0,9.0,-8.7,0.58,0.28,681.0,682.9,678.1,2.6,,,无
2002-10-19,52645.0,青海,野牛沟,38.41666666666666,99.58333333333331,3320.0,2002,10,19,0.0,无,-2.8,8.4,-11.6,0.69,0.25,681.0,682.9,679.0,2.1,,,无
2002-10-20,52645.0,青海,野牛沟,38.41666666666666,99.58333333333331,3320.0,2002,10,20,0.0,无,-2.5,7.8,-12.0,0.62,0.29,681.6,683.8,679.0,2.2,,,无
2002-10-21,52645.0,青海,野牛沟,38.41666666666666,99.58333333333331,3320.0,2002,10,21,2.4,normal,-3.1,2.1,-4.6,0.81,0.5,681.0,682.2,679.6,1.4,,-4.278645755875128,Snow
2002-10-22,52645.0,青海,野牛沟,38.41666666666666,99.58333333333331,3320.0,2002,10,22,4.3,normal,-8.1,-2.7,-10.5,0.69,0.41,683.8,684.9,682.2,1.6,,-9.604267969185546,Snow
2002-10-23,52645.0,青海,野牛沟,38.41666666666666,99.58333333333331,3320.0,2002,10,23,0.0,无,-10.1,2.9,-19.3,0.62,0.28,681.6,684.9,678.8,1.7,,,无
2002-10-24,52645.0,青海,野牛沟,38.41666666666666,99.58333333333331,3320.0,2002,10,24,0.0,无,-6.6,3.6,-15.3,0.58,0.29,680.7,682.1,678.8,2.8,,,无
2002-10-25,52645.0,青海,野牛沟,38.41666666666666,99.58333333333331,3320.0,2002,10,25,0.0,无,-5.3,5.5,-13.5,0.51,0.16,685.3,687.2,681.4,2.5,,,无
2002-10-26,52645.0,青海,野牛沟,38.41666666666666,99.58333333333331,3320.0,2002,10,26,0.0,无,-5.9,5.6,-15.6,0.55,0.17,684.1,686.6,681.5,2.5,,,无
2002-10-27,52645.0,青海,野牛沟,38.41666666666666,99.58333333333331,3320.0,2002,10,27,0.0,无,-5.7,4.6,-14.0,0.63,0.24,681.3,683.9,678.5,2.0,,,无
2002-10-28,52645.0,青海,野牛沟,38.41666666666666,99.58333333333331,3320.0,2002,10,28,0.0,无,-5.8,4.5,-13.4,0.56,0.23,680.1,681.4,677.9,2.5,,,无
2002-10-29,52645.0,青海,野牛沟,38.41666666666666,99.58333333333331,3320.0,2002,10,29,0.0,无,-6.5,2.9,-14.4,0.65,0.31,679.6,680.7,677.6,2.0,,,无
2002-10-30,52645.0,青海,野牛沟,38.41666666666666,99.58333333333331,3320.0,2002,10,30,0.0,无,-7.7,2.6,-15.2,0.69,0.29,681.2,682.2,679.7,2.2,,,无
2002-10-31,52645.0,青海,野牛沟,38.41666666666666,99.58333333333331,3320.0,2002,10,31,0.0,无,-8.4,2.2,-16.3,0.66,0.29,683.0,684.0,680.8,2.2,,,无
2002-11-01,52645.0,青海,野牛沟,38.41666666666666,99.58333333333331,3320.0,2002,11,1,0.0,无,-9.8,0.3,-17.5,0.59,0.12,686.0,687.4,683.9,2.5,,,无
2002-11-02,52645.0,青海,野牛沟,38.41666666666666,99.58333333333331,3320.0,2002,11,2,0.0,无,-10.2,1.1,-19.6,0.47,0.13,687.8,689.4,686.0,2.3,,,无
2002-11-03,52645.0,青海,野牛沟,38.41666666666666,99.58333333333331,3320.0,2002,11,3,0.0,无,-10.8,3.3,-19.6,0.54,0.2,689.7,691.8,686.9,1.7,,,无
2002-11-04,52645.0,青海,野牛沟,38.41666666666666,99.58333333333331,3320.0,2002,11,4,0.0,无,-9.6,4.2,-19.2,0.51,0.15,686.1,687.9,683.4,2.0,,,无
2002-11-05,52645.0,青海,野牛沟,38.41666666666666,99.58333333333331,3320.0,2002,11,5,0.0,无,-9.4,5.7,-19.0,0.52,0.14,683.7,685.6,681.1,2.0,,,无
2002-11-06,52645.0,青海,野牛沟,38.41666666666666,99.58333333333331,3320.0,2002,11,6,0.0,无,-8.6,4.6,-17.8,0.48,0.17,684.9,686.4,682.6,2.1,,,无
2002-11-07,52645.0,青海,野牛沟,38.41666666666666,99.58333333333331,3320.0,2002,11,7,0.0,无,-8.4,5.5,-18.0,0.48,0.19,687.0,688.4,685.1,2.0,,,无
2002-11-08,52645.0,青海,野牛沟,38.41666666666666,99.58333333333331,3320.0,2002,11,8,0.0,无,-7.9,6.2,-17.5,0.51,0.19,685.8,687.9,683.1,2.1,,,无
2002-11-09,52645.0,青海,野牛沟,38.41666666666666,99.58333333333331,3320.0,2002,11,9,0.0,无,-6.4,7.7,-17.5,0.47,0.17,682.5,684.8,679.8,1.9,,,无
2002-11-10,52645.0,青海,野牛沟,38.41666666666666,99.58333333333331,3320.0,2002,11,10,0.0,无,-6.2,6.9,-14.6,0.44,0.18,681.1,683.0,679.5,3.1,,,无
2002-11-11,52645.0,青海,野牛沟,38.41666666666666,99.58333333333331,3320.0,2002,11,11,0.0,无,-8.3,4.4,-17.0,0.48,0.15,682.4,684.3,680.8,2.9,,,无
2002-11-12,52645.0,青海,野牛沟,38.41666666666666,99.58333333333331,3320.0,2002,11,12,0.0,无,-9.2,6.0,-19.0,0.42,0.15,681.8,683.4,679.6,2.4,,,无
2002-11-13,52645.0,青海,野牛沟,38.41666666666666,99.58333333333331,3320.0,2002,11,13,0.0,无,-7.3,6.2,-17.4,0.46,0.2,680.0,682.6,677.3,2.2,,,无
2002-11-14,52645.0,青海,野牛沟,38.41666666666666,99.58333333333331,3320.0,2002,11,14,0.0,无,-7.8,0.3,-14.0,0.5,0.28,679.5,680.7,678.0,1.8,,,无
2002-11-15,52645.0,青海,野牛沟,38.41666666666666,99.58333333333331,3320.0,2002,11,15,0.0,无,-8.3,0.9,-15.4,0.66,0.32,680.7,681.8,679.0,1.8,,,无
2002-11-16,52645.0,青海,野牛沟,38.41666666666666,99.58333333333331,3320.0,2002,11,16,0.0,无,-10.9,2.1,-19.8,0.63,0.2,682.7,684.2,681.0,1.8,,,无
2002-11-17,52645.0,青海,野牛沟,38.41666666666666,99.58333333333331,3320.0,2002,11,17,0.0,无,-8.5,2.6,-19.5,0.49,0.26,681.3,682.7,678.9,1.7,,,无
2002-11-18,52645.0,青海,野牛沟,38.41666666666666,99.58333333333331,3320.0,2002,11,18,0.0,无,-10.5,-1.3,-18.1,0.76,0.39,679.0,681.0,676.3,0.8,,,无
2002-11-19,52645.0,青海,野牛沟,38.41666666666666,99.58333333333331,3320.0,2002,11,19,1.1,normal,-10.9,-2.9,-14.4,0.82,0.37,679.8,682.4,678.2,0.5,,-11.644672521413476,Snow
2002-11-20,52645.0,青海,野牛沟,38.41666666666666,99.58333333333331,3320.0,2002,11,20,0.0,无,-16.8,-2.0,-25.1,0.63,0.29,682.7,684.7,681.0,0.9,,,无
2002-11-21,52645.0,青海,野牛沟,38.41666666666666,99.58333333333331,3320.0,2002,11,21,0.0,无,-12.0,0.6,-21.4,0.6,0.31,679.3,682.2,676.1,1.3,,,无
2002-11-22,52645.0,青海,野牛沟,38.41666666666666,99.58333333333331,3320.0,2002,11,22,0.0,无,-10.0,-0.6,-19.4,0.57,0.28,677.3,678.6,675.4,1.8,,,无
2002-11-23,52645.0,青海,野牛沟,38.41666666666666,99.58333333333331,3320.0,2002,11,23,0.2,normal,-10.5,-0.6,-16.8,0.61,0.24,680.1,681.6,677.2,1.6,,-12.166387880054433,Snow
2002-11-24,52645.0,青海,野牛沟,38.41666666666666,99.58333333333331,3320.0,2002,11,24,0.0,无,-14.9,-2.1,-23.6,0.54,0.18,682.2,683.8,680.4,1.9,,,无
2002-11-25,52645.0,青海,野牛沟,38.41666666666666,99.58333333333331,3320.0,2002,11,25,0.0,无,-14.9,-0.6,-24.0,0.48,0.2,682.3,683.9,680.9,1.2,,,无
2002-11-26,52645.0,青海,野牛沟,38.41666666666666,99.58333333333331,3320.0,2002,11,26,0.0,无,-14.3,0.6,-24.0,0.5,0.23,680.8,682.6,678.5,1.5,,,无
2002-11-27,52645.0,青海,野牛沟,38.41666666666666,99.58333333333331,3320.0,2002,11,27,0.0,无,-11.6,3.3,-21.7,0.47,0.16,678.4,680.4,676.4,2.1,,,无
2002-11-28,52645.0,青海,野牛沟,38.41666666666666,99.58333333333331,3320.0,2002,11,28,0.0,无,-8.6,2.4,-18.3,0.4,0.22,678.8,681.4,677.3,1.8,,,无
2002-11-29,52645.0,青海,野牛沟,38.41666666666666,99.58333333333331,3320.0,2002,11,29,0.0,无,-12.2,0.5,-20.3,0.57,0.24,682.9,685.0,681.4,1.8,,,无
2002-11-30,52645.0,青海,野牛沟,38.41666666666666,99.58333333333331,3320.0,2002,11,30,0.0,无,-12.6,1.4,-22.5,0.48,0.19,679.9,683.4,676.3,2.0,,,无
2002-12-01,52645.0,青海,野牛沟,38.41666666666666,99.58333333333331,3320.0,2002,12,1,0.0,无,-10.6,-0.2,-20.0,0.41,0.22,678.4,680.2,676.4,1.5,,,无
2002-12-02,52645.0,青海,野牛沟,38.41666666666666,99.58333333333331,3320.0,2002,12,2,0.0,无,-8.6,4.4,-17.4,0.44,0.13,678.8,680.9,677.6,1.6,,,无
2002-12-03,52645.0,青海,野牛沟,38.41666666666666,99.58333333333331,3320.0,2002,12,3,0.0,无,-10.1,-0.4,-17.3,0.45,0.23,676.7,677.9,674.1,1.4,,,无
2002-12-04,52645.0,青海,野牛沟,38.41666666666666,99.58333333333331,3320.0,2002,12,4,1.4,normal,-8.2,-2.7,-11.7,0.61,0.36,676.1,677.0,675.0,1.0,,-10.104945341861203,Snow
2002-12-05,52645.0,青海,野牛沟,38.41666666666666,99.58333333333331,3320.0,2002,12,5,0.1,normal,-7.7,-2.0,-11.0,0.77,0.54,674.1,676.9,672.5,0.7,,-8.845577118155713,Snow
2002-12-06,52645.0,青海,野牛沟,38.41666666666666,99.58333333333331,3320.0,2002,12,6,0.1,normal,-12.5,-9.1,-15.6,0.7,0.6,675.5,678.2,673.9,0.5,,-13.639460858131752,Snow
2002-12-07,52645.0,青海,野牛沟,38.41666666666666,99.58333333333331,3320.0,2002,12,7,0.2,normal,-16.2,-9.7,-22.0,0.64,0.29,680.0,681.4,678.2,0.7,,-17.27712154215999,Snow
2002-12-08,52645.0,青海,野牛沟,38.41666666666666,99.58333333333331,3320.0,2002,12,8,0.0,无,-17.5,-4.6,-26.5,0.51,0.26,682.5,683.5,680.8,1.1,,,无
2002-12-09,52645.0,青海,野牛沟,38.41666666666666,99.58333333333331,3320.0,2002,12,9,0.0,无,-17.1,-4.3,-26.0,0.55,0.26,682.5,683.9,680.3,1.0,,,无
2002-12-10,52645.0,青海,野牛沟,38.41666666666666,99.58333333333331,3320.0,2002,12,10,0.0,无,-16.1,-2.6,-25.4,0.52,0.21,682.3,683.9,680.9,1.1,,,无
2002-12-11,52645.0,青海,野牛沟,38.41666666666666,99.58333333333331,3320.0,2002,12,11,0.0,无,-15.0,-0.7,-24.3,0.5,0.21,682.4,683.5,680.9,1.3,,,无
2002-12-12,52645.0,青海,野牛沟,38.41666666666666,99.58333333333331,3320.0,2002,12,12,0.0,无,-12.7,2.8,-21.7,0.54,0.23,683.4,684.9,681.9,1.3,,,无
2002-12-13,52645.0,青海,野牛沟,38.41666666666666,99.58333333333331,3320.0,2002,12,13,0.0,无,-12.4,4.3,-22.0,0.49,0.2,683.8,685.4,681.7,1.4,,,无
2002-12-14,52645.0,青海,野牛沟,38.41666666666666,99.58333333333331,3320.0,2002,12,14,0.0,无,-10.7,2.9,-21.2,0.48,0.23,681.3,683.6,678.2,1.6,,,无
2002-12-15,52645.0,青海,野牛沟,38.41666666666666,99.58333333333331,3320.0,2002,12,15,0.0,无,-11.6,1.2,-21.1,0.5,0.2,680.0,682.2,677.8,1.2,,,无
2002-12-16,52645.0,青海,野牛沟,38.41666666666666,99.58333333333331,3320.0,2002,12,16,0.0,无,-12.3,0.8,-19.1,0.5,0.33,678.3,680.2,676.8,1.6,,,无
2002-12-17,52645.0,青海,野牛沟,38.41666666666666,99.58333333333331,3320.0,2002,12,17,0.0,无,-13.2,-3.6,-23.5,0.55,0.28,678.3,681.3,676.0,1.1,,,无
2002-12-18,52645.0,青海,野牛沟,38.41666666666666,99.58333333333331,3320.0,2002,12,18,0.0,无,-12.7,0.1,-22.5,0.59,0.2,676.1,677.9,673.4,1.2,,,无
2002-12-19,52645.0,青海,野牛沟,38.41666666666666,99.58333333333331,3320.0,2002,12,19,0.0,无,-13.3,1.1,-22.6,0.52,0.27,674.1,676.1,671.6,1.3,,,无
2002-12-20,52645.0,青海,野牛沟,38.41666666666666,99.58333333333331,3320.0,2002,12,20,0.0,无,-13.9,-3.6,-23.2,0.51,0.32,671.4,673.0,669.3,1.2,,,无
2002-12-21,52645.0,青海,野牛沟,38.41666666666666,99.58333333333331,3320.0,2002,12,21,0.0,无,-13.3,-3.5,-23.4,0.6,0.39,673.8,675.3,670.7,1.2,,,无
2002-12-22,52645.0,青海,野牛沟,38.41666666666666,99.58333333333331,3320.0,2002,12,22,0.7,normal,-13.0,-8.4,-15.0,0.78,0.46,674.4,675.7,673.4,0.4,,-13.809114370261234,Snow
2002-12-23,52645.0,青海,野牛沟,38.41666666666666,99.58333333333331,3320.0,2002,12,23,0.0,无,-16.7,-6.6,-26.8,0.56,0.35,674.3,676.2,671.9,0.9,,,无
2002-12-24,52645.0,青海,野牛沟,38.41666666666666,99.58333333333331,3320.0,2002,12,24,0.0,无,-15.4,-5.1,-24.5,0.69,0.22,674.3,675.6,672.2,1.3,,,无
2002-12-25,52645.0,青海,野牛沟,38.41666666666666,99.58333333333331,3320.0,2002,12,25,0.0,无,-19.4,-5.6,-28.5,0.62,0.23,678.6,680.6,675.6,0.9,,,无
2002-12-26,52645.0,青海,野牛沟,38.41666666666666,99.58333333333331,3320.0,2002,12,26,0.0,无,-18.6,-4.6,-28.3,0.55,0.24,676.2,679.2,672.9,0.9,,,无
2002-12-27,52645.0,青海,野牛沟,38.41666666666666,99.58333333333331,3320.0,2002,12,27,0.0,无,-15.1,-2.1,-24.6,0.51,0.23,674.2,675.5,672.2,1.2,,,无
2002-12-28,52645.0,青海,野牛沟,38.41666666666666,99.58333333333331,3320.0,2002,12,28,0.0,无,-17.0,-4.1,-26.1,0.55,0.29,674.7,676.1,673.2,1.0,,,无
2002-12-29,52645.0,青海,野牛沟,38.41666666666666,99.58333333333331,3320.0,2002,12,29,0.0,无,-17.3,-3.9,-26.4,0.57,0.28,676.6,678.9,674.6,1.0,,,无
2002-12-30,52645.0,青海,野牛沟,38.41666666666666,99.58333333333331,3320.0,2002,12,30,0.0,无,-18.0,-4.4,-27.0,0.5,0.22,677.0,678.8,675.4,1.2,,,无
2002-12-31,52645.0,青海,野牛沟,38.41666666666666,99.58333333333331,3320.0,2002,12,31,0.0,无,-18.0,-4.1,-27.6,0.46,0.23,677.0,678.4,675.3,1.1,,,无
2003-01-01,52645.0,青海,野牛沟,38.41666666666666,99.58333333333331,3320.0,2003,1,1,0.0,无,-16.8,-3.6,-26.4,0.41,0.13,676.7,677.7,674.8,1.6,,,无
2003-01-02,52645.0,青海,野牛沟,38.41666666666666,99.58333333333331,3320.0,2003,1,2,0.0,无,-16.6,-4.4,-25.1,0.31,0.14,680.8,682.6,677.5,1.6,,,无
2003-01-03,52645.0,青海,野牛沟,38.41666666666666,99.58333333333331,3320.0,2003,1,3,0.0,无,-17.9,-1.6,-27.7,0.37,0.17,681.2,683.1,678.7,1.0,,,无
2003-01-04,52645.0,青海,野牛沟,38.41666666666666,99.58333333333331,3320.0,2003,1,4,0.0,无,-16.8,-2.9,-27.0,0.46,0.23,681.4,683.4,679.9,1.0,,,无
2003-01-05,52645.0,青海,野牛沟,38.41666666666666,99.58333333333331,3320.0,2003,1,5,0.0,无,-17.8,-4.2,-26.9,0.49,0.24,682.8,685.1,681.7,1.2,,,无
2003-01-06,52645.0,青海,野牛沟,38.41666666666666,99.58333333333331,3320.0,2003,1,6,0.0,无,-17.7,-4.1,-27.1,0.45,0.26,680.2,682.5,678.3,1.0,,,无
2003-01-07,52645.0,青海,野牛沟,38.41666666666666,99.58333333333331,3320.0,2003,1,7,0.0,无,-16.5,-0.1,-26.9,0.46,0.19,679.0,680.8,676.6,0.9,,,无
2003-01-08,52645.0,青海,野牛沟,38.41666666666666,99.58333333333331,3320.0,2003,1,8,0.0,无,-16.4,-6.3,-25.5,0.55,0.26,678.4,679.4,677.4,0.7,,,无
2003-01-09,52645.0,青海,野牛沟,38.41666666666666,99.58333333333331,3320.0,2003,1,9,0.0,无,-15.4,-3.4,-25.1,0.66,0.33,681.4,684.0,679.4,1.1,,,无
2003-01-10,52645.0,青海,野牛沟,38.41666666666666,99.58333333333331,3320.0,2003,1,10,0.0,无,-15.8,-5.1,-24.8,0.67,0.34,681.8,683.5,680.9,1.0,,,无
2003-01-11,52645.0,青海,野牛沟,38.41666666666666,99.58333333333331,3320.0,2003,1,11,0.0,无,-15.8,-6.1,-21.5,0.64,0.24,680.9,682.3,679.5,1.2,,,无
2003-01-12,52645.0,青海,野牛沟,38.41666666666666,99.58333333333331,3320.0,2003,1,12,0.0,无,-18.0,-3.9,-29.0,0.42,0.19,680.6,682.8,677.3,1.0,,,无
2003-01-13,52645.0,青海,野牛沟,38.41666666666666,99.58333333333331,3320.0,2003,1,13,0.0,无,-17.4,-2.7,-27.0,0.44,0.21,679.3,681.1,677.7,1.1,,,无
2003-01-14,52645.0,青海,野牛沟,38.41666666666666,99.58333333333331,3320.0,2003,1,14,0.0,无,-17.4,-4.1,-26.8,0.46,0.23,680.6,682.2,678.7,1.2,,,无
2003-01-15,52645.0,青海,野牛沟,38.41666666666666,99.58333333333331,3320.0,2003,1,15,0.0,无,-16.0,-0.6,-26.0,0.45,0.2,679.6,682.0,677.0,1.4,,,无
2003-01-16,52645.0,青海,野牛沟,38.41666666666666,99.58333333333331,3320.0,2003,1,16,0.0,无,-12.7,-0.4,-22.6,0.6,0.34,679.6,681.1,677.9,1.6,,,无
2003-01-17,52645.0,青海,野牛沟,38.41666666666666,99.58333333333331,3320.0,2003,1,17,0.0,无,-12.0,-0.7,-22.0,0.71,0.41,681.6,682.3,679.8,1.4,,,无
2003-01-18,52645.0,青海,野牛沟,38.41666666666666,99.58333333333331,3320.0,2003,1,18,0.0,无,-10.8,-0.1,-20.9,0.59,0.21,684.8,686.8,682.3,1.6,,,无
2003-01-19,52645.0,青海,野牛沟,38.41666666666666,99.58333333333331,3320.0,2003,1,19,0.0,无,-10.2,4.8,-20.9,0.53,0.21,681.7,683.4,678.6,2.8,,,无
2003-01-20,52645.0,青海,野牛沟,38.41666666666666,99.58333333333331,3320.0,2003,1,20,0.0,无,-11.8,1.3,-23.2,0.47,0.18,679.8,682.8,676.4,1.5,,,无
2003-01-21,52645.0,青海,野牛沟,38.41666666666666,99.58333333333331,3320.0,2003,1,21,0.0,无,-12.0,-0.4,-20.7,0.41,0.13,677.1,680.0,675.1,1.9,,,无
2003-01-22,52645.0,青海,野牛沟,38.41666666666666,99.58333333333331,3320.0,2003,1,22,0.0,无,-15.5,-1.7,-26.6,0.36,0.18,678.8,681.3,675.5,1.8,,,无
2003-01-23,52645.0,青海,野牛沟,38.41666666666666,99.58333333333331,3320.0,2003,1,23,0.0,无,-14.0,-2.6,-24.8,0.54,0.3,673.9,677.1,670.0,1.1,,,无
2003-01-24,52645.0,青海,野牛沟,38.41666666666666,99.58333333333331,3320.0,2003,1,24,0.0,无,-13.1,-4.5,-23.0,0.54,0.36,671.1,672.4,670.2,1.2,,,无
2003-01-25,52645.0,青海,野牛沟,38.41666666666666,99.58333333333331,3320.0,2003,1,25,0.0,无,-13.7,-7.6,-21.5,0.78,0.53,672.2,673.2,670.3,1.0,,,无
2003-01-26,52645.0,青海,野牛沟,38.41666666666666,99.58333333333331,3320.0,2003,1,26,0.0,无,-17.8,-10.1,-25.8,0.48,0.21,678.8,681.0,673.2,1.7,,,无
2003-01-27,52645.0,青海,野牛沟,38.41666666666666,99.58333333333331,3320.0,2003,1,27,0.0,无,-19.9,-7.1,-30.5,0.43,0.22,679.7,681.7,677.3,1.4,,,无
2003-01-28,52645.0,青海,野牛沟,38.41666666666666,99.58333333333331,3320.0,2003,1,28,0.0,无,-17.8,-2.9,-29.1,0.45,0.19,677.7,679.5,675.3,1.5,,,无
2003-01-29,52645.0,青海,野牛沟,38.41666666666666,99.58333333333331,3320.0,2003,1,29,0.0,无,-15.9,-5.4,-26.6,0.43,0.21,674.9,677.1,672.3,1.3,,,无
2003-01-30,52645.0,青海,野牛沟,38.41666666666666,99.58333333333331,3320.0,2003,1,30,0.0,无,-12.4,-2.4,-21.6,0.54,0.27,673.6,674.8,672.4,1.5,,,无
2003-01-31,52645.0,青海,野牛沟,38.41666666666666,99.58333333333331,3320.0,2003,1,31,0.0,无,-15.2,-0.3,-25.3,0.48,0.16,676.8,678.6,674.4,1.6,,,无
2003-02-01,52645.0,青海,野牛沟,38.41666666666666,99.58333333333331,3320.0,2003,2,1,0.0,无,-15.1,0.4,-25.6,0.43,0.19,678.1,679.3,676.8,1.2,,,无
2003-02-02,52645.0,青海,野牛沟,38.41666666666666,99.58333333333331,3320.0,2003,2,2,0.0,无,-13.3,-1.7,-22.6,0.43,0.23,681.0,682.1,678.3,1.6,,,无
2003-02-03,52645.0,青海,野牛沟,38.41666666666666,99.58333333333331,3320.0,2003,2,3,0.0,无,-13.3,-2.7,-24.0,0.45,0.25,683.2,685.2,681.1,1.6,,,无
2003-02-04,52645.0,青海,野牛沟,38.41666666666666,99.58333333333331,3320.0,2003,2,4,0.0,无,-13.2,-3.1,-24.0,0.66,0.35,682.2,684.1,679.6,1.2,,,无
2003-02-05,52645.0,青海,野牛沟,38.41666666666666,99.58333333333331,3320.0,2003,2,5,0.8,normal,-16.3,-4.6,-25.7,0.75,0.37,681.0,682.7,679.2,1.0,,-17.04020124751394,Snow
2003-02-06,52645.0,青海,野牛沟,38.41666666666666,99.58333333333331,3320.0,2003,2,6,0.0,无,-15.1,-2.1,-26.6,0.55,0.2,677.3,680.7,673.8,1.7,,,无
2003-02-07,52645.0,青海,野牛沟,38.41666666666666,99.58333333333331,3320.0,2003,2,7,0.0,无,-6.6,1.8,-12.6,0.38,0.17,670.8,673.9,668.9,2.0,,,无
2003-02-08,52645.0,青海,野牛沟,38.41666666666666,99.58333333333331,3320.0,2003,2,8,0.0,无,-12.0,-0.1,-19.6,0.63,0.23,670.4,671.2,667.8,1.5,,,无
2003-02-09,52645.0,青海,野牛沟,38.41666666666666,99.58333333333331,3320.0,2003,2,9,4.2,normal,-12.5,-7.9,-14.8,0.79,0.57,672.9,674.5,670.7,1.1,,-13.29710774155522,Snow
2003-02-10,52645.0,青海,野牛沟,38.41666666666666,99.58333333333331,3320.0,2003,2,10,0.0,无,-19.9,-6.3,-28.6,0.75,0.34,677.0,678.6,674.5,1.3,,,无
2003-02-11,52645.0,青海,野牛沟,38.41666666666666,99.58333333333331,3320.0,2003,2,11,0.0,无,-19.3,-7.9,-28.0,0.71,0.46,678.5,679.6,677.3,1.3,,,无
2003-02-12,52645.0,青海,野牛沟,38.41666666666666,99.58333333333331,3320.0,2003,2,12,0.0,无,-19.4,-7.1,-29.4,0.68,0.47,677.5,679.8,675.0,1.4,,,无
2003-02-13,52645.0,青海,野牛沟,38.41666666666666,99.58333333333331,3320.0,2003,2,13,0.0,无,-18.1,-4.1,-28.8,0.59,0.25,674.0,675.5,672.0,1.7,,,无
2003-02-14,52645.0,青海,野牛沟,38.41666666666666,99.58333333333331,3320.0,2003,2,14,0.0,无,-17.6,-3.5,-28.6,0.58,0.26,674.5,675.5,672.6,1.5,,,无
2003-02-15,52645.0,青海,野牛沟,38.41666666666666,99.58333333333331,3320.0,2003,2,15,0.0,无,-15.6,-1.9,-25.9,0.66,0.37,673.7,676.2,670.4,1.3,,,无
2003-02-16,52645.0,青海,野牛沟,38.41666666666666,99.58333333333331,3320.0,2003,2,16,0.4,normal,-14.2,-4.6,-26.2,0.68,0.39,674.7,675.6,672.4,1.4,,-15.295532172567018,Snow
2003-02-17,52645.0,青海,野牛沟,38.41666666666666,99.58333333333331,3320.0,2003,2,17,0.0,无,-13.3,-0.6,-23.5,0.56,0.31,676.1,677.4,674.5,1.5,,,无
2003-02-18,52645.0,青海,野牛沟,38.41666666666666,99.58333333333331,3320.0,2003,2,18,0.0,无,-10.8,6.2,-20.8,0.59,0.21,678.1,680.4,675.6,2.1,,,无
2003-02-19,52645.0,青海,野牛沟,38.41666666666666,99.58333333333331,3320.0,2003,2,19,0.0,无,-0.4,12.0,-13.3,0.36,0.09,673.3,677.3,669.8,4.3,,,无
2003-02-20,52645.0,青海,野牛沟,38.41666666666666,99.58333333333331,3320.0,2003,2,20,0.0,无,-2.7,9.0,-9.6,0.51,0.1,667.1,670.5,663.9,2.3,,,无
2003-02-21,52645.0,青海,野牛沟,38.41666666666666,99.58333333333331,3320.0,2003,2,21,0.0,无,-7.0,4.1,-16.0,0.65,0.25,673.1,674.0,667.6,1.8,,,无
2003-02-22,52645.0,青海,野牛沟,38.41666666666666,99.58333333333331,3320.0,2003,2,22,0.1,normal,-10.2,-1.7,-15.2,0.68,0.24,674.7,676.6,673.6,1.3,,-11.594321081893014,Snow
2003-02-23,52645.0,青海,野牛沟,38.41666666666666,99.58333333333331,3320.0,2003,2,23,0.0,无,-12.9,-0.6,-23.9,0.64,0.3,676.6,678.6,673.4,1.6,,,无
2003-02-24,52645.0,青海,野牛沟,38.41666666666666,99.58333333333331,3320.0,2003,2,24,0.5,normal,-11.2,-0.1,-19.1,0.67,0.35,675.2,676.2,672.9,1.2,,-12.556709749965723,Snow
2003-02-25,52645.0,青海,野牛沟,38.41666666666666,99.58333333333331,3320.0,2003,2,25,0.7,normal,-10.4,-4.1,-15.6,0.82,0.51,676.7,678.3,674.7,1.0,,-11.168755585707256,Snow
2003-02-26,52645.0,青海,野牛沟,38.41666666666666,99.58333333333331,3320.0,2003,2,26,0.0,无,-11.2,0.6,-21.5,0.66,0.29,674.2,676.9,670.0,1.8,,,无
2003-02-27,52645.0,青海,野牛沟,38.41666666666666,99.58333333333331,3320.0,2003,2,27,0.0,无,-11.1,-0.1,-17.8,0.64,0.25,674.8,676.0,673.9,1.5,,,无
2003-02-28,52645.0,青海,野牛沟,38.41666666666666,99.58333333333331,3320.0,2003,2,28,0.0,无,-9.9,4.0,-23.0,0.44,0.16,674.4,676.2,671.8,2.7,,,无
2003-03-01,52645.0,青海,野牛沟,38.41666666666666,99.58333333333331,3320.0,2003,3,1,0.0,无,-7.0,5.2,-18.8,0.46,0.19,673.7,675.0,672.3,3.2,,,无
2003-03-02,52645.0,青海,野牛沟,38.41666666666666,99.58333333333331,3320.0,2003,3,2,0.0,无,-5.2,4.4,-14.6,0.44,0.19,672.7,675.1,670.4,3.9,,,无
2003-03-03,52645.0,青海,野牛沟,38.41666666666666,99.58333333333331,3320.0,2003,3,3,0.0,无,-4.9,3.8,-11.6,0.63,0.24,669.1,674.0,665.4,1.9,,,无
2003-03-04,52645.0,青海,野牛沟,38.41666666666666,99.58333333333331,3320.0,2003,3,4,0.0,无,-9.9,-1.5,-12.0,0.66,0.56,666.3,668.0,664.5,1.8,,,无
2003-03-05,52645.0,青海,野牛沟,38.41666666666666,99.58333333333331,3320.0,2003,3,5,0.0,无,-14.1,-10.7,-15.8,0.78,0.69,672.9,674.7,668.0,0.9,,,无
2003-03-06,52645.0,青海,野牛沟,38.41666666666666,99.58333333333331,3320.0,2003,3,6,0.0,无,-14.5,-5.0,-21.6,0.66,0.22,676.3,677.7,673.8,1.5,,,无
2003-03-07,52645.0,青海,野牛沟,38.41666666666666,99.58333333333331,3320.0,2003,3,7,0.0,无,-15.2,-4.6,-23.8,0.54,0.16,677.9,679.4,675.5,1.9,,,无
2003-03-08,52645.0,青海,野牛沟,38.41666666666666,99.58333333333331,3320.0,2003,3,8,0.0,无,-14.5,-4.7,-24.0,0.53,0.21,678.1,679.6,675.3,1.6,,,无
2003-03-09,52645.0,青海,野牛沟,38.41666666666666,99.58333333333331,3320.0,2003,3,9,0.0,无,-10.5,3.6,-24.5,0.44,0.13,674.9,678.3,670.2,2.8,,,无
2003-03-10,52645.0,青海,野牛沟,38.41666666666666,99.58333333333331,3320.0,2003,3,10,0.0,无,-10.5,0.3,-15.5,0.42,0.14,674.7,679.5,671.2,2.7,,,无
2003-03-11,52645.0,青海,野牛沟,38.41666666666666,99.58333333333331,3320.0,2003,3,11,0.0,无,-12.0,0.9,-21.8,0.57,0.28,678.7,680.8,676.1,2.0,,,无
2003-03-12,52645.0,青海,野牛沟,38.41666666666666,99.58333333333331,3320.0,2003,3,12,0.0,无,-9.8,2.3,-18.7,0.58,0.36,676.6,678.5,673.4,2.3,,,无
2003-03-13,52645.0,青海,野牛沟,38.41666666666666,99.58333333333331,3320.0,2003,3,13,0.0,无,-9.5,-0.2,-19.0,0.63,0.24,677.0,679.6,674.3,1.6,,,无
2003-03-14,52645.0,青海,野牛沟,38.41666666666666,99.58333333333331,3320.0,2003,3,14,0.0,无,-6.0,1.4,-14.2,0.59,0.17,672.2,675.6,669.8,2.6,,,无
2003-03-15,52645.0,青海,野牛沟,38.41666666666666,99.58333333333331,3320.0,2003,3,15,0.0,无,-4.6,3.5,-11.7,0.44,0.12,668.0,669.8,666.0,2.6,,,无
2003-03-16,52645.0,青海,野牛沟,38.41666666666666,99.58333333333331,3320.0,2003,3,16,1.8,normal,-8.7,1.6,-16.1,0.71,0.23,674.2,676.0,668.8,1.7,,-10.073090642920835,Snow
2003-03-17,52645.0,青海,野牛沟,38.41666666666666,99.58333333333331,3320.0,2003,3,17,0.9,normal,-7.7,2.4,-15.2,0.72,0.38,677.8,678.9,675.3,1.8,,-9.093866205508942,Snow
2003-03-18,52645.0,青海,野牛沟,38.41666666666666,99.58333333333331,3320.0,2003,3,18,1.3,normal,-6.4,0.0,-12.6,0.65,0.22,680.8,682.3,678.1,2.7,,-8.268874556524462,Snow
2003-03-19,52645.0,青海,野牛沟,38.41666666666666,99.58333333333331,3320.0,2003,3,19,0.0,无,-8.8,3.7,-19.2,0.53,0.11,680.6,681.7,678.4,2.9,,,无
2003-03-20,52645.0,青海,野牛沟,38.41666666666666,99.58333333333331,3320.0,2003,3,20,0.0,无,-7.2,5.4,-18.5,0.47,0.14,679.8,681.8,677.3,3.7,,,无
2003-03-21,52645.0,青海,野牛沟,38.41666666666666,99.58333333333331,3320.0,2003,3,21,0.7,normal,-6.9,0.6,-11.6,0.67,0.17,679.6,680.8,677.8,1.6,,-8.61629790521198,Snow
2003-03-22,52645.0,青海,野牛沟,38.41666666666666,99.58333333333331,3320.0,2003,3,22,0.6,normal,-7.1,5.1,-15.3,0.57,0.11,680.4,681.7,677.7,4.0,,-9.32509062873493,Snow
2003-03-23,52645.0,青海,野牛沟,38.41666666666666,99.58333333333331,3320.0,2003,3,23,0.0,无,-6.4,7.0,-17.6,0.33,0.1,682.2,683.5,680.0,4.9,,,无
2003-03-24,52645.0,青海,野牛沟,38.41666666666666,99.58333333333331,3320.0,2003,3,24,0.0,无,-3.5,9.3,-14.7,0.34,0.11,679.8,682.5,676.9,4.3,,,无
2003-03-25,52645.0,青海,野牛沟,38.41666666666666,99.58333333333331,3320.0,2003,3,25,0.0,无,-2.7,8.9,-12.4,0.41,0.16,678.9,680.0,675.4,4.7,,,无
2003-03-26,52645.0,青海,野牛沟,38.41666666666666,99.58333333333331,3320.0,2003,3,26,0.0,无,-3.3,8.2,-14.0,0.5,0.18,682.0,684.5,679.8,4.1,,,无
2003-03-27,52645.0,青海,野牛沟,38.41666666666666,99.58333333333331,3320.0,2003,3,27,0.0,无,-0.6,7.6,-6.5,0.43,0.17,681.6,683.4,679.4,6.4,,,无
2003-03-28,52645.0,青海,野牛沟,38.41666666666666,99.58333333333331,3320.0,2003,3,28,0.0,无,0.1,14.6,-12.3,0.47,0.07,679.0,682.4,675.8,6.7,,,无
2003-03-29,52645.0,青海,野牛沟,38.41666666666666,99.58333333333331,3320.0,2003,3,29,0.0,无,2.3,18.7,-12.5,0.27,0.08,675.0,676.8,671.6,7.5,,,无
2003-03-30,52645.0,青海,野牛沟,38.41666666666666,99.58333333333331,3320.0,2003,3,30,0.0,无,-0.3,13.0,-10.8,0.45,0.11,674.4,675.8,671.8,5.6,,,无
2003-03-31,52645.0,青海,野牛沟,38.41666666666666,99.58333333333331,3320.0,2003,3,31,3.7,normal,-1.7,3.8,-3.4,0.8,0.51,676.5,677.8,674.6,1.3,,-3.0281726534524145,Snow
2003-04-01,52645.0,青海,野牛沟,38.41666666666666,99.58333333333331,3320.0,2003,4,1,0.1,normal,-4.5,4.2,-9.7,0.7,0.39,678.8,680.1,676.5,3.4,,-6.260055095859811,Snow
2003-04-02,52645.0,青海,野牛沟,38.41666666666666,99.58333333333331,3320.0,2003,4,2,0.0,无,-0.9,8.4,-8.7,0.54,0.21,676.4,678.3,674.5,4.3,,,无
2003-04-03,52645.0,青海,野牛沟,38.41666666666666,99.58333333333331,3320.0,2003,4,3,0.0,无,-2.0,7.7,-6.7,0.67,0.29,675.5,676.7,673.6,3.4,,,无
2003-04-04,52645.0,青海,野牛沟,38.41666666666666,99.58333333333331,3320.0,2003,4,4,0.0,无,0.0,9.7,-7.5,0.66,0.29,677.7,679.8,675.5,3.4,,,无
2003-04-05,52645.0,青海,野牛沟,38.41666666666666,99.58333333333331,3320.0,2003,4,5,1.7,normal,-0.6,7.4,-4.5,0.71,0.45,676.8,679.3,671.8,2.9,,-2.63925423383244,Snow
2003-04-06,52645.0,青海,野牛沟,38.41666666666666,99.58333333333331,3320.0,2003,4,6,3.9,normal,-2.9,5.6,-6.9,0.67,0.25,678.7,679.3,675.9,3.0,,-4.9959171296574345,Snow
2003-04-07,52645.0,青海,野牛沟,38.41666666666666,99.58333333333331,3320.0,2003,4,7,0.0,无,-0.6,9.5,-8.6,0.55,0.14,679.7,681.4,677.7,4.3,,,无
2003-04-08,52645.0,青海,野牛沟,38.41666666666666,99.58333333333331,3320.0,2003,4,8,0.2,normal,-1.0,9.2,-9.5,0.6,0.16,679.4,681.6,676.7,3.7,,-3.7891895168694,Snow
2003-04-09,52645.0,青海,野牛沟,38.41666666666666,99.58333333333331,3320.0,2003,4,9,6.2,normal,-1.1,5.2,-7.3,0.58,0.3,675.2,677.4,673.2,3.2,,-4.031662118747996,Snow
2003-04-10,52645.0,青海,野牛沟,38.41666666666666,99.58333333333331,3320.0,2003,4,10,0.0,无,-8.3,1.9,-18.5,0.41,0.16,677.4,679.5,674.0,3.5,,,无
2003-04-11,52645.0,青海,野牛沟,38.41666666666666,99.58333333333331,3320.0,2003,4,11,0.0,无,-3.8,6.0,-12.4,0.42,0.13,676.4,678.3,673.7,4.9,,,无
2003-04-12,52645.0,青海,野牛沟,38.41666666666666,99.58333333333331,3320.0,2003,4,12,0.7,normal,-6.0,1.0,-8.0,0.63,0.23,679.8,683.0,675.1,1.9,,-8.021619609903507,Snow
2003-04-13,52645.0,青海,野牛沟,38.41666666666666,99.58333333333331,3320.0,2003,4,13,0.0,无,-7.4,3.5,-16.7,0.56,0.16,681.6,684.1,678.1,3.6,,,无
2003-04-14,52645.0,青海,野牛沟,38.41666666666666,99.58333333333331,3320.0,2003,4,14,0.0,无,-0.6,12.6,-11.9,0.44,0.13,677.2,680.4,674.1,5.7,,,无
2003-04-15,52645.0,青海,野牛沟,38.41666666666666,99.58333333333331,3320.0,2003,4,15,0.0,无,5.0,18.7,-7.5,0.39,0.04,674.1,676.0,671.7,7.5,,,无
2003-04-16,52645.0,青海,野牛沟,38.41666666666666,99.58333333333331,3320.0,2003,4,16,0.0,无,7.0,20.0,-5.7,0.41,0.08,673.8,677.0,670.0,8.3,,,无
2003-04-17,52645.0,青海,野牛沟,38.41666666666666,99.58333333333331,3320.0,2003,4,17,3.2,normal,-0.1,16.6,-3.6,0.6,0.11,677.5,682.1,670.3,6.2,,-3.007316213012765,Snow
2003-04-18,52645.0,青海,野牛沟,38.41666666666666,99.58333333333331,3320.0,2003,4,18,0.0,无,0.9,14.3,-5.7,0.61,0.09,679.9,683.7,675.3,4.7,,,无
2003-04-19,52645.0,青海,野牛沟,38.41666666666666,99.58333333333331,3320.0,2003,4,19,0.0,无,4.9,15.2,-3.7,0.35,0.09,674.1,675.6,672.3,10.1,,,无
2003-04-20,52645.0,青海,野牛沟,38.41666666666666,99.58333333333331,3320.0,2003,4,20,0.0,无,5.7,15.8,-4.2,0.46,0.2,673.5,677.0,668.9,8.1,,,无
2003-04-21,52645.0,青海,野牛沟,38.41666666666666,99.58333333333331,3320.0,2003,4,21,0.0,无,2.3,13.2,-0.9,0.62,0.24,675.0,677.8,669.4,5.1,,,无
2003-04-22,52645.0,青海,野牛沟,38.41666666666666,99.58333333333331,3320.0,2003,4,22,0.5,normal,-0.7,7.4,-3.8,0.63,0.28,680.6,682.3,677.0,4.4,,-3.304162127239576,Snow
2003-04-23,52645.0,青海,野牛沟,38.41666666666666,99.58333333333331,3320.0,2003,4,23,1.5,normal,-3.6,3.4,-8.3,0.6,0.23,682.3,683.6,680.1,3.7,,-6.0641771514431175,Snow
2003-04-24,52645.0,青海,野牛沟,38.41666666666666,99.58333333333331,3320.0,2003,4,24,0.0,无,-2.6,9.4,-12.8,0.53,0.18,679.6,683.6,675.1,4.4,,,无
2003-04-25,52645.0,青海,野牛沟,38.41666666666666,99.58333333333331,3320.0,2003,4,25,0.0,无,3.0,13.5,-4.6,0.66,0.24,678.8,680.4,676.5,5.5,,,无
2003-04-26,52645.0,青海,野牛沟,38.41666666666666,99.58333333333331,3320.0,2003,4,26,1.5,normal,2.6,9.6,0.4,0.8,0.43,682.8,683.5,680.4,2.0,,1.0191880879057846,Snow
2003-04-27,52645.0,青海,野牛沟,38.41666666666666,99.58333333333331,3320.0,2003,4,27,10.3,normal,2.2,9.5,-1.2,0.8,0.4,683.0,684.6,681.1,1.6,,0.6439862930340245,Snow
2003-04-28,52645.0,青海,野牛沟,38.41666666666666,99.58333333333331,3320.0,2003,4,28,3.1,normal,-2.2,2.4,-5.2,0.8,0.4,686.7,689.0,683.8,3.3,,-3.4879958474758377,Snow
2003-04-29,52645.0,青海,野牛沟,38.41666666666666,99.58333333333331,3320.0,2003,4,29,0.0,无,-0.7,9.8,-9.8,0.64,0.19,691.7,693.7,689.0,4.8,,,无
2003-04-30,52645.0,青海,野牛沟,38.41666666666666,99.58333333333331,3320.0,2003,4,30,0.0,无,2.5,13.0,-7.0,0.43,0.07,686.4,691.4,681.3,5.9,,,无
2003-05-01,52645.0,青海,野牛沟,38.41666666666666,99.58333333333331,3320.0,2003,5,1,0.0,无,4.1,15.4,-5.7,0.46,0.07,679.1,681.5,675.4,7.4,,,无
2003-05-02,52645.0,青海,野牛沟,38.41666666666666,99.58333333333331,3320.0,2003,5,2,0.0,无,5.8,16.0,-4.7,0.43,0.13,676.4,678.0,674.1,8.2,,,无
2003-05-03,52645.0,青海,野牛沟,38.41666666666666,99.58333333333331,3320.0,2003,5,3,0.0,无,10.1,16.6,5.0,0.35,0.19,674.3,676.3,671.0,10.6,,,无
2003-05-04,52645.0,青海,野牛沟,38.41666666666666,99.58333333333331,3320.0,2003,5,4,1.6,normal,7.5,14.4,3.5,0.49,0.27,671.7,673.1,669.2,6.4,,2.3892815107572973,Rain
2003-05-05,52645.0,青海,野牛沟,38.41666666666666,99.58333333333331,3320.0,2003,5,5,5.5,normal,0.5,3.7,-2.4,0.76,0.62,675.7,677.2,672.7,2.7,,-1.2606120336792204,Snow
2003-05-06,52645.0,青海,野牛沟,38.41666666666666,99.58333333333331,3320.0,2003,5,6,0.9,normal,0.5,6.2,-2.0,0.69,0.48,680.1,682.1,677.0,3.1,,-1.7844148464417264,Snow
2003-05-07,52645.0,青海,野牛沟,38.41666666666666,99.58333333333331,3320.0,2003,5,7,0.0,无,0.2,5.9,-3.3,0.65,0.44,683.3,684.0,682.1,3.5,,,无
2003-05-08,52645.0,青海,野牛沟,38.41666666666666,99.58333333333331,3320.0,2003,5,8,2.7,normal,-1.6,2.4,-3.3,0.86,0.58,684.3,684.8,683.2,0.8,,-2.5226509420199017,Snow
2003-05-09,52645.0,青海,野牛沟,38.41666666666666,99.58333333333331,3320.0,2003,5,9,3.3,normal,-1.2,6.3,-7.2,0.73,0.36,686.1,687.8,683.8,4.7,,-3.0316562224434973,Snow
2003-05-10,52645.0,青海,野牛沟,38.41666666666666,99.58333333333331,3320.0,2003,5,10,0.0,无,2.6,12.2,-4.1,0.57,0.12,682.8,685.7,679.9,5.5,,,无
2003-05-11,52645.0,青海,野牛沟,38.41666666666666,99.58333333333331,3320.0,2003,5,11,0.0,无,4.7,13.4,-3.9,0.53,0.18,680.5,681.6,679.2,6.2,,,无
2003-05-12,52645.0,青海,野牛沟,38.41666666666666,99.58333333333331,3320.0,2003,5,12,3.4,normal,3.0,11.7,-2.5,0.67,0.26,680.6,682.2,677.7,4.0,,0.3009243862459732,Snow
2003-05-13,52645.0,青海,野牛沟,38.41666666666666,99.58333333333331,3320.0,2003,5,13,0.8,normal,1.3,7.6,-2.4,0.71,0.25,681.9,683.2,680.0,3.6,,-0.9015444766839975,Snow
2003-05-14,52645.0,青海,野牛沟,38.41666666666666,99.58333333333331,3320.0,2003,5,14,0.0,无,1.7,9.5,-3.5,0.66,0.33,681.4,682.4,679.3,3.3,,,无
2003-05-15,52645.0,青海,野牛沟,38.41666666666666,99.58333333333331,3320.0,2003,5,15,2.1,normal,1.8,9.0,-0.8,0.7,0.36,680.6,683.0,678.3,3.0,,-0.5296502270795989,Snow
2003-05-16,52645.0,青海,野牛沟,38.41666666666666,99.58333333333331,3320.0,2003,5,16,2.2,normal,1.2,8.3,-2.8,0.78,0.39,681.5,683.0,679.5,3.4,,-0.4501093825356195,Snow
2003-05-17,52645.0,青海,野牛沟,38.41666666666666,99.58333333333331,3320.0,2003,5,17,2.3,normal,0.7,6.4,-3.0,0.64,0.29,682.9,683.5,681.0,4.6,,-1.984870238912877,Snow
2003-05-18,52645.0,青海,野牛沟,38.41666666666666,99.58333333333331,3320.0,2003,5,18,0.0,无,1.7,10.1,-5.4,0.52,0.16,684.0,684.9,682.3,6.3,,,无
2003-05-19,52645.0,青海,野牛沟,38.41666666666666,99.58333333333331,3320.0,2003,5,19,0.0,无,4.0,13.0,-4.6,0.48,0.19,683.2,684.4,681.3,6.0,,,无
2003-05-20,52645.0,青海,野牛沟,38.41666666666666,99.58333333333331,3320.0,2003,5,20,1.9,normal,3.1,10.5,-0.2,0.69,0.27,683.9,685.0,682.2,4.8,,0.5673369143455487,Snow
2003-05-21,52645.0,青海,野牛沟,38.41666666666666,99.58333333333331,3320.0,2003,5,21,0.0,无,3.7,11.7,-3.7,0.6,0.24,684.5,686.6,682.2,5.6,,,无
2003-05-22,52645.0,青海,野牛沟,38.41666666666666,99.58333333333331,3320.0,2003,5,22,0.4,normal,3.0,8.5,-0.5,0.71,0.42,683.2,684.8,680.9,3.2,,0.6450560568694597,Snow
2003-05-23,52645.0,青海,野牛沟,38.41666666666666,99.58333333333331,3320.0,2003,5,23,0.0,无,4.1,12.5,-4.5,0.57,0.22,683.0,684.8,680.7,5.3,,,无
2003-05-24,52645.0,青海,野牛沟,38.41666666666666,99.58333333333331,3320.0,2003,5,24,0.0,无,6.4,16.4,-2.5,0.53,0.19,680.8,681.6,678.7,7.7,,,无
2003-05-25,52645.0,青海,野牛沟,38.41666666666666,99.58333333333331,3320.0,2003,5,25,1.1,normal,4.4,11.5,2.0,0.77,0.39,680.9,681.7,680.1,1.7,,2.443158760453037,Rain
2003-05-26,52645.0,青海,野牛沟,38.41666666666666,99.58333333333331,3320.0,2003,5,26,2.4,normal,4.6,14.2,-1.0,0.77,0.36,679.8,682.5,675.8,4.5,,2.6272321438081248,Rain
2003-05-27,52645.0,青海,野牛沟,38.41666666666666,99.58333333333331,3320.0,2003,5,27,6.7,normal,5.0,13.4,-1.0,0.61,0.24,679.9,681.1,678.5,7.6,,1.5237353238586815,Rain
2003-05-28,52645.0,青海,野牛沟,38.41666666666666,99.58333333333331,3320.0,2003,5,28,0.0,无,7.5,18.8,-2.3,0.51,0.2,679.6,681.2,678.1,7.8,,,无
2003-05-29,52645.0,青海,野牛沟,38.41666666666666,99.58333333333331,3320.0,2003,5,29,0.4,normal,7.9,15.5,1.4,0.67,0.27,680.0,681.3,678.5,3.1,,4.6697380099491825,Rain
2003-05-30,52645.0,青海,野牛沟,38.41666666666666,99.58333333333331,3320.0,2003,5,30,0.6,normal,7.8,14.4,2.4,0.7,0.37,682.5,684.0,678.9,5.6,,4.8931369070563635,Rain
2003-05-31,52645.0,青海,野牛沟,38.41666666666666,99.58333333333331,3320.0,2003,5,31,0.7,normal,7.7,16.0,0.0,0.61,0.22,686.2,687.8,684.0,6.7,,3.8835759809912718,Rain
2003-06-01,52645.0,青海,野牛沟,38.41666666666666,99.58333333333331,3320.0,2003,6,1,0.0,无,8.1,16.8,1.7,0.56,0.19,685.5,686.5,683.4,7.1,,,无
2003-06-02,52645.0,青海,野牛沟,38.41666666666666,99.58333333333331,3320.0,2003,6,2,0.0,无,8.3,17.5,-2.5,0.5,0.12,685.0,686.1,683.2,8.4,,,无
2003-06-03,52645.0,青海,野牛沟,38.41666666666666,99.58333333333331,3320.0,2003,6,3,0.0,无,8.2,18.0,-1.5,0.51,0.22,684.2,686.0,682.0,8.2,,,无
2003-06-04,52645.0,青海,野牛沟,38.41666666666666,99.58333333333331,3320.0,2003,6,4,0.0,无,7.5,14.8,1.4,0.53,0.32,685.0,685.8,683.0,6.6,,,无
2003-06-05,52645.0,青海,野牛沟,38.41666666666666,99.58333333333331,3320.0,2003,6,5,0.8,normal,5.9,13.5,0.5,0.76,0.44,685.2,686.8,683.1,4.4,,3.747241400608474,Rain
2003-06-06,52645.0,青海,野牛沟,38.41666666666666,99.58333333333331,3320.0,2003,6,6,0.1,normal,5.6,15.8,-1.9,0.78,0.38,682.4,684.8,679.5,6.1,,3.6499485627940453,Rain
2003-06-07,52645.0,青海,野牛沟,38.41666666666666,99.58333333333331,3320.0,2003,6,7,2.7,normal,6.4,11.5,3.8,0.76,0.51,683.2,684.5,681.8,3.4,,4.206344459504812,Rain
2003-06-08,52645.0,青海,野牛沟,38.41666666666666,99.58333333333331,3320.0,2003,6,8,0.7,normal,5.4,15.0,-1.0,0.74,0.34,682.1,683.6,680.5,3.7,,3.097410172196322,Rain
2003-06-09,52645.0,青海,野牛沟,38.41666666666666,99.58333333333331,3320.0,2003,6,9,2.5,normal,4.7,11.7,-0.9,0.76,0.49,683.0,683.8,681.6,3.8,,2.6353536511131326,Rain
2003-06-10,52645.0,青海,野牛沟,38.41666666666666,99.58333333333331,3320.0,2003,6,10,0.0,无,5.7,12.5,-0.7,0.64,0.36,683.2,684.9,681.5,6.8,,,无
2003-06-11,52645.0,青海,野牛沟,38.41666666666666,99.58333333333331,3320.0,2003,6,11,0.0,无,5.5,14.2,-4.1,0.58,0.28,682.2,683.7,680.6,7.2,,,无
2003-06-12,52645.0,青海,野牛沟,38.41666666666666,99.58333333333331,3320.0,2003,6,12,0.0,无,5.8,14.5,-4.6,0.44,0.23,681.9,682.3,680.9,7.6,,,无
2003-06-13,52645.0,青海,野牛沟,38.41666666666666,99.58333333333331,3320.0,2003,6,13,0.0,无,6.9,17.0,-5.4,0.43,0.18,683.9,685.7,682.0,8.5,,,无
2003-06-14,52645.0,青海,野牛沟,38.41666666666666,99.58333333333331,3320.0,2003,6,14,0.0,无,7.0,18.1,-4.6,0.48,0.22,683.4,685.1,681.2,8.6,,,无
2003-06-15,52645.0,青海,野牛沟,38.41666666666666,99.58333333333331,3320.0,2003,6,15,0.0,无,7.3,17.3,-2.0,0.55,0.27,683.4,684.2,681.2,7.6,,,无
2003-06-16,52645.0,青海,野牛沟,38.41666666666666,99.58333333333331,3320.0,2003,6,16,4.0,normal,6.2,12.7,2.4,0.74,0.42,684.8,686.0,683.4,3.7,,3.8350378996531242,Rain
2003-06-17,52645.0,青海,野牛沟,38.41666666666666,99.58333333333331,3320.0,2003,6,17,7.1,normal,6.1,13.1,1.8,0.79,0.51,686.1,687.0,683.8,2.4,,4.2129526823977015,Rain
2003-06-18,52645.0,青海,野牛沟,38.41666666666666,99.58333333333331,3320.0,2003,6,18,0.3,normal,5.5,14.0,-0.6,0.72,0.38,684.7,686.7,682.1,4.8,,3.008047575924322,Rain
2003-06-19,52645.0,青海,野牛沟,38.41666666666666,99.58333333333331,3320.0,2003,6,19,0.3,normal,7.2,16.4,0.4,0.69,0.34,681.6,684.3,678.7,6.0,,4.250365039251753,Rain
2003-06-20,52645.0,青海,野牛沟,38.41666666666666,99.58333333333331,3320.0,2003,6,20,0.6,normal,7.5,18.6,-0.7,0.7,0.33,680.4,681.2,678.0,4.7,,4.618746299116281,Rain
2003-06-21,52645.0,青海,野牛沟,38.41666666666666,99.58333333333331,3320.0,2003,6,21,3.1,normal,6.8,11.0,3.6,0.79,0.6,682.1,682.8,680.7,1.3,,4.861976283767864,Rain
2003-06-22,52645.0,青海,野牛沟,38.41666666666666,99.58333333333331,3320.0,2003,6,22,0.0,无,8.5,18.6,-0.3,0.63,0.27,682.7,684.7,680.1,7.9,,,无
2003-06-23,52645.0,青海,野牛沟,38.41666666666666,99.58333333333331,3320.0,2003,6,23,3.1,normal,8.8,17.3,1.8,0.73,0.41,681.5,682.0,680.6,4.7,,6.108577061585998,Rain
2003-06-24,52645.0,青海,野牛沟,38.41666666666666,99.58333333333331,3320.0,2003,6,24,11.8,normal,9.1,17.3,4.2,0.77,0.52,679.6,682.7,676.2,2.4,,6.79939014118093,Rain
2003-06-25,52645.0,青海,野牛沟,38.41666666666666,99.58333333333331,3320.0,2003,6,25,14.1,normal,5.4,12.1,0.2,0.78,0.51,679.4,680.2,678.1,5.0,,3.459971984700023,Rain
2003-06-26,52645.0,青海,野牛沟,38.41666666666666,99.58333333333331,3320.0,2003,6,26,1.6,normal,7.4,15.4,3.4,0.64,0.28,681.0,682.0,679.5,6.0,,3.9200510798307286,Rain
2003-06-27,52645.0,青海,野牛沟,38.41666666666666,99.58333333333331,3320.0,2003,6,27,0.0,无,7.8,15.6,-1.0,0.57,0.23,680.8,682.7,678.5,6.8,,,无
2003-06-28,52645.0,青海,野牛沟,38.41666666666666,99.58333333333331,3320.0,2003,6,28,4.2,normal,6.4,13.8,2.3,0.79,0.46,679.4,680.7,677.3,1.0,,4.485090254462372,Rain
2003-06-29,52645.0,青海,野牛沟,38.41666666666666,99.58333333333331,3320.0,2003,6,29,2.1,normal,6.3,11.7,3.4,0.76,0.54,679.9,680.6,678.4,4.1,,4.109342613131575,Rain
2003-06-30,52645.0,青海,野牛沟,38.41666666666666,99.58333333333331,3320.0,2003,6,30,0.2,normal,8.6,17.2,-0.1,0.58,0.22,679.9,681.3,677.7,6.5,,4.320875919365146,Rain
2003-07-01,52645.0,青海,野牛沟,38.41666666666666,99.58333333333331,3320.0,2003,7,1,0.0,无,10.7,16.9,7.6,0.55,0.28,681.4,682.3,678.8,5.7,,,无
2003-07-02,52645.0,青海,野牛沟,38.41666666666666,99.58333333333331,3320.0,2003,7,2,3.8,normal,6.8,14.9,2.5,0.8,0.47,684.4,685.7,681.9,3.4,,4.959885311280643,Rain
2003-07-03,52645.0,青海,野牛沟,38.41666666666666,99.58333333333331,3320.0,2003,7,3,0.3,normal,9.1,16.6,1.9,0.68,0.32,684.2,686.5,681.2,5.4,,5.854508825194631,Rain
2003-07-04,52645.0,青海,野牛沟,38.41666666666666,99.58333333333331,3320.0,2003,7,4,9.4,normal,5.4,12.0,3.2,0.8,0.54,683.9,685.0,681.6,5.2,,3.646808022003607,Rain
2003-07-05,52645.0,青海,野牛沟,38.41666666666666,99.58333333333331,3320.0,2003,7,5,0.5,normal,5.8,14.1,0.6,0.72,0.31,684.4,685.7,682.4,3.8,,3.280503700137438,Rain
2003-07-06,52645.0,青海,野牛沟,38.41666666666666,99.58333333333331,3320.0,2003,7,6,5.5,normal,7.6,17.4,0.5,0.65,0.28,683.3,685.9,680.5,7.1,,4.204133573942879,Rain
2003-07-07,52645.0,青海,野牛沟,38.41666666666666,99.58333333333331,3320.0,2003,7,7,0.6,normal,8.5,15.5,3.2,0.67,0.41,682.1,683.5,680.0,5.6,,5.208344475590816,Rain
2003-07-08,52645.0,青海,野牛沟,38.41666666666666,99.58333333333331,3320.0,2003,7,8,0.1,normal,8.1,17.6,1.3,0.66,0.26,681.2,682.6,678.2,5.4,,4.745877730040529,Rain
2003-07-09,52645.0,青海,野牛沟,38.41666666666666,99.58333333333331,3320.0,2003,7,9,10.5,normal,7.7,15.6,2.0,0.79,0.42,681.2,682.7,678.7,4.9,,5.70147567474494,Rain
2003-07-10,52645.0,青海,野牛沟,38.41666666666666,99.58333333333331,3320.0,2003,7,10,3.9,normal,8.2,13.5,5.4,0.76,0.5,679.9,681.5,678.5,2.7,,5.864203573315163,Rain
2003-07-11,52645.0,青海,野牛沟,38.41666666666666,99.58333333333331,3320.0,2003,7,11,1.2,normal,8.9,13.9,6.6,0.76,0.53,680.5,681.2,679.0,2.7,,6.511519483926054,Rain
2003-07-12,52645.0,青海,野牛沟,38.41666666666666,99.58333333333331,3320.0,2003,7,12,2.5,normal,7.0,10.5,4.5,0.83,0.63,680.7,681.8,680.3,1.7,,5.429385290854358,Rain
2003-07-13,52645.0,青海,野牛沟,38.41666666666666,99.58333333333331,3320.0,2003,7,13,4.1,normal,9.4,17.6,3.4,0.68,0.35,680.9,681.7,679.7,6.2,,6.116321714258803,Rain
2003-07-14,52645.0,青海,野牛沟,38.41666666666666,99.58333333333331,3320.0,2003,7,14,0.4,normal,8.2,14.6,3.4,0.75,0.5,681.6,682.4,680.2,1.6,,5.765104488155921,Rain
2003-07-15,52645.0,青海,野牛沟,38.41666666666666,99.58333333333331,3320.0,2003,7,15,3.7,normal,9.0,13.9,7.2,0.8,0.59,682.7,684.5,681.6,3.3,,7.02019649820699,Rain
2003-07-16,52645.0,青海,野牛沟,38.41666666666666,99.58333333333331,3320.0,2003,7,16,6.0,normal,8.8,16.2,3.9,0.66,0.33,684.8,685.5,684.0,7.4,,5.374117571878885,Rain
2003-07-17,52645.0,青海,野牛沟,38.41666666666666,99.58333333333331,3320.0,2003,7,17,0.0,无,9.4,18.9,0.9,0.64,0.27,685.3,686.4,683.5,7.3,,,无
2003-07-18,52645.0,青海,野牛沟,38.41666666666666,99.58333333333331,3320.0,2003,7,18,3.6,normal,9.2,15.1,6.3,0.72,0.38,685.7,686.9,684.4,4.8,,6.374496729004009,Rain
2003-07-19,52645.0,青海,野牛沟,38.41666666666666,99.58333333333331,3320.0,2003,7,19,5.2,normal,10.0,17.4,3.5,0.64,0.26,684.7,687.7,682.2,7.8,,6.213495120939547,Rain
2003-07-20,52645.0,青海,野牛沟,38.41666666666666,99.58333333333331,3320.0,2003,7,20,2.8,normal,6.9,16.4,1.5,0.73,0.35,683.5,685.3,681.6,4.5,,4.377305982013442,Rain
2003-07-21,52645.0,青海,野牛沟,38.41666666666666,99.58333333333331,3320.0,2003,7,21,7.6,normal,7.3,15.1,0.7,0.75,0.36,683.3,686.3,680.7,4.8,,4.939576003990527,Rain
2003-07-22,52645.0,青海,野牛沟,38.41666666666666,99.58333333333331,3320.0,2003,7,22,0.1,normal,9.4,15.6,3.2,0.63,0.34,682.6,684.4,681.4,5.5,,5.571019882714867,Rain
2003-07-23,52645.0,青海,野牛沟,38.41666666666666,99.58333333333331,3320.0,2003,7,23,1.1,normal,9.4,17.7,0.9,0.65,0.35,681.7,683.2,680.3,4.4,,5.789762294612735,Rain
2003-07-24,52645.0,青海,野牛沟,38.41666666666666,99.58333333333331,3320.0,2003,7,24,0.6,normal,11.0,19.9,2.6,0.69,0.42,680.2,681.9,678.9,5.9,,7.660414944277627,Rain
2003-07-25,52645.0,青海,野牛沟,38.41666666666666,99.58333333333331,3320.0,2003,7,25,2.7,normal,9.8,16.2,3.5,0.78,0.6,681.8,682.6,679.6,4.5,,7.5576416946417035,Rain
2003-07-26,52645.0,青海,野牛沟,38.41666666666666,99.58333333333331,3320.0,2003,7,26,12.6,normal,8.6,14.5,4.6,0.78,0.54,683.5,683.7,682.3,2.9,,6.44313497427683,Rain
2003-07-27,52645.0,青海,野牛沟,38.41666666666666,99.58333333333331,3320.0,2003,7,27,0.0,无,11.0,20.8,2.7,0.73,0.34,684.1,685.6,681.7,6.2,,,无
2003-07-28,52645.0,青海,野牛沟,38.41666666666666,99.58333333333331,3320.0,2003,7,28,0.0,无,11.4,20.5,4.5,0.72,0.38,683.3,684.6,681.0,5.4,,,无
2003-07-29,52645.0,青海,野牛沟,38.41666666666666,99.58333333333331,3320.0,2003,7,29,28.7,normal,11.0,17.4,5.0,0.77,0.55,682.7,684.0,680.8,6.3,,8.56513490324431,Rain
2003-07-30,52645.0,青海,野牛沟,38.41666666666666,99.58333333333331,3320.0,2003,7,30,0.9,normal,10.5,15.3,7.3,0.81,0.62,681.5,682.5,680.5,2.9,,8.532631483978047,Rain
2003-07-31,52645.0,青海,野牛沟,38.41666666666666,99.58333333333331,3320.0,2003,7,31,4.3,normal,9.0,13.7,5.5,0.76,0.56,683.1,683.8,681.6,2.1,,6.60752214758388,Rain
2003-08-01,52645.0,青海,野牛沟,38.41666666666666,99.58333333333331,3320.0,2003,8,1,4.5,normal,7.9,15.0,2.2,0.8,0.53,683.8,684.9,681.7,4.3,,5.990327514656957,Rain
2003-08-02,52645.0,青海,野牛沟,38.41666666666666,99.58333333333331,3320.0,2003,8,2,3.5,normal,8.2,13.3,2.5,0.73,0.48,684.9,686.5,683.3,4.1,,5.566340165318686,Rain
2003-08-03,52645.0,青海,野牛沟,38.41666666666666,99.58333333333331,3320.0,2003,8,3,0.0,无,10.9,20.0,1.2,0.66,0.36,684.3,686.2,681.4,6.1,,,无
2003-08-04,52645.0,青海,野牛沟,38.41666666666666,99.58333333333331,3320.0,2003,8,4,2.0,normal,12.5,18.9,8.4,0.74,0.5,682.9,683.7,682.0,4.6,,9.606464841071475,Rain
2003-08-05,52645.0,青海,野牛沟,38.41666666666666,99.58333333333331,3320.0,2003,8,5,5.9,normal,13.2,18.6,9.2,0.78,0.57,683.0,684.1,681.7,4.2,,10.724347183284241,Rain
2003-08-06,52645.0,青海,野牛沟,38.41666666666666,99.58333333333331,3320.0,2003,8,6,5.0,normal,12.4,19.5,7.3,0.83,0.53,683.2,684.1,681.5,3.4,,10.5491176213777,Rain
2003-08-07,52645.0,青海,野牛沟,38.41666666666666,99.58333333333331,3320.0,2003,8,7,5.1,normal,11.3,13.4,9.6,0.87,0.72,683.5,684.8,682.6,2.4,,9.939371978517201,Rain
2003-08-08,52645.0,青海,野牛沟,38.41666666666666,99.58333333333331,3320.0,2003,8,8,8.6,normal,11.0,18.3,7.2,0.81,0.61,683.4,684.9,681.4,4.6,,9.005195067940925,Rain
2003-08-09,52645.0,青海,野牛沟,38.41666666666666,99.58333333333331,3320.0,2003,8,9,10.3,normal,7.1,10.8,6.0,0.84,0.65,683.8,685.9,682.4,3.1,,5.622042087008947,Rain
2003-08-10,52645.0,青海,野牛沟,38.41666666666666,99.58333333333331,3320.0,2003,8,10,0.5,normal,7.4,13.6,3.6,0.69,0.54,684.7,685.6,683.5,5.1,,4.4358507888944265,Rain
2003-08-11,52645.0,青海,野牛沟,38.41666666666666,99.58333333333331,3320.0,2003,8,11,1.0,normal,7.2,10.8,5.6,0.83,0.59,684.4,685.1,683.7,1.6,,5.622423138815624,Rain
2003-08-12,52645.0,青海,野牛沟,38.41666666666666,99.58333333333331,3320.0,2003,8,12,1.3,normal,8.1,13.7,4.0,0.7,0.5,685.8,687.2,683.9,3.5,,5.169669035693771,Rain
2003-08-13,52645.0,青海,野牛沟,38.41666666666666,99.58333333333331,3320.0,2003,8,13,5.3,normal,8.6,15.0,4.2,0.78,0.5,683.9,686.1,681.1,4.6,,6.443643116047011,Rain
2003-08-14,52645.0,青海,野牛沟,38.41666666666666,99.58333333333331,3320.0,2003,8,14,7.0,normal,8.0,13.5,5.7,0.79,0.53,682.6,683.6,680.6,3.9,,5.9833581934640945,Rain
2003-08-15,52645.0,青海,野牛沟,38.41666666666666,99.58333333333331,3320.0,2003,8,15,0.0,无,5.6,15.6,-1.7,0.68,0.26,685.5,687.4,682.8,5.2,,,无
2003-08-16,52645.0,青海,野牛沟,38.41666666666666,99.58333333333331,3320.0,2003,8,16,0.0,无,6.6,17.2,-2.4,0.65,0.36,685.8,687.4,683.5,5.9,,,无
2003-08-17,52645.0,青海,野牛沟,38.41666666666666,99.58333333333331,3320.0,2003,8,17,0.2,normal,6.6,15.5,-1.3,0.73,0.39,686.7,688.2,684.8,4.8,,4.108488056305117,Rain
2003-08-18,52645.0,青海,野牛沟,38.41666666666666,99.58333333333331,3320.0,2003,8,18,0.8,normal,7.7,19.0,-0.9,0.7,0.33,684.5,688.4,681.4,5.7,,4.806559010955298,Rain
2003-08-19,52645.0,青海,野牛沟,38.41666666666666,99.58333333333331,3320.0,2003,8,19,0.0,无,9.2,18.8,1.0,0.69,0.4,681.2,682.2,678.5,4.9,,,无
2003-08-20,52645.0,青海,野牛沟,38.41666666666666,99.58333333333331,3320.0,2003,8,20,5.9,normal,8.3,15.0,4.6,0.83,0.56,681.1,682.0,679.4,2.6,,6.6614501178575525,Rain
2003-08-21,52645.0,青海,野牛沟,38.41666666666666,99.58333333333331,3320.0,2003,8,21,13.0,normal,8.8,17.0,3.5,0.74,0.39,683.0,683.7,680.7,7.5,,6.215257537627683,Rain
2003-08-22,52645.0,青海,野牛沟,38.41666666666666,99.58333333333331,3320.0,2003,8,22,0.0,无,11.5,18.6,4.0,0.71,0.51,684.7,685.9,682.6,4.7,,,无
2003-08-23,52645.0,青海,野牛沟,38.41666666666666,99.58333333333331,3320.0,2003,8,23,6.6,normal,12.7,18.8,6.8,0.77,0.54,686.2,686.8,684.6,4.4,,10.146473432680715,Rain
2003-08-24,52645.0,青海,野牛沟,38.41666666666666,99.58333333333331,3320.0,2003,8,24,3.8,normal,11.3,18.0,9.4,0.84,0.53,686.3,687.9,684.7,2.6,,9.617914175895624,Rain
2003-08-25,52645.0,青海,野牛沟,38.41666666666666,99.58333333333331,3320.0,2003,8,25,4.7,normal,9.8,14.4,8.3,0.84,0.58,684.4,686.2,682.4,3.5,,8.189704680828754,Rain
2003-08-26,52645.0,青海,野牛沟,38.41666666666666,99.58333333333331,3320.0,2003,8,26,0.1,normal,10.3,18.8,2.6,0.68,0.36,684.3,685.4,682.0,6.1,,6.927733597892831,Rain
2003-08-27,52645.0,青海,野牛沟,38.41666666666666,99.58333333333331,3320.0,2003,8,27,0.0,无,9.2,15.0,4.1,0.73,0.5,683.7,684.6,681.7,3.1,,,无
2003-08-28,52645.0,青海,野牛沟,38.41666666666666,99.58333333333331,3320.0,2003,8,28,10.2,normal,7.5,15.7,2.1,0.82,0.53,683.6,684.3,680.9,4.2,,5.809298969189647,Rain
2003-08-29,52645.0,青海,野牛沟,38.41666666666666,99.58333333333331,3320.0,2003,8,29,7.5,normal,9.3,16.3,5.4,0.72,0.43,684.5,685.6,683.0,6.0,,6.463410425586917,Rain
2003-08-30,52645.0,青海,野牛沟,38.41666666666666,99.58333333333331,3320.0,2003,8,30,3.2,normal,8.6,14.2,4.9,0.76,0.49,683.9,685.3,681.6,2.9,,6.239231968537795,Rain
2003-08-31,52645.0,青海,野牛沟,38.41666666666666,99.58333333333331,3320.0,2003,8,31,8.3,normal,4.7,8.2,1.3,0.84,0.68,684.6,685.3,682.6,2.8,,3.340819406638098,Snow
2003-09-01,52645.0,青海,野牛沟,38.41666666666666,99.58333333333331,3320.0,2003,9,1,1.4,normal,6.3,13.1,1.6,0.7,0.4,686.1,687.0,684.2,4.3,,3.5464355097893607,Rain
2003-09-02,52645.0,青海,野牛沟,38.41666666666666,99.58333333333331,3320.0,2003,9,2,0.0,无,5.3,14.7,-2.2,0.71,0.41,686.0,687.6,683.5,4.9,,,无
2003-09-03,52645.0,青海,野牛沟,38.41666666666666,99.58333333333331,3320.0,2003,9,3,10.5,normal,2.8,10.4,0.0,0.89,0.54,685.9,686.8,683.7,0.7,,1.935727372630045,Snow
2003-09-04,52645.0,青海,野牛沟,38.41666666666666,99.58333333333331,3320.0,2003,9,4,0.0,无,3.2,13.1,-3.7,0.69,0.41,686.3,687.8,684.2,3.6,,,无
2003-09-05,52645.0,青海,野牛沟,38.41666666666666,99.58333333333331,3320.0,2003,9,5,0.0,无,5.4,12.2,1.8,0.76,0.47,685.6,686.6,684.4,3.9,,,无
2003-09-06,52645.0,青海,野牛沟,38.41666666666666,99.58333333333331,3320.0,2003,9,6,0.0,无,4.5,14.5,-2.0,0.69,0.35,686.0,687.2,684.5,4.2,,,无
2003-09-07,52645.0,青海,野牛沟,38.41666666666666,99.58333333333331,3320.0,2003,9,7,0.0,无,4.4,13.5,-1.9,0.72,0.36,686.0,686.8,684.2,4.0,,,无
2003-09-08,52645.0,青海,野牛沟,38.41666666666666,99.58333333333331,3320.0,2003,9,8,0.0,无,4.7,15.0,-3.0,0.66,0.31,687.7,689.2,685.6,4.5,,,无
2003-09-09,52645.0,青海,野牛沟,38.41666666666666,99.58333333333331,3320.0,2003,9,9,0.0,无,6.0,17.4,-2.1,0.64,0.28,686.4,687.6,684.7,5.4,,,无
2003-09-10,52645.0,青海,野牛沟,38.41666666666666,99.58333333333331,3320.0,2003,9,10,0.0,无,6.4,17.6,-2.5,0.59,0.24,685.1,686.6,682.5,5.5,,,无
2003-09-11,52645.0,青海,野牛沟,38.41666666666666,99.58333333333331,3320.0,2003,9,11,0.0,无,5.7,15.9,-1.2,0.62,0.3,684.8,686.0,683.2,5.2,,,无
2003-09-12,52645.0,青海,野牛沟,38.41666666666666,99.58333333333331,3320.0,2003,9,12,0.0,无,6.9,17.9,-2.0,0.64,0.27,685.0,686.9,683.4,4.6,,,无
2003-09-13,52645.0,青海,野牛沟,38.41666666666666,99.58333333333331,3320.0,2003,9,13,0.0,无,7.3,18.8,-1.6,0.65,0.32,684.6,686.5,682.6,5.6,,,无
2003-09-14,52645.0,青海,野牛沟,38.41666666666666,99.58333333333331,3320.0,2003,9,14,0.0,无,7.9,19.5,-1.0,0.64,0.28,683.6,684.5,682.4,5.8,,,无
2003-09-15,52645.0,青海,野牛沟,38.41666666666666,99.58333333333331,3320.0,2003,9,15,5.8,normal,7.0,19.4,-1.2,0.72,0.35,683.2,684.8,679.0,3.9,,4.370007793512385,Rain
2003-09-16,52645.0,青海,野牛沟,38.41666666666666,99.58333333333331,3320.0,2003,9,16,13.9,normal,6.9,13.4,3.6,0.82,0.55,683.2,684.3,680.7,4.5,,5.242419881312377,Rain
2003-09-17,52645.0,青海,野牛沟,38.41666666666666,99.58333333333331,3320.0,2003,9,17,3.4,normal,6.4,13.1,3.3,0.8,0.64,685.2,685.7,683.3,3.7,,4.585822738825045,Rain
2003-09-18,52645.0,青海,野牛沟,38.41666666666666,99.58333333333331,3320.0,2003,9,18,7.5,normal,5.3,10.1,3.5,0.86,0.66,686.8,687.5,685.6,1.3,,4.090235589864659,Rain
2003-09-19,52645.0,青海,野牛沟,38.41666666666666,99.58333333333331,3320.0,2003,9,19,1.5,normal,2.5,7.6,-2.0,0.89,0.65,688.4,689.0,686.9,3.2,,1.6470663389831453,Snow
2003-09-20,52645.0,青海,野牛沟,38.41666666666666,99.58333333333331,3320.0,2003,9,20,0.0,无,5.6,12.8,-0.1,0.69,0.29,688.6,690.0,686.8,5.0,,,无
2003-09-21,52645.0,青海,野牛沟,38.41666666666666,99.58333333333331,3320.0,2003,9,21,0.0,无,3.9,12.9,-3.0,0.67,0.31,687.8,689.1,685.1,3.9,,,无
2003-09-22,52645.0,青海,野牛沟,38.41666666666666,99.58333333333331,3320.0,2003,9,22,0.0,无,3.1,12.0,-4.2,0.65,0.38,686.1,687.9,683.6,3.1,,,无
2003-09-23,52645.0,青海,野牛沟,38.41666666666666,99.58333333333331,3320.0,2003,9,23,0.0,无,3.9,14.4,-4.0,0.65,0.31,684.4,685.7,682.0,4.1,,,无
2003-09-24,52645.0,青海,野牛沟,38.41666666666666,99.58333333333331,3320.0,2003,9,24,0.0,无,4.6,13.7,-3.6,0.7,0.42,682.7,684.1,681.0,3.3,,,无
2003-09-25,52645.0,青海,野牛沟,38.41666666666666,99.58333333333331,3320.0,2003,9,25,3.6,normal,5.3,11.5,1.0,0.79,0.59,682.8,684.0,681.6,2.3,,3.4616334217597577,Rain
2003-09-26,52645.0,青海,野牛沟,38.41666666666666,99.58333333333331,3320.0,2003,9,26,7.9,normal,2.0,6.5,-0.3,0.88,0.65,684.4,685.4,682.9,1.6,,1.083702640362243,Snow
2003-09-27,52645.0,青海,野牛沟,38.41666666666666,99.58333333333331,3320.0,2003,9,27,0.0,无,6.3,12.7,1.7,0.82,0.62,681.2,684.2,678.2,3.5,,,无
2003-09-28,52645.0,青海,野牛沟,38.41666666666666,99.58333333333331,3320.0,2003,9,28,6.7,normal,5.2,12.3,1.5,0.83,0.61,681.5,682.6,677.7,1.9,,3.7246516644035887,Rain
2003-09-29,52645.0,青海,野牛沟,38.41666666666666,99.58333333333331,3320.0,2003,9,29,1.0,normal,3.1,11.3,-0.3,0.77,0.58,683.3,685.4,680.5,4.0,,1.2399382758339295,Snow
2003-09-30,52645.0,青海,野牛沟,38.41666666666666,99.58333333333331,3320.0,2003,9,30,2.7,normal,0.1,3.3,-1.7,0.86,0.65,684.0,685.0,681.8,1.3,,-0.8926084556483316,Snow
2003-10-01,52645.0,青海,野牛沟,38.41666666666666,99.58333333333331,3320.0,2003,10,1,1.8,normal,0.8,8.3,-2.9,0.85,0.57,684.2,685.0,681.9,3.0,,-0.29574164349881915,Snow
2003-10-02,52645.0,青海,野牛沟,38.41666666666666,99.58333333333331,3320.0,2003,10,2,6.4,normal,1.1,8.8,-3.0,0.85,0.49,685.8,686.4,683.9,3.0,,-0.007890188756873862,Snow
2003-10-03,52645.0,青海,野牛沟,38.41666666666666,99.58333333333331,3320.0,2003,10,3,6.8,normal,1.8,9.0,-0.7,0.81,0.52,686.8,687.8,684.7,2.2,,0.3508289026749223,Snow
2003-10-04,52645.0,青海,野牛沟,38.41666666666666,99.58333333333331,3320.0,2003,10,4,0.4,normal,1.3,6.4,-1.5,0.78,0.51,687.5,688.6,686.3,2.0,,-0.3494850744352407,Snow
2003-10-05,52645.0,青海,野牛沟,38.41666666666666,99.58333333333331,3320.0,2003,10,5,0.0,无,1.9,9.3,-2.2,0.78,0.33,686.1,688.3,683.9,2.9,,,无
2003-10-06,52645.0,青海,野牛沟,38.41666666666666,99.58333333333331,3320.0,2003,10,6,0.0,无,1.5,10.0,-5.6,0.66,0.31,683.7,685.3,681.7,2.6,,,无
2003-10-07,52645.0,青海,野牛沟,38.41666666666666,99.58333333333331,3320.0,2003,10,7,0.0,无,2.7,13.4,-4.9,0.67,0.29,680.5,682.8,678.0,3.6,,,无
2003-10-08,52645.0,青海,野牛沟,38.41666666666666,99.58333333333331,3320.0,2003,10,8,0.0,无,1.8,11.2,-5.1,0.68,0.33,679.5,680.4,677.8,2.4,,,无
2003-10-09,52645.0,青海,野牛沟,38.41666666666666,99.58333333333331,3320.0,2003,10,9,0.0,无,0.8,11.5,-5.2,0.7,0.34,680.3,681.7,677.1,2.8,,,无
2003-10-10,52645.0,青海,野牛沟,38.41666666666666,99.58333333333331,3320.0,2003,10,10,4.3,normal,-0.3,4.4,-3.1,0.85,0.63,679.2,680.3,677.0,0.8,,-1.3507692414222428,Snow
2003-10-11,52645.0,青海,野牛沟,38.41666666666666,99.58333333333331,3320.0,2003,10,11,2.0,normal,-3.8,-0.1,-5.4,0.86,0.69,681.2,682.9,680.1,1.2,,-4.6368673892499634,Snow
2003-10-12,52645.0,青海,野牛沟,38.41666666666666,99.58333333333331,3320.0,2003,10,12,0.4,normal,-4.1,0.3,-7.3,0.84,0.65,683.4,684.3,681.9,1.0,,-5.042697517666022,Snow
2003-10-13,52645.0,青海,野牛沟,38.41666666666666,99.58333333333331,3320.0,2003,10,13,0.0,无,-1.7,6.5,-5.1,0.71,0.4,686.6,687.5,684.3,2.5,,,无
2003-10-14,52645.0,青海,野牛沟,38.41666666666666,99.58333333333331,3320.0,2003,10,14,0.0,无,-1.5,7.0,-7.5,0.68,0.37,688.1,689.3,686.3,2.5,,,无
2003-10-15,52645.0,青海,野牛沟,38.41666666666666,99.58333333333331,3320.0,2003,10,15,0.0,无,-1.4,8.5,-7.7,0.65,0.29,688.2,689.9,685.7,2.9,,,无
2003-10-16,52645.0,青海,野牛沟,38.41666666666666,99.58333333333331,3320.0,2003,10,16,0.0,无,0.3,9.8,-6.5,0.62,0.39,686.5,687.8,684.5,2.4,,,无
2003-10-17,52645.0,青海,野牛沟,38.41666666666666,99.58333333333331,3320.0,2003,10,17,0.0,无,0.5,9.5,-6.5,0.68,0.43,685.8,687.1,683.3,2.3,,,无
2003-10-18,52645.0,青海,野牛沟,38.41666666666666,99.58333333333331,3320.0,2003,10,18,4.0,normal,-1.1,7.2,-5.0,0.74,0.5,684.5,686.3,681.7,1.9,,-2.872159797141882,Snow
2003-10-19,52645.0,青海,野牛沟,38.41666666666666,99.58333333333331,3320.0,2003,10,19,9.9,normal,-8.3,-3.1,-13.1,0.76,0.55,687.3,688.8,685.9,1.8,,-9.443652282101759,Snow
2003-10-20,52645.0,青海,野牛沟,38.41666666666666,99.58333333333331,3320.0,2003,10,20,0.0,无,-15.0,-4.9,-21.8,0.74,0.6,686.2,688.1,684.0,1.4,,,无
2003-10-21,52645.0,青海,野牛沟,38.41666666666666,99.58333333333331,3320.0,2003,10,21,0.0,无,-11.9,-2.6,-19.0,0.69,0.59,686.3,687.3,684.6,1.6,,,无
2003-10-22,52645.0,青海,野牛沟,38.41666666666666,99.58333333333331,3320.0,2003,10,22,0.0,无,-10.2,-1.3,-16.8,0.74,0.63,686.8,687.8,685.1,1.7,,,无
2003-10-23,52645.0,青海,野牛沟,38.41666666666666,99.58333333333331,3320.0,2003,10,23,0.0,无,-7.9,-0.1,-15.6,0.72,0.62,685.9,687.4,683.6,1.5,,,无
2003-10-24,52645.0,青海,野牛沟,38.41666666666666,99.58333333333331,3320.0,2003,10,24,0.0,无,-7.0,1.4,-14.8,0.71,0.57,685.1,686.1,683.2,1.5,,,无
2003-10-25,52645.0,青海,野牛沟,38.41666666666666,99.58333333333331,3320.0,2003,10,25,0.0,无,-8.3,-0.4,-15.0,0.72,0.5,687.6,688.9,685.5,1.3,,,无
2003-10-26,52645.0,青海,野牛沟,38.41666666666666,99.58333333333331,3320.0,2003,10,26,0.0,无,-8.1,0.9,-15.0,0.66,0.5,685.9,687.4,684.0,1.5,,,无
2003-10-27,52645.0,青海,野牛沟,38.41666666666666,99.58333333333331,3320.0,2003,10,27,0.0,无,-8.0,0.9,-15.2,0.7,0.54,688.5,690.0,685.8,1.8,,,无
2003-10-28,52645.0,青海,野牛沟,38.41666666666666,99.58333333333331,3320.0,2003,10,28,0.0,无,-5.1,1.8,-11.6,0.77,0.58,688.0,689.7,686.7,0.9,,,无
2003-10-29,52645.0,青海,野牛沟,38.41666666666666,99.58333333333331,3320.0,2003,10,29,0.0,无,-6.2,4.3,-12.6,0.75,0.39,690.9,692.6,689.7,1.4,,,无
2003-10-30,52645.0,青海,野牛沟,38.41666666666666,99.58333333333331,3320.0,2003,10,30,0.0,无,-7.1,2.7,-13.6,0.68,0.45,688.3,691.0,685.9,1.8,,,无
2003-10-31,52645.0,青海,野牛沟,38.41666666666666,99.58333333333331,3320.0,2003,10,31,0.0,无,-6.4,3.9,-13.6,0.66,0.4,683.9,686.5,681.6,1.7,,,无
2003-11-01,52645.0,青海,野牛沟,38.41666666666666,99.58333333333331,3320.0,2003,11,1,0.0,无,-4.3,5.9,-12.2,0.61,0.38,680.0,682.0,677.9,2.2,,,无
2003-11-02,52645.0,青海,野牛沟,38.41666666666666,99.58333333333331,3320.0,2003,11,2,0.0,无,-5.2,3.9,-12.3,0.64,0.35,684.0,685.3,679.7,2.1,,,无
2003-11-03,52645.0,青海,野牛沟,38.41666666666666,99.58333333333331,3320.0,2003,11,3,0.0,无,-5.9,4.9,-13.3,0.65,0.4,683.1,685.5,680.4,1.7,,,无
2003-11-04,52645.0,青海,野牛沟,38.41666666666666,99.58333333333331,3320.0,2003,11,4,0.0,无,-2.7,5.6,-10.5,0.69,0.48,679.3,681.2,677.8,1.7,,,无
2003-11-05,52645.0,青海,野牛沟,38.41666666666666,99.58333333333331,3320.0,2003,11,5,0.0,无,-1.2,9.0,-8.9,0.63,0.34,675.8,678.6,673.5,2.4,,,无
2003-11-06,52645.0,青海,野牛沟,38.41666666666666,99.58333333333331,3320.0,2003,11,6,0.0,无,-3.9,2.4,-7.0,0.74,0.52,676.1,678.4,674.1,1.3,,,无
2003-11-07,52645.0,青海,野牛沟,38.41666666666666,99.58333333333331,3320.0,2003,11,7,3.6,normal,-6.4,-3.1,-9.0,0.85,0.72,679.3,681.1,677.7,0.8,,-7.191448439274528,Snow
2003-11-08,52645.0,青海,野牛沟,38.41666666666666,99.58333333333331,3320.0,2003,11,8,0.3,normal,-12.3,-6.6,-16.2,0.83,0.78,679.5,681.5,677.8,0.9,,-12.947586036940987,Snow
2003-11-09,52645.0,青海,野牛沟,38.41666666666666,99.58333333333331,3320.0,2003,11,9,0.0,无,-13.0,-6.6,-19.0,0.8,0.71,680.3,681.9,679.0,1.1,,,无
2003-11-10,52645.0,青海,野牛沟,38.41666666666666,99.58333333333331,3320.0,2003,11,10,0.0,无,-15.4,-7.9,-22.9,0.73,0.61,682.6,684.0,681.1,0.9,,,无
2003-11-11,52645.0,青海,野牛沟,38.41666666666666,99.58333333333331,3320.0,2003,11,11,1.7,normal,-13.2,-7.6,-18.3,0.75,0.52,684.7,686.4,681.1,1.1,,-14.09927152315355,Snow
2003-11-12,52645.0,青海,野牛沟,38.41666666666666,99.58333333333331,3320.0,2003,11,12,0.0,无,-17.1,-7.9,-23.9,0.71,0.59,683.0,685.4,680.3,1.5,,,无
2003-11-13,52645.0,青海,野牛沟,38.41666666666666,99.58333333333331,3320.0,2003,11,13,0.0,无,-16.0,-6.1,-23.6,0.73,0.61,681.0,682.4,679.1,1.2,,,无
2003-11-14,52645.0,青海,野牛沟,38.41666666666666,99.58333333333331,3320.0,2003,11,14,0.0,无,-11.1,-0.9,-18.2,0.71,0.6,681.9,683.4,680.0,1.0,,,无
2003-11-15,52645.0,青海,野牛沟,38.41666666666666,99.58333333333331,3320.0,2003,11,15,0.0,无,-13.0,-3.9,-19.2,0.74,0.63,683.1,684.6,680.7,1.0,,,无
2003-11-16,52645.0,青海,野牛沟,38.41666666666666,99.58333333333331,3320.0,2003,11,16,2.2,normal,-7.9,-2.7,-14.5,0.79,0.75,681.1,683.3,679.4,0.8,,-8.92679708315201,Snow
2003-11-17,52645.0,青海,野牛沟,38.41666666666666,99.58333333333331,3320.0,2003,11,17,0.1,normal,-9.7,-5.1,-14.7,0.81,0.71,679.0,680.8,677.4,1.8,,-10.542671251634331,Snow
2003-11-18,52645.0,青海,野牛沟,38.41666666666666,99.58333333333331,3320.0,2003,11,18,0.0,无,-14.7,-4.4,-21.4,0.78,0.7,676.9,678.4,674.9,0.7,,,无
2003-11-19,52645.0,青海,野牛沟,38.41666666666666,99.58333333333331,3320.0,2003,11,19,0.0,无,-8.9,-1.3,-16.0,0.8,0.43,678.2,679.1,676.8,1.2,,,无
2003-11-20,52645.0,青海,野牛沟,38.41666666666666,99.58333333333331,3320.0,2003,11,20,0.0,无,-15.4,-4.6,-22.0,0.73,0.53,681.2,683.0,679.0,1.0,,,无
2003-11-21,52645.0,青海,野牛沟,38.41666666666666,99.58333333333331,3320.0,2003,11,21,0.0,无,-18.5,-9.1,-25.0,0.73,0.63,683.5,684.9,682.0,0.9,,,无
2003-11-22,52645.0,青海,野牛沟,38.41666666666666,99.58333333333331,3320.0,2003,11,22,0.0,无,-17.9,-7.5,-25.4,0.73,0.6,680.7,682.6,679.2,0.9,,,无
2003-11-23,52645.0,青海,野牛沟,38.41666666666666,99.58333333333331,3320.0,2003,11,23,0.0,无,-14.3,-4.6,-20.6,0.71,0.59,681.4,682.0,679.7,1.1,,,无
2003-11-24,52645.0,青海,野牛沟,38.41666666666666,99.58333333333331,3320.0,2003,11,24,0.0,无,-17.8,-8.3,-26.5,0.7,0.55,684.1,686.0,681.9,0.7,,,无
2003-11-25,52645.0,青海,野牛沟,38.41666666666666,99.58333333333331,3320.0,2003,11,25,0.0,无,-14.5,-7.1,-21.0,0.7,0.6,685.5,688.5,683.0,0.7,,,无
2003-11-26,52645.0,青海,野牛沟,38.41666666666666,99.58333333333331,3320.0,2003,11,26,0.0,无,-20.7,-10.6,-27.3,0.73,0.62,684.5,688.9,680.8,0.7,,,无
2003-11-27,52645.0,青海,野牛沟,38.41666666666666,99.58333333333331,3320.0,2003,11,27,0.0,无,-16.3,-3.3,-25.3,0.69,0.35,679.6,680.9,677.2,1.1,,,无
2003-11-28,52645.0,青海,野牛沟,38.41666666666666,99.58333333333331,3320.0,2003,11,28,0.0,无,-17.4,-10.1,-25.8,0.66,0.54,682.6,684.7,680.6,1.0,,,无
2003-11-29,52645.0,青海,野牛沟,38.41666666666666,99.58333333333331,3320.0,2003,11,29,0.0,无,-21.2,-9.5,-28.5,0.69,0.55,678.7,681.8,675.8,0.9,,,无
2003-11-30,52645.0,青海,野牛沟,38.41666666666666,99.58333333333331,3320.0,2003,11,30,0.0,无,-13.7,-0.7,-21.9,0.63,0.36,675.3,677.5,673.2,1.2,,,无
2003-12-01,52645.0,青海,野牛沟,38.41666666666666,99.58333333333331,3320.0,2003,12,1,0.0,无,-17.3,-5.2,-25.6,0.74,0.45,679.2,680.8,677.5,1.2,,,无
2003-12-02,52645.0,青海,野牛沟,38.41666666666666,99.58333333333331,3320.0,2003,12,2,0.0,无,-19.5,-8.1,-27.0,0.78,0.6,679.6,681.7,677.7,1.0,,,无
2003-12-03,52645.0,青海,野牛沟,38.41666666666666,99.58333333333331,3320.0,2003,12,3,0.0,无,-17.8,-7.8,-25.9,0.61,0.5,676.3,678.6,674.0,0.8,,,无
2003-12-04,52645.0,青海,野牛沟,38.41666666666666,99.58333333333331,3320.0,2003,12,4,0.0,无,-13.9,-4.8,-19.6,0.57,0.22,675.0,676.9,673.1,1.2,,,无
2003-12-05,52645.0,青海,野牛沟,38.41666666666666,99.58333333333331,3320.0,2003,12,5,0.0,无,-19.4,-9.5,-27.1,0.63,0.43,679.8,680.9,676.9,0.8,,,无
2003-12-06,52645.0,青海,野牛沟,38.41666666666666,99.58333333333331,3320.0,2003,12,6,0.0,无,-20.5,-9.6,-28.9,0.62,0.44,681.5,682.8,680.1,0.9,,,无
2003-12-07,52645.0,青海,野牛沟,38.41666666666666,99.58333333333331,3320.0,2003,12,7,0.0,无,-18.0,-9.4,-25.6,0.71,0.53,682.2,683.8,680.6,0.8,,,无
2003-12-08,52645.0,青海,野牛沟,38.41666666666666,99.58333333333331,3320.0,2003,12,8,0.0,无,-19.9,-9.1,-26.9,0.68,0.51,680.2,681.8,678.7,0.7,,,无
2003-12-09,52645.0,青海,野牛沟,38.41666666666666,99.58333333333331,3320.0,2003,12,9,0.0,无,-16.6,-6.9,-23.9,0.65,0.43,680.3,681.5,678.7,0.8,,,无
2003-12-10,52645.0,青海,野牛沟,38.41666666666666,99.58333333333331,3320.0,2003,12,10,0.0,无,-18.7,-7.8,-26.3,0.65,0.49,683.3,685.3,681.4,0.8,,,无
2003-12-11,52645.0,青海,野牛沟,38.41666666666666,99.58333333333331,3320.0,2003,12,11,0.0,无,-18.8,-4.2,-25.9,0.67,0.59,682.3,683.4,681.3,0.6,,,无
2003-12-12,52645.0,青海,野牛沟,38.41666666666666,99.58333333333331,3320.0,2003,12,12,0.0,无,-18.1,-6.5,-25.4,0.67,0.48,683.5,684.7,682.1,0.8,,,无
2003-12-13,52645.0,青海,野牛沟,38.41666666666666,99.58333333333331,3320.0,2003,12,13,0.0,无,-17.8,-6.6,-25.5,0.65,0.47,683.1,684.4,681.0,0.8,,,无
2003-12-14,52645.0,青海,野牛沟,38.41666666666666,99.58333333333331,3320.0,2003,12,14,0.0,无,-16.7,-4.7,-24.3,0.65,0.46,681.0,682.5,678.7,0.8,,,无
2003-12-15,52645.0,青海,野牛沟,38.41666666666666,99.58333333333331,3320.0,2003,12,15,0.0,无,-15.1,-4.2,-22.6,0.62,0.36,680.5,681.7,679.1,0.8,,,无
2003-12-16,52645.0,青海,野牛沟,38.41666666666666,99.58333333333331,3320.0,2003,12,16,0.0,无,-16.6,-6.6,-24.0,0.72,0.52,679.9,683.3,676.0,0.7,,,无
2003-12-17,52645.0,青海,野牛沟,38.41666666666666,99.58333333333331,3320.0,2003,12,17,0.0,无,-17.8,-8.7,-25.0,0.72,0.58,677.9,679.8,676.4,0.5,,,无
2003-12-18,52645.0,青海,野牛沟,38.41666666666666,99.58333333333331,3320.0,2003,12,18,0.6,normal,-19.1,-11.1,-26.0,0.81,0.61,684.9,687.1,679.8,0.3,,-19.561605111628765,Snow
2003-12-19,52645.0,青海,野牛沟,38.41666666666666,99.58333333333331,3320.0,2003,12,19,0.0,无,-22.4,-11.2,-28.9,0.76,0.54,685.1,686.5,683.2,0.6,,,无
2003-12-20,52645.0,青海,野牛沟,38.41666666666666,99.58333333333331,3320.0,2003,12,20,0.0,无,-20.6,-9.1,-27.3,0.69,0.49,683.0,684.1,680.6,0.8,,,无
2003-12-21,52645.0,青海,野牛沟,38.41666666666666,99.58333333333331,3320.0,2003,12,21,0.0,无,-16.8,-6.5,-25.5,0.74,0.5,682.4,683.7,680.4,0.5,,,无
2003-12-22,52645.0,青海,野牛沟,38.41666666666666,99.58333333333331,3320.0,2003,12,22,0.0,无,-20.0,-9.2,-27.4,0.85,0.64,680.2,681.5,678.6,0.5,,,无
2003-12-23,52645.0,青海,野牛沟,38.41666666666666,99.58333333333331,3320.0,2003,12,23,0.0,无,-20.9,-9.5,-28.6,0.75,0.59,681.6,683.7,679.5,0.6,,,无
2003-12-24,52645.0,青海,野牛沟,38.41666666666666,99.58333333333331,3320.0,2003,12,24,0.0,无,-20.7,-10.6,-26.5,0.75,0.63,682.5,684.0,680.4,0.5,,,无
2003-12-25,52645.0,青海,野牛沟,38.41666666666666,99.58333333333331,3320.0,2003,12,25,0.0,无,-22.1,-10.7,-29.2,0.78,0.64,682.2,683.7,680.1,0.7,,,无
2003-12-26,52645.0,青海,野牛沟,38.41666666666666,99.58333333333331,3320.0,2003,12,26,0.0,无,-20.8,-9.1,-27.6,0.79,0.65,680.1,681.6,678.1,0.7,,,无
2003-12-27,52645.0,青海,野牛沟,38.41666666666666,99.58333333333331,3320.0,2003,12,27,0.0,无,-17.3,-7.8,-24.2,0.78,0.65,677.9,679.8,675.7,0.4,,,无
2003-12-28,52645.0,青海,野牛沟,38.41666666666666,99.58333333333331,3320.0,2003,12,28,0.0,无,-19.4,-7.2,-25.8,0.79,0.6,680.4,681.5,678.1,0.4,,,无
2003-12-29,52645.0,青海,野牛沟,38.41666666666666,99.58333333333331,3320.0,2003,12,29,0.0,无,-17.4,-10.6,-23.0,0.78,0.67,680.4,681.3,678.8,0.5,,,无
2003-12-30,52645.0,青海,野牛沟,38.41666666666666,99.58333333333331,3320.0,2003,12,30,0.0,无,-20.6,-9.1,-28.0,0.76,0.58,679.8,681.9,677.7,0.5,,,无
2003-12-31,52645.0,青海,野牛沟,38.41666666666666,99.58333333333331,3320.0,2003,12,31,0.0,无,-18.4,-7.7,-25.2,0.74,0.56,679.1,680.7,677.7,0.7,,,无
2004-01-01,52645.0,青海,野牛沟,38.41666666666666,99.58333333333331,3320.0,2004,1,1,0.0,无,-19.6,-10.7,-25.7,0.52,0.24,680.0,682.3,678.4,0.6,,,无
2004-01-02,52645.0,青海,野牛沟,38.41666666666666,99.58333333333331,3320.0,2004,1,2,0.0,无,-23.0,-11.6,-31.2,0.54,0.28,676.9,679.8,674.0,0.7,,,无
2004-01-03,52645.0,青海,野牛沟,38.41666666666666,99.58333333333331,3320.0,2004,1,3,0.0,无,-20.1,-10.5,-28.3,0.53,0.27,675.7,677.4,674.0,0.6,,,无
2004-01-04,52645.0,青海,野牛沟,38.41666666666666,99.58333333333331,3320.0,2004,1,4,0.0,无,-19.6,-6.8,-27.5,0.6,0.35,676.4,678.5,674.0,0.8,,,无
2004-01-05,52645.0,青海,野牛沟,38.41666666666666,99.58333333333331,3320.0,2004,1,5,0.0,无,-17.3,-7.7,-25.2,0.58,0.37,677.3,678.6,675.9,0.5,,,无
2004-01-06,52645.0,青海,野牛沟,38.41666666666666,99.58333333333331,3320.0,2004,1,6,0.0,无,-16.3,-7.4,-24.4,0.6,0.37,677.8,679.4,676.0,0.8,,,无
2004-01-07,52645.0,青海,野牛沟,38.41666666666666,99.58333333333331,3320.0,2004,1,7,0.0,无,-15.6,-8.1,-22.2,0.65,0.49,677.0,678.3,675.2,0.5,,,无
2004-01-08,52645.0,青海,野牛沟,38.41666666666666,99.58333333333331,3320.0,2004,1,8,0.0,无,-17.7,-7.7,-25.5,0.61,0.31,677.7,679.4,676.2,0.7,,,无
2004-01-09,52645.0,青海,野牛沟,38.41666666666666,99.58333333333331,3320.0,2004,1,9,0.0,无,-18.9,-7.9,-27.0,0.56,0.3,677.6,678.9,675.9,0.6,,,无
2004-01-10,52645.0,青海,野牛沟,38.41666666666666,99.58333333333331,3320.0,2004,1,10,0.0,无,-17.1,-7.2,-25.4,0.57,0.29,678.5,679.5,676.9,0.7,,,无
2004-01-11,52645.0,青海,野牛沟,38.41666666666666,99.58333333333331,3320.0,2004,1,11,0.0,无,-16.7,-7.0,-24.0,0.66,0.33,679.1,680.3,677.4,0.8,,,无
2004-01-12,52645.0,青海,野牛沟,38.41666666666666,99.58333333333331,3320.0,2004,1,12,0.0,无,-18.5,-7.0,-27.8,0.53,0.2,679.9,682.4,677.0,1.0,,,无
2004-01-13,52645.0,青海,野牛沟,38.41666666666666,99.58333333333331,3320.0,2004,1,13,0.0,无,-16.2,-1.8,-25.8,0.51,0.18,673.8,677.7,670.2,0.9,,,无
2004-01-14,52645.0,青海,野牛沟,38.41666666666666,99.58333333333331,3320.0,2004,1,14,0.0,无,-14.8,-8.5,-23.1,0.58,0.39,673.5,674.9,671.4,0.6,,,无
2004-01-15,52645.0,青海,野牛沟,38.41666666666666,99.58333333333331,3320.0,2004,1,15,0.5,normal,-14.8,-9.2,-18.8,0.75,0.43,673.3,674.8,671.7,0.3,,-15.62332764275785,Snow
2004-01-16,52645.0,青海,野牛沟,38.41666666666666,99.58333333333331,3320.0,2004,1,16,0.0,无,-20.6,-9.0,-30.0,0.57,0.27,672.8,674.7,670.6,1.0,,,无
2004-01-17,52645.0,青海,野牛沟,38.41666666666666,99.58333333333331,3320.0,2004,1,17,0.0,无,-13.5,-2.6,-18.8,0.6,0.34,672.1,674.2,670.5,0.7,,,无
2004-01-18,52645.0,青海,野牛沟,38.41666666666666,99.58333333333331,3320.0,2004,1,18,0.0,无,-17.9,-3.3,-26.0,0.65,0.25,674.7,676.3,672.3,0.8,,,无
2004-01-19,52645.0,青海,野牛沟,38.41666666666666,99.58333333333331,3320.0,2004,1,19,0.1,normal,-17.6,-7.0,-26.1,0.63,0.27,675.0,676.7,672.6,0.8,,-18.613049258064393,Snow
2004-01-20,52645.0,青海,野牛沟,38.41666666666666,99.58333333333331,3320.0,2004,1,20,0.7,normal,-19.3,-13.1,-26.8,0.73,0.61,677.2,678.5,674.3,0.5,,-19.953516168630635,Snow
2004-01-21,52645.0,青海,野牛沟,38.41666666666666,99.58333333333331,3320.0,2004,1,21,0.0,无,-24.1,-12.8,-30.7,0.66,0.39,676.8,678.3,675.3,0.5,,,无
2004-01-22,52645.0,青海,野牛沟,38.41666666666666,99.58333333333331,3320.0,2004,1,22,0.0,无,-22.7,-10.2,-31.5,0.52,0.24,676.1,677.6,675.1,0.9,,,无
2004-01-23,52645.0,青海,野牛沟,38.41666666666666,99.58333333333331,3320.0,2004,1,23,0.0,无,-24.4,-11.4,-33.4,0.51,0.26,679.7,681.1,677.6,0.8,,,无
2004-01-24,52645.0,青海,野牛沟,38.41666666666666,99.58333333333331,3320.0,2004,1,24,0.0,无,-23.6,-10.8,-31.8,0.53,0.25,676.4,679.7,673.0,0.8,,,无
2004-01-25,52645.0,青海,野牛沟,38.41666666666666,99.58333333333331,3320.0,2004,1,25,0.0,无,-19.8,-8.2,-29.3,0.53,0.27,672.7,673.9,670.8,1.0,,,无
2004-01-26,52645.0,青海,野牛沟,38.41666666666666,99.58333333333331,3320.0,2004,1,26,0.0,无,-19.2,-6.4,-27.7,0.56,0.3,676.1,677.6,673.0,1.0,,,无
2004-01-27,52645.0,青海,野牛沟,38.41666666666666,99.58333333333331,3320.0,2004,1,27,0.0,无,-18.9,-6.6,-27.7,0.57,0.33,674.7,676.9,672.0,1.2,,,无
2004-01-28,52645.0,青海,野牛沟,38.41666666666666,99.58333333333331,3320.0,2004,1,28,0.1,normal,-16.3,-5.8,-23.0,0.63,0.41,671.1,672.9,669.9,0.6,,-17.41116540880293,Snow
2004-01-29,52645.0,青海,野牛沟,38.41666666666666,99.58333333333331,3320.0,2004,1,29,0.0,无,-18.7,-5.9,-28.4,0.57,0.26,669.8,671.1,667.5,0.7,,,无
2004-01-30,52645.0,青海,野牛沟,38.41666666666666,99.58333333333331,3320.0,2004,1,30,0.1,normal,-12.6,-3.0,-20.4,0.62,0.32,670.2,671.0,668.5,1.0,,-14.047043229504222,Snow
2004-01-31,52645.0,青海,野牛沟,38.41666666666666,99.58333333333331,3320.0,2004,1,31,0.0,无,-15.8,-7.9,-22.1,0.64,0.42,671.2,672.4,669.1,0.7,,,无
2004-02-01,52645.0,青海,野牛沟,38.41666666666666,99.58333333333331,3320.0,2004,2,1,0.0,无,-18.5,-8.9,-25.3,0.57,0.29,672.0,673.0,670.6,0.9,,,无
2004-02-02,52645.0,青海,野牛沟,38.41666666666666,99.58333333333331,3320.0,2004,2,2,0.0,无,-17.7,-12.0,-23.8,0.53,0.27,673.3,674.7,671.4,0.9,,,无
2004-02-03,52645.0,青海,野牛沟,38.41666666666666,99.58333333333331,3320.0,2004,2,3,0.0,无,-20.6,-11.7,-29.0,0.44,0.13,673.3,675.1,670.7,1.2,,,无
2004-02-04,52645.0,青海,野牛沟,38.41666666666666,99.58333333333331,3320.0,2004,2,4,0.0,无,-19.9,-11.2,-27.8,0.41,0.2,674.0,674.9,672.4,1.0,,,无
2004-02-05,52645.0,青海,野牛沟,38.41666666666666,99.58333333333331,3320.0,2004,2,5,0.0,无,-20.7,-11.2,-29.7,0.47,0.16,676.6,678.0,674.9,1.0,,,无
2004-02-06,52645.0,青海,野牛沟,38.41666666666666,99.58333333333331,3320.0,2004,2,6,0.0,无,-21.7,-10.4,-30.9,0.44,0.12,678.6,679.9,676.9,1.1,,,无
2004-02-07,52645.0,青海,野牛沟,38.41666666666666,99.58333333333331,3320.0,2004,2,7,0.0,无,-21.5,-9.4,-31.3,0.41,0.13,679.4,681.3,677.2,1.2,,,无
2004-02-08,52645.0,青海,野牛沟,38.41666666666666,99.58333333333331,3320.0,2004,2,8,0.0,无,-18.5,-5.7,-29.0,0.47,0.2,676.3,678.5,673.8,1.2,,,无
2004-02-09,52645.0,青海,野牛沟,38.41666666666666,99.58333333333331,3320.0,2004,2,9,0.0,无,-14.4,-1.3,-24.2,0.55,0.19,677.5,678.7,674.4,1.6,,,无
2004-02-10,52645.0,青海,野牛沟,38.41666666666666,99.58333333333331,3320.0,2004,2,10,0.0,无,-12.7,1.5,-23.8,0.47,0.16,677.9,680.0,674.1,1.7,,,无
2004-02-11,52645.0,青海,野牛沟,38.41666666666666,99.58333333333331,3320.0,2004,2,11,0.0,无,-11.9,-1.2,-22.6,0.5,0.14,682.6,684.9,677.4,1.6,,,无
2004-02-12,52645.0,青海,野牛沟,38.41666666666666,99.58333333333331,3320.0,2004,2,12,0.0,无,-11.9,-2.6,-18.9,0.42,0.13,685.9,688.4,682.6,2.1,,,无
2004-02-13,52645.0,青海,野牛沟,38.41666666666666,99.58333333333331,3320.0,2004,2,13,0.0,无,-11.4,2.8,-22.7,0.43,0.12,680.3,684.6,677.1,2.1,,,无
2004-02-14,52645.0,青海,野牛沟,38.41666666666666,99.58333333333331,3320.0,2004,2,14,0.0,无,-10.5,6.3,-22.0,0.43,0.1,676.8,679.3,672.7,2.2,,,无
2004-02-15,52645.0,青海,野牛沟,38.41666666666666,99.58333333333331,3320.0,2004,2,15,0.0,无,-11.7,-3.5,-18.6,0.5,0.23,677.6,680.3,673.8,1.5,,,无
2004-02-16,52645.0,青海,野牛沟,38.41666666666666,99.58333333333331,3320.0,2004,2,16,0.0,无,-12.9,-2.7,-22.8,0.49,0.14,681.5,683.5,678.9,1.6,,,无
2004-02-17,52645.0,青海,野牛沟,38.41666666666666,99.58333333333331,3320.0,2004,2,17,0.0,无,-12.1,3.1,-22.3,0.44,0.15,678.0,680.0,675.2,2.0,,,无
2004-02-18,52645.0,青海,野牛沟,38.41666666666666,99.58333333333331,3320.0,2004,2,18,0.0,无,-9.2,5.9,-21.3,0.48,0.12,672.6,676.7,668.7,2.0,,,无
2004-02-19,52645.0,青海,野牛沟,38.41666666666666,99.58333333333331,3320.0,2004,2,19,0.0,无,-8.2,1.5,-16.5,0.53,0.23,671.1,672.9,669.1,1.8,,,无
2004-02-20,52645.0,青海,野牛沟,38.41666666666666,99.58333333333331,3320.0,2004,2,20,0.5,normal,-9.7,-4.1,-14.9,0.59,0.17,677.9,679.8,672.9,1.5,,-11.540292314812145,Snow
2004-02-21,52645.0,青海,野牛沟,38.41666666666666,99.58333333333331,3320.0,2004,2,21,0.0,无,-14.4,-4.4,-24.0,0.52,0.19,679.4,681.0,676.2,1.4,,,无
2004-02-22,52645.0,青海,野牛沟,38.41666666666666,99.58333333333331,3320.0,2004,2,22,0.0,无,-11.9,-1.3,-20.3,0.53,0.14,677.3,679.4,675.3,1.8,,,无
2004-02-23,52645.0,青海,野牛沟,38.41666666666666,99.58333333333331,3320.0,2004,2,23,0.0,无,-10.5,-4.6,-14.5,0.54,0.17,677.0,677.9,675.5,1.5,,,无
2004-02-24,52645.0,青海,野牛沟,38.41666666666666,99.58333333333331,3320.0,2004,2,24,0.0,无,-13.7,-4.8,-22.2,0.48,0.13,677.9,678.7,676.8,2.0,,,无
2004-02-25,52645.0,青海,野牛沟,38.41666666666666,99.58333333333331,3320.0,2004,2,25,0.0,无,-12.3,-1.9,-21.8,0.5,0.24,677.4,678.9,675.5,1.6,,,无
2004-02-26,52645.0,青海,野牛沟,38.41666666666666,99.58333333333331,3320.0,2004,2,26,0.0,无,-11.1,1.8,-20.8,0.5,0.14,677.2,679.3,674.6,1.8,,,无
2004-02-27,52645.0,青海,野牛沟,38.41666666666666,99.58333333333331,3320.0,2004,2,27,0.0,无,-8.3,5.0,-17.3,0.48,0.19,673.5,675.7,670.0,2.9,,,无
2004-02-28,52645.0,青海,野牛沟,38.41666666666666,99.58333333333331,3320.0,2004,2,28,0.0,无,-9.2,-0.1,-18.7,0.52,0.17,674.0,675.4,671.7,2.1,,,无
2004-02-29,52645.0,青海,野牛沟,38.41666666666666,99.58333333333331,3320.0,2004,2,29,3.3,normal,-9.0,-2.7,-10.9,0.77,0.37,674.2,675.6,671.8,1.3,,-10.06772316408551,Snow
2004-03-01,52645.0,青海,野牛沟,38.41666666666666,99.58333333333331,3320.0,2004,3,1,0.6,normal,-14.9,-7.9,-24.8,0.6,0.35,673.4,675.1,671.4,1.6,,-16.21448795548583,Snow
2004-03-02,52645.0,青海,野牛沟,38.41666666666666,99.58333333333331,3320.0,2004,3,2,0.0,无,-13.2,-8.6,-15.6,0.42,0.15,676.9,681.5,672.2,2.6,,,无
2004-03-03,52645.0,青海,野牛沟,38.41666666666666,99.58333333333331,3320.0,2004,3,3,0.0,无,-16.4,-2.9,-27.4,0.39,0.11,678.4,682.7,674.2,2.6,,,无
2004-03-04,52645.0,青海,野牛沟,38.41666666666666,99.58333333333331,3320.0,2004,3,4,0.0,无,-13.1,-2.7,-21.7,0.36,0.1,676.2,678.7,674.0,2.8,,,无
2004-03-05,52645.0,青海,野牛沟,38.41666666666666,99.58333333333331,3320.0,2004,3,5,0.0,无,-12.9,0.1,-23.8,0.37,0.11,679.5,680.4,676.5,2.5,,,无
2004-03-06,52645.0,青海,野牛沟,38.41666666666666,99.58333333333331,3320.0,2004,3,6,0.0,无,-10.9,0.1,-20.5,0.45,0.15,681.7,683.8,679.4,2.5,,,无
2004-03-07,52645.0,青海,野牛沟,38.41666666666666,99.58333333333331,3320.0,2004,3,7,0.4,normal,-8.0,-2.5,-12.4,0.61,0.25,684.1,685.4,681.1,2.0,,-9.910932940592406,Snow
2004-03-08,52645.0,青海,野牛沟,38.41666666666666,99.58333333333331,3320.0,2004,3,8,0.0,无,-6.7,8.1,-17.7,0.45,0.14,684.8,688.3,679.9,3.1,,,无
2004-03-09,52645.0,青海,野牛沟,38.41666666666666,99.58333333333331,3320.0,2004,3,9,0.0,无,-2.0,10.1,-11.2,0.46,0.14,676.4,681.1,673.0,4.0,,,无
2004-03-10,52645.0,青海,野牛沟,38.41666666666666,99.58333333333331,3320.0,2004,3,10,0.5,normal,-4.3,3.0,-9.5,0.61,0.31,675.7,676.8,674.3,2.0,,-6.633575462830099,Snow
2004-03-11,52645.0,青海,野牛沟,38.41666666666666,99.58333333333331,3320.0,2004,3,11,0.5,normal,-5.3,2.7,-10.8,0.61,0.13,676.7,678.5,674.4,2.3,,-7.517943062273615,Snow
2004-03-12,52645.0,青海,野牛沟,38.41666666666666,99.58333333333331,3320.0,2004,3,12,0.0,无,-5.0,5.3,-13.5,0.45,0.16,676.2,677.2,674.4,3.1,,,无
2004-03-13,52645.0,青海,野牛沟,38.41666666666666,99.58333333333331,3320.0,2004,3,13,0.0,无,-4.4,5.7,-12.6,0.46,0.11,680.3,681.2,677.0,3.4,,,无
2004-03-14,52645.0,青海,野牛沟,38.41666666666666,99.58333333333331,3320.0,2004,3,14,0.0,无,-2.9,10.9,-13.8,0.39,0.08,680.0,682.4,676.9,4.4,,,无
2004-03-15,52645.0,青海,野牛沟,38.41666666666666,99.58333333333331,3320.0,2004,3,15,0.0,无,0.1,9.8,-7.5,0.37,0.14,677.0,678.9,674.2,4.5,,,无
2004-03-16,52645.0,青海,野牛沟,38.41666666666666,99.58333333333331,3320.0,2004,3,16,0.0,无,-2.1,6.6,-7.7,0.56,0.22,676.3,678.9,674.6,3.3,,,无
2004-03-17,52645.0,青海,野牛沟,38.41666666666666,99.58333333333331,3320.0,2004,3,17,0.0,无,-0.7,10.8,-8.8,0.57,0.14,677.3,680.0,674.8,4.6,,,无
2004-03-18,52645.0,青海,野牛沟,38.41666666666666,99.58333333333331,3320.0,2004,3,18,0.0,无,0.0,9.9,-6.8,0.53,0.23,678.0,679.1,675.8,3.6,,,无
2004-03-19,52645.0,青海,野牛沟,38.41666666666666,99.58333333333331,3320.0,2004,3,19,0.1,normal,-1.2,7.3,-5.3,0.61,0.27,678.5,680.1,675.3,3.8,,-3.8943441129653644,Snow
2004-03-20,52645.0,青海,野牛沟,38.41666666666666,99.58333333333331,3320.0,2004,3,20,4.3,normal,-4.6,-0.7,-6.3,0.83,0.62,676.8,679.8,674.4,1.6,,-5.584252571448229,Snow
2004-03-21,52645.0,青海,野牛沟,38.41666666666666,99.58333333333331,3320.0,2004,3,21,0.0,无,-4.7,4.3,-12.8,0.65,0.26,674.9,677.2,672.7,3.0,,,无
2004-03-22,52645.0,青海,野牛沟,38.41666666666666,99.58333333333331,3320.0,2004,3,22,0.0,无,-2.5,6.5,-9.4,0.58,0.1,676.5,678.5,674.5,3.8,,,无
2004-03-23,52645.0,青海,野牛沟,38.41666666666666,99.58333333333331,3320.0,2004,3,23,0.0,无,-3.3,4.7,-8.6,0.59,0.34,674.4,676.5,672.3,3.0,,,无
2004-03-24,52645.0,青海,野牛沟,38.41666666666666,99.58333333333331,3320.0,2004,3,24,0.8,normal,-4.3,3.0,-7.5,0.68,0.36,676.2,678.5,673.5,2.2,,-6.203215031340119,Snow
2004-03-25,52645.0,青海,野牛沟,38.41666666666666,99.58333333333331,3320.0,2004,3,25,7.3,normal,-8.0,0.3,-16.7,0.69,0.38,677.1,678.9,675.4,2.8,,-9.522236221287613,Snow
2004-03-26,52645.0,青海,野牛沟,38.41666666666666,99.58333333333331,3320.0,2004,3,26,0.0,无,-4.4,6.2,-11.7,0.6,0.17,676.2,678.1,673.5,3.0,,,无
2004-03-27,52645.0,青海,野牛沟,38.41666666666666,99.58333333333331,3320.0,2004,3,27,0.0,无,0.0,6.0,-6.7,0.35,0.14,677.0,678.4,674.9,3.6,,,无
2004-03-28,52645.0,青海,野牛沟,38.41666666666666,99.58333333333331,3320.0,2004,3,28,0.0,无,-1.7,4.7,-7.7,0.33,0.12,678.7,679.8,676.5,4.4,,,无
2004-03-29,52645.0,青海,野牛沟,38.41666666666666,99.58333333333331,3320.0,2004,3,29,0.0,无,-5.8,2.9,-12.9,0.31,0.09,681.4,683.2,677.3,4.3,,,无
2004-03-30,52645.0,青海,野牛沟,38.41666666666666,99.58333333333331,3320.0,2004,3,30,0.0,无,-4.5,5.5,-13.3,0.39,0.1,678.7,681.8,674.4,3.9,,,无
2004-03-31,52645.0,青海,野牛沟,38.41666666666666,99.58333333333331,3320.0,2004,3,31,0.0,无,-4.0,0.4,-6.2,0.38,0.16,677.9,682.2,674.5,3.9,,,无
2004-04-01,52645.0,青海,野牛沟,38.41666666666666,99.58333333333331,3320.0,2004,4,1,0.0,无,-3.4,8.2,-12.7,0.39,0.06,682.0,684.0,679.0,4.4,,,无
2004-04-02,52645.0,青海,野牛沟,38.41666666666666,99.58333333333331,3320.0,2004,4,2,0.0,无,-1.9,8.5,-10.2,0.39,0.09,683.4,684.6,680.8,4.6,,,无
2004-04-03,52645.0,青海,野牛沟,38.41666666666666,99.58333333333331,3320.0,2004,4,3,0.0,无,-0.3,11.3,-10.5,0.38,0.06,683.9,686.5,679.9,6.1,,,无
2004-04-04,52645.0,青海,野牛沟,38.41666666666666,99.58333333333331,3320.0,2004,4,4,0.0,无,1.8,12.0,-8.8,0.29,0.08,680.7,681.9,678.3,6.9,,,无
2004-04-05,52645.0,青海,野牛沟,38.41666666666666,99.58333333333331,3320.0,2004,4,5,0.1,normal,-1.4,7.5,-7.2,0.53,0.17,681.2,683.0,678.5,4.4,,-4.636074314805874,Snow
2004-04-06,52645.0,青海,野牛沟,38.41666666666666,99.58333333333331,3320.0,2004,4,6,0.5,normal,-3.2,0.9,-5.8,0.66,0.33,682.5,684.2,680.7,2.3,,-5.323953431780253,Snow
2004-04-07,52645.0,青海,野牛沟,38.41666666666666,99.58333333333331,3320.0,2004,4,7,0.0,无,-3.5,4.6,-10.7,0.49,0.09,684.0,685.2,682.4,4.4,,,无
2004-04-08,52645.0,青海,野牛沟,38.41666666666666,99.58333333333331,3320.0,2004,4,8,0.0,无,-1.9,9.9,-11.2,0.41,0.09,680.4,683.7,676.7,4.5,,,无
2004-04-09,52645.0,青海,野牛沟,38.41666666666666,99.58333333333331,3320.0,2004,4,9,0.0,无,0.1,11.8,-10.6,0.31,0.07,677.5,679.4,675.2,5.8,,,无
2004-04-10,52645.0,青海,野牛沟,38.41666666666666,99.58333333333331,3320.0,2004,4,10,0.0,无,1.2,12.1,-6.2,0.41,0.12,677.4,678.7,674.5,6.0,,,无
2004-04-11,52645.0,青海,野牛沟,38.41666666666666,99.58333333333331,3320.0,2004,4,11,0.0,无,-0.3,6.6,-4.6,0.65,0.34,679.5,680.6,677.4,4.2,,,无
2004-04-12,52645.0,青海,野牛沟,38.41666666666666,99.58333333333331,3320.0,2004,4,12,4.2,normal,-4.5,0.2,-5.9,0.82,0.5,681.9,683.0,680.3,2.1,,-5.5433671032777765,Snow
2004-04-13,52645.0,青海,野牛沟,38.41666666666666,99.58333333333331,3320.0,2004,4,13,2.2,normal,-5.8,-0.6,-9.0,0.76,0.31,683.1,684.2,681.9,2.8,,-7.108949473979123,Snow
2004-04-14,52645.0,青海,野牛沟,38.41666666666666,99.58333333333331,3320.0,2004,4,14,0.0,无,-5.6,2.4,-12.9,0.51,0.16,683.9,685.5,682.1,3.7,,,无
2004-04-15,52645.0,青海,野牛沟,38.41666666666666,99.58333333333331,3320.0,2004,4,15,0.0,无,-3.0,5.5,-10.2,0.49,0.16,682.7,684.4,680.5,4.3,,,无
2004-04-16,52645.0,青海,野牛沟,38.41666666666666,99.58333333333331,3320.0,2004,4,16,0.0,无,-1.2,6.6,-8.3,0.47,0.18,681.8,683.3,679.4,4.4,,,无
2004-04-17,52645.0,青海,野牛沟,38.41666666666666,99.58333333333331,3320.0,2004,4,17,0.0,无,0.1,9.4,-7.5,0.55,0.14,679.2,681.4,677.0,4.5,,,无
2004-04-18,52645.0,青海,野牛沟,38.41666666666666,99.58333333333331,3320.0,2004,4,18,0.0,无,2.3,12.8,-7.2,0.46,0.09,679.7,681.3,677.6,5.3,,,无
2004-04-19,52645.0,青海,野牛沟,38.41666666666666,99.58333333333331,3320.0,2004,4,19,0.0,无,4.1,15.6,-6.1,0.42,0.1,679.0,680.9,676.4,5.8,,,无
2004-04-20,52645.0,青海,野牛沟,38.41666666666666,99.58333333333331,3320.0,2004,4,20,0.0,无,6.1,16.0,-3.1,0.45,0.09,680.9,682.4,677.5,8.3,,,无
2004-04-21,52645.0,青海,野牛沟,38.41666666666666,99.58333333333331,3320.0,2004,4,21,0.0,无,3.9,12.9,-4.1,0.46,0.15,681.9,682.8,681.0,6.1,,,无
2004-04-22,52645.0,青海,野牛沟,38.41666666666666,99.58333333333331,3320.0,2004,4,22,0.0,无,3.3,15.7,-4.0,0.58,0.16,681.2,683.2,677.9,5.7,,,无
2004-04-23,52645.0,青海,野牛沟,38.41666666666666,99.58333333333331,3320.0,2004,4,23,0.1,normal,6.8,16.5,-2.5,0.57,0.12,680.2,683.2,676.4,6.7,,2.679636200647928,Rain
2004-04-24,52645.0,青海,野牛沟,38.41666666666666,99.58333333333331,3320.0,2004,4,24,0.0,无,6.9,16.9,-2.8,0.39,0.19,677.5,679.3,674.0,8.4,,,无
2004-04-25,52645.0,青海,野牛沟,38.41666666666666,99.58333333333331,3320.0,2004,4,25,1.4,normal,1.3,8.2,-1.8,0.72,0.28,682.3,684.1,676.7,5.0,,-0.822468364144,Snow
2004-04-26,52645.0,青海,野牛沟,38.41666666666666,99.58333333333331,3320.0,2004,4,26,0.0,无,4.4,16.0,-6.4,0.48,0.12,683.8,686.2,680.4,5.3,,,无
2004-04-27,52645.0,青海,野牛沟,38.41666666666666,99.58333333333331,3320.0,2004,4,27,0.0,无,6.9,18.3,-4.7,0.39,0.1,679.5,682.3,675.7,7.2,,,无
2004-04-28,52645.0,青海,野牛沟,38.41666666666666,99.58333333333331,3320.0,2004,4,28,0.0,无,5.2,18.0,-4.1,0.45,0.13,677.2,678.7,673.6,8.0,,,无
2004-04-29,52645.0,青海,野牛沟,38.41666666666666,99.58333333333331,3320.0,2004,4,29,0.9,normal,3.3,11.4,-1.3,0.66,0.28,679.0,680.6,676.4,3.5,,0.47911462362039803,Snow
2004-04-30,52645.0,青海,野牛沟,38.41666666666666,99.58333333333331,3320.0,2004,4,30,0.0,无,6.6,16.0,0.9,0.57,0.23,676.8,679.2,672.7,7.9,,,无
2004-05-01,52645.0,青海,野牛沟,38.41666666666666,99.58333333333331,3320.0,2004,5,1,3.4,normal,0.0,7.0,-1.8,0.82,0.45,676.6,678.9,675.1,1.3,,-1.2836356282124983,Snow
2004-05-02,52645.0,青海,野牛沟,38.41666666666666,99.58333333333331,3320.0,2004,5,2,3.9,normal,-5.3,-1.1,-6.7,0.78,0.55,681.7,683.8,677.1,1.6,,-6.530118325225049,Snow
2004-05-03,52645.0,青海,野牛沟,38.41666666666666,99.58333333333331,3320.0,2004,5,3,0.0,无,-5.2,2.4,-11.6,0.53,0.17,684.3,685.5,682.9,3.8,,,无
2004-05-04,52645.0,青海,野牛沟,38.41666666666666,99.58333333333331,3320.0,2004,5,4,0.0,无,-0.8,6.9,-7.2,0.51,0.14,684.4,685.7,682.5,5.0,,,无
2004-05-05,52645.0,青海,野牛沟,38.41666666666666,99.58333333333331,3320.0,2004,5,5,0.0,无,1.0,10.1,-7.3,0.47,0.17,682.2,684.5,679.3,5.2,,,无
2004-05-06,52645.0,青海,野牛沟,38.41666666666666,99.58333333333331,3320.0,2004,5,6,1.3,normal,1.4,7.7,-3.0,0.62,0.24,682.0,683.1,679.5,4.1,,-1.5278642443552704,Snow
2004-05-07,52645.0,青海,野牛沟,38.41666666666666,99.58333333333331,3320.0,2004,5,7,0.0,无,2.9,14.3,-6.3,0.61,0.16,681.0,683.0,678.2,4.8,,,无
2004-05-08,52645.0,青海,野牛沟,38.41666666666666,99.58333333333331,3320.0,2004,5,8,0.0,无,6.6,17.5,-4.1,0.46,0.11,677.6,680.1,674.4,6.9,,,无
2004-05-09,52645.0,青海,野牛沟,38.41666666666666,99.58333333333331,3320.0,2004,5,9,0.0,无,5.9,15.4,-3.3,0.48,0.21,678.0,678.8,676.1,4.7,,,无
2004-05-10,52645.0,青海,野牛沟,38.41666666666666,99.58333333333331,3320.0,2004,5,10,1.6,normal,3.1,9.0,0.8,0.77,0.29,680.9,681.6,678.6,0.6,,1.2367831914607263,Snow
2004-05-11,52645.0,青海,野牛沟,38.41666666666666,99.58333333333331,3320.0,2004,5,11,0.3,normal,2.7,9.0,-1.7,0.67,0.33,681.7,683.0,679.3,3.8,,0.03496026158772647,Snow
2004-05-12,52645.0,青海,野牛沟,38.41666666666666,99.58333333333331,3320.0,2004,5,12,0.3,normal,2.9,8.2,-1.7,0.74,0.45,679.9,682.5,677.0,3.1,,0.8002230217710737,Snow
2004-05-13,52645.0,青海,野牛沟,38.41666666666666,99.58333333333331,3320.0,2004,5,13,11.1,normal,1.7,6.9,-3.2,0.76,0.43,679.1,680.7,675.9,1.6,,-0.14467013729600797,Snow
2004-05-14,52645.0,青海,野牛沟,38.41666666666666,99.58333333333331,3320.0,2004,5,14,3.7,normal,-3.2,2.9,-8.4,0.83,0.57,681.3,682.4,680.2,3.5,,-4.24762424142576,Snow
2004-05-15,52645.0,青海,野牛沟,38.41666666666666,99.58333333333331,3320.0,2004,5,15,1.1,normal,-2.3,3.8,-10.5,0.65,0.4,684.8,685.8,682.3,5.2,,-4.578402307899183,Snow
2004-05-16,52645.0,青海,野牛沟,38.41666666666666,99.58333333333331,3320.0,2004,5,16,0.0,无,1.3,9.6,-5.7,0.54,0.13,685.6,687.5,683.1,4.8,,,无
2004-05-17,52645.0,青海,野牛沟,38.41666666666666,99.58333333333331,3320.0,2004,5,17,0.0,无,3.0,7.5,-3.0,0.51,0.22,684.6,685.9,683.4,5.2,,,无
2004-05-18,52645.0,青海,野牛沟,38.41666666666666,99.58333333333331,3320.0,2004,5,18,0.0,无,4.5,13.9,-4.2,0.5,0.1,685.7,687.7,682.3,6.0,,,无
2004-05-19,52645.0,青海,野牛沟,38.41666666666666,99.58333333333331,3320.0,2004,5,19,0.0,无,5.8,14.7,-3.0,0.47,0.15,681.4,683.4,679.2,6.8,,,无
2004-05-20,52645.0,青海,野牛沟,38.41666666666666,99.58333333333331,3320.0,2004,5,20,0.0,无,6.5,16.1,-3.4,0.43,0.13,679.8,681.1,678.0,7.6,,,无
2004-05-21,52645.0,青海,野牛沟,38.41666666666666,99.58333333333331,3320.0,2004,5,21,0.0,无,6.5,15.1,-2.7,0.46,0.19,678.6,679.8,677.0,6.8,,,无
2004-05-22,52645.0,青海,野牛沟,38.41666666666666,99.58333333333331,3320.0,2004,5,22,0.3,normal,6.6,15.2,-0.8,0.56,0.23,680.4,681.9,677.9,6.1,,2.4077070309200588,Rain
2004-05-23,52645.0,青海,野牛沟,38.41666666666666,99.58333333333331,3320.0,2004,5,23,1.3,normal,4.7,11.9,0.9,0.78,0.43,681.7,683.2,679.8,4.0,,2.8112455262784364,Rain
2004-05-24,52645.0,青海,野牛沟,38.41666666666666,99.58333333333331,3320.0,2004,5,24,15.5,normal,1.9,5.8,0.3,0.87,0.57,682.3,683.6,680.4,1.7,,0.9085395306696453,Snow
2004-05-25,52645.0,青海,野牛沟,38.41666666666666,99.58333333333331,3320.0,2004,5,25,0.1,normal,3.3,9.7,-2.6,0.71,0.36,681.4,685.0,677.0,4.2,,0.9143000236486953,Snow
2004-05-26,52645.0,青海,野牛沟,38.41666666666666,99.58333333333331,3320.0,2004,5,26,6.9,normal,4.9,11.7,0.4,0.75,0.3,679.1,679.9,677.9,3.2,,2.7246472391377408,Rain
2004-05-27,52645.0,青海,野牛沟,38.41666666666666,99.58333333333331,3320.0,2004,5,27,0.3,normal,5.8,13.4,-0.1,0.66,0.24,682.7,684.0,679.9,5.5,,2.708389862750189,Rain
2004-05-28,52645.0,青海,野牛沟,38.41666666666666,99.58333333333331,3320.0,2004,5,28,1.1,normal,5.6,14.5,-0.4,0.65,0.31,682.1,683.3,679.8,3.6,,2.434361510405725,Rain
2004-05-29,52645.0,青海,野牛沟,38.41666666666666,99.58333333333331,3320.0,2004,5,29,1.9,normal,3.8,7.3,1.3,0.74,0.42,685.3,686.3,683.1,2.4,,1.634516342040464,Rain
2004-05-30,52645.0,青海,野牛沟,38.41666666666666,99.58333333333331,3320.0,2004,5,30,0.0,无,6.7,13.3,0.1,0.57,0.31,685.9,688.3,682.9,7.0,,,无
2004-05-31,52645.0,青海,野牛沟,38.41666666666666,99.58333333333331,3320.0,2004,5,31,0.9,normal,6.6,13.9,0.0,0.65,0.31,684.0,685.1,682.6,4.4,,3.32230678690816,Rain
2004-06-01,52645.0,青海,野牛沟,38.41666666666666,99.58333333333331,3320.0,2004,6,1,1.2,normal,6.9,18.6,-1.5,0.66,0.15,683.6,685.2,680.0,7.4,,3.6865154775010422,Rain
2004-06-02,52645.0,青海,野牛沟,38.41666666666666,99.58333333333331,3320.0,2004,6,2,10.0,normal,3.9,11.6,0.4,0.75,0.42,681.6,683.5,679.5,2.0,,1.8074306028584664,Rain
2004-06-03,52645.0,青海,野牛沟,38.41666666666666,99.58333333333331,3320.0,2004,6,3,3.7,normal,1.2,5.4,-3.3,0.74,0.52,683.2,684.0,682.0,3.4,,-0.7568157312750801,Snow
2004-06-04,52645.0,青海,野牛沟,38.41666666666666,99.58333333333331,3320.0,2004,6,4,1.6,normal,3.1,9.9,-1.0,0.63,0.18,683.5,685.3,681.7,6.1,,0.05198325993027719,Snow
2004-06-05,52645.0,青海,野牛沟,38.41666666666666,99.58333333333331,3320.0,2004,6,5,0.0,无,2.3,9.0,-1.6,0.62,0.23,683.7,684.4,682.1,5.2,,,无
2004-06-06,52645.0,青海,野牛沟,38.41666666666666,99.58333333333331,3320.0,2004,6,6,0.0,无,3.4,9.8,-2.9,0.58,0.22,686.2,686.7,684.1,6.0,,,无
2004-06-07,52645.0,青海,野牛沟,38.41666666666666,99.58333333333331,3320.0,2004,6,7,0.0,无,4.7,12.7,-4.2,0.49,0.18,685.2,687.3,682.8,6.6,,,无
2004-06-08,52645.0,青海,野牛沟,38.41666666666666,99.58333333333331,3320.0,2004,6,8,0.0,无,5.8,14.4,-3.7,0.52,0.2,682.9,684.8,680.8,7.1,,,无
2004-06-09,52645.0,青海,野牛沟,38.41666666666666,99.58333333333331,3320.0,2004,6,9,0.0,无,7.6,13.8,1.5,0.58,0.3,682.8,684.0,681.5,5.3,,,无
2004-06-10,52645.0,青海,野牛沟,38.41666666666666,99.58333333333331,3320.0,2004,6,10,0.0,无,9.5,16.3,1.0,0.57,0.23,682.7,684.7,680.7,6.8,,,无
2004-06-11,52645.0,青海,野牛沟,38.41666666666666,99.58333333333331,3320.0,2004,6,11,1.0,normal,7.9,13.8,2.5,0.7,0.37,682.5,683.1,681.4,3.1,,4.983328054352163,Rain
2004-06-12,52645.0,青海,野牛沟,38.41666666666666,99.58333333333331,3320.0,2004,6,12,4.9,normal,8.6,13.1,5.3,0.66,0.4,683.4,684.4,682.0,4.1,,5.193855176106541,Rain
2004-06-13,52645.0,青海,野牛沟,38.41666666666666,99.58333333333331,3320.0,2004,6,13,0.0,无,6.5,14.4,0.3,0.64,0.23,684.9,686.1,683.2,4.8,,,无
2004-06-14,52645.0,青海,野牛沟,38.41666666666666,99.58333333333331,3320.0,2004,6,14,12.5,normal,4.2,12.3,0.4,0.79,0.31,684.6,686.9,681.8,3.7,,2.4359448009692164,Snow
2004-06-15,52645.0,青海,野牛沟,38.41666666666666,99.58333333333331,3320.0,2004,6,15,0.0,无,5.9,15.3,-2.3,0.62,0.22,682.6,684.8,679.9,6.1,,,无
2004-06-16,52645.0,青海,野牛沟,38.41666666666666,99.58333333333331,3320.0,2004,6,16,0.0,无,7.0,14.3,-1.5,0.48,0.19,682.0,683.1,680.1,7.4,,,无
2004-06-17,52645.0,青海,野牛沟,38.41666666666666,99.58333333333331,3320.0,2004,6,17,0.0,无,8.0,14.1,1.0,0.42,0.22,682.5,683.6,680.8,8.3,,,无
2004-06-18,52645.0,青海,野牛沟,38.41666666666666,99.58333333333331,3320.0,2004,6,18,0.0,无,6.2,13.7,-0.8,0.54,0.24,682.2,683.4,680.8,6.6,,,无
2004-06-19,52645.0,青海,野牛沟,38.41666666666666,99.58333333333331,3320.0,2004,6,19,0.0,无,7.7,16.0,-1.0,0.57,0.15,681.8,683.1,679.7,7.6,,,无
2004-06-20,52645.0,青海,野牛沟,38.41666666666666,99.58333333333331,3320.0,2004,6,20,0.0,无,7.0,16.5,-2.5,0.55,0.2,680.9,682.1,679.0,6.3,,,无
2004-06-21,52645.0,青海,野牛沟,38.41666666666666,99.58333333333331,3320.0,2004,6,21,0.0,无,8.8,18.3,-1.4,0.52,0.17,680.1,681.6,677.7,8.0,,,无
2004-06-22,52645.0,青海,野牛沟,38.41666666666666,99.58333333333331,3320.0,2004,6,22,0.0,无,10.0,15.8,3.1,0.45,0.27,679.1,680.1,678.0,6.0,,,无
2004-06-23,52645.0,青海,野牛沟,38.41666666666666,99.58333333333331,3320.0,2004,6,23,0.0,无,8.5,15.5,1.0,0.51,0.24,679.8,680.4,678.9,7.2,,,无
2004-06-24,52645.0,青海,野牛沟,38.41666666666666,99.58333333333331,3320.0,2004,6,24,0.0,无,10.3,18.7,-0.3,0.51,0.22,680.1,681.2,678.5,8.3,,,无
2004-06-25,52645.0,青海,野牛沟,38.41666666666666,99.58333333333331,3320.0,2004,6,25,0.0,无,11.0,21.0,-0.4,0.48,0.21,679.6,681.4,676.5,9.2,,,无
2004-06-26,52645.0,青海,野牛沟,38.41666666666666,99.58333333333331,3320.0,2004,6,26,1.9,normal,10.5,17.0,8.3,0.7,0.32,677.8,678.8,676.8,3.8,,7.319426374992237,Rain
2004-06-27,52645.0,青海,野牛沟,38.41666666666666,99.58333333333331,3320.0,2004,6,27,5.5,normal,10.8,14.9,7.6,0.79,0.62,680.0,681.0,678.0,3.7,,8.595573145020495,Rain
2004-06-28,52645.0,青海,野牛沟,38.41666666666666,99.58333333333331,3320.0,2004,6,28,2.0,normal,11.0,16.4,8.5,0.75,0.58,681.7,682.2,680.2,3.7,,8.341378407350128,Rain
2004-06-29,52645.0,青海,野牛沟,38.41666666666666,99.58333333333331,3320.0,2004,6,29,9.5,normal,8.2,12.1,6.0,0.78,0.63,683.4,684.0,682.0,2.5,,6.070802126620971,Rain
2004-06-30,52645.0,青海,野牛沟,38.41666666666666,99.58333333333331,3320.0,2004,6,30,0.2,normal,10.2,18.1,4.5,0.62,0.15,683.3,685.0,681.5,7.7,,6.158240230447194,Rain
2004-07-01,52645.0,青海,野牛沟,38.41666666666666,99.58333333333331,3320.0,2004,7,1,0.0,无,9.4,15.7,4.0,0.62,0.35,684.4,684.9,682.2,4.9,,,无
2004-07-02,52645.0,青海,野牛沟,38.41666666666666,99.58333333333331,3320.0,2004,7,2,0.1,normal,10.8,18.4,2.0,0.53,0.19,684.0,686.0,681.6,6.1,,5.611830709676293,Rain
2004-07-03,52645.0,青海,野牛沟,38.41666666666666,99.58333333333331,3320.0,2004,7,3,0.2,normal,9.9,17.9,1.5,0.56,0.24,682.2,683.4,679.6,6.3,,5.2068890644855825,Rain
2004-07-04,52645.0,青海,野牛沟,38.41666666666666,99.58333333333331,3320.0,2004,7,4,0.0,无,9.6,16.7,1.3,0.58,0.23,683.2,683.9,681.9,6.8,,,无
2004-07-05,52645.0,青海,野牛沟,38.41666666666666,99.58333333333331,3320.0,2004,7,5,0.0,无,9.0,19.3,-1.5,0.47,0.13,683.1,685.0,680.4,8.0,,,无
2004-07-06,52645.0,青海,野牛沟,38.41666666666666,99.58333333333331,3320.0,2004,7,6,0.0,无,10.7,22.0,0.4,0.51,0.15,681.8,682.6,679.7,8.0,,,无
2004-07-07,52645.0,青海,野牛沟,38.41666666666666,99.58333333333331,3320.0,2004,7,7,13.1,normal,10.7,16.7,5.8,0.61,0.31,683.6,684.7,681.4,6.8,,6.477628233638879,Rain
2004-07-08,52645.0,青海,野牛沟,38.41666666666666,99.58333333333331,3320.0,2004,7,8,34.5,normal,4.9,10.2,0.3,0.82,0.6,684.0,684.9,682.7,0.5,,3.354790722342549,Snow
2004-07-09,52645.0,青海,野牛沟,38.41666666666666,99.58333333333331,3320.0,2004,7,9,0.2,normal,7.7,15.5,1.0,0.65,0.25,683.9,685.0,682.1,5.4,,4.293742212773437,Rain
2004-07-10,52645.0,青海,野牛沟,38.41666666666666,99.58333333333331,3320.0,2004,7,10,0.0,无,9.6,18.9,0.0,0.54,0.21,682.5,683.9,680.6,7.0,,,无
2004-07-11,52645.0,青海,野牛沟,38.41666666666666,99.58333333333331,3320.0,2004,7,11,0.0,无,10.2,18.3,1.6,0.53,0.22,682.8,683.7,681.0,7.8,,,无
2004-07-12,52645.0,青海,野牛沟,38.41666666666666,99.58333333333331,3320.0,2004,7,12,0.5,normal,10.2,16.3,4.2,0.56,0.28,684.3,685.3,682.7,5.8,,5.4666411317737795,Rain
2004-07-13,52645.0,青海,野牛沟,38.41666666666666,99.58333333333331,3320.0,2004,7,13,0.0,无,9.6,17.2,2.5,0.52,0.24,684.0,685.3,681.9,7.1,,,无
2004-07-14,52645.0,青海,野牛沟,38.41666666666666,99.58333333333331,3320.0,2004,7,14,0.0,无,9.3,16.9,1.0,0.54,0.24,681.8,684.0,679.3,7.5,,,无
2004-07-15,52645.0,青海,野牛沟,38.41666666666666,99.58333333333331,3320.0,2004,7,15,0.6,normal,8.4,15.4,1.4,0.6,0.27,680.5,681.6,679.0,5.2,,4.36862345819621,Rain
2004-07-16,52645.0,青海,野牛沟,38.41666666666666,99.58333333333331,3320.0,2004,7,16,1.2,normal,7.3,13.2,5.2,0.73,0.43,681.1,681.8,679.7,4.3,,4.73865495529354,Rain
2004-07-17,52645.0,青海,野牛沟,38.41666666666666,99.58333333333331,3320.0,2004,7,17,0.0,无,7.5,15.8,0.7,0.68,0.3,680.8,681.6,679.6,5.8,,,无
2004-07-18,52645.0,青海,野牛沟,38.41666666666666,99.58333333333331,3320.0,2004,7,18,0.4,normal,8.6,18.6,-0.3,0.6,0.24,680.5,682.2,678.7,6.4,,4.541213816316527,Rain
2004-07-19,52645.0,青海,野牛沟,38.41666666666666,99.58333333333331,3320.0,2004,7,19,0.0,无,10.8,21.1,0.6,0.54,0.2,679.2,680.7,676.8,7.6,,,无
2004-07-20,52645.0,青海,野牛沟,38.41666666666666,99.58333333333331,3320.0,2004,7,20,0.0,无,12.7,22.5,1.9,0.52,0.18,677.9,679.2,675.9,8.6,,,无
2004-07-21,52645.0,青海,野牛沟,38.41666666666666,99.58333333333331,3320.0,2004,7,21,0.0,无,12.3,21.7,4.3,0.62,0.31,679.2,680.1,677.0,7.5,,,无
2004-07-22,52645.0,青海,野牛沟,38.41666666666666,99.58333333333331,3320.0,2004,7,22,2.1,normal,12.3,15.2,9.4,0.74,0.61,681.2,682.6,679.5,2.4,,9.420497947536205,Rain
2004-07-23,52645.0,青海,野牛沟,38.41666666666666,99.58333333333331,3320.0,2004,7,23,0.2,normal,12.3,20.0,8.2,0.74,0.39,683.2,683.9,681.4,4.7,,9.423535686165255,Rain
2004-07-24,52645.0,青海,野牛沟,38.41666666666666,99.58333333333331,3320.0,2004,7,24,6.7,normal,12.9,20.7,6.9,0.73,0.36,681.9,683.9,679.4,5.7,,9.852510788235499,Rain
2004-07-25,52645.0,青海,野牛沟,38.41666666666666,99.58333333333331,3320.0,2004,7,25,8.8,normal,10.5,14.0,9.0,0.82,0.59,682.2,683.6,680.2,2.9,,8.640474441933033,Rain
2004-07-26,52645.0,青海,野牛沟,38.41666666666666,99.58333333333331,3320.0,2004,7,26,3.8,normal,9.6,17.6,3.1,0.7,0.33,683.0,684.4,680.9,5.6,,6.517283895995765,Rain
2004-07-27,52645.0,青海,野牛沟,38.41666666666666,99.58333333333331,3320.0,2004,7,27,2.9,normal,10.0,17.4,4.9,0.72,0.3,683.0,684.9,680.8,5.2,,7.097312685444037,Rain
2004-07-28,52645.0,青海,野牛沟,38.41666666666666,99.58333333333331,3320.0,2004,7,28,10.4,normal,6.2,11.4,2.9,0.75,0.54,684.6,685.1,682.2,3.1,,3.929289791977726,Rain
2004-07-29,52645.0,青海,野牛沟,38.41666666666666,99.58333333333331,3320.0,2004,7,29,0.1,normal,7.7,17.6,-0.7,0.64,0.23,684.6,686.5,682.3,6.2,,4.191893924037422,Rain
2004-07-30,52645.0,青海,野牛沟,38.41666666666666,99.58333333333331,3320.0,2004,7,30,0.0,无,11.1,20.9,1.5,0.6,0.2,683.0,684.4,681.0,7.1,,,无
2004-07-31,52645.0,青海,野牛沟,38.41666666666666,99.58333333333331,3320.0,2004,7,31,1.3,normal,11.6,20.2,3.8,0.63,0.33,681.6,683.0,679.3,6.2,,7.49282991547116,Rain
2004-08-01,52645.0,青海,野牛沟,38.41666666666666,99.58333333333331,3320.0,2004,8,1,0.4,normal,11.3,18.3,4.3,0.68,0.33,680.7,682.6,679.2,6.1,,7.814924244468986,Rain
2004-08-02,52645.0,青海,野牛沟,38.41666666666666,99.58333333333331,3320.0,2004,8,2,2.9,normal,13.1,21.4,4.9,0.66,0.31,680.2,681.2,678.5,6.6,,9.17671777464912,Rain
2004-08-03,52645.0,青海,野牛沟,38.41666666666666,99.58333333333331,3320.0,2004,8,3,3.3,normal,13.9,22.5,6.4,0.64,0.33,681.0,681.8,679.0,7.2,,9.632209526073158,Rain
2004-08-04,52645.0,青海,野牛沟,38.41666666666666,99.58333333333331,3320.0,2004,8,4,0.0,无,13.8,24.4,3.7,0.64,0.22,680.8,682.3,678.3,7.6,,,无
2004-08-05,52645.0,青海,野牛沟,38.41666666666666,99.58333333333331,3320.0,2004,8,5,2.0,normal,13.4,22.4,7.7,0.7,0.43,681.3,683.6,679.0,6.2,,9.94171255659635,Rain
2004-08-06,52645.0,青海,野牛沟,38.41666666666666,99.58333333333331,3320.0,2004,8,6,4.1,normal,11.2,14.7,8.6,0.73,0.5,684.4,685.2,683.0,4.6,,8.304057532255808,Rain
2004-08-07,52645.0,青海,野牛沟,38.41666666666666,99.58333333333331,3320.0,2004,8,7,0.0,无,12.7,21.0,6.4,0.64,0.17,682.4,684.7,680.0,6.8,,,无
2004-08-08,52645.0,青海,野牛沟,38.41666666666666,99.58333333333331,3320.0,2004,8,8,0.0,无,13.2,22.1,6.2,0.57,0.14,681.2,682.4,679.0,8.6,,,无
2004-08-09,52645.0,青海,野牛沟,38.41666666666666,99.58333333333331,3320.0,2004,8,9,7.3,normal,9.9,15.4,7.2,0.72,0.44,681.8,683.0,679.9,3.9,,7.004390836128462,Rain
2004-08-10,52645.0,青海,野牛沟,38.41666666666666,99.58333333333331,3320.0,2004,8,10,2.7,normal,6.9,11.4,3.5,0.86,0.65,682.7,684.2,680.9,1.2,,5.618686487604516,Rain
2004-08-11,52645.0,青海,野牛沟,38.41666666666666,99.58333333333331,3320.0,2004,8,11,5.8,normal,10.2,14.8,7.1,0.76,0.52,683.7,684.6,681.6,4.2,,7.7166486324057315,Rain
2004-08-12,52645.0,青海,野牛沟,38.41666666666666,99.58333333333331,3320.0,2004,8,12,0.0,无,10.7,19.5,1.9,0.72,0.3,684.2,686.5,681.0,5.2,,,无
2004-08-13,52645.0,青海,野牛沟,38.41666666666666,99.58333333333331,3320.0,2004,8,13,3.2,normal,11.6,15.6,10.3,0.78,0.59,682.8,684.3,681.0,2.5,,9.234262457891674,Rain
2004-08-14,52645.0,青海,野牛沟,38.41666666666666,99.58333333333331,3320.0,2004,8,14,7.5,normal,8.1,10.4,7.4,0.78,0.59,685.8,686.6,684.4,2.0,,5.980797937957623,Rain
2004-08-15,52645.0,青海,野牛沟,38.41666666666666,99.58333333333331,3320.0,2004,8,15,0.1,normal,9.1,16.9,3.5,0.65,0.23,686.0,687.2,684.2,6.1,,5.53430262280322,Rain
2004-08-16,52645.0,青海,野牛沟,38.41666666666666,99.58333333333331,3320.0,2004,8,16,0.0,无,7.7,17.1,0.1,0.64,0.23,685.4,686.6,682.9,5.2,,,无
2004-08-17,52645.0,青海,野牛沟,38.41666666666666,99.58333333333331,3320.0,2004,8,17,0.0,无,7.4,15.3,0.0,0.64,0.28,684.2,685.3,682.5,3.8,,,无
2004-08-18,52645.0,青海,野牛沟,38.41666666666666,99.58333333333331,3320.0,2004,8,18,5.6,normal,6.0,13.7,0.4,0.8,0.46,683.7,686.2,680.9,3.9,,4.209115863248933,Rain
2004-08-19,52645.0,青海,野牛沟,38.41666666666666,99.58333333333331,3320.0,2004,8,19,10.2,normal,6.6,13.0,3.6,0.72,0.39,682.6,684.1,680.8,4.5,,4.005223491326846,Rain
2004-08-20,52645.0,青海,野牛沟,38.41666666666666,99.58333333333331,3320.0,2004,8,20,0.0,无,6.5,16.3,0.2,0.7,0.3,682.2,683.8,679.8,4.9,,,无
2004-08-21,52645.0,青海,野牛沟,38.41666666666666,99.58333333333331,3320.0,2004,8,21,0.0,无,8.4,17.4,1.6,0.7,0.34,682.2,683.3,680.6,4.5,,,无
2004-08-22,52645.0,青海,野牛沟,38.41666666666666,99.58333333333331,3320.0,2004,8,22,1.2,normal,8.3,12.6,3.2,0.76,0.56,683.4,684.1,681.7,2.1,,5.9614736736932405,Rain
2004-08-23,52645.0,青海,野牛沟,38.41666666666666,99.58333333333331,3320.0,2004,8,23,9.9,normal,8.5,13.8,6.0,0.81,0.55,684.2,685.0,683.0,2.8,,6.653796504132745,Rain
2004-08-24,52645.0,青海,野牛沟,38.41666666666666,99.58333333333331,3320.0,2004,8,24,4.4,normal,7.9,14.3,4.1,0.7,0.37,684.6,686.2,682.9,4.7,,4.98712525480244,Rain
2004-08-25,52645.0,青海,野牛沟,38.41666666666666,99.58333333333331,3320.0,2004,8,25,0.0,无,6.7,13.8,0.5,0.7,0.33,682.4,684.3,680.7,4.0,,,无
2004-08-26,52645.0,青海,野牛沟,38.41666666666666,99.58333333333331,3320.0,2004,8,26,0.0,无,6.2,17.0,-1.4,0.66,0.23,680.4,682.6,676.8,5.1,,,无
2004-08-27,52645.0,青海,野牛沟,38.41666666666666,99.58333333333331,3320.0,2004,8,27,0.3,normal,6.9,15.3,1.2,0.6,0.17,680.2,681.2,678.1,6.1,,3.072753814407192,Rain
2004-08-28,52645.0,青海,野牛沟,38.41666666666666,99.58333333333331,3320.0,2004,8,28,0.0,无,5.1,16.9,-3.0,0.6,0.18,681.9,682.8,679.6,5.4,,,无
2004-08-29,52645.0,青海,野牛沟,38.41666666666666,99.58333333333331,3320.0,2004,8,29,0.0,无,7.9,17.9,1.6,0.51,0.19,683.0,684.4,680.4,6.4,,,无
2004-08-30,52645.0,青海,野牛沟,38.41666666666666,99.58333333333331,3320.0,2004,8,30,0.0,无,7.9,14.8,2.1,0.5,0.3,682.7,683.6,681.4,5.0,,,无
2004-08-31,52645.0,青海,野牛沟,38.41666666666666,99.58333333333331,3320.0,2004,8,31,0.0,无,6.5,18.0,-2.4,0.59,0.27,682.8,684.3,680.8,5.8,,,无
2004-09-01,52645.0,青海,野牛沟,38.41666666666666,99.58333333333331,3320.0,2004,9,1,2.6,normal,7.7,17.6,0.3,0.66,0.36,681.9,683.2,680.2,3.8,,4.3926102852553095,Rain
2004-09-02,52645.0,青海,野牛沟,38.41666666666666,99.58333333333331,3320.0,2004,9,2,5.6,normal,10.0,17.6,6.2,0.7,0.39,683.1,684.3,681.4,4.9,,6.8781608773855885,Rain
2004-09-03,52645.0,青海,野牛沟,38.41666666666666,99.58333333333331,3320.0,2004,9,3,2.8,normal,8.8,14.0,5.8,0.77,0.53,684.3,685.3,682.8,2.9,,6.527560728599453,Rain
2004-09-04,52645.0,青海,野牛沟,38.41666666666666,99.58333333333331,3320.0,2004,9,4,6.8,normal,8.2,13.6,5.0,0.72,0.49,684.8,686.0,683.1,4.2,,5.463831585979242,Rain
2004-09-05,52645.0,青海,野牛沟,38.41666666666666,99.58333333333331,3320.0,2004,9,5,5.3,normal,7.1,13.4,4.0,0.72,0.44,685.6,686.1,683.7,3.2,,4.464945196605208,Rain
2004-09-06,52645.0,青海,野牛沟,38.41666666666666,99.58333333333331,3320.0,2004,9,6,3.1,normal,6.1,16.6,0.8,0.71,0.3,686.6,687.7,684.1,4.6,,3.4621074858890966,Rain
2004-09-07,52645.0,青海,野牛沟,38.41666666666666,99.58333333333331,3320.0,2004,9,7,2.3,normal,6.5,9.9,3.0,0.68,0.43,686.7,688.1,685.8,3.6,,3.5336305547546543,Rain
2004-09-08,52645.0,青海,野牛沟,38.41666666666666,99.58333333333331,3320.0,2004,9,8,0.1,normal,3.7,13.0,-2.9,0.69,0.24,687.3,688.7,683.8,3.6,,1.1138311636881904,Snow
2004-09-09,52645.0,青海,野牛沟,38.41666666666666,99.58333333333331,3320.0,2004,9,9,2.6,normal,3.9,13.6,1.3,0.75,0.27,686.5,688.3,682.9,3.4,,1.814512786973581,Rain
2004-09-10,52645.0,青海,野牛沟,38.41666666666666,99.58333333333331,3320.0,2004,9,10,7.6,normal,4.8,9.5,0.3,0.77,0.55,684.5,686.6,682.9,0.5,,2.819000821827582,Rain
2004-09-11,52645.0,青海,野牛沟,38.41666666666666,99.58333333333331,3320.0,2004,9,11,0.2,normal,4.8,12.0,-0.9,0.72,0.36,683.8,685.1,681.5,3.1,,2.3695228819346914,Rain
2004-09-12,52645.0,青海,野牛沟,38.41666666666666,99.58333333333331,3320.0,2004,9,12,11.9,normal,1.1,4.3,-1.2,0.84,0.7,685.5,687.5,682.6,1.5,,-0.0833745709854794,Snow
2004-09-13,52645.0,青海,野牛沟,38.41666666666666,99.58333333333331,3320.0,2004,9,13,0.0,无,0.9,12.5,-6.3,0.65,0.17,686.5,688.8,683.6,4.0,,,无
2004-09-14,52645.0,青海,野牛沟,38.41666666666666,99.58333333333331,3320.0,2004,9,14,0.0,无,4.5,14.6,-3.5,0.49,0.15,684.5,686.2,681.8,5.4,,,无
2004-09-15,52645.0,青海,野牛沟,38.41666666666666,99.58333333333331,3320.0,2004,9,15,0.0,无,4.4,15.2,-3.5,0.6,0.23,681.4,683.2,678.8,4.6,,,无
2004-09-16,52645.0,青海,野牛沟,38.41666666666666,99.58333333333331,3320.0,2004,9,16,0.0,无,4.9,11.2,-0.9,0.66,0.42,682.8,683.6,680.5,2.8,,,无
2004-09-17,52645.0,青海,野牛沟,38.41666666666666,99.58333333333331,3320.0,2004,9,17,0.5,normal,4.1,13.1,0.9,0.74,0.3,685.8,687.1,683.5,3.2,,1.9105677433411161,Rain
2004-09-18,52645.0,青海,野牛沟,38.41666666666666,99.58333333333331,3320.0,2004,9,18,2.6,normal,5.1,11.4,1.3,0.65,0.33,685.0,687.1,682.8,3.1,,1.9983854005998891,Rain
2004-09-19,52645.0,青海,野牛沟,38.41666666666666,99.58333333333331,3320.0,2004,9,19,4.0,normal,1.5,6.9,-0.4,0.81,0.34,686.8,687.6,683.9,1.0,,0.06816880955268001,Snow
2004-09-20,52645.0,青海,野牛沟,38.41666666666666,99.58333333333331,3320.0,2004,9,20,0.6,normal,2.7,10.1,-1.6,0.71,0.3,687.9,689.5,686.1,3.3,,0.38059188301878155,Snow
2004-09-21,52645.0,青海,野牛沟,38.41666666666666,99.58333333333331,3320.0,2004,9,21,0.0,无,3.9,12.2,-3.1,0.62,0.19,686.4,687.6,684.6,3.2,,,无
2004-09-22,52645.0,青海,野牛沟,38.41666666666666,99.58333333333331,3320.0,2004,9,22,0.0,无,4.4,16.7,-4.8,0.58,0.11,684.0,686.0,680.9,4.3,,,无
2004-09-23,52645.0,青海,野牛沟,38.41666666666666,99.58333333333331,3320.0,2004,9,23,6.1,normal,5.6,12.3,0.4,0.63,0.33,682.9,684.7,681.2,2.0,,2.2448831109543077,Rain
2004-09-24,52645.0,青海,野牛沟,38.41666666666666,99.58333333333331,3320.0,2004,9,24,8.2,normal,2.1,6.7,-0.8,0.84,0.58,685.1,686.1,683.8,3.4,,0.8680603054187985,Snow
2004-09-25,52645.0,青海,野牛沟,38.41666666666666,99.58333333333331,3320.0,2004,9,25,4.5,normal,3.3,11.1,0.0,0.75,0.28,685.9,687.3,684.4,2.9,,1.2608757113540525,Snow
2004-09-26,52645.0,青海,野牛沟,38.41666666666666,99.58333333333331,3320.0,2004,9,26,0.2,normal,3.4,11.5,-0.9,0.67,0.26,686.8,688.0,684.3,3.8,,0.6704672875127438,Snow
2004-09-27,52645.0,青海,野牛沟,38.41666666666666,99.58333333333331,3320.0,2004,9,27,0.0,无,3.6,13.2,-4.5,0.55,0.12,686.4,690.0,681.8,3.9,,,无
2004-09-28,52645.0,青海,野牛沟,38.41666666666666,99.58333333333331,3320.0,2004,9,28,0.0,无,2.9,12.9,-4.7,0.54,0.17,681.7,683.4,679.3,3.5,,,无
2004-09-29,52645.0,青海,野牛沟,38.41666666666666,99.58333333333331,3320.0,2004,9,29,0.0,无,2.3,12.5,-4.9,0.57,0.19,681.3,682.4,679.5,3.4,,,无
2004-09-30,52645.0,青海,野牛沟,38.41666666666666,99.58333333333331,3320.0,2004,9,30,0.2,normal,0.1,6.4,-3.3,0.47,0.11,687.4,688.9,681.4,5.1,,-3.810475117305896,Snow
2004-10-01,52645.0,青海,野牛沟,38.41666666666666,99.58333333333331,3320.0,2004,10,1,0.0,无,-2.6,8.0,-10.3,0.46,0.12,690.0,691.8,687.3,3.7,,,无
2004-10-02,52645.0,青海,野牛沟,38.41666666666666,99.58333333333331,3320.0,2004,10,2,0.0,无,-1.5,9.2,-9.6,0.48,0.12,687.9,689.9,684.7,3.3,,,无
2004-10-03,52645.0,青海,野牛沟,38.41666666666666,99.58333333333331,3320.0,2004,10,3,0.0,无,-0.2,11.3,-9.5,0.49,0.11,684.7,686.9,681.6,3.2,,,无
2004-10-04,52645.0,青海,野牛沟,38.41666666666666,99.58333333333331,3320.0,2004,10,4,0.0,无,1.1,6.4,-2.7,0.55,0.25,683.7,684.6,682.4,2.9,,,无
2004-10-05,52645.0,青海,野牛沟,38.41666666666666,99.58333333333331,3320.0,2004,10,5,2.9,normal,-2.3,3.8,-5.7,0.73,0.35,686.8,687.9,684.2,2.1,,-4.041878947070381,Snow
2004-10-06,52645.0,青海,野牛沟,38.41666666666666,99.58333333333331,3320.0,2004,10,6,0.0,无,-1.1,6.2,-5.8,0.59,0.21,687.0,688.2,685.1,2.5,,,无
2004-10-07,52645.0,青海,野牛沟,38.41666666666666,99.58333333333331,3320.0,2004,10,7,0.0,无,-1.2,10.4,-8.9,0.55,0.14,684.9,687.0,682.4,2.9,,,无
2004-10-08,52645.0,青海,野牛沟,38.41666666666666,99.58333333333331,3320.0,2004,10,8,0.0,无,1.7,13.8,-7.9,0.54,0.16,681.4,683.9,677.9,3.9,,,无
2004-10-09,52645.0,青海,野牛沟,38.41666666666666,99.58333333333331,3320.0,2004,10,9,0.0,无,1.4,8.5,-0.7,0.54,0.28,684.3,686.2,679.1,2.6,,,无
2004-10-10,52645.0,青海,野牛沟,38.41666666666666,99.58333333333331,3320.0,2004,10,10,0.0,无,-0.6,7.8,-7.3,0.62,0.2,686.7,687.9,685.0,2.5,,,无
2004-10-11,52645.0,青海,野牛沟,38.41666666666666,99.58333333333331,3320.0,2004,10,11,0.0,无,-1.0,9.8,-9.2,0.57,0.18,686.5,688.9,683.5,2.5,,,无
2004-10-12,52645.0,青海,野牛沟,38.41666666666666,99.58333333333331,3320.0,2004,10,12,0.0,无,-0.6,9.5,-7.5,0.56,0.12,683.9,685.4,682.2,2.4,,,无
2004-10-13,52645.0,青海,野牛沟,38.41666666666666,99.58333333333331,3320.0,2004,10,13,0.0,无,-0.2,7.8,-6.8,0.62,0.37,683.9,685.1,681.8,1.6,,,无
2004-10-14,52645.0,青海,野牛沟,38.41666666666666,99.58333333333331,3320.0,2004,10,14,2.0,normal,2.1,9.2,-1.0,0.69,0.41,684.9,685.8,683.1,2.2,,-0.3319907390860388,Snow
2004-10-15,52645.0,青海,野牛沟,38.41666666666666,99.58333333333331,3320.0,2004,10,15,0.5,normal,-0.2,2.7,-2.4,0.78,0.56,685.2,686.8,683.1,1.1,,-1.752034930023041,Snow
2004-10-16,52645.0,青海,野牛沟,38.41666666666666,99.58333333333331,3320.0,2004,10,16,1.3,normal,-0.3,5.0,-2.3,0.8,0.46,683.2,685.1,681.8,2.3,,-1.7041284706756121,Snow
2004-10-17,52645.0,青海,野牛沟,38.41666666666666,99.58333333333331,3320.0,2004,10,17,0.8,normal,-1.2,8.1,-5.5,0.71,0.3,685.5,687.3,683.4,2.0,,-3.1721977184544725,Snow
2004-10-18,52645.0,青海,野牛沟,38.41666666666666,99.58333333333331,3320.0,2004,10,18,0.0,无,1.4,9.5,-7.7,0.47,0.24,683.6,685.2,681.5,3.0,,,无
2004-10-19,52645.0,青海,野牛沟,38.41666666666666,99.58333333333331,3320.0,2004,10,19,0.0,无,0.4,11.2,-7.4,0.57,0.18,682.6,684.7,679.6,3.6,,,无
2004-10-20,52645.0,青海,野牛沟,38.41666666666666,99.58333333333331,3320.0,2004,10,20,0.9,normal,-0.9,3.5,-4.0,0.69,0.43,684.0,685.6,680.5,1.8,,-3.0433811965985536,Snow
2004-10-21,52645.0,青海,野牛沟,38.41666666666666,99.58333333333331,3320.0,2004,10,21,0.0,无,-1.7,7.0,-7.2,0.65,0.28,685.4,687.2,683.2,2.0,,,无
2004-10-22,52645.0,青海,野牛沟,38.41666666666666,99.58333333333331,3320.0,2004,10,22,0.0,无,-1.4,7.6,-8.6,0.62,0.25,683.9,685.8,681.1,2.3,,,无
2004-10-23,52645.0,青海,野牛沟,38.41666666666666,99.58333333333331,3320.0,2004,10,23,2.1,normal,-3.2,5.9,-10.5,0.6,0.15,684.7,686.8,682.7,2.3,,-5.706903991995369,Snow
2004-10-24,52645.0,青海,野牛沟,38.41666666666666,99.58333333333331,3320.0,2004,10,24,0.0,无,-1.9,7.7,-9.5,0.42,0.15,685.0,686.4,683.5,3.3,,,无
2004-10-25,52645.0,青海,野牛沟,38.41666666666666,99.58333333333331,3320.0,2004,10,25,0.0,无,-4.5,6.3,-11.3,0.54,0.16,688.8,690.6,686.4,2.0,,,无
2004-10-26,52645.0,青海,野牛沟,38.41666666666666,99.58333333333331,3320.0,2004,10,26,0.0,无,-4.8,7.9,-12.2,0.55,0.13,686.4,689.2,682.9,2.0,,,无
2004-10-27,52645.0,青海,野牛沟,38.41666666666666,99.58333333333331,3320.0,2004,10,27,0.0,无,-3.6,9.1,-12.8,0.49,0.12,681.4,684.1,678.4,2.2,,,无
2004-10-28,52645.0,青海,野牛沟,38.41666666666666,99.58333333333331,3320.0,2004,10,28,0.0,无,-3.0,8.2,-11.5,0.53,0.24,679.8,681.8,677.3,2.5,,,无
2004-10-29,52645.0,青海,野牛沟,38.41666666666666,99.58333333333331,3320.0,2004,10,29,0.0,无,-1.1,5.0,-5.5,0.54,0.28,680.1,681.9,678.3,2.7,,,无
2004-10-30,52645.0,青海,野牛沟,38.41666666666666,99.58333333333331,3320.0,2004,10,30,3.4,normal,-7.1,-1.6,-11.2,0.76,0.36,682.1,683.6,680.4,1.5,,-8.325310823613897,Snow
2004-10-31,52645.0,青海,野牛沟,38.41666666666666,99.58333333333331,3320.0,2004,10,31,0.0,无,-8.9,2.1,-15.8,0.56,0.22,685.3,686.6,683.6,2.0,,,无
2004-11-01,52645.0,青海,野牛沟,38.41666666666666,99.58333333333331,3320.0,2004,11,1,0.0,无,-7.4,4.4,-14.7,0.56,0.2,683.8,686.1,681.3,1.6,,,无
2004-11-02,52645.0,青海,野牛沟,38.41666666666666,99.58333333333331,3320.0,2004,11,2,0.0,无,-5.9,5.7,-14.1,0.5,0.14,682.2,683.9,680.4,2.0,,,无
2004-11-03,52645.0,青海,野牛沟,38.41666666666666,99.58333333333331,3320.0,2004,11,3,0.0,无,-5.5,6.5,-14.3,0.46,0.11,681.7,683.3,679.7,2.3,,,无
2004-11-04,52645.0,青海,野牛沟,38.41666666666666,99.58333333333331,3320.0,2004,11,4,0.0,无,-5.5,4.2,-12.7,0.49,0.19,684.0,685.4,681.4,2.4,,,无
2004-11-05,52645.0,青海,野牛沟,38.41666666666666,99.58333333333331,3320.0,2004,11,5,0.0,无,-5.4,5.6,-13.5,0.49,0.14,684.2,686.2,681.8,2.2,,,无
2004-11-06,52645.0,青海,野牛沟,38.41666666666666,99.58333333333331,3320.0,2004,11,6,0.0,无,-5.5,7.2,-13.9,0.46,0.12,681.5,683.0,679.3,2.0,,,无
2004-11-07,52645.0,青海,野牛沟,38.41666666666666,99.58333333333331,3320.0,2004,11,7,0.0,无,-5.0,3.9,-13.8,0.44,0.2,681.1,683.0,679.3,2.3,,,无
2004-11-08,52645.0,青海,野牛沟,38.41666666666666,99.58333333333331,3320.0,2004,11,8,0.0,无,-5.3,5.4,-13.7,0.48,0.14,678.8,681.6,675.8,2.7,,,无
2004-11-09,52645.0,青海,野牛沟,38.41666666666666,99.58333333333331,3320.0,2004,11,9,0.0,无,-4.0,0.8,-8.7,0.37,0.14,678.0,679.5,676.0,2.8,,,无
2004-11-10,52645.0,青海,野牛沟,38.41666666666666,99.58333333333331,3320.0,2004,11,10,0.0,无,-7.4,0.1,-16.1,0.37,0.15,677.2,679.8,675.3,2.4,,,无
2004-11-11,52645.0,青海,野牛沟,38.41666666666666,99.58333333333331,3320.0,2004,11,11,0.1,normal,-10.5,-0.2,-17.7,0.46,0.11,680.8,682.4,677.1,2.0,,-12.82132093740264,Snow
2004-11-12,52645.0,青海,野牛沟,38.41666666666666,99.58333333333331,3320.0,2004,11,12,0.0,无,-7.7,1.0,-15.5,0.41,0.19,680.1,681.9,678.0,2.0,,,无
2004-11-13,52645.0,青海,野牛沟,38.41666666666666,99.58333333333331,3320.0,2004,11,13,0.0,无,-10.2,-2.6,-16.5,0.51,0.2,680.9,682.2,679.7,1.5,,,无
2004-11-14,52645.0,青海,野牛沟,38.41666666666666,99.58333333333331,3320.0,2004,11,14,0.1,normal,-11.6,-3.9,-18.0,0.63,0.26,683.8,684.8,681.6,0.8,,-13.074745239199107,Snow
2004-11-15,52645.0,青海,野牛沟,38.41666666666666,99.58333333333331,3320.0,2004,11,15,0.5,normal,-14.5,-6.5,-21.5,0.62,0.33,684.6,685.9,682.9,0.7,,-15.764827187990068,Snow
2004-11-16,52645.0,青海,野牛沟,38.41666666666666,99.58333333333331,3320.0,2004,11,16,0.0,无,-15.0,-2.2,-23.0,0.5,0.16,683.9,685.3,682.1,1.1,,,无
2004-11-17,52645.0,青海,野牛沟,38.41666666666666,99.58333333333331,3320.0,2004,11,17,0.0,无,-13.4,0.4,-22.5,0.39,0.12,683.1,684.7,678.8,1.5,,,无
2004-11-18,52645.0,青海,野牛沟,38.41666666666666,99.58333333333331,3320.0,2004,11,18,0.0,无,-10.6,2.7,-19.6,0.4,0.14,681.3,683.1,679.2,1.6,,,无
2004-11-19,52645.0,青海,野牛沟,38.41666666666666,99.58333333333331,3320.0,2004,11,19,0.0,无,-10.3,2.2,-19.2,0.44,0.15,682.3,683.6,680.8,1.4,,,无
2004-11-20,52645.0,青海,野牛沟,38.41666666666666,99.58333333333331,3320.0,2004,11,20,0.0,无,-8.5,1.6,-19.1,0.42,0.16,683.0,685.5,680.2,1.5,,,无
2004-11-21,52645.0,青海,野牛沟,38.41666666666666,99.58333333333331,3320.0,2004,11,21,0.0,无,-8.5,0.9,-16.8,0.51,0.23,680.6,681.8,678.5,1.9,,,无
2004-11-22,52645.0,青海,野牛沟,38.41666666666666,99.58333333333331,3320.0,2004,11,22,0.3,normal,-11.5,-2.8,-16.7,0.63,0.3,682.5,684.2,680.6,1.1,,-12.985579023189398,Snow
2004-11-23,52645.0,青海,野牛沟,38.41666666666666,99.58333333333331,3320.0,2004,11,23,0.0,无,-14.8,-3.4,-23.0,0.45,0.14,682.3,683.9,679.8,1.0,,,无
2004-11-24,52645.0,青海,野牛沟,38.41666666666666,99.58333333333331,3320.0,2004,11,24,0.0,无,-15.6,-8.9,-23.0,0.38,0.09,682.6,684.1,680.8,1.5,,,无
2004-11-25,52645.0,青海,野牛沟,38.41666666666666,99.58333333333331,3320.0,2004,11,25,0.0,无,-14.3,1.1,-22.3,0.26,0.08,685.4,687.2,683.9,1.5,,,无
2004-11-26,52645.0,青海,野牛沟,38.41666666666666,99.58333333333331,3320.0,2004,11,26,0.0,无,-15.5,-0.2,-24.5,0.36,0.1,685.3,687.0,683.1,1.3,,,无
2004-11-27,52645.0,青海,野牛沟,38.41666666666666,99.58333333333331,3320.0,2004,11,27,0.0,无,-15.0,0.1,-25.1,0.33,0.1,684.0,685.9,681.3,1.3,,,无
2004-11-28,52645.0,青海,野牛沟,38.41666666666666,99.58333333333331,3320.0,2004,11,28,0.0,无,-12.7,1.5,-22.2,0.32,0.08,684.6,686.0,682.8,2.0,,,无
2004-11-29,52645.0,青海,野牛沟,38.41666666666666,99.58333333333331,3320.0,2004,11,29,0.0,无,-14.0,2.8,-23.7,0.33,0.1,684.0,686.1,681.1,1.5,,,无
2004-11-30,52645.0,青海,野牛沟,38.41666666666666,99.58333333333331,3320.0,2004,11,30,0.0,无,-12.4,3.7,-21.8,0.38,0.13,681.8,684.1,678.4,1.6,,,无
2004-12-01,52645.0,青海,野牛沟,38.41666666666666,99.58333333333331,3320.0,2004,12,1,0.0,无,-10.2,2.9,-19.8,0.45,0.19,677.7,679.8,675.2,1.4,,,无
2004-12-02,52645.0,青海,野牛沟,38.41666666666666,99.58333333333331,3320.0,2004,12,2,0.0,无,-9.5,-0.8,-18.1,0.58,0.28,680.3,682.5,677.4,1.3,,,无
2004-12-03,52645.0,青海,野牛沟,38.41666666666666,99.58333333333331,3320.0,2004,12,3,0.0,无,-11.5,-0.2,-18.8,0.44,0.1,684.7,686.1,682.5,1.3,,,无
2004-12-04,52645.0,青海,野牛沟,38.41666666666666,99.58333333333331,3320.0,2004,12,4,0.0,无,-14.6,-1.2,-23.1,0.38,0.13,681.5,685.5,677.8,1.2,,,无
2004-12-05,52645.0,青海,野牛沟,38.41666666666666,99.58333333333331,3320.0,2004,12,5,0.0,无,-15.3,-3.9,-22.9,0.44,0.2,680.5,682.6,678.9,0.9,,,无
2004-12-06,52645.0,青海,野牛沟,38.41666666666666,99.58333333333331,3320.0,2004,12,6,0.0,无,-15.9,-3.9,-24.8,0.41,0.09,685.8,687.2,682.5,1.1,,,无
2004-12-07,52645.0,青海,野牛沟,38.41666666666666,99.58333333333331,3320.0,2004,12,7,0.0,无,-16.8,-2.2,-26.4,0.33,0.1,685.2,688.3,681.6,1.3,,,无
2004-12-08,52645.0,青海,野牛沟,38.41666666666666,99.58333333333331,3320.0,2004,12,8,0.0,无,-14.4,-0.1,-24.0,0.32,0.09,680.2,683.3,676.8,1.4,,,无
2004-12-09,52645.0,青海,野牛沟,38.41666666666666,99.58333333333331,3320.0,2004,12,9,0.0,无,-13.9,-1.3,-22.2,0.36,0.1,682.0,684.4,679.1,1.4,,,无
2004-12-10,52645.0,青海,野牛沟,38.41666666666666,99.58333333333331,3320.0,2004,12,10,0.0,无,-12.8,-2.2,-20.3,0.28,0.13,681.7,683.2,679.8,1.6,,,无
2004-12-11,52645.0,青海,野牛沟,38.41666666666666,99.58333333333331,3320.0,2004,12,11,0.0,无,-14.1,-1.5,-22.9,0.44,0.14,682.8,684.0,681.8,1.2,,,无
2004-12-12,52645.0,青海,野牛沟,38.41666666666666,99.58333333333331,3320.0,2004,12,12,0.0,无,-13.3,3.7,-22.5,0.38,0.14,683.9,685.8,681.1,1.3,,,无
2004-12-13,52645.0,青海,野牛沟,38.41666666666666,99.58333333333331,3320.0,2004,12,13,0.0,无,-11.3,0.4,-20.8,0.49,0.2,680.9,683.4,678.3,1.1,,,无
2004-12-14,52645.0,青海,野牛沟,38.41666666666666,99.58333333333331,3320.0,2004,12,14,0.0,无,-11.2,1.4,-19.4,0.54,0.26,680.5,681.3,678.9,1.1,,,无
2004-12-15,52645.0,青海,野牛沟,38.41666666666666,99.58333333333331,3320.0,2004,12,15,0.0,无,-13.8,0.9,-23.0,0.48,0.13,680.2,682.4,677.5,1.1,,,无
2004-12-16,52645.0,青海,野牛沟,38.41666666666666,99.58333333333331,3320.0,2004,12,16,0.0,无,-11.9,1.6,-21.1,0.35,0.13,679.9,681.5,678.5,1.6,,,无
2004-12-17,52645.0,青海,野牛沟,38.41666666666666,99.58333333333331,3320.0,2004,12,17,0.0,无,-12.8,-1.8,-21.9,0.45,0.22,679.4,681.1,677.5,1.3,,,无
2004-12-18,52645.0,青海,野牛沟,38.41666666666666,99.58333333333331,3320.0,2004,12,18,0.0,无,-10.5,3.1,-19.7,0.55,0.22,676.9,679.8,673.8,1.6,,,无
2004-12-19,52645.0,青海,野牛沟,38.41666666666666,99.58333333333331,3320.0,2004,12,19,0.0,无,-8.8,0.7,-16.4,0.6,0.34,674.1,675.8,671.9,1.2,,,无
2004-12-20,52645.0,青海,野牛沟,38.41666666666666,99.58333333333331,3320.0,2004,12,20,0.0,无,-9.8,0.0,-16.6,0.58,0.32,669.4,673.4,665.7,0.7,,,无
2004-12-21,52645.0,青海,野牛沟,38.41666666666666,99.58333333333331,3320.0,2004,12,21,0.0,无,-8.8,-1.4,-17.6,0.57,0.29,669.8,672.4,666.5,1.4,,,无
2004-12-22,52645.0,青海,野牛沟,38.41666666666666,99.58333333333331,3320.0,2004,12,22,0.0,无,-13.4,-4.7,-21.5,0.64,0.38,674.0,674.9,671.7,0.9,,,无
2004-12-23,52645.0,青海,野牛沟,38.41666666666666,99.58333333333331,3320.0,2004,12,23,0.4,normal,-15.5,-5.4,-23.8,0.64,0.35,675.2,676.8,673.3,0.7,,-16.63419769448074,Snow
2004-12-24,52645.0,青海,野牛沟,38.41666666666666,99.58333333333331,3320.0,2004,12,24,0.0,无,-16.0,-1.3,-24.9,0.52,0.21,675.7,677.4,673.6,0.8,,,无
2004-12-25,52645.0,青海,野牛沟,38.41666666666666,99.58333333333331,3320.0,2004,12,25,0.0,无,-16.3,-3.1,-23.8,0.52,0.21,676.1,677.8,673.5,0.9,,,无
2004-12-26,52645.0,青海,野牛沟,38.41666666666666,99.58333333333331,3320.0,2004,12,26,0.0,无,-16.4,-7.7,-25.3,0.6,0.31,676.8,678.7,674.9,0.7,,,无
2004-12-27,52645.0,青海,野牛沟,38.41666666666666,99.58333333333331,3320.0,2004,12,27,0.0,无,-16.2,-9.1,-25.7,0.46,0.14,675.5,677.4,673.6,0.8,,,无
2004-12-28,52645.0,青海,野牛沟,38.41666666666666,99.58333333333331,3320.0,2004,12,28,0.0,无,-12.4,-5.5,-18.1,0.24,0.12,670.6,674.7,668.3,1.9,,,无
2004-12-29,52645.0,青海,野牛沟,38.41666666666666,99.58333333333331,3320.0,2004,12,29,0.0,无,-13.5,-8.4,-17.4,0.29,0.1,671.7,674.5,669.9,2.1,,,无
2004-12-30,52645.0,青海,野牛沟,38.41666666666666,99.58333333333331,3320.0,2004,12,30,0.0,无,-22.6,-12.4,-31.2,0.35,0.13,679.3,681.4,674.5,0.8,,,无
2004-12-31,52645.0,青海,野牛沟,38.41666666666666,99.58333333333331,3320.0,2004,12,31,0.0,无,-18.2,-2.2,-28.0,0.36,0.17,679.3,681.4,676.8,1.1,,,无
2005-01-01,52645.0,青海,野牛沟,38.41666666666666,99.58333333333331,3320.0,2005,1,1,0.0,无,-13.2,1.0,-20.5,0.35,0.11,676.5,679.5,674.9,1.4,,,无
2005-01-02,52645.0,青海,野牛沟,38.41666666666666,99.58333333333331,3320.0,2005,1,2,0.0,无,-11.3,3.8,-21.7,0.33,0.14,673.6,676.2,670.6,2.0,,,无
2005-01-03,52645.0,青海,野牛沟,38.41666666666666,99.58333333333331,3320.0,2005,1,3,0.0,无,-10.3,1.9,-16.7,0.52,0.18,676.8,678.5,674.8,1.6,,,无
2005-01-04,52645.0,青海,野牛沟,38.41666666666666,99.58333333333331,3320.0,2005,1,4,0.0,无,-12.6,-3.9,-20.6,0.49,0.28,675.9,678.4,672.8,0.9,,,无
2005-01-05,52645.0,青海,野牛沟,38.41666666666666,99.58333333333331,3320.0,2005,1,5,0.6,normal,-11.6,0.2,-22.6,0.6,0.17,676.2,677.7,673.4,1.4,,-13.208992793097384,Snow
2005-01-06,52645.0,青海,野牛沟,38.41666666666666,99.58333333333331,3320.0,2005,1,6,0.0,无,-13.4,0.1,-21.5,0.46,0.14,677.7,679.5,675.4,1.2,,,无
2005-01-07,52645.0,青海,野牛沟,38.41666666666666,99.58333333333331,3320.0,2005,1,7,0.0,无,-15.6,-6.0,-24.4,0.46,0.27,679.1,680.9,677.2,1.0,,,无
2005-01-08,52645.0,青海,野牛沟,38.41666666666666,99.58333333333331,3320.0,2005,1,8,0.0,无,-15.3,-4.5,-22.7,0.55,0.24,678.4,680.1,676.9,1.0,,,无
2005-01-09,52645.0,青海,野牛沟,38.41666666666666,99.58333333333331,3320.0,2005,1,9,0.0,无,-16.6,-3.3,-25.9,0.43,0.14,677.4,679.2,674.7,1.2,,,无
2005-01-10,52645.0,青海,野牛沟,38.41666666666666,99.58333333333331,3320.0,2005,1,10,0.0,无,-18.2,-3.4,-27.0,0.41,0.13,676.8,678.7,674.8,0.9,,,无
2005-01-11,52645.0,青海,野牛沟,38.41666666666666,99.58333333333331,3320.0,2005,1,11,0.0,无,-17.5,-5.4,-27.1,0.36,0.14,678.2,680.1,676.4,1.0,,,无
2005-01-12,52645.0,青海,野牛沟,38.41666666666666,99.58333333333331,3320.0,2005,1,12,0.0,无,-15.2,-3.8,-26.0,0.41,0.21,676.8,678.4,674.4,1.0,,,无
2005-01-13,52645.0,青海,野牛沟,38.41666666666666,99.58333333333331,3320.0,2005,1,13,0.1,normal,-13.2,-6.1,-17.7,0.53,0.3,678.5,680.3,676.1,0.7,,-14.91481030310522,Snow
2005-01-14,52645.0,青海,野牛沟,38.41666666666666,99.58333333333331,3320.0,2005,1,14,0.0,无,-18.4,-4.4,-27.5,0.47,0.17,677.1,679.9,674.4,0.9,,,无
2005-01-15,52645.0,青海,野牛沟,38.41666666666666,99.58333333333331,3320.0,2005,1,15,0.0,无,-17.4,-0.8,-26.4,0.4,0.12,676.1,678.0,674.4,1.1,,,无
2005-01-16,52645.0,青海,野牛沟,38.41666666666666,99.58333333333331,3320.0,2005,1,16,0.0,无,-15.2,-1.4,-25.4,0.33,0.11,675.4,676.8,673.0,1.8,,,无
2005-01-17,52645.0,青海,野牛沟,38.41666666666666,99.58333333333331,3320.0,2005,1,17,0.0,无,-16.5,-3.5,-26.4,0.38,0.11,675.3,676.9,672.2,1.5,,,无
2005-01-18,52645.0,青海,野牛沟,38.41666666666666,99.58333333333331,3320.0,2005,1,18,0.0,无,-18.4,-4.0,-27.8,0.41,0.12,675.1,677.2,672.3,1.1,,,无
2005-01-19,52645.0,青海,野牛沟,38.41666666666666,99.58333333333331,3320.0,2005,1,19,0.0,无,-18.0,-4.8,-27.9,0.32,0.13,675.0,676.9,673.1,1.1,,,无
2005-01-20,52645.0,青海,野牛沟,38.41666666666666,99.58333333333331,3320.0,2005,1,20,0.0,无,-14.1,-3.6,-22.5,0.36,0.18,675.7,677.6,674.1,1.3,,,无
2005-01-21,52645.0,青海,野牛沟,38.41666666666666,99.58333333333331,3320.0,2005,1,21,0.0,无,-15.2,-3.8,-25.0,0.34,0.12,674.7,676.9,672.4,1.4,,,无
2005-01-22,52645.0,青海,野牛沟,38.41666666666666,99.58333333333331,3320.0,2005,1,22,0.0,无,-10.0,0.9,-22.1,0.27,0.1,671.3,674.3,668.5,2.6,,,无
2005-01-23,52645.0,青海,野牛沟,38.41666666666666,99.58333333333331,3320.0,2005,1,23,0.0,无,-12.7,-5.3,-22.5,0.47,0.21,671.8,674.5,668.9,1.1,,,无
2005-01-24,52645.0,青海,野牛沟,38.41666666666666,99.58333333333331,3320.0,2005,1,24,0.0,无,-14.0,-6.4,-21.3,0.62,0.3,668.7,670.4,667.5,0.5,,,无
2005-01-25,52645.0,青海,野牛沟,38.41666666666666,99.58333333333331,3320.0,2005,1,25,0.0,无,-14.9,-0.6,-25.9,0.49,0.2,669.7,671.6,667.5,1.3,,,无
2005-01-26,52645.0,青海,野牛沟,38.41666666666666,99.58333333333331,3320.0,2005,1,26,0.0,无,-11.1,-1.9,-21.4,0.46,0.14,670.9,672.4,668.9,1.8,,,无
2005-01-27,52645.0,青海,野牛沟,38.41666666666666,99.58333333333331,3320.0,2005,1,27,0.0,无,-12.6,-1.2,-24.6,0.39,0.09,670.5,672.5,667.8,1.6,,,无
2005-01-28,52645.0,青海,野牛沟,38.41666666666666,99.58333333333331,3320.0,2005,1,28,0.0,无,-8.9,-1.1,-20.5,0.21,0.06,668.4,670.1,666.9,2.8,,,无
2005-01-29,52645.0,青海,野牛沟,38.41666666666666,99.58333333333331,3320.0,2005,1,29,0.0,无,-11.9,-1.0,-21.6,0.29,0.1,668.7,670.9,665.0,2.1,,,无
2005-01-30,52645.0,青海,野牛沟,38.41666666666666,99.58333333333331,3320.0,2005,1,30,0.0,无,-11.2,-2.5,-20.5,0.25,0.08,673.2,674.6,669.5,2.8,,,无
2005-01-31,52645.0,青海,野牛沟,38.41666666666666,99.58333333333331,3320.0,2005,1,31,0.0,无,-14.4,-0.9,-25.8,0.27,0.08,674.1,676.6,670.3,1.9,,,无
2005-02-01,52645.0,青海,野牛沟,38.41666666666666,99.58333333333331,3320.0,2005,2,1,0.0,无,-11.4,-1.5,-21.1,0.23,0.08,671.8,673.5,669.6,2.5,,,无
2005-02-02,52645.0,青海,野牛沟,38.41666666666666,99.58333333333331,3320.0,2005,2,2,0.0,无,-12.7,-2.0,-25.0,0.25,0.08,669.7,672.5,666.5,2.0,,,无
2005-02-03,52645.0,青海,野牛沟,38.41666666666666,99.58333333333331,3320.0,2005,2,3,0.0,无,-2.7,1.0,-6.9,0.12,0.09,667.4,669.0,666.0,4.4,,,无
2005-02-04,52645.0,青海,野牛沟,38.41666666666666,99.58333333333331,3320.0,2005,2,4,0.0,无,-5.7,2.3,-16.0,0.17,0.07,668.4,670.5,667.1,2.9,,,无
2005-02-05,52645.0,青海,野牛沟,38.41666666666666,99.58333333333331,3320.0,2005,2,5,0.0,无,-7.0,3.0,-19.0,0.24,0.08,668.2,670.5,666.1,3.0,,,无
2005-02-06,52645.0,青海,野牛沟,38.41666666666666,99.58333333333331,3320.0,2005,2,6,0.0,无,-10.5,-1.0,-15.7,0.43,0.11,669.9,671.5,667.3,1.9,,,无
2005-02-07,52645.0,青海,野牛沟,38.41666666666666,99.58333333333331,3320.0,2005,2,7,0.0,无,-11.3,-2.8,-19.7,0.39,0.11,671.9,676.0,671.1,1.7,,,无
2005-02-08,52645.0,青海,野牛沟,38.41666666666666,99.58333333333331,3320.0,2005,2,8,0.0,无,-12.3,-0.7,-21.9,0.32,0.14,672.7,675.3,670.8,1.9,,,无
2005-02-09,52645.0,青海,野牛沟,38.41666666666666,99.58333333333331,3320.0,2005,2,9,0.0,无,-10.6,0.5,-22.0,0.37,0.07,677.3,679.8,675.3,2.2,,,无
2005-02-10,52645.0,青海,野牛沟,38.41666666666666,99.58333333333331,3320.0,2005,2,10,0.0,无,-7.7,0.7,-17.2,0.26,0.13,675.6,677.5,673.5,3.5,,,无
2005-02-11,52645.0,青海,野牛沟,38.41666666666666,99.58333333333331,3320.0,2005,2,11,0.0,无,-9.8,0.5,-16.2,0.42,0.11,676.3,678.4,672.9,2.4,,,无
2005-02-12,52645.0,青海,野牛沟,38.41666666666666,99.58333333333331,3320.0,2005,2,12,0.0,无,-11.3,4.0,-23.1,0.34,0.05,675.9,678.8,671.6,2.3,,,无
2005-02-13,52645.0,青海,野牛沟,38.41666666666666,99.58333333333331,3320.0,2005,2,13,0.0,无,-7.3,2.5,-18.1,0.19,0.03,671.0,673.1,669.4,3.1,,,无
2005-02-14,52645.0,青海,野牛沟,38.41666666666666,99.58333333333331,3320.0,2005,2,14,0.6,normal,-7.8,-2.4,-11.8,0.46,0.06,669.4,671.5,666.5,1.9,,-10.537751790747997,Snow
2005-02-15,52645.0,青海,野牛沟,38.41666666666666,99.58333333333331,3320.0,2005,2,15,0.1,normal,-15.8,-8.3,-24.8,0.67,0.5,672.2,673.7,670.5,0.6,,-16.822058161084847,Snow
2005-02-16,52645.0,青海,野牛沟,38.41666666666666,99.58333333333331,3320.0,2005,2,16,0.0,无,-14.0,-7.5,-21.5,0.67,0.45,670.4,671.9,668.9,0.8,,,无
2005-02-17,52645.0,青海,野牛沟,38.41666666666666,99.58333333333331,3320.0,2005,2,17,0.0,无,-13.8,-9.6,-17.5,0.6,0.44,672.4,673.7,670.5,0.9,,,无
2005-02-18,52645.0,青海,野牛沟,38.41666666666666,99.58333333333331,3320.0,2005,2,18,0.0,无,-17.6,-7.2,-26.0,0.55,0.23,675.2,677.4,673.3,1.2,,,无
2005-02-19,52645.0,青海,野牛沟,38.41666666666666,99.58333333333331,3320.0,2005,2,19,0.0,无,-18.1,-4.7,-28.5,0.39,0.08,677.1,679.5,674.3,1.8,,,无
2005-02-20,52645.0,青海,野牛沟,38.41666666666666,99.58333333333331,3320.0,2005,2,20,0.0,无,-16.7,-3.0,-27.8,0.3,0.06,674.9,677.0,671.9,2.2,,,无
2005-02-21,52645.0,青海,野牛沟,38.41666666666666,99.58333333333331,3320.0,2005,2,21,0.0,无,-14.4,0.6,-25.6,0.28,0.06,674.4,676.3,671.6,3.0,,,无
2005-02-22,52645.0,青海,野牛沟,38.41666666666666,99.58333333333331,3320.0,2005,2,22,0.0,无,-9.1,3.7,-20.0,0.23,0.06,672.8,675.2,669.7,2.7,,,无
2005-02-23,52645.0,青海,野牛沟,38.41666666666666,99.58333333333331,3320.0,2005,2,23,0.0,无,-9.9,3.1,-22.0,0.22,0.06,672.0,674.3,670.1,3.1,,,无
2005-02-24,52645.0,青海,野牛沟,38.41666666666666,99.58333333333331,3320.0,2005,2,24,0.3,normal,-8.6,-1.0,-13.7,0.46,0.14,673.2,676.6,670.6,2.1,,-11.209091181491907,Snow
2005-02-25,52645.0,青海,野牛沟,38.41666666666666,99.58333333333331,3320.0,2005,2,25,0.0,无,-10.6,2.4,-20.8,0.56,0.23,675.4,677.2,673.0,1.4,,,无
2005-02-26,52645.0,青海,野牛沟,38.41666666666666,99.58333333333331,3320.0,2005,2,26,0.7,normal,-7.4,-0.4,-10.5,0.64,0.16,676.4,678.1,674.2,2.3,,-9.232346650728594,Snow
2005-02-27,52645.0,青海,野牛沟,38.41666666666666,99.58333333333331,3320.0,2005,2,27,0.0,无,-11.9,-1.4,-19.8,0.46,0.07,678.7,680.4,676.6,2.3,,,无
2005-02-28,52645.0,青海,野牛沟,38.41666666666666,99.58333333333331,3320.0,2005,2,28,0.0,无,-13.8,-0.6,-24.6,0.33,0.09,677.5,679.2,675.0,2.3,,,无
2005-03-01,52645.0,青海,野牛沟,38.41666666666666,99.58333333333331,3320.0,2005,3,1,1.5,normal,-14.5,-5.7,-22.2,0.52,0.21,679.4,681.7,677.1,1.0,,-16.111625201352993,Snow
2005-03-02,52645.0,青海,野牛沟,38.41666666666666,99.58333333333331,3320.0,2005,3,2,0.7,normal,-15.1,-9.3,-26.0,0.55,0.26,684.2,686.1,681.6,1.0,,-16.544278088750055,Snow
2005-03-03,52645.0,青海,野牛沟,38.41666666666666,99.58333333333331,3320.0,2005,3,3,0.0,无,-18.1,-7.3,-28.5,0.46,0.21,686.0,687.2,684.3,1.7,,,无
2005-03-04,52645.0,青海,野牛沟,38.41666666666666,99.58333333333331,3320.0,2005,3,4,0.0,无,-15.0,-1.1,-26.3,0.39,0.13,688.6,691.2,686.0,1.7,,,无
2005-03-05,52645.0,青海,野牛沟,38.41666666666666,99.58333333333331,3320.0,2005,3,5,0.0,无,-13.3,2.8,-25.2,0.35,0.11,683.5,687.0,678.6,2.0,,,无
2005-03-06,52645.0,青海,野牛沟,38.41666666666666,99.58333333333331,3320.0,2005,3,6,0.0,无,-11.0,4.2,-23.0,0.32,0.06,681.3,683.1,679.3,3.1,,,无
2005-03-07,52645.0,青海,野牛沟,38.41666666666666,99.58333333333331,3320.0,2005,3,7,0.0,无,-9.4,5.6,-21.7,0.28,0.05,681.1,683.4,677.1,3.1,,,无
2005-03-08,52645.0,青海,野牛沟,38.41666666666666,99.58333333333331,3320.0,2005,3,8,0.0,无,-5.6,5.8,-17.1,0.27,0.08,679.4,681.3,676.9,4.0,,,无
2005-03-09,52645.0,青海,野牛沟,38.41666666666666,99.58333333333331,3320.0,2005,3,9,0.0,无,-6.8,6.8,-17.9,0.33,0.1,677.6,680.3,674.0,3.4,,,无
2005-03-10,52645.0,青海,野牛沟,38.41666666666666,99.58333333333331,3320.0,2005,3,10,0.0,无,-4.6,5.7,-12.7,0.39,0.11,676.0,677.4,672.9,4.4,,,无
2005-03-11,52645.0,青海,野牛沟,38.41666666666666,99.58333333333331,3320.0,2005,3,11,0.0,无,-6.7,4.2,-15.9,0.46,0.14,678.6,680.0,675.8,3.1,,,无
2005-03-12,52645.0,青海,野牛沟,38.41666666666666,99.58333333333331,3320.0,2005,3,12,0.0,无,-6.1,3.9,-16.1,0.44,0.15,680.5,682.2,677.3,4.3,,,无
2005-03-13,52645.0,青海,野牛沟,38.41666666666666,99.58333333333331,3320.0,2005,3,13,0.0,无,-4.9,3.9,-11.8,0.51,0.16,677.8,680.8,674.1,4.0,,,无
2005-03-14,52645.0,青海,野牛沟,38.41666666666666,99.58333333333331,3320.0,2005,3,14,0.0,无,-2.9,6.1,-11.1,0.56,0.28,674.8,678.1,671.3,3.4,,,无
2005-03-15,52645.0,青海,野牛沟,38.41666666666666,99.58333333333331,3320.0,2005,3,15,2.4,normal,-3.6,4.6,-9.1,0.74,0.26,674.8,675.9,671.9,2.9,,-5.193382878118347,Snow
2005-03-16,52645.0,青海,野牛沟,38.41666666666666,99.58333333333331,3320.0,2005,3,16,0.0,无,-6.2,3.0,-15.0,0.49,0.12,676.7,678.2,674.7,5.7,,,无
2005-03-17,52645.0,青海,野牛沟,38.41666666666666,99.58333333333331,3320.0,2005,3,17,0.0,无,-6.1,5.1,-15.1,0.46,0.2,680.2,682.6,677.2,2.8,,,无
2005-03-18,52645.0,青海,野牛沟,38.41666666666666,99.58333333333331,3320.0,2005,3,18,0.0,无,-4.1,7.4,-11.7,0.71,0.23,677.7,680.3,674.3,2.0,,,无
2005-03-19,52645.0,青海,野牛沟,38.41666666666666,99.58333333333331,3320.0,2005,3,19,0.0,无,-1.8,9.5,-9.6,0.59,0.18,676.7,679.3,673.5,2.9,,,无
2005-03-20,52645.0,青海,野牛沟,38.41666666666666,99.58333333333331,3320.0,2005,3,20,2.6,normal,-2.7,5.3,-5.9,0.7,0.28,674.0,675.5,670.6,1.7,,-4.625796851920403,Snow
2005-03-21,52645.0,青海,野牛沟,38.41666666666666,99.58333333333331,3320.0,2005,3,21,1.0,normal,-5.6,1.0,-12.5,0.7,0.45,677.1,678.5,674.0,3.1,,-7.268892786792294,Snow
2005-03-22,52645.0,青海,野牛沟,38.41666666666666,99.58333333333331,3320.0,2005,3,22,0.0,无,-5.5,0.2,-9.6,0.67,0.43,678.7,679.9,677.3,1.8,,,无
2005-03-23,52645.0,青海,野牛沟,38.41666666666666,99.58333333333331,3320.0,2005,3,23,0.0,无,-6.6,-0.7,-11.3,0.58,0.33,682.5,684.2,679.9,2.7,,,无
2005-03-24,52645.0,青海,野牛沟,38.41666666666666,99.58333333333331,3320.0,2005,3,24,0.0,无,-3.7,3.4,-9.3,0.54,0.27,680.4,683.4,676.5,3.1,,,无
2005-03-25,52645.0,青海,野牛沟,38.41666666666666,99.58333333333331,3320.0,2005,3,25,0.0,无,-4.0,5.4,-12.4,0.55,0.22,675.9,678.4,673.4,3.7,,,无
2005-03-26,52645.0,青海,野牛沟,38.41666666666666,99.58333333333331,3320.0,2005,3,26,0.2,normal,-3.7,3.8,-8.4,0.71,0.25,675.8,676.8,674.2,2.2,,-5.47173244138746,Snow
2005-03-27,52645.0,青海,野牛沟,38.41666666666666,99.58333333333331,3320.0,2005,3,27,2.6,normal,-5.0,1.4,-11.8,0.74,0.5,676.0,677.6,674.3,3.6,,-6.487473456627284,Snow
2005-03-28,52645.0,青海,野牛沟,38.41666666666666,99.58333333333331,3320.0,2005,3,28,1.1,normal,-2.0,4.3,-6.6,0.66,0.32,675.3,677.0,673.3,3.1,,-4.2600165680417,Snow
2005-03-29,52645.0,青海,野牛沟,38.41666666666666,99.58333333333331,3320.0,2005,3,29,0.2,normal,-1.1,4.9,-5.1,0.71,0.36,676.9,677.9,675.5,2.0,,-3.094820579280202,Snow
2005-03-30,52645.0,青海,野牛沟,38.41666666666666,99.58333333333331,3320.0,2005,3,30,0.6,normal,-2.2,3.8,-4.5,0.77,0.4,677.5,678.0,675.5,2.4,,-3.6965765587396104,Snow
2005-03-31,52645.0,青海,野牛沟,38.41666666666666,99.58333333333331,3320.0,2005,3,31,0.5,normal,-4.0,3.9,-9.8,0.62,0.26,680.1,681.0,677.9,4.2,,-6.296536849919545,Snow
2005-04-01,52645.0,青海,野牛沟,38.41666666666666,99.58333333333331,3320.0,2005,4,1,0.1,normal,-3.2,4.0,-7.9,0.56,0.16,683.0,684.5,680.9,3.7,,-5.971191272243543,Snow
2005-04-02,52645.0,青海,野牛沟,38.41666666666666,99.58333333333331,3320.0,2005,4,2,0.0,无,-2.8,5.0,-9.7,0.49,0.12,685.3,686.8,682.3,4.2,,,无
2005-04-03,52645.0,青海,野牛沟,38.41666666666666,99.58333333333331,3320.0,2005,4,3,0.0,无,-3.1,8.0,-11.9,0.4,0.09,685.7,687.9,682.3,4.2,,,无
2005-04-04,52645.0,青海,野牛沟,38.41666666666666,99.58333333333331,3320.0,2005,4,4,0.0,无,-1.4,7.7,-11.3,0.36,0.09,680.1,684.0,676.3,3.7,,,无
2005-04-05,52645.0,青海,野牛沟,38.41666666666666,99.58333333333331,3320.0,2005,4,5,0.0,无,0.2,12.7,-10.3,0.34,0.08,676.1,677.4,672.8,6.0,,,无
2005-04-06,52645.0,青海,野牛沟,38.41666666666666,99.58333333333331,3320.0,2005,4,6,0.0,无,3.2,14.4,-5.2,0.33,0.12,671.6,677.3,667.3,6.1,,,无
2005-04-07,52645.0,青海,野牛沟,38.41666666666666,99.58333333333331,3320.0,2005,4,7,0.0,无,3.3,11.0,-2.0,0.47,0.3,672.5,675.0,669.0,4.7,,,无
2005-04-08,52645.0,青海,野牛沟,38.41666666666666,99.58333333333331,3320.0,2005,4,8,0.5,normal,-4.4,4.7,-6.4,0.59,0.4,677.4,680.7,673.3,2.3,,-6.841306375642806,Snow
2005-04-09,52645.0,青海,野牛沟,38.41666666666666,99.58333333333331,3320.0,2005,4,9,0.0,无,-4.3,3.4,-10.6,0.42,0.28,677.7,682.5,673.9,3.0,,,无
2005-04-10,52645.0,青海,野牛沟,38.41666666666666,99.58333333333331,3320.0,2005,4,10,0.9,normal,-5.2,0.5,-7.5,0.68,0.37,676.7,678.9,674.6,1.5,,-7.019620726545015,Snow
2005-04-11,52645.0,青海,野牛沟,38.41666666666666,99.58333333333331,3320.0,2005,4,11,0.0,无,-6.7,-1.2,-9.5,0.54,0.28,681.0,682.4,678.6,2.2,,,无
2005-04-12,52645.0,青海,野牛沟,38.41666666666666,99.58333333333331,3320.0,2005,4,12,0.0,无,-7.3,1.7,-15.0,0.38,0.07,684.0,686.1,681.7,3.5,,,无
2005-04-13,52645.0,青海,野牛沟,38.41666666666666,99.58333333333331,3320.0,2005,4,13,0.0,无,-4.9,4.0,-11.2,0.38,0.11,681.5,682.8,679.7,4.2,,,无
2005-04-14,52645.0,青海,野牛沟,38.41666666666666,99.58333333333331,3320.0,2005,4,14,0.1,normal,-5.1,3.0,-11.2,0.6,0.16,681.4,683.4,678.5,3.4,,-7.389757917884032,Snow
2005-04-15,52645.0,青海,野牛沟,38.41666666666666,99.58333333333331,3320.0,2005,4,15,0.0,无,-3.2,8.0,-11.8,0.49,0.1,682.5,683.9,680.5,4.6,,,无
2005-04-16,52645.0,青海,野牛沟,38.41666666666666,99.58333333333331,3320.0,2005,4,16,0.3,normal,-3.8,3.3,-5.9,0.67,0.2,683.5,684.3,681.6,1.7,,-5.7996480907884385,Snow
2005-04-17,52645.0,青海,野牛沟,38.41666666666666,99.58333333333331,3320.0,2005,4,17,0.0,无,-2.1,7.3,-10.1,0.54,0.1,683.0,685.0,679.4,4.0,,,无
2005-04-18,52645.0,青海,野牛沟,38.41666666666666,99.58333333333331,3320.0,2005,4,18,0.0,无,-3.1,4.4,-9.7,0.43,0.13,683.6,684.7,681.3,5.5,,,无
2005-04-19,52645.0,青海,野牛沟,38.41666666666666,99.58333333333331,3320.0,2005,4,19,0.0,无,-0.3,8.6,-10.0,0.22,0.11,686.0,687.9,682.7,8.7,,,无
2005-04-20,52645.0,青海,野牛沟,38.41666666666666,99.58333333333331,3320.0,2005,4,20,0.0,无,1.7,14.8,-10.4,0.27,0.08,684.5,686.8,680.9,7.7,,,无
2005-04-21,52645.0,青海,野牛沟,38.41666666666666,99.58333333333331,3320.0,2005,4,21,0.0,无,2.0,13.4,-9.1,0.29,0.06,682.0,683.6,678.8,7.7,,,无
2005-04-22,52645.0,青海,野牛沟,38.41666666666666,99.58333333333331,3320.0,2005,4,22,0.0,无,1.4,10.6,-6.9,0.37,0.11,683.0,684.2,680.2,7.1,,,无
2005-04-23,52645.0,青海,野牛沟,38.41666666666666,99.58333333333331,3320.0,2005,4,23,0.0,无,-0.1,7.9,-7.5,0.53,0.12,684.5,685.9,682.2,4.9,,,无
2005-04-24,52645.0,青海,野牛沟,38.41666666666666,99.58333333333331,3320.0,2005,4,24,0.0,无,-0.4,8.2,-9.0,0.45,0.14,684.9,686.3,683.1,5.5,,,无
2005-04-25,52645.0,青海,野牛沟,38.41666666666666,99.58333333333331,3320.0,2005,4,25,0.0,无,0.9,12.9,-9.5,0.41,0.08,682.9,685.2,679.2,6.6,,,无
2005-04-26,52645.0,青海,野牛沟,38.41666666666666,99.58333333333331,3320.0,2005,4,26,0.0,无,2.7,12.3,-7.9,0.35,0.14,682.5,684.6,679.8,6.7,,,无
2005-04-27,52645.0,青海,野牛沟,38.41666666666666,99.58333333333331,3320.0,2005,4,27,0.0,无,3.6,14.4,-7.0,0.42,0.16,679.4,681.4,676.5,5.8,,,无
2005-04-28,52645.0,青海,野牛沟,38.41666666666666,99.58333333333331,3320.0,2005,4,28,1.0,normal,3.8,11.3,1.3,0.66,0.25,678.8,680.4,676.3,3.8,,0.9234173823401859,Snow
2005-04-29,52645.0,青海,野牛沟,38.41666666666666,99.58333333333331,3320.0,2005,4,29,2.4,normal,5.1,12.6,0.7,0.68,0.29,677.8,678.8,675.6,4.8,,2.2630614635672464,Rain
2005-04-30,52645.0,青海,野牛沟,38.41666666666666,99.58333333333331,3320.0,2005,4,30,0.0,无,3.9,12.8,-3.8,0.58,0.24,680.8,681.8,678.4,5.4,,,无
2005-05-01,52645.0,青海,野牛沟,38.41666666666666,99.58333333333331,3320.0,2005,5,1,0.0,无,4.0,13.5,-1.2,0.53,0.23,680.9,682.6,678.4,5.4,,,无
2005-05-02,52645.0,青海,野牛沟,38.41666666666666,99.58333333333331,3320.0,2005,5,2,0.0,无,4.6,15.1,-3.2,0.6,0.15,680.6,682.6,677.4,5.1,,,无
2005-05-03,52645.0,青海,野牛沟,38.41666666666666,99.58333333333331,3320.0,2005,5,3,0.0,无,5.4,13.9,-3.5,0.55,0.23,677.8,679.8,675.7,4.8,,,无
2005-05-04,52645.0,青海,野牛沟,38.41666666666666,99.58333333333331,3320.0,2005,5,4,2.7,normal,1.6,11.3,-3.5,0.66,0.31,677.7,680.9,673.5,2.9,,-1.037397549717718,Snow
2005-05-05,52645.0,青海,野牛沟,38.41666666666666,99.58333333333331,3320.0,2005,5,5,1.1,normal,-3.7,10.4,-15.9,0.52,0.13,681.9,684.1,678.7,5.0,,-6.663304861741897,Snow
2005-05-06,52645.0,青海,野牛沟,38.41666666666666,99.58333333333331,3320.0,2005,5,6,0.0,无,2.4,14.1,-8.2,0.38,0.07,677.9,681.1,674.0,8.5,,,无
2005-05-07,52645.0,青海,野牛沟,38.41666666666666,99.58333333333331,3320.0,2005,5,7,0.0,无,3.4,12.7,-6.2,0.33,0.12,678.6,680.0,676.4,7.6,,,无
2005-05-08,52645.0,青海,野牛沟,38.41666666666666,99.58333333333331,3320.0,2005,5,8,0.0,无,3.7,15.9,-6.2,0.43,0.12,678.4,680.5,674.9,7.2,,,无
2005-05-09,52645.0,青海,野牛沟,38.41666666666666,99.58333333333331,3320.0,2005,5,9,0.0,无,6.1,13.0,-1.5,0.4,0.13,678.0,679.0,676.7,7.7,,,无
2005-05-10,52645.0,青海,野牛沟,38.41666666666666,99.58333333333331,3320.0,2005,5,10,0.0,无,5.4,15.4,-5.4,0.36,0.12,678.5,680.2,675.8,7.7,,,无
2005-05-11,52645.0,青海,野牛沟,38.41666666666666,99.58333333333331,3320.0,2005,5,11,0.0,无,5.9,15.4,-3.8,0.42,0.2,677.8,679.1,676.0,7.5,,,无
2005-05-12,52645.0,青海,野牛沟,38.41666666666666,99.58333333333331,3320.0,2005,5,12,0.0,无,7.5,11.5,4.6,0.36,0.21,679.0,680.2,677.4,8.4,,,无
2005-05-13,52645.0,青海,野牛沟,38.41666666666666,99.58333333333331,3320.0,2005,5,13,0.7,normal,4.3,10.3,-1.0,0.68,0.42,678.2,679.9,677.0,4.5,,1.5471806918455,Rain
2005-05-14,52645.0,青海,野牛沟,38.41666666666666,99.58333333333331,3320.0,2005,5,14,1.1,normal,3.8,10.1,-1.1,0.76,0.53,676.4,678.8,673.4,3.0,,1.7942378907681489,Rain
2005-05-15,52645.0,青海,野牛沟,38.41666666666666,99.58333333333331,3320.0,2005,5,15,0.6,normal,4.3,13.9,-0.7,0.7,0.31,677.2,678.8,673.7,5.9,,1.724862437237129,Rain
2005-05-16,52645.0,青海,野牛沟,38.41666666666666,99.58333333333331,3320.0,2005,5,16,3.0,normal,0.9,8.3,-3.0,0.7,0.39,680.0,681.1,675.8,4.0,,-1.3458422753451993,Snow
2005-05-17,52645.0,青海,野牛沟,38.41666666666666,99.58333333333331,3320.0,2005,5,17,5.5,normal,0.5,6.4,-2.9,0.77,0.41,681.7,682.8,680.6,3.1,,-1.1776248264793354,Snow
2005-05-18,52645.0,青海,野牛沟,38.41666666666666,99.58333333333331,3320.0,2005,5,18,0.2,normal,2.4,7.5,-0.4,0.69,0.33,680.8,682.3,679.0,3.7,,-0.06898808412495239,Snow
2005-05-19,52645.0,青海,野牛沟,38.41666666666666,99.58333333333331,3320.0,2005,5,19,4.3,normal,-0.1,7.3,-7.1,0.65,0.34,681.6,682.9,679.4,5.4,,-2.6217786031778845,Snow
2005-05-20,52645.0,青海,野牛沟,38.41666666666666,99.58333333333331,3320.0,2005,5,20,0.0,无,4.1,10.9,-2.6,0.47,0.1,681.3,682.8,679.3,6.8,,,无
2005-05-21,52645.0,青海,野牛沟,38.41666666666666,99.58333333333331,3320.0,2005,5,21,0.2,normal,3.9,11.4,-2.3,0.59,0.27,680.3,681.7,678.4,4.3,,0.3869784913597618,Snow
2005-05-22,52645.0,青海,野牛沟,38.41666666666666,99.58333333333331,3320.0,2005,5,22,1.6,normal,2.6,7.2,0.3,0.78,0.4,680.6,681.2,679.3,3.0,,0.8539076123288725,Snow
2005-05-23,52645.0,青海,野牛沟,38.41666666666666,99.58333333333331,3320.0,2005,5,23,2.3,normal,1.3,9.6,-3.5,0.76,0.23,682.0,683.1,679.6,4.5,,-0.5110720554079728,Snow
2005-05-24,52645.0,青海,野牛沟,38.41666666666666,99.58333333333331,3320.0,2005,5,24,0.0,无,3.3,10.4,-2.9,0.66,0.29,681.9,682.9,680.7,4.3,,,无
2005-05-25,52645.0,青海,野牛沟,38.41666666666666,99.58333333333331,3320.0,2005,5,25,3.8,normal,3.1,12.5,-3.9,0.67,0.27,681.2,682.5,679.4,3.5,,0.3914584602328963,Snow
2005-05-26,52645.0,青海,野牛沟,38.41666666666666,99.58333333333331,3320.0,2005,5,26,2.0,normal,2.4,11.3,-6.7,0.66,0.41,681.9,683.4,679.7,3.0,,-0.316117817408057,Snow
2005-05-27,52645.0,青海,野牛沟,38.41666666666666,99.58333333333331,3320.0,2005,5,27,0.0,无,6.9,15.0,-0.9,0.59,0.28,680.0,682.0,677.0,4.4,,,无
2005-05-28,52645.0,青海,野牛沟,38.41666666666666,99.58333333333331,3320.0,2005,5,28,10.4,normal,5.7,11.7,0.9,0.72,0.42,679.6,682.9,676.3,2.9,,3.1815423315331737,Rain
2005-05-29,52645.0,青海,野牛沟,38.41666666666666,99.58333333333331,3320.0,2005,5,29,0.0,无,5.3,14.9,-1.9,0.63,0.24,683.6,685.6,681.4,5.2,,,无
2005-05-30,52645.0,青海,野牛沟,38.41666666666666,99.58333333333331,3320.0,2005,5,30,0.0,无,5.9,12.9,-0.5,0.67,0.31,682.4,683.6,680.1,4.0,,,无
2005-05-31,52645.0,青海,野牛沟,38.41666666666666,99.58333333333331,3320.0,2005,5,31,0.0,无,8.6,14.9,2.4,0.5,0.13,681.6,682.6,680.2,9.2,,,无
2005-06-01,52645.0,青海,野牛沟,38.41666666666666,99.58333333333331,3320.0,2005,6,1,0.0,无,7.4,16.7,-2.2,0.52,0.22,680.8,682.3,678.5,7.4,,,无
2005-06-02,52645.0,青海,野牛沟,38.41666666666666,99.58333333333331,3320.0,2005,6,2,0.6,normal,5.8,14.8,1.5,0.66,0.3,679.7,680.7,677.7,5.0,,2.7021482628865767,Rain
2005-06-03,52645.0,青海,野牛沟,38.41666666666666,99.58333333333331,3320.0,2005,6,3,0.3,normal,7.3,13.9,1.8,0.66,0.35,680.7,681.8,678.9,4.6,,4.035304602946552,Rain
2005-06-04,52645.0,青海,野牛沟,38.41666666666666,99.58333333333331,3320.0,2005,6,4,0.1,normal,7.0,13.7,2.4,0.66,0.36,681.3,681.9,679.2,4.9,,3.77043021648531,Rain
2005-06-05,52645.0,青海,野牛沟,38.41666666666666,99.58333333333331,3320.0,2005,6,5,0.0,无,8.0,14.9,1.1,0.46,0.1,683.2,684.8,681.4,10.0,,,无
2005-06-06,52645.0,青海,野牛沟,38.41666666666666,99.58333333333331,3320.0,2005,6,6,0.0,无,6.3,16.5,-4.6,0.37,0.1,681.6,683.2,679.2,8.0,,,无
2005-06-07,52645.0,青海,野牛沟,38.41666666666666,99.58333333333331,3320.0,2005,6,7,0.0,无,6.6,17.4,-4.5,0.4,0.14,680.3,682.7,677.1,7.7,,,无
2005-06-08,52645.0,青海,野牛沟,38.41666666666666,99.58333333333331,3320.0,2005,6,8,5.5,normal,5.2,11.1,1.5,0.7,0.3,681.1,681.8,678.9,4.5,,2.544608108774953,Rain
2005-06-09,52645.0,青海,野牛沟,38.41666666666666,99.58333333333331,3320.0,2005,6,9,0.0,无,5.5,14.0,-1.6,0.66,0.25,682.0,683.1,679.6,5.6,,,无
2005-06-10,52645.0,青海,野牛沟,38.41666666666666,99.58333333333331,3320.0,2005,6,10,0.3,normal,8.7,15.9,1.7,0.57,0.2,680.3,682.8,678.0,6.7,,4.297039187629346,Rain
2005-06-11,52645.0,青海,野牛沟,38.41666666666666,99.58333333333331,3320.0,2005,6,11,0.2,normal,8.0,16.6,-0.9,0.58,0.25,679.7,680.8,677.9,6.4,,3.807413811212812,Rain
2005-06-12,52645.0,青海,野牛沟,38.41666666666666,99.58333333333331,3320.0,2005,6,12,0.0,无,8.8,17.4,0.5,0.47,0.17,679.8,680.6,678.5,8.2,,,无
2005-06-13,52645.0,青海,野牛沟,38.41666666666666,99.58333333333331,3320.0,2005,6,13,0.5,normal,9.5,17.1,1.6,0.49,0.22,681.8,682.5,679.9,6.1,,4.05645162849416,Rain
2005-06-14,52645.0,青海,野牛沟,38.41666666666666,99.58333333333331,3320.0,2005,6,14,0.0,无,9.6,18.1,-0.8,0.52,0.25,683.0,684.1,681.0,6.6,,,无
2005-06-15,52645.0,青海,野牛沟,38.41666666666666,99.58333333333331,3320.0,2005,6,15,3.7,normal,6.9,13.8,4.6,0.7,0.33,684.0,684.4,682.9,2.9,,4.084018916397718,Rain
2005-06-16,52645.0,青海,野牛沟,38.41666666666666,99.58333333333331,3320.0,2005,6,16,0.0,无,6.4,15.7,-0.5,0.68,0.25,684.6,685.4,682.9,5.3,,,无
2005-06-17,52645.0,青海,野牛沟,38.41666666666666,99.58333333333331,3320.0,2005,6,17,11.4,normal,6.3,8.9,3.0,0.78,0.6,684.8,685.6,683.9,3.0,,4.304504574021615,Rain
2005-06-18,52645.0,青海,野牛沟,38.41666666666666,99.58333333333331,3320.0,2005,6,18,0.0,无,7.7,16.2,0.4,0.65,0.31,683.7,685.2,681.4,4.8,,,无
2005-06-19,52645.0,青海,野牛沟,38.41666666666666,99.58333333333331,3320.0,2005,6,19,0.8,normal,8.4,17.4,1.6,0.65,0.27,682.8,683.7,681.4,5.8,,4.909428760870065,Rain
2005-06-20,52645.0,青海,野牛沟,38.41666666666666,99.58333333333331,3320.0,2005,6,20,2.7,normal,7.6,10.8,4.6,0.71,0.55,683.8,684.9,682.6,2.8,,4.816030138356866,Rain
2005-06-21,52645.0,青海,野牛沟,38.41666666666666,99.58333333333331,3320.0,2005,6,21,0.0,无,8.9,18.6,-0.5,0.64,0.24,683.1,684.6,680.9,7.0,,,无
2005-06-22,52645.0,青海,野牛沟,38.41666666666666,99.58333333333331,3320.0,2005,6,22,4.7,normal,8.6,17.7,2.1,0.65,0.29,682.9,683.9,680.6,6.1,,5.086209753344089,Rain
2005-06-23,52645.0,青海,野牛沟,38.41666666666666,99.58333333333331,3320.0,2005,6,23,10.3,normal,7.9,15.5,3.0,0.74,0.38,683.1,684.6,680.7,4.9,,5.390630588175429,Rain
2005-06-24,52645.0,青海,野牛沟,38.41666666666666,99.58333333333331,3320.0,2005,6,24,9.3,normal,5.5,13.6,0.9,0.8,0.37,683.2,684.5,680.4,3.6,,3.7397696801452485,Rain
2005-06-25,52645.0,青海,野牛沟,38.41666666666666,99.58333333333331,3320.0,2005,6,25,1.3,normal,8.3,16.7,0.5,0.57,0.2,681.4,683.9,678.8,6.7,,3.95987066404476,Rain
2005-06-26,52645.0,青海,野牛沟,38.41666666666666,99.58333333333331,3320.0,2005,6,26,0.0,无,8.0,16.3,1.8,0.66,0.28,679.5,680.1,677.6,5.1,,,无
2005-06-27,52645.0,青海,野牛沟,38.41666666666666,99.58333333333331,3320.0,2005,6,27,17.8,normal,5.9,12.9,0.3,0.76,0.31,679.2,680.7,677.2,3.9,,3.7388453452449477,Rain
2005-06-28,52645.0,青海,野牛沟,38.41666666666666,99.58333333333331,3320.0,2005,6,28,0.1,normal,9.4,16.8,1.2,0.59,0.22,678.3,680.0,676.3,6.7,,5.113152868349977,Rain
2005-06-29,52645.0,青海,野牛沟,38.41666666666666,99.58333333333331,3320.0,2005,6,29,0.0,无,10.9,18.7,4.1,0.57,0.27,679.1,680.0,676.7,6.6,,,无
2005-06-30,52645.0,青海,野牛沟,38.41666666666666,99.58333333333331,3320.0,2005,6,30,2.2,normal,11.0,16.2,7.7,0.64,0.45,680.2,681.5,678.3,6.1,,7.081949924493345,Rain
2005-07-01,52645.0,青海,野牛沟,38.41666666666666,99.58333333333331,3320.0,2005,7,1,20.8,normal,5.4,10.1,2.3,0.85,0.68,681.9,682.6,679.8,0.5,,4.093225998817442,Rain
2005-07-02,52645.0,青海,野牛沟,38.41666666666666,99.58333333333331,3320.0,2005,7,2,1.3,normal,9.1,15.5,2.7,0.66,0.3,681.7,683.0,679.8,6.1,,5.633590052316877,Rain
2005-07-03,52645.0,青海,野牛沟,38.41666666666666,99.58333333333331,3320.0,2005,7,3,6.8,normal,10.8,16.6,6.2,0.67,0.35,681.7,683.2,679.3,6.8,,7.25542104282249,Rain
2005-07-04,52645.0,青海,野牛沟,38.41666666666666,99.58333333333331,3320.0,2005,7,4,5.1,normal,7.8,13.6,6.0,0.74,0.49,681.2,682.1,679.9,2.0,,5.2960643493809245,Rain
2005-07-05,52645.0,青海,野牛沟,38.41666666666666,99.58333333333331,3320.0,2005,7,5,0.7,normal,10.6,14.3,5.9,0.7,0.54,681.0,681.5,680.3,2.6,,7.4154166414099665,Rain
2005-07-06,52645.0,青海,野牛沟,38.41666666666666,99.58333333333331,3320.0,2005,7,6,0.0,无,11.8,19.8,4.8,0.67,0.34,681.3,682.1,679.8,5.4,,,无
2005-07-07,52645.0,青海,野牛沟,38.41666666666666,99.58333333333331,3320.0,2005,7,7,1.9,normal,11.4,14.4,9.1,0.69,0.44,682.9,683.5,681.4,2.1,,8.024723619757662,Rain
2005-07-08,52645.0,青海,野牛沟,38.41666666666666,99.58333333333331,3320.0,2005,7,8,0.0,无,11.2,16.1,7.6,0.64,0.38,683.5,684.6,682.3,4.3,,,无
2005-07-09,52645.0,青海,野牛沟,38.41666666666666,99.58333333333331,3320.0,2005,7,9,9.2,normal,7.5,12.9,5.9,0.8,0.43,683.5,684.2,682.5,2.8,,5.615034038161144,Rain
2005-07-10,52645.0,青海,野牛沟,38.41666666666666,99.58333333333331,3320.0,2005,7,10,0.0,无,9.7,17.0,1.6,0.61,0.27,685.3,686.5,683.6,6.2,,,无
2005-07-11,52645.0,青海,野牛沟,38.41666666666666,99.58333333333331,3320.0,2005,7,11,0.0,无,10.7,18.8,1.8,0.55,0.22,686.1,687.8,683.6,7.2,,,无
2005-07-12,52645.0,青海,野牛沟,38.41666666666666,99.58333333333331,3320.0,2005,7,12,3.4,normal,9.2,16.0,3.8,0.71,0.38,685.1,686.7,683.1,5.7,,6.267138457316883,Rain
2005-07-13,52645.0,青海,野牛沟,38.41666666666666,99.58333333333331,3320.0,2005,7,13,0.2,normal,11.6,21.6,3.3,0.63,0.24,683.1,685.1,680.7,6.8,,7.4963192623422215,Rain
2005-07-14,52645.0,青海,野牛沟,38.41666666666666,99.58333333333331,3320.0,2005,7,14,0.0,无,13.0,20.7,3.8,0.62,0.27,684.1,685.8,681.6,7.6,,,无
2005-07-15,52645.0,青海,野牛沟,38.41666666666666,99.58333333333331,3320.0,2005,7,15,0.0,无,13.7,23.0,3.8,0.55,0.21,683.0,684.5,680.8,8.4,,,无
2005-07-16,52645.0,青海,野牛沟,38.41666666666666,99.58333333333331,3320.0,2005,7,16,0.0,无,14.0,23.8,3.2,0.52,0.14,680.4,682.6,677.5,8.9,,,无
2005-07-17,52645.0,青海,野牛沟,38.41666666666666,99.58333333333331,3320.0,2005,7,17,0.0,无,11.5,20.9,4.0,0.6,0.24,680.1,681.6,678.0,7.6,,,无
2005-07-18,52645.0,青海,野牛沟,38.41666666666666,99.58333333333331,3320.0,2005,7,18,0.0,无,11.9,14.3,10.3,0.73,0.59,681.5,682.1,680.0,3.5,,,无
2005-07-19,52645.0,青海,野牛沟,38.41666666666666,99.58333333333331,3320.0,2005,7,19,15.8,normal,8.2,12.8,4.7,0.75,0.51,685.4,687.0,682.0,4.3,,5.770682231995257,Rain
2005-07-20,52645.0,青海,野牛沟,38.41666666666666,99.58333333333331,3320.0,2005,7,20,0.4,normal,8.1,14.8,2.4,0.66,0.33,685.7,687.2,683.1,4.5,,4.75530361046657,Rain
2005-07-21,52645.0,青海,野牛沟,38.41666666666666,99.58333333333331,3320.0,2005,7,21,0.0,无,9.2,17.8,-0.1,0.59,0.22,684.2,685.4,682.0,6.0,,,无
2005-07-22,52645.0,青海,野牛沟,38.41666666666666,99.58333333333331,3320.0,2005,7,22,6.2,normal,11.0,18.3,5.0,0.58,0.22,684.7,686.1,682.9,7.7,,6.384101228704959,Rain
2005-07-23,52645.0,青海,野牛沟,38.41666666666666,99.58333333333331,3320.0,2005,7,23,0.0,无,11.8,20.8,2.6,0.62,0.17,684.2,685.7,682.1,7.2,,,无
2005-07-24,52645.0,青海,野牛沟,38.41666666666666,99.58333333333331,3320.0,2005,7,24,0.0,无,13.4,22.3,3.7,0.55,0.19,683.2,684.5,681.5,8.1,,,无
2005-07-25,52645.0,青海,野牛沟,38.41666666666666,99.58333333333331,3320.0,2005,7,25,0.0,无,12.9,22.3,3.9,0.58,0.28,682.3,683.7,680.4,7.3,,,无
2005-07-26,52645.0,青海,野牛沟,38.41666666666666,99.58333333333331,3320.0,2005,7,26,5.0,normal,10.8,14.7,8.4,0.78,0.48,682.5,683.4,681.8,2.9,,8.489209813649442,Rain
2005-07-27,52645.0,青海,野牛沟,38.41666666666666,99.58333333333331,3320.0,2005,7,27,1.0,normal,11.1,21.1,5.1,0.76,0.33,682.2,683.1,679.5,5.5,,8.54589060407655,Rain
2005-07-28,52645.0,青海,野牛沟,38.41666666666666,99.58333333333331,3320.0,2005,7,28,4.4,normal,12.6,19.1,6.2,0.74,0.38,682.0,683.2,679.9,5.6,,9.696797265951108,Rain
2005-07-29,52645.0,青海,野牛沟,38.41666666666666,99.58333333333331,3320.0,2005,7,29,8.6,normal,11.9,19.0,8.1,0.76,0.41,682.5,683.3,680.6,5.8,,9.285408489651083,Rain
2005-07-30,52645.0,青海,野牛沟,38.41666666666666,99.58333333333331,3320.0,2005,7,30,6.4,normal,11.7,16.8,7.9,0.72,0.44,682.5,683.4,681.0,5.5,,8.642243909973569,Rain
2005-07-31,52645.0,青海,野牛沟,38.41666666666666,99.58333333333331,3320.0,2005,7,31,3.1,normal,11.2,21.5,4.8,0.71,0.24,682.6,683.7,680.2,6.0,,8.07379908359794,Rain
2005-08-01,52645.0,青海,野牛沟,38.41666666666666,99.58333333333331,3320.0,2005,8,1,2.8,normal,10.8,15.9,6.9,0.78,0.52,682.9,683.9,681.8,3.2,,8.489715004539683,Rain
2005-08-02,52645.0,青海,野牛沟,38.41666666666666,99.58333333333331,3320.0,2005,8,2,0.0,无,11.3,18.1,2.7,0.57,0.26,683.4,684.3,682.1,6.5,,,无
2005-08-03,52645.0,青海,野牛沟,38.41666666666666,99.58333333333331,3320.0,2005,8,3,0.0,无,10.8,20.2,1.4,0.57,0.27,682.4,683.7,680.4,6.8,,,无
2005-08-04,52645.0,青海,野牛沟,38.41666666666666,99.58333333333331,3320.0,2005,8,4,0.4,normal,10.1,17.3,5.7,0.67,0.32,681.9,682.6,680.7,3.2,,6.632582771049633,Rain
2005-08-05,52645.0,青海,野牛沟,38.41666666666666,99.58333333333331,3320.0,2005,8,5,7.0,normal,8.5,13.2,6.7,0.81,0.58,682.0,683.6,680.6,2.8,,6.651419241404626,Rain
2005-08-06,52645.0,青海,野牛沟,38.41666666666666,99.58333333333331,3320.0,2005,8,6,0.0,无,10.1,20.0,1.2,0.66,0.29,680.4,682.3,677.9,5.6,,,无
2005-08-07,52645.0,青海,野牛沟,38.41666666666666,99.58333333333331,3320.0,2005,8,7,0.0,无,11.2,20.3,2.9,0.64,0.29,679.0,680.1,676.9,7.0,,,无
2005-08-08,52645.0,青海,野牛沟,38.41666666666666,99.58333333333331,3320.0,2005,8,8,1.7,normal,12.2,20.0,6.9,0.74,0.34,679.2,679.8,677.4,5.1,,9.325762200538442,Rain
2005-08-09,52645.0,青海,野牛沟,38.41666666666666,99.58333333333331,3320.0,2005,8,9,2.2,normal,13.0,21.6,5.2,0.63,0.25,680.3,681.6,678.7,7.1,,8.714356760107137,Rain
2005-08-10,52645.0,青海,野牛沟,38.41666666666666,99.58333333333331,3320.0,2005,8,10,18.8,normal,9.6,17.1,7.1,0.79,0.35,679.8,680.7,678.3,2.3,,7.474360397022806,Rain
2005-08-11,52645.0,青海,野牛沟,38.41666666666666,99.58333333333331,3320.0,2005,8,11,8.4,normal,10.2,15.6,7.7,0.77,0.5,681.0,681.8,679.7,4.3,,7.821086070776286,Rain
2005-08-12,52645.0,青海,野牛沟,38.41666666666666,99.58333333333331,3320.0,2005,8,12,0.0,无,11.2,21.2,4.8,0.72,0.24,682.1,683.5,680.5,5.3,,,无
2005-08-13,52645.0,青海,野牛沟,38.41666666666666,99.58333333333331,3320.0,2005,8,13,0.2,normal,11.5,17.6,5.4,0.72,0.45,682.3,683.1,680.8,2.8,,8.460031493728387,Rain
2005-08-14,52645.0,青海,野牛沟,38.41666666666666,99.58333333333331,3320.0,2005,8,14,17.7,normal,9.4,13.9,9.0,0.84,0.58,684.1,685.9,682.0,2.5,,7.8090854232384865,Rain
2005-08-15,52645.0,青海,野牛沟,38.41666666666666,99.58333333333331,3320.0,2005,8,15,2.1,normal,8.1,11.3,6.7,0.81,0.67,685.8,686.8,684.4,2.0,,6.279215886449534,Rain
2005-08-16,52645.0,青海,野牛沟,38.41666666666666,99.58333333333331,3320.0,2005,8,16,4.1,normal,9.0,17.6,3.1,0.7,0.26,685.2,686.7,683.0,5.9,,5.980215148999002,Rain
2005-08-17,52645.0,青海,野牛沟,38.41666666666666,99.58333333333331,3320.0,2005,8,17,0.0,无,10.0,19.4,2.6,0.67,0.24,682.9,685.2,680.1,5.2,,,无
2005-08-18,52645.0,青海,野牛沟,38.41666666666666,99.58333333333331,3320.0,2005,8,18,6.6,normal,10.5,17.5,6.2,0.73,0.38,681.9,682.9,680.8,3.3,,7.661014030771551,Rain
2005-08-19,52645.0,青海,野牛沟,38.41666666666666,99.58333333333331,3320.0,2005,8,19,4.8,normal,7.1,11.7,4.1,0.84,0.64,681.7,683.1,680.5,1.2,,5.6201558800315565,Rain
2005-08-20,52645.0,青海,野牛沟,38.41666666666666,99.58333333333331,3320.0,2005,8,20,0.3,normal,7.7,15.5,1.3,0.68,0.28,682.3,683.3,680.6,5.2,,4.598722983384644,Rain
2005-08-21,52645.0,青海,野牛沟,38.41666666666666,99.58333333333331,3320.0,2005,8,21,15.8,normal,6.5,10.2,3.1,0.8,0.55,681.7,683.0,680.1,2.2,,4.675565287804031,Rain
2005-08-22,52645.0,青海,野牛沟,38.41666666666666,99.58333333333331,3320.0,2005,8,22,1.5,normal,7.6,13.7,2.8,0.67,0.25,683.0,683.8,681.3,5.0,,4.408605747598799,Rain
2005-08-23,52645.0,青海,野牛沟,38.41666666666666,99.58333333333331,3320.0,2005,8,23,0.0,无,6.8,18.5,-1.0,0.67,0.18,684.2,685.1,682.9,5.4,,,无
2005-08-24,52645.0,青海,野牛沟,38.41666666666666,99.58333333333331,3320.0,2005,8,24,0.1,normal,7.9,16.4,1.3,0.72,0.35,684.2,685.3,682.0,4.5,,5.190063813783108,Rain
2005-08-25,52645.0,青海,野牛沟,38.41666666666666,99.58333333333331,3320.0,2005,8,25,0.0,无,9.1,18.1,1.8,0.67,0.29,683.1,684.7,681.2,4.4,,,无
2005-08-26,52645.0,青海,野牛沟,38.41666666666666,99.58333333333331,3320.0,2005,8,26,0.0,无,9.4,17.1,0.9,0.61,0.22,682.0,683.8,679.6,5.4,,,无
2005-08-27,52645.0,青海,野牛沟,38.41666666666666,99.58333333333331,3320.0,2005,8,27,2.5,normal,10.5,16.8,7.6,0.73,0.4,680.7,681.5,679.2,4.1,,7.659092090432575,Rain
2005-08-28,52645.0,青海,野牛沟,38.41666666666666,99.58333333333331,3320.0,2005,8,28,4.6,normal,10.3,17.8,5.2,0.69,0.36,681.9,683.0,680.4,5.8,,7.035000975686203,Rain
2005-08-29,52645.0,青海,野牛沟,38.41666666666666,99.58333333333331,3320.0,2005,8,29,0.0,无,9.0,19.1,1.1,0.7,0.34,683.3,685.2,680.5,5.4,,,无
2005-08-30,52645.0,青海,野牛沟,38.41666666666666,99.58333333333331,3320.0,2005,8,30,3.4,normal,10.1,15.3,8.4,0.79,0.53,682.9,683.4,681.6,3.4,,7.945138047672775,Rain
2005-08-31,52645.0,青海,野牛沟,38.41666666666666,99.58333333333331,3320.0,2005,8,31,3.3,normal,8.6,16.1,3.9,0.79,0.48,684.3,685.4,682.8,3.0,,6.545787063156667,Rain
2005-09-01,52645.0,青海,野牛沟,38.41666666666666,99.58333333333331,3320.0,2005,9,1,2.4,normal,9.1,14.9,5.9,0.75,0.45,687.8,688.9,685.3,3.1,,6.602173530318027,Rain
2005-09-02,52645.0,青海,野牛沟,38.41666666666666,99.58333333333331,3320.0,2005,9,2,0.0,无,8.3,16.9,3.0,0.73,0.34,688.8,690.1,686.7,4.2,,,无
2005-09-03,52645.0,青海,野牛沟,38.41666666666666,99.58333333333331,3320.0,2005,9,3,1.7,normal,6.6,13.8,1.4,0.75,0.5,687.1,688.9,685.6,2.2,,4.301038320268256,Rain
2005-09-04,52645.0,青海,野牛沟,38.41666666666666,99.58333333333331,3320.0,2005,9,4,0.0,无,5.7,14.2,0.2,0.7,0.27,686.6,687.5,684.5,3.7,,,无
2005-09-05,52645.0,青海,野牛沟,38.41666666666666,99.58333333333331,3320.0,2005,9,5,1.1,normal,5.5,13.3,1.8,0.75,0.23,686.5,687.5,684.0,4.3,,3.2877874773717997,Rain
2005-09-06,52645.0,青海,野牛沟,38.41666666666666,99.58333333333331,3320.0,2005,9,6,1.3,normal,3.3,12.1,-2.6,0.73,0.3,687.4,688.7,686.0,2.3,,1.0941984402751492,Snow
2005-09-07,52645.0,青海,野牛沟,38.41666666666666,99.58333333333331,3320.0,2005,9,7,0.0,无,3.4,13.8,-4.0,0.7,0.23,688.8,689.9,687.2,4.1,,,无
2005-09-08,52645.0,青海,野牛沟,38.41666666666666,99.58333333333331,3320.0,2005,9,8,0.0,无,6.0,18.9,-3.8,0.63,0.22,686.7,689.1,683.8,4.6,,,无
2005-09-09,52645.0,青海,野牛沟,38.41666666666666,99.58333333333331,3320.0,2005,9,9,0.0,无,8.0,20.6,-0.3,0.64,0.17,684.3,685.7,682.0,4.8,,,无
2005-09-10,52645.0,青海,野牛沟,38.41666666666666,99.58333333333331,3320.0,2005,9,10,1.9,normal,8.7,15.4,6.1,0.69,0.41,683.8,684.6,682.5,3.0,,5.601781182650307,Rain
2005-09-11,52645.0,青海,野牛沟,38.41666666666666,99.58333333333331,3320.0,2005,9,11,33.4,normal,2.0,7.7,0.6,0.9,0.74,685.1,685.8,683.9,0.4,,1.2386540302414906,Snow
2005-09-12,52645.0,青海,野牛沟,38.41666666666666,99.58333333333331,3320.0,2005,9,12,7.4,normal,3.8,10.3,0.2,0.81,0.47,686.0,687.1,684.7,3.3,,2.2334009523975817,Snow
2005-09-13,52645.0,青海,野牛沟,38.41666666666666,99.58333333333331,3320.0,2005,9,13,0.0,无,7.1,15.4,2.9,0.69,0.24,685.3,686.6,683.4,3.7,,,无
2005-09-14,52645.0,青海,野牛沟,38.41666666666666,99.58333333333331,3320.0,2005,9,14,0.0,无,7.9,15.7,2.4,0.72,0.4,684.5,686.0,682.5,3.5,,,无
2005-09-15,52645.0,青海,野牛沟,38.41666666666666,99.58333333333331,3320.0,2005,9,15,15.4,normal,5.9,12.0,1.0,0.7,0.34,684.5,686.1,682.0,4.8,,3.1825835117235046,Rain
2005-09-16,52645.0,青海,野牛沟,38.41666666666666,99.58333333333331,3320.0,2005,9,16,0.1,normal,3.9,12.5,-2.7,0.63,0.23,685.1,686.3,683.2,4.0,,0.7584199935732316,Snow
2005-09-17,52645.0,青海,野牛沟,38.41666666666666,99.58333333333331,3320.0,2005,9,17,0.0,无,5.4,16.5,-3.1,0.6,0.13,684.0,685.7,681.6,4.8,,,无
2005-09-18,52645.0,青海,野牛沟,38.41666666666666,99.58333333333331,3320.0,2005,9,18,0.0,无,6.2,16.4,-2.5,0.58,0.19,684.8,686.2,682.3,4.2,,,无
2005-09-19,52645.0,青海,野牛沟,38.41666666666666,99.58333333333331,3320.0,2005,9,19,3.6,normal,4.7,13.5,-1.5,0.72,0.41,684.4,685.4,681.7,2.4,,2.279488526215041,Rain
2005-09-20,52645.0,青海,野牛沟,38.41666666666666,99.58333333333331,3320.0,2005,9,20,3.6,normal,5.6,12.7,2.3,0.7,0.28,685.2,686.1,684.1,3.8,,2.913057087093045,Rain
2005-09-21,52645.0,青海,野牛沟,38.41666666666666,99.58333333333331,3320.0,2005,9,21,0.0,无,4.6,14.1,-2.5,0.68,0.26,686.0,687.0,683.5,3.7,,,无
2005-09-22,52645.0,青海,野牛沟,38.41666666666666,99.58333333333331,3320.0,2005,9,22,0.0,无,4.7,13.8,0.3,0.68,0.22,685.1,686.8,681.8,4.8,,,无
2005-09-23,52645.0,青海,野牛沟,38.41666666666666,99.58333333333331,3320.0,2005,9,23,0.0,无,4.0,14.1,-3.6,0.62,0.21,685.1,686.2,682.6,4.4,,,无
2005-09-24,52645.0,青海,野牛沟,38.41666666666666,99.58333333333331,3320.0,2005,9,24,0.7,normal,5.5,11.5,2.2,0.68,0.33,684.4,686.3,682.3,3.0,,2.6340224905191567,Rain
2005-09-25,52645.0,青海,野牛沟,38.41666666666666,99.58333333333331,3320.0,2005,9,25,0.0,无,5.1,13.2,-2.2,0.66,0.29,683.1,684.5,680.8,3.3,,,无
2005-09-26,52645.0,青海,野牛沟,38.41666666666666,99.58333333333331,3320.0,2005,9,26,5.6,normal,4.8,11.6,0.5,0.74,0.32,683.9,685.3,682.0,4.2,,2.549879852783774,Rain
2005-09-27,52645.0,青海,野牛沟,38.41666666666666,99.58333333333331,3320.0,2005,9,27,5.0,normal,6.5,12.6,3.1,0.7,0.41,683.8,685.3,682.0,3.5,,3.7227696827711876,Rain
2005-09-28,52645.0,青海,野牛沟,38.41666666666666,99.58333333333331,3320.0,2005,9,28,7.6,normal,5.9,9.5,2.5,0.8,0.59,682.8,684.1,681.1,2.0,,4.114335481041196,Rain
2005-09-29,52645.0,青海,野牛沟,38.41666666666666,99.58333333333331,3320.0,2005,9,29,5.5,normal,4.8,10.5,1.2,0.78,0.51,683.9,685.0,681.8,2.0,,2.9071285531767144,Rain
2005-09-30,52645.0,青海,野牛沟,38.41666666666666,99.58333333333331,3320.0,2005,9,30,1.3,normal,4.1,10.5,0.9,0.73,0.46,684.9,686.4,682.7,2.6,,1.8217543616711795,Rain
2005-10-01,52645.0,青海,野牛沟,38.41666666666666,99.58333333333331,3320.0,2005,10,1,8.0,normal,1.1,5.3,-1.1,0.85,0.66,686.9,688.2,685.1,2.0,,-0.006996847257876304,Snow
2005-10-02,52645.0,青海,野牛沟,38.41666666666666,99.58333333333331,3320.0,2005,10,2,4.7,normal,0.8,7.9,-3.2,0.78,0.39,686.8,688.5,684.7,2.1,,-0.816755453077227,Snow
2005-10-03,52645.0,青海,野牛沟,38.41666666666666,99.58333333333331,3320.0,2005,10,3,0.0,无,2.0,10.7,-3.8,0.71,0.31,684.6,686.8,681.6,2.6,,,无
2005-10-04,52645.0,青海,野牛沟,38.41666666666666,99.58333333333331,3320.0,2005,10,4,0.0,无,3.3,12.0,-4.4,0.63,0.2,683.4,685.1,681.1,2.9,,,无
2005-10-05,52645.0,青海,野牛沟,38.41666666666666,99.58333333333331,3320.0,2005,10,5,3.2,normal,1.1,7.7,-2.5,0.79,0.43,684.0,685.8,682.1,0.4,,-0.4639324194096739,Snow
2005-10-06,52645.0,青海,野牛沟,38.41666666666666,99.58333333333331,3320.0,2005,10,6,2.1,normal,-0.8,7.0,-6.3,0.74,0.32,688.0,689.4,685.7,2.8,,-2.590714103044056,Snow
2005-10-07,52645.0,青海,野牛沟,38.41666666666666,99.58333333333331,3320.0,2005,10,7,0.0,无,0.1,8.2,-5.6,0.68,0.27,688.1,689.6,685.7,2.2,,,无
2005-10-08,52645.0,青海,野牛沟,38.41666666666666,99.58333333333331,3320.0,2005,10,8,0.0,无,0.2,10.1,-6.2,0.64,0.23,686.9,688.7,684.4,2.3,,,无
2005-10-09,52645.0,青海,野牛沟,38.41666666666666,99.58333333333331,3320.0,2005,10,9,0.0,无,1.5,12.5,-6.0,0.58,0.12,684.9,686.8,682.0,2.8,,,无
2005-10-10,52645.0,青海,野牛沟,38.41666666666666,99.58333333333331,3320.0,2005,10,10,0.0,无,1.1,9.2,-5.8,0.63,0.26,682.8,683.7,680.7,1.4,,,无
2005-10-11,52645.0,青海,野牛沟,38.41666666666666,99.58333333333331,3320.0,2005,10,11,0.0,无,1.6,11.2,-5.8,0.65,0.26,684.1,685.3,681.4,2.4,,,无
2005-10-12,52645.0,青海,野牛沟,38.41666666666666,99.58333333333331,3320.0,2005,10,12,0.3,normal,-0.1,8.3,-4.4,0.73,0.24,683.7,685.2,681.8,1.6,,-2.025446165466387,Snow
2005-10-13,52645.0,青海,野牛沟,38.41666666666666,99.58333333333331,3320.0,2005,10,13,0.0,无,-1.8,6.3,-7.1,0.62,0.13,685.4,687.2,683.1,2.4,,,无
2005-10-14,52645.0,青海,野牛沟,38.41666666666666,99.58333333333331,3320.0,2005,10,14,0.0,无,-1.5,6.9,-7.3,0.49,0.12,685.3,686.7,683.0,2.8,,,无
2005-10-15,52645.0,青海,野牛沟,38.41666666666666,99.58333333333331,3320.0,2005,10,15,0.0,无,-2.9,7.4,-8.7,0.53,0.14,684.3,686.4,681.9,2.2,,,无
2005-10-16,52645.0,青海,野牛沟,38.41666666666666,99.58333333333331,3320.0,2005,10,16,0.0,无,-1.8,9.2,-9.8,0.47,0.12,683.2,684.5,680.8,3.2,,,无
2005-10-17,52645.0,青海,野牛沟,38.41666666666666,99.58333333333331,3320.0,2005,10,17,0.0,无,-1.6,10.2,-8.8,0.56,0.18,684.2,685.8,682.1,2.7,,,无
2005-10-18,52645.0,青海,野牛沟,38.41666666666666,99.58333333333331,3320.0,2005,10,18,0.0,无,1.4,9.3,-4.5,0.55,0.34,682.8,685.0,680.0,2.4,,,无
2005-10-19,52645.0,青海,野牛沟,38.41666666666666,99.58333333333331,3320.0,2005,10,19,3.6,normal,-2.0,4.5,-4.0,0.83,0.51,685.1,687.4,681.3,0.6,,-3.1030678758343155,Snow
2005-10-20,52645.0,青海,野牛沟,38.41666666666666,99.58333333333331,3320.0,2005,10,20,0.7,normal,-6.2,-1.9,-10.4,0.77,0.62,688.5,689.8,686.9,2.3,,-7.422307104866976,Snow
2005-10-21,52645.0,青海,野牛沟,38.41666666666666,99.58333333333331,3320.0,2005,10,21,0.5,normal,-3.1,0.8,-7.1,0.73,0.57,687.3,688.6,685.3,1.4,,-4.777606958150984,Snow
2005-10-22,52645.0,青海,野牛沟,38.41666666666666,99.58333333333331,3320.0,2005,10,22,0.0,无,-6.3,-0.3,-11.0,0.61,0.21,688.4,690.1,686.6,2.5,,,无
2005-10-23,52645.0,青海,野牛沟,38.41666666666666,99.58333333333331,3320.0,2005,10,23,0.0,无,-7.5,2.1,-14.4,0.56,0.21,687.3,689.5,684.7,2.7,,,无
2005-10-24,52645.0,青海,野牛沟,38.41666666666666,99.58333333333331,3320.0,2005,10,24,0.0,无,-6.6,3.7,-14.1,0.56,0.19,683.2,686.0,680.5,2.5,,,无
2005-10-25,52645.0,青海,野牛沟,38.41666666666666,99.58333333333331,3320.0,2005,10,25,0.0,无,-5.1,6.2,-13.4,0.51,0.18,680.5,682.2,677.4,2.3,,,无
2005-10-26,52645.0,青海,野牛沟,38.41666666666666,99.58333333333331,3320.0,2005,10,26,0.0,无,-5.3,0.6,-8.8,0.59,0.2,682.0,683.2,679.1,2.5,,,无
2005-10-27,52645.0,青海,野牛沟,38.41666666666666,99.58333333333331,3320.0,2005,10,27,0.0,无,-7.1,0.8,-15.2,0.5,0.18,684.9,686.7,682.9,2.2,,,无
2005-10-28,52645.0,青海,野牛沟,38.41666666666666,99.58333333333331,3320.0,2005,10,28,0.0,无,-7.0,0.1,-12.1,0.56,0.2,686.2,688.0,684.8,2.4,,,无
2005-10-29,52645.0,青海,野牛沟,38.41666666666666,99.58333333333331,3320.0,2005,10,29,0.0,无,-6.3,4.3,-14.0,0.49,0.15,683.9,686.0,681.4,3.2,,,无
2005-10-30,52645.0,青海,野牛沟,38.41666666666666,99.58333333333331,3320.0,2005,10,30,0.0,无,-6.7,3.6,-14.5,0.54,0.18,684.3,686.7,681.0,2.2,,,无
2005-10-31,52645.0,青海,野牛沟,38.41666666666666,99.58333333333331,3320.0,2005,10,31,0.0,无,-4.0,4.4,-12.0,0.51,0.19,681.1,683.3,678.4,2.2,,,无
2005-11-01,52645.0,青海,野牛沟,38.41666666666666,99.58333333333331,3320.0,2005,11,1,0.0,无,-5.2,3.9,-12.4,0.5,0.15,679.4,681.2,677.6,2.2,,,无
2005-11-02,52645.0,青海,野牛沟,38.41666666666666,99.58333333333331,3320.0,2005,11,2,0.0,无,-5.6,3.2,-12.6,0.59,0.25,681.0,682.5,678.9,1.6,,,无
2005-11-03,52645.0,青海,野牛沟,38.41666666666666,99.58333333333331,3320.0,2005,11,3,0.0,无,-5.7,4.8,-13.1,0.51,0.14,682.0,684.3,679.0,2.2,,,无
2005-11-04,52645.0,青海,野牛沟,38.41666666666666,99.58333333333331,3320.0,2005,11,4,0.0,无,-6.6,3.8,-13.6,0.56,0.17,679.3,680.8,677.7,1.9,,,无
2005-11-05,52645.0,青海,野牛沟,38.41666666666666,99.58333333333331,3320.0,2005,11,5,0.0,无,-7.1,1.7,-13.9,0.49,0.16,682.4,684.6,680.1,2.4,,,无
2005-11-06,52645.0,青海,野牛沟,38.41666666666666,99.58333333333331,3320.0,2005,11,6,0.0,无,-8.2,1.8,-15.4,0.48,0.15,680.5,682.8,677.7,2.4,,,无
2005-11-07,52645.0,青海,野牛沟,38.41666666666666,99.58333333333331,3320.0,2005,11,7,0.0,无,-8.2,3.0,-16.3,0.45,0.12,680.5,682.5,678.3,2.5,,,无
2005-11-08,52645.0,青海,野牛沟,38.41666666666666,99.58333333333331,3320.0,2005,11,8,0.0,无,-8.3,3.7,-16.6,0.45,0.12,680.7,682.6,679.0,2.6,,,无
2005-11-09,52645.0,青海,野牛沟,38.41666666666666,99.58333333333331,3320.0,2005,11,9,0.0,无,-8.5,3.0,-16.3,0.46,0.13,680.9,682.5,678.9,2.3,,,无
2005-11-10,52645.0,青海,野牛沟,38.41666666666666,99.58333333333331,3320.0,2005,11,10,0.0,无,-9.1,2.5,-17.0,0.49,0.18,679.4,681.6,677.1,2.0,,,无
2005-11-11,52645.0,青海,野牛沟,38.41666666666666,99.58333333333331,3320.0,2005,11,11,0.0,无,-6.6,6.2,-16.2,0.47,0.14,678.4,679.9,676.3,1.6,,,无
2005-11-12,52645.0,青海,野牛沟,38.41666666666666,99.58333333333331,3320.0,2005,11,12,0.0,无,-6.6,5.0,-14.8,0.54,0.21,679.7,682.2,677.7,2.0,,,无
2005-11-13,52645.0,青海,野牛沟,38.41666666666666,99.58333333333331,3320.0,2005,11,13,0.0,无,-7.7,1.9,-15.0,0.56,0.21,682.6,684.2,680.8,1.5,,,无
2005-11-14,52645.0,青海,野牛沟,38.41666666666666,99.58333333333331,3320.0,2005,11,14,0.0,无,-8.1,2.4,-16.3,0.6,0.23,682.4,684.1,679.8,1.3,,,无
2005-11-15,52645.0,青海,野牛沟,38.41666666666666,99.58333333333331,3320.0,2005,11,15,1.2,normal,-8.0,-3.0,-12.1,0.7,0.39,680.6,682.1,678.3,1.0,,-9.467322719125658,Snow
2005-11-16,52645.0,青海,野牛沟,38.41666666666666,99.58333333333331,3320.0,2005,11,16,0.0,无,-11.1,-1.8,-19.4,0.53,0.14,681.6,683.4,679.8,1.1,,,无
2005-11-17,52645.0,青海,野牛沟,38.41666666666666,99.58333333333331,3320.0,2005,11,17,0.0,无,-8.4,-4.9,-11.3,0.58,0.43,681.4,683.5,680.1,1.1,,,无
2005-11-18,52645.0,青海,野牛沟,38.41666666666666,99.58333333333331,3320.0,2005,11,18,0.0,无,-12.7,-6.2,-20.6,0.68,0.31,683.4,685.1,681.2,0.8,,,无
2005-11-19,52645.0,青海,野牛沟,38.41666666666666,99.58333333333331,3320.0,2005,11,19,0.0,无,-11.0,-3.7,-20.0,0.49,0.25,680.7,682.6,678.6,1.4,,,无
2005-11-20,52645.0,青海,野牛沟,38.41666666666666,99.58333333333331,3320.0,2005,11,20,0.0,无,-13.1,-0.8,-21.3,0.53,0.11,681.2,682.6,678.9,1.4,,,无
2005-11-21,52645.0,青海,野牛沟,38.41666666666666,99.58333333333331,3320.0,2005,11,21,0.0,无,-14.2,-5.3,-20.7,0.5,0.2,682.6,683.9,680.5,1.1,,,无
2005-11-22,52645.0,青海,野牛沟,38.41666666666666,99.58333333333331,3320.0,2005,11,22,0.0,无,-17.0,-8.0,-23.4,0.44,0.16,683.1,684.1,682.0,1.1,,,无
2005-11-23,52645.0,青海,野牛沟,38.41666666666666,99.58333333333331,3320.0,2005,11,23,0.0,无,-17.2,-4.9,-25.1,0.42,0.11,681.9,683.7,679.8,1.2,,,无
2005-11-24,52645.0,青海,野牛沟,38.41666666666666,99.58333333333331,3320.0,2005,11,24,0.0,无,-16.4,-2.5,-24.3,0.41,0.12,680.9,682.3,678.9,1.4,,,无
2005-11-25,52645.0,青海,野牛沟,38.41666666666666,99.58333333333331,3320.0,2005,11,25,0.0,无,-13.6,-0.6,-22.1,0.46,0.17,680.4,682.0,677.8,1.6,,,无
2005-11-26,52645.0,青海,野牛沟,38.41666666666666,99.58333333333331,3320.0,2005,11,26,0.0,无,-12.7,-0.6,-22.3,0.46,0.15,679.0,681.2,675.8,1.1,,,无
2005-11-27,52645.0,青海,野牛沟,38.41666666666666,99.58333333333331,3320.0,2005,11,27,0.0,无,-11.4,-0.7,-19.8,0.44,0.12,679.4,681.9,677.4,2.0,,,无
2005-11-28,52645.0,青海,野牛沟,38.41666666666666,99.58333333333331,3320.0,2005,11,28,0.0,无,-14.3,-4.4,-21.4,0.47,0.15,683.4,685.5,681.2,1.4,,,无
2005-11-29,52645.0,青海,野牛沟,38.41666666666666,99.58333333333331,3320.0,2005,11,29,0.0,无,-16.5,-3.7,-24.5,0.38,0.09,679.4,682.8,676.5,1.3,,,无
2005-11-30,52645.0,青海,野牛沟,38.41666666666666,99.58333333333331,3320.0,2005,11,30,0.0,无,-16.5,-3.1,-25.0,0.38,0.11,675.6,677.9,673.0,1.1,,,无
2005-12-01,52645.0,青海,野牛沟,38.41666666666666,99.58333333333331,3320.0,2005,12,1,0.0,无,-16.7,-4.1,-25.1,0.39,0.09,675.2,677.1,673.8,1.5,,,无
2005-12-02,52645.0,青海,野牛沟,38.41666666666666,99.58333333333331,3320.0,2005,12,2,0.0,无,-15.4,-1.6,-25.2,0.34,0.07,675.6,677.2,673.5,2.0,,,无
2005-12-03,52645.0,青海,野牛沟,38.41666666666666,99.58333333333331,3320.0,2005,12,3,0.0,无,-13.0,-3.6,-17.3,0.23,0.06,678.9,681.8,676.0,2.8,,,无
2005-12-04,52645.0,青海,野牛沟,38.41666666666666,99.58333333333331,3320.0,2005,12,4,0.0,无,-16.4,-3.9,-25.3,0.32,0.09,676.8,679.5,674.4,0.8,,,无
2005-12-05,52645.0,青海,野牛沟,38.41666666666666,99.58333333333331,3320.0,2005,12,5,0.0,无,-14.9,-2.8,-24.3,0.38,0.12,677.9,679.3,676.1,1.6,,,无
2005-12-06,52645.0,青海,野牛沟,38.41666666666666,99.58333333333331,3320.0,2005,12,6,0.0,无,-14.4,-3.0,-23.2,0.38,0.13,679.4,681.1,677.7,1.6,,,无
2005-12-07,52645.0,青海,野牛沟,38.41666666666666,99.58333333333331,3320.0,2005,12,7,0.0,无,-14.1,-2.2,-22.0,0.46,0.15,679.8,681.3,678.0,1.3,,,无
2005-12-08,52645.0,青海,野牛沟,38.41666666666666,99.58333333333331,3320.0,2005,12,8,0.0,无,-14.6,-1.5,-23.2,0.42,0.11,677.8,679.5,675.6,1.3,,,无
2005-12-09,52645.0,青海,野牛沟,38.41666666666666,99.58333333333331,3320.0,2005,12,9,0.0,无,-14.7,-1.7,-24.4,0.41,0.12,676.6,678.1,673.4,1.5,,,无
2005-12-10,52645.0,青海,野牛沟,38.41666666666666,99.58333333333331,3320.0,2005,12,10,0.3,normal,-15.2,-9.7,-21.3,0.67,0.4,678.8,680.0,677.2,0.5,,-16.255092468450123,Snow
2005-12-11,52645.0,青海,野牛沟,38.41666666666666,99.58333333333331,3320.0,2005,12,11,0.2,normal,-16.8,-9.8,-24.1,0.74,0.49,678.9,680.4,676.8,0.2,,-17.546456141567866,Snow
2005-12-12,52645.0,青海,野牛沟,38.41666666666666,99.58333333333331,3320.0,2005,12,12,0.0,无,-13.0,-6.3,-21.1,0.38,0.21,678.2,679.8,676.4,1.1,,,无
2005-12-13,52645.0,青海,野牛沟,38.41666666666666,99.58333333333331,3320.0,2005,12,13,0.0,无,-17.8,-8.7,-23.7,0.56,0.24,677.4,679.7,674.1,0.9,,,无
2005-12-14,52645.0,青海,野牛沟,38.41666666666666,99.58333333333331,3320.0,2005,12,14,0.0,无,-20.2,-4.2,-29.7,0.44,0.1,681.5,683.1,679.1,0.8,,,无
2005-12-15,52645.0,青海,野牛沟,38.41666666666666,99.58333333333331,3320.0,2005,12,15,0.0,无,-16.7,-2.1,-26.0,0.35,0.1,680.7,682.2,678.8,1.2,,,无
2005-12-16,52645.0,青海,野牛沟,38.41666666666666,99.58333333333331,3320.0,2005,12,16,0.0,无,-16.4,-0.6,-25.5,0.37,0.11,682.9,684.3,680.7,1.2,,,无
2005-12-17,52645.0,青海,野牛沟,38.41666666666666,99.58333333333331,3320.0,2005,12,17,0.0,无,-16.5,-1.1,-25.8,0.4,0.11,683.5,685.9,680.1,1.0,,,无
2005-12-18,52645.0,青海,野牛沟,38.41666666666666,99.58333333333331,3320.0,2005,12,18,0.0,无,-16.9,-2.0,-25.2,0.36,0.09,679.5,681.6,677.0,1.3,,,无
2005-12-19,52645.0,青海,野牛沟,38.41666666666666,99.58333333333331,3320.0,2005,12,19,0.0,无,-17.0,-3.1,-26.7,0.34,0.11,677.6,679.1,674.9,1.7,,,无
2005-12-20,52645.0,青海,野牛沟,38.41666666666666,99.58333333333331,3320.0,2005,12,20,0.0,无,-17.9,-8.9,-26.2,0.37,0.09,682.1,685.7,678.0,1.8,,,无
2005-12-21,52645.0,青海,野牛沟,38.41666666666666,99.58333333333331,3320.0,2005,12,21,0.0,无,-20.1,-6.2,-28.7,0.3,0.09,686.9,689.3,685.0,1.1,,,无
2005-12-22,52645.0,青海,野牛沟,38.41666666666666,99.58333333333331,3320.0,2005,12,22,0.0,无,-19.2,-3.1,-28.4,0.33,0.09,680.8,685.9,676.6,1.0,,,无
2005-12-23,52645.0,青海,野牛沟,38.41666666666666,99.58333333333331,3320.0,2005,12,23,0.0,无,-16.9,-1.1,-25.9,0.34,0.09,678.9,681.0,676.6,1.1,,,无
2005-12-24,52645.0,青海,野牛沟,38.41666666666666,99.58333333333331,3320.0,2005,12,24,0.0,无,-16.5,-4.6,-24.8,0.37,0.13,678.7,679.7,676.7,1.0,,,无
2005-12-25,52645.0,青海,野牛沟,38.41666666666666,99.58333333333331,3320.0,2005,12,25,0.0,无,-16.8,-2.3,-25.9,0.4,0.12,679.1,681.4,676.7,1.1,,,无
2005-12-26,52645.0,青海,野牛沟,38.41666666666666,99.58333333333331,3320.0,2005,12,26,0.0,无,-16.2,-3.3,-25.0,0.34,0.08,679.1,680.5,677.7,1.4,,,无
2005-12-27,52645.0,青海,野牛沟,38.41666666666666,99.58333333333331,3320.0,2005,12,27,0.0,无,-15.8,-1.6,-24.8,0.3,0.13,678.7,681.0,676.4,1.4,,,无
2005-12-28,52645.0,青海,野牛沟,38.41666666666666,99.58333333333331,3320.0,2005,12,28,0.0,无,-14.7,1.4,-23.7,0.36,0.11,678.2,680.1,676.6,1.2,,,无
2005-12-29,52645.0,青海,野牛沟,38.41666666666666,99.58333333333331,3320.0,2005,12,29,0.0,无,-13.7,-2.1,-22.4,0.42,0.15,676.4,679.1,673.9,1.1,,,无
2005-12-30,52645.0,青海,野牛沟,38.41666666666666,99.58333333333331,3320.0,2005,12,30,0.0,无,-10.6,0.4,-17.9,0.44,0.2,676.9,678.8,674.8,1.3,,,无
2005-12-31,52645.0,青海,野牛沟,38.41666666666666,99.58333333333331,3320.0,2005,12,31,0.0,无,-12.7,-5.7,-21.9,0.53,0.34,677.6,679.3,675.7,0.9,,,无
2006-01-01,52645.0,青海,野牛沟,38.41666666666666,99.58333333333331,3320.0,2006,1,1,0.0,无,-14.0,-3.4,-21.7,0.59,0.26,678.8,680.6,676.5,1.0,,,无
2006-01-02,52645.0,青海,野牛沟,38.41666666666666,99.58333333333331,3320.0,2006,1,2,0.0,无,-9.1,-1.2,-16.9,0.37,0.19,673.8,677.8,671.7,1.2,,,无
2006-01-03,52645.0,青海,野牛沟,38.41666666666666,99.58333333333331,3320.0,2006,1,3,0.0,无,-9.7,-2.8,-12.9,0.45,0.27,669.7,673.2,666.4,1.3,,,无
2006-01-04,52645.0,青海,野牛沟,38.41666666666666,99.58333333333331,3320.0,2006,1,4,0.0,无,-15.2,-12.2,-17.4,0.53,0.42,674.0,676.9,669.9,0.8,,,无
2006-01-05,52645.0,青海,野牛沟,38.41666666666666,99.58333333333331,3320.0,2006,1,5,0.0,无,-17.0,-11.5,-19.3,0.56,0.38,676.8,679.5,675.0,0.7,,,无
2006-01-06,52645.0,青海,野牛沟,38.41666666666666,99.58333333333331,3320.0,2006,1,6,0.0,无,-20.2,-6.5,-28.8,0.43,0.11,678.2,680.6,675.1,0.8,,,无
2006-01-07,52645.0,青海,野牛沟,38.41666666666666,99.58333333333331,3320.0,2006,1,7,0.0,无,-13.6,-4.4,-20.5,0.33,0.16,675.0,676.7,673.0,1.2,,,无
2006-01-08,52645.0,青海,野牛沟,38.41666666666666,99.58333333333331,3320.0,2006,1,8,0.0,无,-13.6,-1.2,-22.9,0.27,0.09,677.0,678.8,675.2,1.8,,,无
2006-01-09,52645.0,青海,野牛沟,38.41666666666666,99.58333333333331,3320.0,2006,1,9,0.0,无,-11.8,1.6,-22.9,0.27,0.07,676.8,678.8,675.1,2.1,,,无
2006-01-10,52645.0,青海,野牛沟,38.41666666666666,99.58333333333331,3320.0,2006,1,10,0.0,无,-12.1,3.7,-21.8,0.25,0.08,675.5,677.7,672.2,1.9,,,无
2006-01-11,52645.0,青海,野牛沟,38.41666666666666,99.58333333333331,3320.0,2006,1,11,0.0,无,-12.9,-2.5,-21.6,0.35,0.16,673.5,675.3,672.2,1.1,,,无
2006-01-12,52645.0,青海,野牛沟,38.41666666666666,99.58333333333331,3320.0,2006,1,12,0.0,无,-11.5,-0.2,-21.0,0.45,0.13,675.2,677.3,672.7,1.4,,,无
2006-01-13,52645.0,青海,野牛沟,38.41666666666666,99.58333333333331,3320.0,2006,1,13,0.0,无,-13.6,-4.5,-21.3,0.59,0.22,674.9,677.7,672.2,1.0,,,无
2006-01-14,52645.0,青海,野牛沟,38.41666666666666,99.58333333333331,3320.0,2006,1,14,0.0,无,-15.8,-7.5,-21.2,0.56,0.33,673.4,675.3,671.7,0.8,,,无
2006-01-15,52645.0,青海,野牛沟,38.41666666666666,99.58333333333331,3320.0,2006,1,15,0.0,无,-17.9,-5.7,-27.2,0.44,0.18,671.5,675.5,668.0,0.8,,,无
2006-01-16,52645.0,青海,野牛沟,38.41666666666666,99.58333333333331,3320.0,2006,1,16,0.0,无,-15.6,-5.7,-22.7,0.42,0.23,670.4,671.5,668.6,0.7,,,无
2006-01-17,52645.0,青海,野牛沟,38.41666666666666,99.58333333333331,3320.0,2006,1,17,0.0,无,-10.0,0.8,-19.3,0.44,0.19,672.1,674.0,670.7,1.6,,,无
2006-01-18,52645.0,青海,野牛沟,38.41666666666666,99.58333333333331,3320.0,2006,1,18,0.0,无,-8.8,1.2,-18.5,0.63,0.32,670.9,672.4,668.8,1.4,,,无
2006-01-19,52645.0,青海,野牛沟,38.41666666666666,99.58333333333331,3320.0,2006,1,19,0.1,normal,-9.8,-0.2,-16.9,0.66,0.38,671.5,673.6,669.7,1.1,,-11.322032159816061,Snow
2006-01-20,52645.0,青海,野牛沟,38.41666666666666,99.58333333333331,3320.0,2006,1,20,0.1,normal,-11.1,-1.2,-19.2,0.58,0.1,675.6,677.2,673.6,1.7,,-12.842938336095862,Snow
2006-01-21,52645.0,青海,野牛沟,38.41666666666666,99.58333333333331,3320.0,2006,1,21,0.0,无,-15.1,-1.8,-23.6,0.42,0.14,675.9,678.2,672.7,1.0,,,无
2006-01-22,52645.0,青海,野牛沟,38.41666666666666,99.58333333333331,3320.0,2006,1,22,0.6,normal,-12.1,-4.7,-18.7,0.52,0.21,674.6,675.9,672.3,1.2,,-13.982660899674709,Snow
2006-01-23,52645.0,青海,野牛沟,38.41666666666666,99.58333333333331,3320.0,2006,1,23,0.0,无,-17.0,-3.4,-26.1,0.65,0.26,675.5,677.2,673.9,0.8,,,无
2006-01-24,52645.0,青海,野牛沟,38.41666666666666,99.58333333333331,3320.0,2006,1,24,0.0,无,-15.3,-6.6,-23.9,0.58,0.36,676.7,677.6,674.3,0.8,,,无
2006-01-25,52645.0,青海,野牛沟,38.41666666666666,99.58333333333331,3320.0,2006,1,25,0.0,无,-13.5,-3.4,-21.0,0.57,0.16,679.8,681.7,677.3,1.0,,,无
2006-01-26,52645.0,青海,野牛沟,38.41666666666666,99.58333333333331,3320.0,2006,1,26,0.0,无,-14.5,-0.4,-24.9,0.41,0.14,678.9,681.8,675.1,1.4,,,无
2006-01-27,52645.0,青海,野牛沟,38.41666666666666,99.58333333333331,3320.0,2006,1,27,0.0,无,-10.6,1.0,-21.7,0.32,0.08,674.5,676.5,671.9,2.2,,,无
2006-01-28,52645.0,青海,野牛沟,38.41666666666666,99.58333333333331,3320.0,2006,1,28,0.0,无,-0.9,4.9,-8.8,0.16,0.11,670.3,672.9,667.6,4.1,,,无
2006-01-29,52645.0,青海,野牛沟,38.41666666666666,99.58333333333331,3320.0,2006,1,29,0.0,无,-5.9,1.7,-10.7,0.37,0.15,673.4,676.2,670.2,1.4,,,无
2006-01-30,52645.0,青海,野牛沟,38.41666666666666,99.58333333333331,3320.0,2006,1,30,0.0,无,-7.8,5.0,-18.6,0.45,0.1,677.8,679.4,676.0,2.0,,,无
2006-01-31,52645.0,青海,野牛沟,38.41666666666666,99.58333333333331,3320.0,2006,1,31,0.0,无,-4.2,6.0,-12.4,0.33,0.1,679.7,681.0,678.1,3.5,,,无
2006-02-01,52645.0,青海,野牛沟,38.41666666666666,99.58333333333331,3320.0,2006,2,1,0.0,无,-7.1,8.1,-17.8,0.33,0.07,677.9,680.4,675.1,2.8,,,无
2006-02-02,52645.0,青海,野牛沟,38.41666666666666,99.58333333333331,3320.0,2006,2,2,0.0,无,-6.9,5.4,-17.0,0.31,0.1,679.8,681.0,676.9,2.8,,,无
2006-02-03,52645.0,青海,野牛沟,38.41666666666666,99.58333333333331,3320.0,2006,2,3,0.0,无,-9.2,4.8,-19.3,0.42,0.1,683.2,685.2,680.9,1.7,,,无
2006-02-04,52645.0,青海,野牛沟,38.41666666666666,99.58333333333331,3320.0,2006,2,4,0.0,无,-9.2,-0.7,-15.6,0.42,0.21,681.3,683.1,679.4,1.4,,,无
2006-02-05,52645.0,青海,野牛沟,38.41666666666666,99.58333333333331,3320.0,2006,2,5,0.1,normal,-10.7,-3.7,-15.7,0.67,0.3,677.4,681.1,674.4,1.3,,-12.093799762903569,Snow
2006-02-06,52645.0,青海,野牛沟,38.41666666666666,99.58333333333331,3320.0,2006,2,6,0.1,normal,-8.8,1.0,-17.8,0.45,0.12,678.2,680.4,676.2,2.9,,-11.415900593445564,Snow
2006-02-07,52645.0,青海,野牛沟,38.41666666666666,99.58333333333331,3320.0,2006,2,7,0.0,无,-6.8,1.4,-14.3,0.56,0.3,679.7,681.1,678.0,1.7,,,无
2006-02-08,52645.0,青海,野牛沟,38.41666666666666,99.58333333333331,3320.0,2006,2,8,0.6,normal,-8.2,-1.2,-15.0,0.65,0.3,681.9,683.5,679.9,0.9,,-9.896076784902284,Snow
2006-02-09,52645.0,青海,野牛沟,38.41666666666666,99.58333333333331,3320.0,2006,2,9,0.0,无,-12.6,-1.2,-21.3,0.46,0.11,683.5,685.4,681.3,1.8,,,无
2006-02-10,52645.0,青海,野牛沟,38.41666666666666,99.58333333333331,3320.0,2006,2,10,0.0,无,-12.2,1.3,-22.8,0.34,0.09,680.4,683.1,677.4,2.8,,,无
2006-02-11,52645.0,青海,野牛沟,38.41666666666666,99.58333333333331,3320.0,2006,2,11,0.0,无,-9.1,4.8,-18.6,0.33,0.1,677.8,680.0,675.1,2.4,,,无
2006-02-12,52645.0,青海,野牛沟,38.41666666666666,99.58333333333331,3320.0,2006,2,12,0.6,normal,-9.0,2.5,-17.2,0.49,0.15,676.7,678.3,674.2,1.8,,-11.396968487866395,Snow
2006-02-13,52645.0,青海,野牛沟,38.41666666666666,99.58333333333331,3320.0,2006,2,13,0.9,normal,-9.7,-4.4,-15.2,0.75,0.43,674.5,677.9,672.3,1.7,,-10.81707439164449,Snow
2006-02-14,52645.0,青海,野牛沟,38.41666666666666,99.58333333333331,3320.0,2006,2,14,0.0,无,-12.8,-3.4,-21.6,0.54,0.23,672.9,675.0,670.2,1.7,,,无
2006-02-15,52645.0,青海,野牛沟,38.41666666666666,99.58333333333331,3320.0,2006,2,15,0.0,无,-13.0,-7.0,-15.3,0.54,0.17,674.1,676.4,671.0,1.9,,,无
2006-02-16,52645.0,青海,野牛沟,38.41666666666666,99.58333333333331,3320.0,2006,2,16,0.0,无,-18.3,-9.4,-26.1,0.47,0.2,677.4,679.0,675.1,1.1,,,无
2006-02-17,52645.0,青海,野牛沟,38.41666666666666,99.58333333333331,3320.0,2006,2,17,0.0,无,-18.8,-7.9,-27.2,0.45,0.09,676.9,678.8,674.1,1.8,,,无
2006-02-18,52645.0,青海,野牛沟,38.41666666666666,99.58333333333331,3320.0,2006,2,18,0.0,无,-18.2,-5.0,-28.1,0.31,0.11,675.5,677.5,672.4,2.3,,,无
2006-02-19,52645.0,青海,野牛沟,38.41666666666666,99.58333333333331,3320.0,2006,2,19,0.0,无,-12.5,1.3,-24.4,0.31,0.1,677.5,678.8,674.5,2.1,,,无
2006-02-20,52645.0,青海,野牛沟,38.41666666666666,99.58333333333331,3320.0,2006,2,20,0.0,无,-6.3,5.8,-19.0,0.38,0.11,673.6,677.9,669.9,2.3,,,无
2006-02-21,52645.0,青海,野牛沟,38.41666666666666,99.58333333333331,3320.0,2006,2,21,2.2,normal,-11.1,-2.3,-14.3,0.72,0.29,678.1,679.9,674.0,1.0,,-12.25197988907944,Snow
2006-02-22,52645.0,青海,野牛沟,38.41666666666666,99.58333333333331,3320.0,2006,2,22,0.0,无,-14.9,-1.0,-23.5,0.58,0.27,678.5,680.6,676.0,1.7,,,无
2006-02-23,52645.0,青海,野牛沟,38.41666666666666,99.58333333333331,3320.0,2006,2,23,0.0,无,-12.3,-0.5,-21.5,0.55,0.13,677.8,679.9,674.9,2.0,,,无
2006-02-24,52645.0,青海,野牛沟,38.41666666666666,99.58333333333331,3320.0,2006,2,24,0.0,无,-9.3,4.7,-21.2,0.36,0.1,675.9,678.3,672.2,2.5,,,无
2006-02-25,52645.0,青海,野牛沟,38.41666666666666,99.58333333333331,3320.0,2006,2,25,0.0,无,-6.3,6.7,-17.9,0.45,0.11,673.7,676.3,670.8,2.6,,,无
2006-02-26,52645.0,青海,野牛沟,38.41666666666666,99.58333333333331,3320.0,2006,2,26,0.0,无,-6.5,2.8,-15.0,0.45,0.19,672.3,675.1,669.6,3.1,,,无
2006-02-27,52645.0,青海,野牛沟,38.41666666666666,99.58333333333331,3320.0,2006,2,27,0.0,无,-8.4,-2.1,-11.7,0.44,0.14,677.5,678.9,675.0,2.4,,,无
2006-02-28,52645.0,青海,野牛沟,38.41666666666666,99.58333333333331,3320.0,2006,2,28,0.0,无,-12.5,-1.5,-21.3,0.4,0.1,680.4,682.7,677.5,2.2,,,无
2006-03-01,52645.0,青海,野牛沟,38.41666666666666,99.58333333333331,3320.0,2006,3,1,0.0,无,-12.2,-0.5,-21.7,0.37,0.12,679.5,681.6,676.0,2.3,,,无
2006-03-02,52645.0,青海,野牛沟,38.41666666666666,99.58333333333331,3320.0,2006,3,2,0.0,无,-9.9,2.8,-20.5,0.32,0.07,676.8,679.5,674.3,3.2,,,无
2006-03-03,52645.0,青海,野牛沟,38.41666666666666,99.58333333333331,3320.0,2006,3,3,0.0,无,-9.9,2.9,-20.1,0.31,0.1,677.2,678.3,674.8,3.5,,,无
2006-03-04,52645.0,青海,野牛沟,38.41666666666666,99.58333333333331,3320.0,2006,3,4,0.4,normal,-10.3,0.6,-19.7,0.56,0.15,677.5,679.3,674.5,1.9,,-12.21145537748139,Snow
2006-03-05,52645.0,青海,野牛沟,38.41666666666666,99.58333333333331,3320.0,2006,3,5,0.8,normal,-10.0,3.9,-21.6,0.57,0.18,679.1,681.2,677.5,1.6,,-11.896692883986418,Snow
2006-03-06,52645.0,青海,野牛沟,38.41666666666666,99.58333333333331,3320.0,2006,3,6,0.0,无,-7.5,7.1,-19.5,0.4,0.07,679.8,681.6,676.8,2.7,,,无
2006-03-07,52645.0,青海,野牛沟,38.41666666666666,99.58333333333331,3320.0,2006,3,7,0.1,normal,-7.6,2.8,-14.8,0.5,0.18,680.0,681.2,677.7,2.1,,-10.13013799646361,Snow
2006-03-08,52645.0,青海,野牛沟,38.41666666666666,99.58333333333331,3320.0,2006,3,8,0.0,无,-7.8,4.5,-18.8,0.49,0.1,681.6,683.5,678.6,2.4,,,无
2006-03-09,52645.0,青海,野牛沟,38.41666666666666,99.58333333333331,3320.0,2006,3,9,0.0,无,-7.0,4.0,-16.8,0.39,0.08,681.1,683.1,678.1,3.8,,,无
2006-03-10,52645.0,青海,野牛沟,38.41666666666666,99.58333333333331,3320.0,2006,3,10,0.0,无,-7.1,3.2,-16.4,0.4,0.06,678.7,681.1,675.2,4.5,,,无
2006-03-11,52645.0,青海,野牛沟,38.41666666666666,99.58333333333331,3320.0,2006,3,11,0.0,无,-7.3,-0.1,-13.1,0.33,0.12,676.4,677.7,673.7,4.2,,,无
2006-03-12,52645.0,青海,野牛沟,38.41666666666666,99.58333333333331,3320.0,2006,3,12,0.0,无,-11.8,-4.6,-16.9,0.55,0.26,674.9,677.4,670.9,1.9,,,无
2006-03-13,52645.0,青海,野牛沟,38.41666666666666,99.58333333333331,3320.0,2006,3,13,0.0,无,-13.4,-3.6,-19.6,0.43,0.06,674.9,676.7,672.6,2.7,,,无
2006-03-14,52645.0,青海,野牛沟,38.41666666666666,99.58333333333331,3320.0,2006,3,14,0.0,无,-15.0,-4.4,-23.7,0.26,0.1,676.0,677.7,672.0,3.1,,,无
2006-03-15,52645.0,青海,野牛沟,38.41666666666666,99.58333333333331,3320.0,2006,3,15,0.0,无,-11.9,2.8,-23.0,0.26,0.07,676.3,679.6,671.5,3.2,,,无
2006-03-16,52645.0,青海,野牛沟,38.41666666666666,99.58333333333331,3320.0,2006,3,16,0.0,无,-7.7,4.6,-16.9,0.34,0.11,670.0,673.3,665.1,2.8,,,无
2006-03-17,52645.0,青海,野牛沟,38.41666666666666,99.58333333333331,3320.0,2006,3,17,0.0,无,-8.3,-0.8,-15.1,0.54,0.28,674.9,676.4,670.9,2.5,,,无
2006-03-18,52645.0,青海,野牛沟,38.41666666666666,99.58333333333331,3320.0,2006,3,18,0.0,无,-7.4,2.9,-16.7,0.48,0.11,677.6,679.1,675.1,3.3,,,无
2006-03-19,52645.0,青海,野牛沟,38.41666666666666,99.58333333333331,3320.0,2006,3,19,0.0,无,-5.7,6.2,-16.2,0.27,0.06,676.3,678.7,672.4,4.7,,,无
2006-03-20,52645.0,青海,野牛沟,38.41666666666666,99.58333333333331,3320.0,2006,3,20,0.0,无,-6.5,5.2,-16.5,0.36,0.11,675.9,677.5,672.2,3.7,,,无
2006-03-21,52645.0,青海,野牛沟,38.41666666666666,99.58333333333331,3320.0,2006,3,21,0.0,无,-7.0,1.8,-14.8,0.47,0.1,676.1,677.3,673.4,3.8,,,无
2006-03-22,52645.0,青海,野牛沟,38.41666666666666,99.58333333333331,3320.0,2006,3,22,0.0,无,-7.8,0.8,-15.5,0.46,0.16,676.7,678.5,673.2,2.5,,,无
2006-03-23,52645.0,青海,野牛沟,38.41666666666666,99.58333333333331,3320.0,2006,3,23,0.0,无,-6.6,3.3,-15.5,0.45,0.06,675.7,676.9,672.8,5.3,,,无
2006-03-24,52645.0,青海,野牛沟,38.41666666666666,99.58333333333331,3320.0,2006,3,24,0.0,无,-8.7,0.7,-17.3,0.45,0.17,677.4,678.1,675.3,2.5,,,无
2006-03-25,52645.0,青海,野牛沟,38.41666666666666,99.58333333333331,3320.0,2006,3,25,0.0,无,-8.1,3.2,-18.0,0.47,0.06,677.6,679.6,674.4,5.0,,,无
2006-03-26,52645.0,青海,野牛沟,38.41666666666666,99.58333333333331,3320.0,2006,3,26,0.0,无,-8.3,2.9,-18.2,0.35,0.06,678.3,679.8,674.8,4.0,,,无
2006-03-27,52645.0,青海,野牛沟,38.41666666666666,99.58333333333331,3320.0,2006,3,27,0.0,无,-8.0,3.0,-18.4,0.27,0.07,680.7,682.7,677.7,4.2,,,无
2006-03-28,52645.0,青海,野牛沟,38.41666666666666,99.58333333333331,3320.0,2006,3,28,0.0,无,-6.9,5.9,-17.3,0.37,0.07,680.5,682.5,676.7,4.2,,,无
2006-03-29,52645.0,青海,野牛沟,38.41666666666666,99.58333333333331,3320.0,2006,3,29,0.0,无,-5.6,8.9,-17.4,0.29,0.04,680.6,682.9,676.9,4.3,,,无
2006-03-30,52645.0,青海,野牛沟,38.41666666666666,99.58333333333331,3320.0,2006,3,30,0.0,无,-3.5,9.3,-14.2,0.26,0.06,678.7,680.9,675.3,4.5,,,无
2006-03-31,52645.0,青海,野牛沟,38.41666666666666,99.58333333333331,3320.0,2006,3,31,0.0,无,-2.8,4.9,-7.9,0.27,0.07,675.6,677.6,674.2,3.8,,,无
2006-04-01,52645.0,青海,野牛沟,38.41666666666666,99.58333333333331,3320.0,2006,4,1,0.0,无,-4.5,8.9,-16.3,0.27,0.06,677.9,680.4,674.5,5.5,,,无
2006-04-02,52645.0,青海,野牛沟,38.41666666666666,99.58333333333331,3320.0,2006,4,2,0.0,无,-1.6,12.4,-13.3,0.28,0.1,675.9,678.1,671.9,6.4,,,无
2006-04-03,52645.0,青海,野牛沟,38.41666666666666,99.58333333333331,3320.0,2006,4,3,0.5,normal,-3.1,4.8,-5.2,0.54,0.17,676.8,678.1,674.6,1.8,,-6.03213872243495,Snow
2006-04-04,52645.0,青海,野牛沟,38.41666666666666,99.58333333333331,3320.0,2006,4,4,0.0,无,-5.1,2.6,-11.4,0.67,0.29,678.4,679.7,676.4,2.3,,,无
2006-04-05,52645.0,青海,野牛沟,38.41666666666666,99.58333333333331,3320.0,2006,4,5,0.3,normal,-3.2,2.8,-6.5,0.56,0.16,678.6,679.6,676.7,3.5,,-5.981917766144869,Snow
2006-04-06,52645.0,青海,野牛沟,38.41666666666666,99.58333333333331,3320.0,2006,4,6,0.0,无,-2.9,6.9,-11.4,0.39,0.08,679.1,680.6,676.8,6.5,,,无
2006-04-07,52645.0,青海,野牛沟,38.41666666666666,99.58333333333331,3320.0,2006,4,7,0.0,无,-3.0,8.0,-13.4,0.36,0.08,679.0,680.8,676.2,3.6,,,无
2006-04-08,52645.0,青海,野牛沟,38.41666666666666,99.58333333333331,3320.0,2006,4,8,0.0,无,-0.3,7.0,-5.3,0.34,0.11,677.9,679.5,675.5,5.0,,,无
2006-04-09,52645.0,青海,野牛沟,38.41666666666666,99.58333333333331,3320.0,2006,4,9,0.0,无,1.3,14.9,-11.2,0.32,0.04,674.1,677.8,669.8,5.7,,,无
2006-04-10,52645.0,青海,野牛沟,38.41666666666666,99.58333333333331,3320.0,2006,4,10,0.0,无,1.7,14.1,-6.0,0.25,0.07,670.0,672.0,665.0,8.7,,,无
2006-04-11,52645.0,青海,野牛沟,38.41666666666666,99.58333333333331,3320.0,2006,4,11,0.3,normal,-9.6,-2.6,-12.8,0.58,0.31,677.6,679.5,671.0,1.8,,-11.497463070377162,Snow
2006-04-12,52645.0,青海,野牛沟,38.41666666666666,99.58333333333331,3320.0,2006,4,12,0.0,无,-7.6,-1.5,-12.0,0.6,0.33,679.1,681.3,676.5,2.4,,,无
2006-04-13,52645.0,青海,野牛沟,38.41666666666666,99.58333333333331,3320.0,2006,4,13,0.0,无,-5.2,1.2,-9.3,0.6,0.28,676.5,678.1,673.9,2.1,,,无
2006-04-14,52645.0,青海,野牛沟,38.41666666666666,99.58333333333331,3320.0,2006,4,14,0.0,无,-5.9,1.0,-11.8,0.42,0.11,680.5,681.9,676.5,3.9,,,无
2006-04-15,52645.0,青海,野牛沟,38.41666666666666,99.58333333333331,3320.0,2006,4,15,0.0,无,-5.2,4.2,-13.5,0.37,0.09,681.3,683.6,678.0,4.6,,,无
2006-04-16,52645.0,青海,野牛沟,38.41666666666666,99.58333333333331,3320.0,2006,4,16,0.0,无,-3.3,7.7,-12.9,0.29,0.08,679.1,681.0,674.9,4.9,,,无
2006-04-17,52645.0,青海,野牛沟,38.41666666666666,99.58333333333331,3320.0,2006,4,17,0.0,无,-3.0,6.0,-11.3,0.39,0.13,679.9,680.9,677.5,3.9,,,无
2006-04-18,52645.0,青海,野牛沟,38.41666666666666,99.58333333333331,3320.0,2006,4,18,0.0,无,-0.4,11.6,-11.4,0.4,0.06,683.4,685.5,680.9,7.0,,,无
2006-04-19,52645.0,青海,野牛沟,38.41666666666666,99.58333333333331,3320.0,2006,4,19,0.0,无,1.1,14.5,-10.8,0.3,0.05,682.1,684.8,678.0,5.5,,,无
2006-04-20,52645.0,青海,野牛沟,38.41666666666666,99.58333333333331,3320.0,2006,4,20,0.0,无,1.6,11.0,-7.2,0.35,0.15,679.4,680.7,677.0,7.1,,,无
2006-04-21,52645.0,青海,野牛沟,38.41666666666666,99.58333333333331,3320.0,2006,4,21,0.0,无,2.9,8.1,-1.8,0.5,0.22,680.8,682.4,678.4,4.8,,,无
2006-04-22,52645.0,青海,野牛沟,38.41666666666666,99.58333333333331,3320.0,2006,4,22,0.0,无,1.8,7.6,-2.6,0.57,0.3,680.3,681.2,679.2,4.9,,,无
2006-04-23,52645.0,青海,野牛沟,38.41666666666666,99.58333333333331,3320.0,2006,4,23,0.0,无,0.0,10.0,-6.9,0.6,0.19,680.8,681.9,677.9,3.3,,,无
2006-04-24,52645.0,青海,野牛沟,38.41666666666666,99.58333333333331,3320.0,2006,4,24,0.7,normal,1.1,9.1,-3.9,0.66,0.26,679.6,681.8,676.0,3.8,,-1.479484933334283,Snow
2006-04-25,52645.0,青海,野牛沟,38.41666666666666,99.58333333333331,3320.0,2006,4,25,1.4,normal,-1.5,4.9,-6.3,0.73,0.31,679.2,680.4,676.8,1.4,,-3.317472787519251,Snow
2006-04-26,52645.0,青海,野牛沟,38.41666666666666,99.58333333333331,3320.0,2006,4,26,0.9,normal,-1.8,3.5,-5.3,0.72,0.39,680.7,681.9,678.9,2.0,,-3.6590729822517742,Snow
2006-04-27,52645.0,青海,野牛沟,38.41666666666666,99.58333333333331,3320.0,2006,4,27,0.8,normal,-4.0,2.2,-9.8,0.76,0.34,683.4,684.6,681.7,1.6,,-5.429978673867635,Snow
2006-04-28,52645.0,青海,野牛沟,38.41666666666666,99.58333333333331,3320.0,2006,4,28,0.0,无,2.7,13.7,-7.0,0.48,0.16,683.8,685.8,681.4,5.5,,,无
2006-04-29,52645.0,青海,野牛沟,38.41666666666666,99.58333333333331,3320.0,2006,4,29,0.0,无,5.5,16.6,-5.3,0.39,0.07,681.9,684.0,678.5,6.8,,,无
2006-04-30,52645.0,青海,野牛沟,38.41666666666666,99.58333333333331,3320.0,2006,4,30,0.0,无,5.9,17.9,-5.3,0.37,0.06,680.9,682.4,678.1,8.8,,,无
2006-05-01,52645.0,青海,野牛沟,38.41666666666666,99.58333333333331,3320.0,2006,5,1,0.0,无,7.2,18.2,-4.2,0.38,0.1,681.6,683.5,678.4,7.5,,,无
2006-05-02,52645.0,青海,野牛沟,38.41666666666666,99.58333333333331,3320.0,2006,5,2,0.0,无,7.8,16.5,1.5,0.5,0.17,682.0,682.9,679.7,6.8,,,无
2006-05-03,52645.0,青海,野牛沟,38.41666666666666,99.58333333333331,3320.0,2006,5,3,3.9,normal,4.9,13.7,1.7,0.72,0.32,682.1,684.6,678.5,3.5,,2.4577307596291798,Rain
2006-05-04,52645.0,青海,野牛沟,38.41666666666666,99.58333333333331,3320.0,2006,5,4,1.0,normal,3.2,11.0,0.4,0.76,0.31,683.1,684.9,679.6,4.0,,1.2487152438236881,Snow
2006-05-05,52645.0,青海,野牛沟,38.41666666666666,99.58333333333331,3320.0,2006,5,5,0.6,normal,3.0,9.5,-1.2,0.75,0.34,682.6,683.9,679.4,2.8,,0.9796820553457897,Snow
2006-05-06,52645.0,青海,野牛沟,38.41666666666666,99.58333333333331,3320.0,2006,5,6,0.7,normal,1.0,12.8,-7.9,0.63,0.16,681.7,684.9,678.2,4.9,,-1.8006212501632524,Snow
2006-05-07,52645.0,青海,野牛沟,38.41666666666666,99.58333333333331,3320.0,2006,5,7,0.2,normal,4.6,14.1,-3.5,0.59,0.21,676.7,680.0,674.0,3.7,,0.9814182173049302,Rain
2006-05-08,52645.0,青海,野牛沟,38.41666666666666,99.58333333333331,3320.0,2006,5,8,1.8,normal,5.8,14.5,0.6,0.6,0.17,677.8,678.8,674.4,7.6,,2.1159759274086065,Rain
2006-05-09,52645.0,青海,野牛沟,38.41666666666666,99.58333333333331,3320.0,2006,5,9,0.0,无,3.2,11.3,-2.0,0.53,0.15,681.2,683.2,678.2,6.3,,,无
2006-05-10,52645.0,青海,野牛沟,38.41666666666666,99.58333333333331,3320.0,2006,5,10,0.0,无,3.5,11.9,-4.2,0.59,0.19,679.1,681.4,675.3,5.2,,,无
2006-05-11,52645.0,青海,野牛沟,38.41666666666666,99.58333333333331,3320.0,2006,5,11,5.7,normal,0.1,6.4,-4.7,0.8,0.46,680.9,685.4,677.0,1.2,,-1.330661351414224,Snow
2006-05-12,52645.0,青海,野牛沟,38.41666666666666,99.58333333333331,3320.0,2006,5,12,1.0,normal,-4.8,1.3,-10.3,0.65,0.39,688.3,690.0,685.4,3.6,,-6.813819149913836,Snow
2006-05-13,52645.0,青海,野牛沟,38.41666666666666,99.58333333333331,3320.0,2006,5,13,0.1,normal,-2.4,4.1,-7.9,0.47,0.12,690.2,692.0,687.9,4.4,,-5.8746567001775185,Snow
2006-05-14,52645.0,青海,野牛沟,38.41666666666666,99.58333333333331,3320.0,2006,5,14,0.0,无,0.9,10.7,-8.3,0.43,0.07,686.8,690.1,682.9,6.0,,,无
2006-05-15,52645.0,青海,野牛沟,38.41666666666666,99.58333333333331,3320.0,2006,5,15,0.0,无,2.7,9.9,-5.5,0.44,0.13,684.2,685.2,682.7,6.5,,,无
2006-05-16,52645.0,青海,野牛沟,38.41666666666666,99.58333333333331,3320.0,2006,5,16,0.0,无,3.4,12.3,-5.8,0.45,0.14,684.6,685.5,683.2,5.6,,,无
2006-05-17,52645.0,青海,野牛沟,38.41666666666666,99.58333333333331,3320.0,2006,5,17,0.0,无,5.3,14.1,-2.2,0.46,0.1,684.3,685.6,681.9,6.0,,,无
2006-05-18,52645.0,青海,野牛沟,38.41666666666666,99.58333333333331,3320.0,2006,5,18,0.0,无,7.8,17.9,-3.2,0.43,0.12,681.5,684.9,677.4,8.6,,,无
2006-05-19,52645.0,青海,野牛沟,38.41666666666666,99.58333333333331,3320.0,2006,5,19,2.5,normal,3.5,12.9,-1.0,0.72,0.23,680.0,681.5,678.5,2.6,,1.1795631831920295,Snow
2006-05-20,52645.0,青海,野牛沟,38.41666666666666,99.58333333333331,3320.0,2006,5,20,4.7,normal,-0.8,3.5,-2.1,0.84,0.35,682.0,682.6,681.0,2.3,,-1.8959592258394453,Snow
2006-05-21,52645.0,青海,野牛沟,38.41666666666666,99.58333333333331,3320.0,2006,5,21,0.0,无,2.0,10.3,-5.0,0.51,0.1,682.0,683.5,679.8,5.1,,,无
2006-05-22,52645.0,青海,野牛沟,38.41666666666666,99.58333333333331,3320.0,2006,5,22,0.0,无,4.3,15.2,-6.0,0.42,0.11,680.8,682.4,678.3,7.1,,,无
2006-05-23,52645.0,青海,野牛沟,38.41666666666666,99.58333333333331,3320.0,2006,5,23,2.2,normal,3.5,13.1,-1.7,0.62,0.22,680.2,682.0,677.5,3.5,,0.30778325432895937,Snow
2006-05-24,52645.0,青海,野牛沟,38.41666666666666,99.58333333333331,3320.0,2006,5,24,0.9,normal,5.2,14.3,-1.7,0.57,0.13,681.4,683.6,677.1,7.2,,1.3187186079041835,Rain
2006-05-25,52645.0,青海,野牛沟,38.41666666666666,99.58333333333331,3320.0,2006,5,25,0.5,normal,4.5,12.9,-1.1,0.58,0.2,679.7,683.0,676.2,4.5,,0.8097844231016937,Snow
2006-05-26,52645.0,青海,野牛沟,38.41666666666666,99.58333333333331,3320.0,2006,5,26,0.0,无,3.7,13.8,-7.2,0.49,0.11,685.2,686.6,682.9,6.5,,,无
2006-05-27,52645.0,青海,野牛沟,38.41666666666666,99.58333333333331,3320.0,2006,5,27,0.0,无,5.1,13.9,-4.4,0.41,0.12,684.5,685.8,682.4,7.0,,,无
2006-05-28,52645.0,青海,野牛沟,38.41666666666666,99.58333333333331,3320.0,2006,5,28,0.5,normal,3.6,12.1,-2.6,0.53,0.19,683.2,684.9,682.0,4.7,,-0.40483791391730417,Snow
2006-05-29,52645.0,青海,野牛沟,38.41666666666666,99.58333333333331,3320.0,2006,5,29,0.0,无,4.2,15.4,-2.8,0.63,0.14,681.0,683.3,677.7,5.2,,,无
2006-05-30,52645.0,青海,野牛沟,38.41666666666666,99.58333333333331,3320.0,2006,5,30,0.4,normal,6.6,12.6,0.2,0.55,0.27,679.1,680.6,677.8,4.9,,2.3014649071070226,Rain
2006-05-31,52645.0,青海,野牛沟,38.41666666666666,99.58333333333331,3320.0,2006,5,31,0.0,无,7.6,19.2,-4.3,0.44,0.1,679.2,681.2,675.6,7.0,,,无
2006-06-01,52645.0,青海,野牛沟,38.41666666666666,99.58333333333331,3320.0,2006,6,1,1.5,normal,7.7,15.6,0.3,0.5,0.18,681.0,682.9,676.9,6.9,,2.6941912846151217,Rain
2006-06-02,52645.0,青海,野牛沟,38.41666666666666,99.58333333333331,3320.0,2006,6,2,8.2,normal,5.0,9.6,1.5,0.75,0.46,682.3,683.8,681.4,2.3,,2.8213885049587573,Rain
2006-06-03,52645.0,青海,野牛沟,38.41666666666666,99.58333333333331,3320.0,2006,6,3,2.8,normal,6.9,17.7,-0.7,0.67,0.23,681.4,683.5,678.0,6.1,,3.7817664601838397,Rain
2006-06-04,52645.0,青海,野牛沟,38.41666666666666,99.58333333333331,3320.0,2006,6,4,1.0,normal,8.9,16.2,2.3,0.68,0.4,678.8,680.6,676.9,3.6,,5.665090848308272,Rain
2006-06-05,52645.0,青海,野牛沟,38.41666666666666,99.58333333333331,3320.0,2006,6,5,1.2,normal,7.0,9.5,4.7,0.77,0.62,679.2,679.9,677.9,2.1,,4.852030442195621,Rain
2006-06-06,52645.0,青海,野牛沟,38.41666666666666,99.58333333333331,3320.0,2006,6,6,6.8,normal,6.2,12.0,3.1,0.75,0.54,681.0,681.8,678.9,2.1,,3.9240164228747476,Rain
2006-06-07,52645.0,青海,野牛沟,38.41666666666666,99.58333333333331,3320.0,2006,6,7,0.4,normal,7.0,13.5,2.6,0.67,0.33,682.8,683.6,681.3,4.1,,3.873690178304563,Rain
2006-06-08,52645.0,青海,野牛沟,38.41666666666666,99.58333333333331,3320.0,2006,6,8,0.0,无,6.5,13.6,-0.9,0.54,0.21,683.1,684.4,680.9,6.2,,,无
2006-06-09,52645.0,青海,野牛沟,38.41666666666666,99.58333333333331,3320.0,2006,6,9,0.0,无,7.5,15.2,-1.4,0.4,0.14,683.3,684.8,680.9,9.2,,,无
2006-06-10,52645.0,青海,野牛沟,38.41666666666666,99.58333333333331,3320.0,2006,6,10,0.0,无,8.2,18.5,-2.5,0.44,0.11,679.4,681.9,676.5,7.1,,,无
2006-06-11,52645.0,青海,野牛沟,38.41666666666666,99.58333333333331,3320.0,2006,6,11,0.0,无,9.2,14.4,4.9,0.46,0.2,679.4,680.7,677.7,6.7,,,无
2006-06-12,52645.0,青海,野牛沟,38.41666666666666,99.58333333333331,3320.0,2006,6,12,0.0,无,7.5,12.9,2.0,0.63,0.25,681.6,682.1,679.1,4.9,,,无
2006-06-13,52645.0,青海,野牛沟,38.41666666666666,99.58333333333331,3320.0,2006,6,13,0.7,normal,7.3,14.4,3.1,0.59,0.22,683.5,684.6,682.0,6.7,,3.3229819603633404,Rain
2006-06-14,52645.0,青海,野牛沟,38.41666666666666,99.58333333333331,3320.0,2006,6,14,0.0,无,7.7,17.6,-3.2,0.45,0.11,683.1,685.1,679.9,7.1,,,无
2006-06-15,52645.0,青海,野牛沟,38.41666666666666,99.58333333333331,3320.0,2006,6,15,0.0,无,7.9,13.2,4.1,0.58,0.27,681.9,682.8,680.0,6.8,,,无
2006-06-16,52645.0,青海,野牛沟,38.41666666666666,99.58333333333331,3320.0,2006,6,16,0.0,无,9.7,19.0,-1.8,0.47,0.14,682.0,682.9,680.3,8.0,,,无
2006-06-17,52645.0,青海,野牛沟,38.41666666666666,99.58333333333331,3320.0,2006,6,17,0.0,无,10.9,16.7,6.4,0.44,0.18,682.7,684.4,680.4,8.0,,,无
2006-06-18,52645.0,青海,野牛沟,38.41666666666666,99.58333333333331,3320.0,2006,6,18,4.0,normal,5.6,10.2,3.5,0.74,0.49,682.8,683.8,681.6,1.8,,3.281873145718923,Rain
2006-06-19,52645.0,青海,野牛沟,38.41666666666666,99.58333333333331,3320.0,2006,6,19,5.1,normal,3.5,5.9,1.6,0.82,0.64,684.8,685.3,683.8,1.2,,2.0332682243046074,Snow
2006-06-20,52645.0,青海,野牛沟,38.41666666666666,99.58333333333331,3320.0,2006,6,20,0.0,无,6.1,13.2,-0.3,0.65,0.35,685.3,686.6,683.8,3.8,,,无
2006-06-21,52645.0,青海,野牛沟,38.41666666666666,99.58333333333331,3320.0,2006,6,21,0.2,normal,6.4,10.3,3.3,0.7,0.4,686.0,687.1,684.8,3.4,,3.636492325368219,Rain
2006-06-22,52645.0,青海,野牛沟,38.41666666666666,99.58333333333331,3320.0,2006,6,22,0.0,无,7.5,16.4,-1.3,0.57,0.19,685.0,686.8,681.9,5.6,,,无
2006-06-23,52645.0,青海,野牛沟,38.41666666666666,99.58333333333331,3320.0,2006,6,23,0.9,normal,8.1,17.0,1.1,0.6,0.18,684.6,685.8,682.0,6.8,,4.120152178344445,Rain
2006-06-24,52645.0,青海,野牛沟,38.41666666666666,99.58333333333331,3320.0,2006,6,24,0.0,无,8.7,19.0,-1.9,0.51,0.14,684.5,686.0,682.0,6.4,,,无
2006-06-25,52645.0,青海,野牛沟,38.41666666666666,99.58333333333331,3320.0,2006,6,25,0.1,normal,8.9,16.8,2.3,0.58,0.23,684.3,685.3,683.0,5.6,,4.589213941825636,Rain
2006-06-26,52645.0,青海,野牛沟,38.41666666666666,99.58333333333331,3320.0,2006,6,26,0.7,normal,7.7,19.1,-1.6,0.63,0.16,683.5,685.3,680.9,5.2,,4.085629777812616,Rain
2006-06-27,52645.0,青海,野牛沟,38.41666666666666,99.58333333333331,3320.0,2006,6,27,2.3,normal,7.3,13.1,4.0,0.75,0.48,682.4,684.5,679.7,3.3,,4.938254572193919,Rain
2006-06-28,52645.0,青海,野牛沟,38.41666666666666,99.58333333333331,3320.0,2006,6,28,1.5,normal,8.2,18.8,-0.6,0.66,0.24,681.4,682.6,679.2,4.6,,4.83497453855342,Rain
2006-06-29,52645.0,青海,野牛沟,38.41666666666666,99.58333333333331,3320.0,2006,6,29,2.0,normal,8.2,15.2,4.1,0.77,0.36,682.2,683.7,680.7,3.1,,5.968532737604408,Rain
2006-06-30,52645.0,青海,野牛沟,38.41666666666666,99.58333333333331,3320.0,2006,6,30,0.0,无,10.3,20.6,-0.1,0.59,0.2,682.0,684.0,678.8,7.2,,,无
2006-07-01,52645.0,青海,野牛沟,38.41666666666666,99.58333333333331,3320.0,2006,7,1,3.5,normal,10.7,17.9,7.1,0.72,0.32,679.9,680.8,679.1,2.5,,7.728577272214836,Rain
2006-07-02,52645.0,青海,野牛沟,38.41666666666666,99.58333333333331,3320.0,2006,7,2,0.0,无,12.1,16.8,8.5,0.68,0.41,680.4,680.8,679.5,3.4,,,无
2006-07-03,52645.0,青海,野牛沟,38.41666666666666,99.58333333333331,3320.0,2006,7,3,1.2,normal,13.5,19.7,8.8,0.65,0.34,680.9,682.1,679.5,6.3,,9.40694801803495,Rain
2006-07-04,52645.0,青海,野牛沟,38.41666666666666,99.58333333333331,3320.0,2006,7,4,0.0,无,12.6,20.3,5.5,0.68,0.31,682.6,683.8,681.0,5.9,,,无
2006-07-05,52645.0,青海,野牛沟,38.41666666666666,99.58333333333331,3320.0,2006,7,5,5.4,normal,10.7,17.2,5.4,0.74,0.4,683.1,683.9,681.4,3.5,,7.956662225310205,Rain
2006-07-06,52645.0,青海,野牛沟,38.41666666666666,99.58333333333331,3320.0,2006,7,6,8.1,normal,10.6,16.2,8.3,0.77,0.48,682.6,684.2,680.8,3.8,,8.194097007876188,Rain
2006-07-07,52645.0,青海,野牛沟,38.41666666666666,99.58333333333331,3320.0,2006,7,7,15.3,normal,9.1,14.4,6.4,0.78,0.47,681.6,683.1,680.0,4.3,,6.905984095288846,Rain
2006-07-08,52645.0,青海,野牛沟,38.41666666666666,99.58333333333331,3320.0,2006,7,8,5.1,normal,9.0,16.0,4.7,0.72,0.45,680.2,682.4,678.0,4.8,,6.183473344147967,Rain
2006-07-09,52645.0,青海,野牛沟,38.41666666666666,99.58333333333331,3320.0,2006,7,9,15.9,normal,6.1,12.3,1.2,0.76,0.39,680.8,682.2,679.0,4.7,,3.925853162437414,Rain
2006-07-10,52645.0,青海,野牛沟,38.41666666666666,99.58333333333331,3320.0,2006,7,10,0.1,normal,8.5,14.6,3.3,0.68,0.29,680.1,682.4,677.9,4.8,,5.30993185646357,Rain
2006-07-11,52645.0,青海,野牛沟,38.41666666666666,99.58333333333331,3320.0,2006,7,11,0.0,无,11.0,17.7,4.4,0.58,0.33,679.0,679.7,677.4,6.7,,,无
2006-07-12,52645.0,青海,野牛沟,38.41666666666666,99.58333333333331,3320.0,2006,7,12,0.0,无,11.9,19.8,2.8,0.63,0.36,679.5,681.1,677.6,6.5,,,无
2006-07-13,52645.0,青海,野牛沟,38.41666666666666,99.58333333333331,3320.0,2006,7,13,0.1,normal,12.2,20.0,6.8,0.74,0.44,678.7,679.8,676.8,3.9,,9.32499956479235,Rain
2006-07-14,52645.0,青海,野牛沟,38.41666666666666,99.58333333333331,3320.0,2006,7,14,0.0,无,16.0,23.5,10.6,0.68,0.4,678.1,679.0,676.9,7.5,,,无
2006-07-15,52645.0,青海,野牛沟,38.41666666666666,99.58333333333331,3320.0,2006,7,15,0.0,无,17.6,24.5,12.0,0.69,0.38,680.1,681.9,678.1,7.0,,,无
2006-07-16,52645.0,青海,野牛沟,38.41666666666666,99.58333333333331,3320.0,2006,7,16,0.0,无,18.6,24.4,13.9,0.69,0.44,679.1,680.1,677.3,6.4,,,无
2006-07-17,52645.0,青海,野牛沟,38.41666666666666,99.58333333333331,3320.0,2006,7,17,12.1,normal,13.2,19.9,10.7,0.83,0.62,680.6,682.3,677.8,4.5,,11.305283734429615,Rain
2006-07-18,52645.0,青海,野牛沟,38.41666666666666,99.58333333333331,3320.0,2006,7,18,2.6,normal,11.9,15.0,9.9,0.81,0.67,682.9,683.6,682.0,4.1,,9.851737779533,Rain
2006-07-19,52645.0,青海,野牛沟,38.41666666666666,99.58333333333331,3320.0,2006,7,19,9.4,normal,11.0,14.0,9.6,0.89,0.74,683.0,684.0,681.8,1.8,,9.862748603796,Rain
2006-07-20,52645.0,青海,野牛沟,38.41666666666666,99.58333333333331,3320.0,2006,7,20,8.9,normal,12.0,14.0,9.7,0.85,0.75,682.1,683.7,681.4,1.8,,10.39086124544847,Rain
2006-07-21,52645.0,青海,野牛沟,38.41666666666666,99.58333333333331,3320.0,2006,7,21,11.0,normal,9.9,13.5,7.2,0.87,0.65,682.9,684.3,681.2,2.1,,8.59386234558388,Rain
2006-07-22,52645.0,青海,野牛沟,38.41666666666666,99.58333333333331,3320.0,2006,7,22,5.4,normal,8.8,11.6,7.1,0.76,0.61,685.4,686.5,684.3,2.1,,6.426035370318339,Rain
2006-07-23,52645.0,青海,野牛沟,38.41666666666666,99.58333333333331,3320.0,2006,7,23,1.7,normal,8.9,15.5,3.8,0.64,0.25,686.0,687.0,684.1,6.3,,5.249833391127834,Rain
2006-07-24,52645.0,青海,野牛沟,38.41666666666666,99.58333333333331,3320.0,2006,7,24,0.0,无,8.2,16.7,0.1,0.63,0.22,685.8,687.0,684.3,6.6,,,无
2006-07-25,52645.0,青海,野牛沟,38.41666666666666,99.58333333333331,3320.0,2006,7,25,1.3,normal,9.1,16.8,0.3,0.62,0.27,684.2,685.9,682.2,4.5,,5.2026437064821485,Rain
2006-07-26,52645.0,青海,野牛沟,38.41666666666666,99.58333333333331,3320.0,2006,7,26,0.3,normal,10.0,20.3,1.5,0.65,0.23,683.6,685.2,680.8,5.3,,6.323451338590291,Rain
2006-07-27,52645.0,青海,野牛沟,38.41666666666666,99.58333333333331,3320.0,2006,7,27,0.0,无,11.8,21.4,4.3,0.63,0.23,681.2,683.3,678.0,6.8,,,无
2006-07-28,52645.0,青海,野牛沟,38.41666666666666,99.58333333333331,3320.0,2006,7,28,2.8,normal,10.9,20.0,4.4,0.7,0.33,680.7,682.1,678.9,5.6,,7.685416064823731,Rain
2006-07-29,52645.0,青海,野牛沟,38.41666666666666,99.58333333333331,3320.0,2006,7,29,0.8,normal,10.9,20.8,2.6,0.69,0.33,682.5,683.5,680.7,6.2,,7.574937566650459,Rain
2006-07-30,52645.0,青海,野牛沟,38.41666666666666,99.58333333333331,3320.0,2006,7,30,2.3,normal,10.9,17.9,4.9,0.73,0.4,684.8,686.2,682.0,4.1,,8.03080769727146,Rain
2006-07-31,52645.0,青海,野牛沟,38.41666666666666,99.58333333333331,3320.0,2006,7,31,0.0,无,10.6,20.0,1.9,0.61,0.2,687.1,688.5,685.2,6.9,,,无
2006-08-01,52645.0,青海,野牛沟,38.41666666666666,99.58333333333331,3320.0,2006,8,1,0.0,无,11.0,21.2,1.6,0.57,0.22,686.2,688.0,684.1,6.7,,,无
2006-08-02,52645.0,青海,野牛沟,38.41666666666666,99.58333333333331,3320.0,2006,8,2,0.0,无,11.2,21.5,0.9,0.58,0.2,684.9,686.6,683.0,7.4,,,无
2006-08-03,52645.0,青海,野牛沟,38.41666666666666,99.58333333333331,3320.0,2006,8,3,2.7,normal,10.4,22.1,1.7,0.65,0.21,683.7,684.7,680.9,6.5,,6.676688543031202,Rain
2006-08-04,52645.0,青海,野牛沟,38.41666666666666,99.58333333333331,3320.0,2006,8,4,0.0,无,10.9,20.5,1.7,0.62,0.26,683.7,685.5,682.0,7.2,,,无
2006-08-05,52645.0,青海,野牛沟,38.41666666666666,99.58333333333331,3320.0,2006,8,5,0.0,无,11.1,23.4,1.2,0.62,0.23,683.3,684.5,680.8,6.7,,,无
2006-08-06,52645.0,青海,野牛沟,38.41666666666666,99.58333333333331,3320.0,2006,8,6,4.8,normal,11.9,22.5,6.6,0.71,0.31,682.7,684.1,680.2,6.3,,8.707944488248373,Rain
2006-08-07,52645.0,青海,野牛沟,38.41666666666666,99.58333333333331,3320.0,2006,8,7,3.4,normal,10.7,15.4,8.5,0.84,0.59,682.5,684.6,681.1,2.5,,9.04389588661449,Rain
2006-08-08,52645.0,青海,野牛沟,38.41666666666666,99.58333333333331,3320.0,2006,8,8,9.1,normal,11.4,18.5,7.3,0.79,0.53,682.7,684.2,681.4,4.7,,9.159386315349,Rain
2006-08-09,52645.0,青海,野牛沟,38.41666666666666,99.58333333333331,3320.0,2006,8,9,0.1,normal,11.6,19.0,8.4,0.78,0.47,683.5,685.1,682.1,3.7,,9.235142304269978,Rain
2006-08-10,52645.0,青海,野牛沟,38.41666666666666,99.58333333333331,3320.0,2006,8,10,13.1,normal,13.1,22.6,7.9,0.77,0.48,682.5,683.5,679.7,4.1,,10.51274016047579,Rain
2006-08-11,52645.0,青海,野牛沟,38.41666666666666,99.58333333333331,3320.0,2006,8,11,14.2,normal,11.8,18.3,8.2,0.84,0.6,683.3,685.0,680.1,4.7,,10.090880248279174,Rain
2006-08-12,52645.0,青海,野牛沟,38.41666666666666,99.58333333333331,3320.0,2006,8,12,17.0,normal,9.9,15.6,8.3,0.78,0.54,684.3,684.8,683.0,4.2,,7.653871506070353,Rain
2006-08-13,52645.0,青海,野牛沟,38.41666666666666,99.58333333333331,3320.0,2006,8,13,3.3,normal,11.0,16.7,7.4,0.72,0.43,684.6,685.9,682.6,3.6,,8.009192912340929,Rain
2006-08-14,52645.0,青海,野牛沟,38.41666666666666,99.58333333333331,3320.0,2006,8,14,0.0,无,11.4,20.1,4.7,0.7,0.28,683.7,684.9,681.6,5.8,,,无
2006-08-15,52645.0,青海,野牛沟,38.41666666666666,99.58333333333331,3320.0,2006,8,15,0.0,无,12.1,21.2,3.4,0.68,0.33,682.3,684.2,679.8,5.8,,,无
2006-08-16,52645.0,青海,野牛沟,38.41666666666666,99.58333333333331,3320.0,2006,8,16,18.0,normal,12.6,18.4,9.1,0.74,0.43,681.2,682.6,679.4,3.3,,9.695583566515321,Rain
2006-08-17,52645.0,青海,野牛沟,38.41666666666666,99.58333333333331,3320.0,2006,8,17,0.0,无,11.0,17.6,5.0,0.75,0.35,682.6,683.8,680.5,4.8,,,无
2006-08-18,52645.0,青海,野牛沟,38.41666666666666,99.58333333333331,3320.0,2006,8,18,1.9,normal,13.7,18.8,10.5,0.68,0.47,683.5,685.5,681.2,5.1,,9.967225654680952,Rain
2006-08-19,52645.0,青海,野牛沟,38.41666666666666,99.58333333333331,3320.0,2006,8,19,8.1,normal,9.3,13.9,4.5,0.78,0.56,686.9,689.5,685.1,2.1,,7.09881371792735,Rain
2006-08-20,52645.0,青海,野牛沟,38.41666666666666,99.58333333333331,3320.0,2006,8,20,0.0,无,8.0,17.3,2.2,0.74,0.26,687.6,690.5,684.7,5.3,,,无
2006-08-21,52645.0,青海,野牛沟,38.41666666666666,99.58333333333331,3320.0,2006,8,21,0.0,无,10.1,18.4,3.4,0.64,0.23,684.6,686.7,682.2,5.0,,,无
2006-08-22,52645.0,青海,野牛沟,38.41666666666666,99.58333333333331,3320.0,2006,8,22,5.8,normal,8.5,15.7,3.3,0.66,0.36,684.9,686.3,682.7,6.2,,5.108329580288999,Rain
2006-08-23,52645.0,青海,野牛沟,38.41666666666666,99.58333333333331,3320.0,2006,8,23,9.2,normal,9.8,15.1,4.4,0.66,0.38,684.2,685.1,683.1,4.6,,6.259404055034934,Rain
2006-08-24,52645.0,青海,野牛沟,38.41666666666666,99.58333333333331,3320.0,2006,8,24,4.3,normal,7.4,12.3,3.8,0.76,0.46,685.1,685.9,683.7,3.1,,5.132657606957598,Rain
2006-08-25,52645.0,青海,野牛沟,38.41666666666666,99.58333333333331,3320.0,2006,8,25,0.0,无,7.6,18.1,-0.6,0.67,0.27,684.3,686.1,681.7,4.2,,,无
2006-08-26,52645.0,青海,野牛沟,38.41666666666666,99.58333333333331,3320.0,2006,8,26,3.7,normal,7.5,15.6,3.3,0.74,0.3,683.1,683.9,682.1,2.7,,5.024040497915192,Rain
2006-08-27,52645.0,青海,野牛沟,38.41666666666666,99.58333333333331,3320.0,2006,8,27,16.4,normal,5.1,10.2,1.4,0.86,0.62,683.0,683.7,681.9,2.0,,3.8958229933986965,Rain
2006-08-28,52645.0,青海,野牛沟,38.41666666666666,99.58333333333331,3320.0,2006,8,28,1.9,normal,8.1,15.6,4.6,0.77,0.37,682.9,684.5,681.3,4.1,,5.876765284743937,Rain
2006-08-29,52645.0,青海,野牛沟,38.41666666666666,99.58333333333331,3320.0,2006,8,29,1.2,normal,7.8,11.3,4.6,0.81,0.62,681.7,682.5,681.0,2.2,,5.992557171163262,Rain
2006-08-30,52645.0,青海,野牛沟,38.41666666666666,99.58333333333331,3320.0,2006,8,30,0.8,normal,8.7,13.3,6.7,0.83,0.58,683.0,683.9,681.8,2.1,,7.042260048237954,Rain
2006-08-31,52645.0,青海,野牛沟,38.41666666666666,99.58333333333331,3320.0,2006,8,31,6.4,normal,8.1,10.4,6.0,0.82,0.71,682.9,684.2,681.6,1.2,,6.3750544662363895,Rain
2006-09-01,52645.0,青海,野牛沟,38.41666666666666,99.58333333333331,3320.0,2006,9,1,0.0,无,8.5,17.6,0.6,0.77,0.28,683.8,685.6,681.4,4.8,,,无
2006-09-02,52645.0,青海,野牛沟,38.41666666666666,99.58333333333331,3320.0,2006,9,2,0.3,normal,11.0,19.8,5.6,0.7,0.46,681.8,683.1,678.6,4.6,,7.777590255240603,Rain
2006-09-03,52645.0,青海,野牛沟,38.41666666666666,99.58333333333331,3320.0,2006,9,3,4.2,normal,8.8,13.7,6.6,0.84,0.67,682.7,684.0,681.1,3.3,,7.23733819520159,Rain
2006-09-04,52645.0,青海,野牛沟,38.41666666666666,99.58333333333331,3320.0,2006,9,4,1.3,normal,6.6,10.2,4.8,0.8,0.66,685.0,686.0,683.0,1.7,,4.773084620015022,Rain
2006-09-05,52645.0,青海,野牛沟,38.41666666666666,99.58333333333331,3320.0,2006,9,5,0.0,无,9.1,18.0,3.0,0.73,0.43,684.2,687.1,680.5,5.0,,,无
2006-09-06,52645.0,青海,野牛沟,38.41666666666666,99.58333333333331,3320.0,2006,9,6,0.0,无,9.0,14.9,5.5,0.72,0.44,681.6,682.8,680.0,3.5,,,无
2006-09-07,52645.0,青海,野牛沟,38.41666666666666,99.58333333333331,3320.0,2006,9,7,4.6,normal,5.3,11.5,2.6,0.8,0.43,682.9,684.2,681.1,4.2,,3.5519050449053102,Rain
2006-09-08,52645.0,青海,野牛沟,38.41666666666666,99.58333333333331,3320.0,2006,9,8,0.0,无,2.5,10.7,-3.7,0.72,0.26,686.1,686.9,684.1,3.3,,,无
2006-09-09,52645.0,青海,野牛沟,38.41666666666666,99.58333333333331,3320.0,2006,9,9,0.0,无,2.8,11.1,-3.3,0.63,0.2,687.9,689.2,686.4,3.9,,,无
2006-09-10,52645.0,青海,野牛沟,38.41666666666666,99.58333333333331,3320.0,2006,9,10,0.0,无,3.1,9.1,-0.8,0.6,0.3,685.8,688.6,683.7,3.0,,,无
2006-09-11,52645.0,青海,野牛沟,38.41666666666666,99.58333333333331,3320.0,2006,9,11,0.0,无,1.9,12.3,-5.4,0.61,0.2,684.4,686.2,682.1,3.8,,,无
2006-09-12,52645.0,青海,野牛沟,38.41666666666666,99.58333333333331,3320.0,2006,9,12,0.4,normal,4.6,11.9,-0.2,0.68,0.32,685.2,685.9,683.3,2.2,,1.8294373893143012,Rain
2006-09-13,52645.0,青海,野牛沟,38.41666666666666,99.58333333333331,3320.0,2006,9,13,5.2,normal,3.3,11.1,-1.6,0.73,0.22,686.8,688.4,685.0,3.6,,1.0932627286368524,Snow
2006-09-14,52645.0,青海,野牛沟,38.41666666666666,99.58333333333331,3320.0,2006,9,14,0.0,无,3.7,13.9,-3.5,0.67,0.15,686.0,687.4,683.9,4.1,,,无
2006-09-15,52645.0,青海,野牛沟,38.41666666666666,99.58333333333331,3320.0,2006,9,15,0.0,无,5.4,15.8,-3.6,0.61,0.15,685.1,686.5,683.3,4.0,,,无
2006-09-16,52645.0,青海,野牛沟,38.41666666666666,99.58333333333331,3320.0,2006,9,16,0.0,无,5.9,16.0,-3.2,0.57,0.17,684.4,685.9,682.1,4.3,,,无
2006-09-17,52645.0,青海,野牛沟,38.41666666666666,99.58333333333331,3320.0,2006,9,17,1.3,normal,5.1,13.2,-0.3,0.7,0.3,685.1,686.6,682.9,3.3,,2.461480286541051,Rain
2006-09-18,52645.0,青海,野牛沟,38.41666666666666,99.58333333333331,3320.0,2006,9,18,0.0,无,3.4,13.6,-3.1,0.65,0.23,687.2,688.6,685.2,3.5,,,无
2006-09-19,52645.0,青海,野牛沟,38.41666666666666,99.58333333333331,3320.0,2006,9,19,0.0,无,5.6,18.8,-4.9,0.57,0.12,685.2,687.5,681.5,4.4,,,无
2006-09-20,52645.0,青海,野牛沟,38.41666666666666,99.58333333333331,3320.0,2006,9,20,0.0,无,6.2,18.3,-3.6,0.55,0.1,682.9,684.6,680.7,4.6,,,无
2006-09-21,52645.0,青海,野牛沟,38.41666666666666,99.58333333333331,3320.0,2006,9,21,0.0,无,5.3,16.5,-1.3,0.71,0.34,682.5,683.5,680.2,2.9,,,无
2006-09-22,52645.0,青海,野牛沟,38.41666666666666,99.58333333333331,3320.0,2006,9,22,7.4,normal,8.2,15.8,2.4,0.72,0.44,681.3,684.0,678.5,4.6,,5.457981465221491,Rain
2006-09-23,52645.0,青海,野牛沟,38.41666666666666,99.58333333333331,3320.0,2006,9,23,8.9,normal,5.7,12.0,3.0,0.85,0.57,680.7,681.7,679.2,2.8,,4.378440460637836,Rain
2006-09-24,52645.0,青海,野牛沟,38.41666666666666,99.58333333333331,3320.0,2006,9,24,10.3,normal,2.8,6.0,0.5,0.88,0.7,684.3,685.1,681.6,0.9,,1.8549080763659598,Snow
2006-09-25,52645.0,青海,野牛沟,38.41666666666666,99.58333333333331,3320.0,2006,9,25,0.0,无,4.9,12.6,0.8,0.77,0.46,684.6,686.2,682.4,2.8,,,无
2006-09-26,52645.0,青海,野牛沟,38.41666666666666,99.58333333333331,3320.0,2006,9,26,7.7,normal,2.0,7.1,0.2,0.89,0.62,684.3,685.1,683.2,0.7,,1.161025029079279,Snow
2006-09-27,52645.0,青海,野牛沟,38.41666666666666,99.58333333333331,3320.0,2006,9,27,0.3,normal,2.9,11.0,-1.8,0.75,0.41,685.3,686.1,683.2,2.3,,0.8913935811098783,Snow
2006-09-28,52645.0,青海,野牛沟,38.41666666666666,99.58333333333331,3320.0,2006,9,28,3.8,normal,4.4,11.6,1.4,0.82,0.44,685.3,686.4,683.5,2.5,,2.883899678822641,Snow
2006-09-29,52645.0,青海,野牛沟,38.41666666666666,99.58333333333331,3320.0,2006,9,29,7.5,normal,3.9,10.5,0.1,0.75,0.34,687.1,688.1,685.5,3.5,,1.8153765869268002,Rain
2006-09-30,52645.0,青海,野牛沟,38.41666666666666,99.58333333333331,3320.0,2006,9,30,0.0,无,3.2,13.9,-4.0,0.64,0.18,686.9,688.4,684.7,1.9,,,无
2006-10-01,52645.0,青海,野牛沟,38.41666666666666,99.58333333333331,3320.0,2006,10,1,0.0,无,4.0,14.9,-3.6,0.64,0.23,685.9,687.1,683.4,4.2,,,无
2006-10-02,52645.0,青海,野牛沟,38.41666666666666,99.58333333333331,3320.0,2006,10,2,0.0,无,2.5,8.3,-2.4,0.7,0.43,685.4,686.8,683.8,2.2,,,无
2006-10-03,52645.0,青海,野牛沟,38.41666666666666,99.58333333333331,3320.0,2006,10,3,2.0,normal,3.5,10.6,0.0,0.72,0.23,685.7,687.4,683.3,3.2,,1.188893401761173,Snow
2006-10-04,52645.0,青海,野牛沟,38.41666666666666,99.58333333333331,3320.0,2006,10,4,0.0,无,2.1,10.8,-3.3,0.67,0.28,683.9,685.7,681.5,2.3,,,无
2006-10-05,52645.0,青海,野牛沟,38.41666666666666,99.58333333333331,3320.0,2006,10,5,0.0,无,3.5,11.1,-1.2,0.69,0.26,682.8,684.8,679.9,3.3,,,无
2006-10-06,52645.0,青海,野牛沟,38.41666666666666,99.58333333333331,3320.0,2006,10,6,0.4,normal,3.2,12.2,-2.9,0.64,0.13,682.2,684.2,677.9,3.3,,0.22376559348094016,Snow
2006-10-07,52645.0,青海,野牛沟,38.41666666666666,99.58333333333331,3320.0,2006,10,7,0.5,normal,-0.6,5.6,-5.4,0.7,0.31,682.9,684.5,680.9,2.0,,-2.7015046127273257,Snow
2006-10-08,52645.0,青海,野牛沟,38.41666666666666,99.58333333333331,3320.0,2006,10,8,0.0,无,-0.3,11.4,-10.5,0.62,0.14,685.4,687.4,683.0,2.8,,,无
2006-10-09,52645.0,青海,野牛沟,38.41666666666666,99.58333333333331,3320.0,2006,10,9,0.0,无,0.4,10.6,-6.5,0.6,0.19,684.5,685.7,683.1,2.7,,,无
2006-10-10,52645.0,青海,野牛沟,38.41666666666666,99.58333333333331,3320.0,2006,10,10,0.0,无,0.5,11.0,-6.5,0.6,0.15,686.5,687.6,684.7,3.0,,,无
2006-10-11,52645.0,青海,野牛沟,38.41666666666666,99.58333333333331,3320.0,2006,10,11,0.0,无,0.5,8.4,-6.5,0.59,0.13,687.1,688.1,685.0,2.5,,,无
2006-10-12,52645.0,青海,野牛沟,38.41666666666666,99.58333333333331,3320.0,2006,10,12,0.0,无,-0.8,9.3,-7.7,0.58,0.14,687.2,688.8,684.9,2.8,,,无
2006-10-13,52645.0,青海,野牛沟,38.41666666666666,99.58333333333331,3320.0,2006,10,13,0.0,无,-0.5,11.5,-7.9,0.58,0.12,686.6,688.4,684.4,2.9,,,无
2006-10-14,52645.0,青海,野牛沟,38.41666666666666,99.58333333333331,3320.0,2006,10,14,0.0,无,0.5,12.6,-7.7,0.55,0.12,684.3,686.4,681.4,3.2,,,无
2006-10-15,52645.0,青海,野牛沟,38.41666666666666,99.58333333333331,3320.0,2006,10,15,0.0,无,0.6,10.0,-6.9,0.54,0.16,683.4,684.5,682.1,3.3,,,无
2006-10-16,52645.0,青海,野牛沟,38.41666666666666,99.58333333333331,3320.0,2006,10,16,0.0,无,0.4,10.6,-6.8,0.65,0.26,686.0,687.5,683.8,2.6,,,无
2006-10-17,52645.0,青海,野牛沟,38.41666666666666,99.58333333333331,3320.0,2006,10,17,0.0,无,1.7,9.7,-3.4,0.66,0.24,686.0,687.5,684.0,2.5,,,无
2006-10-18,52645.0,青海,野牛沟,38.41666666666666,99.58333333333331,3320.0,2006,10,18,0.0,无,-0.5,11.7,-7.6,0.61,0.14,685.1,686.8,683.0,3.2,,,无
2006-10-19,52645.0,青海,野牛沟,38.41666666666666,99.58333333333331,3320.0,2006,10,19,0.0,无,1.3,13.4,-7.6,0.52,0.13,685.1,687.2,682.8,3.3,,,无
2006-10-20,52645.0,青海,野牛沟,38.41666666666666,99.58333333333331,3320.0,2006,10,20,0.0,无,2.3,13.0,-6.6,0.49,0.18,683.9,685.4,681.1,3.4,,,无
2006-10-21,52645.0,青海,野牛沟,38.41666666666666,99.58333333333331,3320.0,2006,10,21,0.0,无,-0.5,9.5,-6.5,0.58,0.19,685.8,687.1,684.0,2.7,,,无
2006-10-22,52645.0,青海,野牛沟,38.41666666666666,99.58333333333331,3320.0,2006,10,22,0.0,无,-0.2,10.6,-9.4,0.6,0.29,685.5,688.0,682.1,2.6,,,无
2006-10-23,52645.0,青海,野牛沟,38.41666666666666,99.58333333333331,3320.0,2006,10,23,6.2,normal,-1.7,5.3,-2.2,0.87,0.49,682.8,684.6,681.5,0.7,,-2.5531817535300627,Snow
2006-10-24,52645.0,青海,野牛沟,38.41666666666666,99.58333333333331,3320.0,2006,10,24,0.0,无,-6.4,3.2,-12.6,0.79,0.42,686.9,688.1,684.5,1.2,,,无
2006-10-25,52645.0,青海,野牛沟,38.41666666666666,99.58333333333331,3320.0,2006,10,25,0.0,无,-4.0,7.3,-11.6,0.65,0.1,687.0,688.6,684.8,2.1,,,无
2006-10-26,52645.0,青海,野牛沟,38.41666666666666,99.58333333333331,3320.0,2006,10,26,0.7,normal,-2.0,9.0,-9.0,0.72,0.22,685.4,686.8,682.3,1.7,,-3.835164835350766,Snow
2006-10-27,52645.0,青海,野牛沟,38.41666666666666,99.58333333333331,3320.0,2006,10,27,1.2,normal,-1.4,5.5,-5.1,0.72,0.37,685.8,687.2,684.7,2.2,,-3.284943986052098,Snow
2006-10-28,52645.0,青海,野牛沟,38.41666666666666,99.58333333333331,3320.0,2006,10,28,0.0,无,-2.6,4.2,-8.2,0.72,0.38,685.0,687.0,682.7,1.0,,,无
2006-10-29,52645.0,青海,野牛沟,38.41666666666666,99.58333333333331,3320.0,2006,10,29,1.2,normal,-2.3,3.8,-6.0,0.81,0.34,684.1,685.1,682.3,1.8,,-3.519533453678103,Snow
2006-10-30,52645.0,青海,野牛沟,38.41666666666666,99.58333333333331,3320.0,2006,10,30,1.2,normal,-6.2,-1.3,-10.8,0.76,0.4,685.8,687.7,684.3,1.0,,-7.479438854551579,Snow
2006-10-31,52645.0,青海,野牛沟,38.41666666666666,99.58333333333331,3320.0,2006,10,31,0.0,无,-6.4,4.4,-12.5,0.62,0.22,689.0,690.8,687.4,1.6,,,无
2006-11-01,52645.0,青海,野牛沟,38.41666666666666,99.58333333333331,3320.0,2006,11,1,0.0,无,-4.1,4.8,-10.3,0.6,0.2,686.1,688.6,683.6,1.7,,,无
2006-11-02,52645.0,青海,野牛沟,38.41666666666666,99.58333333333331,3320.0,2006,11,2,0.0,无,-4.7,7.0,-11.1,0.61,0.17,685.4,686.7,683.7,2.3,,,无
2006-11-03,52645.0,青海,野牛沟,38.41666666666666,99.58333333333331,3320.0,2006,11,3,0.0,无,-3.2,8.1,-10.7,0.55,0.15,684.1,685.5,681.8,2.5,,,无
2006-11-04,52645.0,青海,野牛沟,38.41666666666666,99.58333333333331,3320.0,2006,11,4,0.0,无,-3.3,6.1,-10.0,0.6,0.2,685.0,685.9,683.4,2.2,,,无
2006-11-05,52645.0,青海,野牛沟,38.41666666666666,99.58333333333331,3320.0,2006,11,5,0.0,无,-4.7,5.6,-11.4,0.6,0.16,686.7,688.1,685.0,1.6,,,无
2006-11-06,52645.0,青海,野牛沟,38.41666666666666,99.58333333333331,3320.0,2006,11,6,0.0,无,-5.7,5.9,-12.5,0.58,0.17,686.2,688.0,683.9,1.9,,,无
2006-11-07,52645.0,青海,野牛沟,38.41666666666666,99.58333333333331,3320.0,2006,11,7,0.0,无,-4.8,5.7,-12.4,0.58,0.17,682.4,684.9,679.8,1.9,,,无
2006-11-08,52645.0,青海,野牛沟,38.41666666666666,99.58333333333331,3320.0,2006,11,8,0.1,normal,-4.7,4.6,-11.1,0.67,0.26,683.1,684.6,680.8,1.5,,-6.614187548549979,Snow
2006-11-09,52645.0,青海,野牛沟,38.41666666666666,99.58333333333331,3320.0,2006,11,9,0.0,无,-5.1,1.9,-11.1,0.62,0.19,684.0,685.9,682.4,2.5,,,无
2006-11-10,52645.0,青海,野牛沟,38.41666666666666,99.58333333333331,3320.0,2006,11,10,0.0,无,-6.8,5.5,-14.7,0.51,0.13,688.9,690.8,685.8,2.3,,,无
2006-11-11,52645.0,青海,野牛沟,38.41666666666666,99.58333333333331,3320.0,2006,11,11,0.0,无,-5.7,9.4,-14.7,0.51,0.1,686.9,689.9,682.7,1.7,,,无
2006-11-12,52645.0,青海,野牛沟,38.41666666666666,99.58333333333331,3320.0,2006,11,12,0.0,无,-5.4,7.2,-13.7,0.47,0.12,682.8,684.9,680.4,2.3,,,无
2006-11-13,52645.0,青海,野牛沟,38.41666666666666,99.58333333333331,3320.0,2006,11,13,0.0,无,-7.6,2.1,-14.4,0.58,0.23,682.3,683.6,681.0,1.7,,,无
2006-11-14,52645.0,青海,野牛沟,38.41666666666666,99.58333333333331,3320.0,2006,11,14,0.0,无,-6.4,4.3,-14.7,0.63,0.26,682.7,684.6,680.2,1.3,,,无
2006-11-15,52645.0,青海,野牛沟,38.41666666666666,99.58333333333331,3320.0,2006,11,15,0.3,normal,-6.9,0.9,-11.3,0.67,0.23,679.1,681.4,677.2,1.4,,-8.617106879211555,Snow
2006-11-16,52645.0,青海,野牛沟,38.41666666666666,99.58333333333331,3320.0,2006,11,16,0.0,无,-8.9,1.8,-16.0,0.58,0.17,678.9,680.1,676.6,2.3,,,无
2006-11-17,52645.0,青海,野牛沟,38.41666666666666,99.58333333333331,3320.0,2006,11,17,0.0,无,-10.1,1.9,-17.4,0.56,0.22,679.6,681.4,677.3,1.6,,,无
2006-11-18,52645.0,青海,野牛沟,38.41666666666666,99.58333333333331,3320.0,2006,11,18,0.0,无,-8.1,3.9,-15.6,0.53,0.18,679.1,680.5,677.8,1.8,,,无
2006-11-19,52645.0,青海,野牛沟,38.41666666666666,99.58333333333331,3320.0,2006,11,19,0.0,无,-8.3,2.1,-16.3,0.54,0.23,679.5,681.1,677.6,1.4,,,无
2006-11-20,52645.0,青海,野牛沟,38.41666666666666,99.58333333333331,3320.0,2006,11,20,0.0,无,-8.8,1.9,-15.7,0.59,0.18,680.3,681.7,678.5,1.6,,,无
2006-11-21,52645.0,青海,野牛沟,38.41666666666666,99.58333333333331,3320.0,2006,11,21,0.0,无,-9.8,1.3,-18.1,0.55,0.24,677.4,681.1,674.2,1.5,,,无
2006-11-22,52645.0,青海,野牛沟,38.41666666666666,99.58333333333331,3320.0,2006,11,22,0.0,无,-10.2,2.3,-17.4,0.5,0.16,675.8,677.3,674.6,1.9,,,无
2006-11-23,52645.0,青海,野牛沟,38.41666666666666,99.58333333333331,3320.0,2006,11,23,0.0,无,-10.2,1.7,-19.9,0.52,0.15,673.5,676.8,670.5,1.8,,,无
2006-11-24,52645.0,青海,野牛沟,38.41666666666666,99.58333333333331,3320.0,2006,11,24,0.0,无,-8.5,-1.0,-15.2,0.6,0.36,673.7,675.3,671.8,1.5,,,无
2006-11-25,52645.0,青海,野牛沟,38.41666666666666,99.58333333333331,3320.0,2006,11,25,0.0,无,-9.0,-1.2,-17.1,0.59,0.27,675.9,677.1,673.8,1.4,,,无
2006-11-26,52645.0,青海,野牛沟,38.41666666666666,99.58333333333331,3320.0,2006,11,26,0.5,normal,-11.8,-6.6,-16.3,0.63,0.18,675.4,677.5,673.1,1.1,,-13.27006360716705,Snow
2006-11-27,52645.0,青海,野牛沟,38.41666666666666,99.58333333333331,3320.0,2006,11,27,0.0,无,-17.0,-6.5,-24.0,0.51,0.16,676.0,677.7,674.7,1.3,,,无
2006-11-28,52645.0,青海,野牛沟,38.41666666666666,99.58333333333331,3320.0,2006,11,28,0.0,无,-16.5,-4.8,-24.3,0.48,0.14,675.9,677.1,674.4,1.6,,,无
2006-11-29,52645.0,青海,野牛沟,38.41666666666666,99.58333333333331,3320.0,2006,11,29,0.0,无,-15.7,-4.1,-23.7,0.47,0.12,676.8,678.0,674.6,1.5,,,无
2006-11-30,52645.0,青海,野牛沟,38.41666666666666,99.58333333333331,3320.0,2006,11,30,0.0,无,-15.2,-3.1,-23.4,0.42,0.1,679.5,681.3,677.8,2.0,,,无
2006-12-01,52645.0,青海,野牛沟,38.41666666666666,99.58333333333331,3320.0,2006,12,1,0.0,无,-14.4,-1.6,-23.0,0.42,0.12,679.5,681.5,676.6,1.5,,,无
2006-12-02,52645.0,青海,野牛沟,38.41666666666666,99.58333333333331,3320.0,2006,12,2,0.0,无,-15.3,-1.0,-23.6,0.43,0.12,679.0,680.5,677.0,1.5,,,无
2006-12-03,52645.0,青海,野牛沟,38.41666666666666,99.58333333333331,3320.0,2006,12,3,0.0,无,-13.3,-0.5,-22.2,0.42,0.15,678.9,680.4,676.9,1.4,,,无
2006-12-04,52645.0,青海,野牛沟,38.41666666666666,99.58333333333331,3320.0,2006,12,4,0.0,无,-13.2,0.2,-22.8,0.41,0.13,680.1,681.6,677.4,1.5,,,无
2006-12-05,52645.0,青海,野牛沟,38.41666666666666,99.58333333333331,3320.0,2006,12,5,0.0,无,-11.5,0.4,-20.9,0.39,0.15,679.1,682.0,675.7,1.4,,,无
2006-12-06,52645.0,青海,野牛沟,38.41666666666666,99.58333333333331,3320.0,2006,12,6,0.0,无,-7.0,-0.7,-12.2,0.45,0.28,674.8,676.4,674.0,1.7,,,无
2006-12-07,52645.0,青海,野牛沟,38.41666666666666,99.58333333333331,3320.0,2006,12,7,0.0,无,-9.5,-2.2,-15.7,0.66,0.48,677.9,679.3,675.2,1.3,,,无
2006-12-08,52645.0,青海,野牛沟,38.41666666666666,99.58333333333331,3320.0,2006,12,8,0.4,normal,-12.6,-6.8,-15.7,0.75,0.52,681.1,682.3,679.2,1.3,,-13.536489745371863,Snow
2006-12-09,52645.0,青海,野牛沟,38.41666666666666,99.58333333333331,3320.0,2006,12,9,0.0,无,-17.9,-8.2,-23.7,0.7,0.51,682.3,683.5,680.6,1.1,,,无
2006-12-10,52645.0,青海,野牛沟,38.41666666666666,99.58333333333331,3320.0,2006,12,10,0.0,无,-18.9,-9.4,-25.1,0.66,0.42,679.7,682.7,677.4,1.0,,,无
2006-12-11,52645.0,青海,野牛沟,38.41666666666666,99.58333333333331,3320.0,2006,12,11,0.0,无,-20.7,-10.1,-28.1,0.57,0.3,677.1,680.3,674.1,1.0,,,无
2006-12-12,52645.0,青海,野牛沟,38.41666666666666,99.58333333333331,3320.0,2006,12,12,0.0,无,-17.4,-9.4,-22.3,0.52,0.28,679.8,681.6,676.3,1.2,,,无
2006-12-13,52645.0,青海,野牛沟,38.41666666666666,99.58333333333331,3320.0,2006,12,13,0.0,无,-21.7,-11.2,-29.4,0.52,0.22,681.1,682.5,679.0,1.2,,,无
2006-12-14,52645.0,青海,野牛沟,38.41666666666666,99.58333333333331,3320.0,2006,12,14,0.0,无,-20.7,-8.7,-28.8,0.47,0.19,678.7,680.8,676.9,1.5,,,无
2006-12-15,52645.0,青海,野牛沟,38.41666666666666,99.58333333333331,3320.0,2006,12,15,0.0,无,-19.2,-8.6,-27.0,0.51,0.2,683.7,686.3,679.9,1.4,,,无
2006-12-16,52645.0,青海,野牛沟,38.41666666666666,99.58333333333331,3320.0,2006,12,16,0.0,无,-20.5,-8.8,-28.4,0.52,0.24,684.6,687.1,681.8,1.3,,,无
2006-12-17,52645.0,青海,野牛沟,38.41666666666666,99.58333333333331,3320.0,2006,12,17,0.0,无,-15.7,-4.8,-24.0,0.49,0.2,681.8,683.6,680.1,1.4,,,无
2006-12-18,52645.0,青海,野牛沟,38.41666666666666,99.58333333333331,3320.0,2006,12,18,0.0,无,-15.7,-6.7,-23.1,0.6,0.28,682.9,684.6,681.7,1.4,,,无
2006-12-19,52645.0,青海,野牛沟,38.41666666666666,99.58333333333331,3320.0,2006,12,19,0.0,无,-14.0,-5.0,-21.3,0.48,0.15,682.8,684.7,681.3,1.6,,,无
2006-12-20,52645.0,青海,野牛沟,38.41666666666666,99.58333333333331,3320.0,2006,12,20,0.0,无,-17.4,-5.3,-25.6,0.5,0.2,684.5,686.6,682.3,1.6,,,无
2006-12-21,52645.0,青海,野牛沟,38.41666666666666,99.58333333333331,3320.0,2006,12,21,0.0,无,-16.7,-3.2,-24.7,0.51,0.15,682.5,684.6,680.2,1.5,,,无
2006-12-22,52645.0,青海,野牛沟,38.41666666666666,99.58333333333331,3320.0,2006,12,22,0.0,无,-15.0,-1.4,-23.7,0.48,0.18,680.7,682.0,678.7,1.8,,,无
2006-12-23,52645.0,青海,野牛沟,38.41666666666666,99.58333333333331,3320.0,2006,12,23,0.0,无,-13.1,-1.2,-21.7,0.51,0.22,681.1,683.0,679.3,1.8,,,无
2006-12-24,52645.0,青海,野牛沟,38.41666666666666,99.58333333333331,3320.0,2006,12,24,0.0,无,-15.8,-2.9,-23.9,0.54,0.19,678.4,681.1,675.6,1.7,,,无
2006-12-25,52645.0,青海,野牛沟,38.41666666666666,99.58333333333331,3320.0,2006,12,25,0.0,无,-13.9,-0.7,-21.8,0.49,0.15,677.8,679.3,676.0,1.6,,,无
2006-12-26,52645.0,青海,野牛沟,38.41666666666666,99.58333333333331,3320.0,2006,12,26,0.0,无,-15.4,-4.1,-23.8,0.48,0.19,680.3,681.7,678.9,1.5,,,无
2006-12-27,52645.0,青海,野牛沟,38.41666666666666,99.58333333333331,3320.0,2006,12,27,0.0,无,-17.3,-3.7,-26.4,0.44,0.13,681.7,683.5,679.5,1.4,,,无
2006-12-28,52645.0,青海,野牛沟,38.41666666666666,99.58333333333331,3320.0,2006,12,28,0.0,无,-16.7,-5.5,-26.6,0.52,0.15,679.0,681.6,677.0,0.9,,,无
2006-12-29,52645.0,青海,野牛沟,38.41666666666666,99.58333333333331,3320.0,2006,12,29,0.0,无,-13.9,-3.6,-21.6,0.52,0.18,677.4,679.0,675.9,1.3,,,无
2006-12-30,52645.0,青海,野牛沟,38.41666666666666,99.58333333333331,3320.0,2006,12,30,0.0,无,-17.1,-3.8,-25.6,0.45,0.15,678.2,679.7,676.7,1.5,,,无
2006-12-31,52645.0,青海,野牛沟,38.41666666666666,99.58333333333331,3320.0,2006,12,31,0.0,无,-18.0,-3.4,-26.6,0.44,0.13,678.3,679.9,676.3,1.3,,,无
2007-01-01,52645.0,青海,野牛沟,38.41666666666666,99.58333333333331,3320.0,2007,1,1,0.0,无,-16.7,-2.0,-26.6,0.43,0.13,677.5,679.2,675.0,1.6,,,无
2007-01-02,52645.0,青海,野牛沟,38.41666666666666,99.58333333333331,3320.0,2007,1,2,0.0,无,-14.0,-1.7,-22.1,0.46,0.25,675.2,676.7,673.1,1.2,,,无
2007-01-03,52645.0,青海,野牛沟,38.41666666666666,99.58333333333331,3320.0,2007,1,3,0.0,无,-14.1,-3.8,-21.9,0.53,0.3,676.5,678.4,675.1,1.7,,,无
2007-01-04,52645.0,青海,野牛沟,38.41666666666666,99.58333333333331,3320.0,2007,1,4,0.0,无,-15.0,-6.3,-19.9,0.52,0.14,678.2,679.9,676.2,1.2,,,无
2007-01-05,52645.0,青海,野牛沟,38.41666666666666,99.58333333333331,3320.0,2007,1,5,0.0,无,-18.1,-6.1,-26.4,0.38,0.12,680.8,682.6,678.0,1.5,,,无
2007-01-06,52645.0,青海,野牛沟,38.41666666666666,99.58333333333331,3320.0,2007,1,6,0.0,无,-19.5,-4.6,-27.8,0.41,0.13,681.7,684.1,678.4,1.0,,,无
2007-01-07,52645.0,青海,野牛沟,38.41666666666666,99.58333333333331,3320.0,2007,1,7,0.0,无,-16.6,-8.3,-21.3,0.4,0.17,680.2,682.0,678.2,1.2,,,无
2007-01-08,52645.0,青海,野牛沟,38.41666666666666,99.58333333333331,3320.0,2007,1,8,0.0,无,-15.9,-4.7,-25.6,0.31,0.08,679.1,680.1,677.5,1.6,,,无
2007-01-09,52645.0,青海,野牛沟,38.41666666666666,99.58333333333331,3320.0,2007,1,9,0.0,无,-18.3,-2.9,-27.7,0.34,0.11,678.6,680.5,675.8,1.6,,,无
2007-01-10,52645.0,青海,野牛沟,38.41666666666666,99.58333333333331,3320.0,2007,1,10,0.0,无,-17.6,-2.1,-26.9,0.37,0.11,678.1,679.8,675.8,1.2,,,无
2007-01-11,52645.0,青海,野牛沟,38.41666666666666,99.58333333333331,3320.0,2007,1,11,0.0,无,-18.2,-6.6,-26.8,0.35,0.12,679.9,681.8,678.1,1.4,,,无
2007-01-12,52645.0,青海,野牛沟,38.41666666666666,99.58333333333331,3320.0,2007,1,12,0.0,无,-19.2,-5.2,-28.2,0.39,0.12,678.5,680.7,675.8,1.3,,,无
2007-01-13,52645.0,青海,野牛沟,38.41666666666666,99.58333333333331,3320.0,2007,1,13,0.0,无,-17.5,-8.4,-24.0,0.47,0.22,676.4,678.8,673.6,1.0,,,无
2007-01-14,52645.0,青海,野牛沟,38.41666666666666,99.58333333333331,3320.0,2007,1,14,0.0,无,-18.8,-11.8,-25.8,0.64,0.39,676.5,677.9,674.8,0.5,,,无
2007-01-15,52645.0,青海,野牛沟,38.41666666666666,99.58333333333331,3320.0,2007,1,15,0.0,无,-19.3,-12.6,-25.5,0.7,0.39,675.4,676.9,673.8,0.7,,,无
2007-01-16,52645.0,青海,野牛沟,38.41666666666666,99.58333333333331,3320.0,2007,1,16,0.0,无,-22.4,-9.4,-30.4,0.51,0.2,677.7,679.0,675.9,1.0,,,无
2007-01-17,52645.0,青海,野牛沟,38.41666666666666,99.58333333333331,3320.0,2007,1,17,0.0,无,-21.7,-7.0,-30.5,0.42,0.11,679.9,681.2,678.4,1.1,,,无
2007-01-18,52645.0,青海,野牛沟,38.41666666666666,99.58333333333331,3320.0,2007,1,18,0.0,无,-20.2,-5.3,-29.7,0.39,0.12,678.5,681.4,675.3,1.2,,,无
2007-01-19,52645.0,青海,野牛沟,38.41666666666666,99.58333333333331,3320.0,2007,1,19,0.0,无,-19.4,-5.7,-29.0,0.38,0.1,675.8,676.8,674.1,1.5,,,无
2007-01-20,52645.0,青海,野牛沟,38.41666666666666,99.58333333333331,3320.0,2007,1,20,0.0,无,-17.6,-3.7,-28.2,0.35,0.12,678.0,679.8,676.0,1.3,,,无
2007-01-21,52645.0,青海,野牛沟,38.41666666666666,99.58333333333331,3320.0,2007,1,21,0.0,无,-14.5,-4.2,-21.7,0.44,0.19,676.9,678.2,674.8,1.4,,,无
2007-01-22,52645.0,青海,野牛沟,38.41666666666666,99.58333333333331,3320.0,2007,1,22,0.0,无,-14.9,-4.0,-25.9,0.45,0.09,677.7,679.4,675.7,1.5,,,无
2007-01-23,52645.0,青海,野牛沟,38.41666666666666,99.58333333333331,3320.0,2007,1,23,0.0,无,-11.4,-5.6,-20.4,0.23,0.13,677.9,679.0,676.8,2.8,,,无
2007-01-24,52645.0,青海,野牛沟,38.41666666666666,99.58333333333331,3320.0,2007,1,24,0.0,无,-15.0,-4.5,-23.9,0.43,0.17,678.4,679.9,676.0,2.0,,,无
2007-01-25,52645.0,青海,野牛沟,38.41666666666666,99.58333333333331,3320.0,2007,1,25,0.0,无,-14.6,-2.1,-24.6,0.46,0.19,681.0,682.1,678.4,1.9,,,无
2007-01-26,52645.0,青海,野牛沟,38.41666666666666,99.58333333333331,3320.0,2007,1,26,0.0,无,-9.9,-3.0,-14.0,0.33,0.16,681.8,684.4,679.7,3.6,,,无
2007-01-27,52645.0,青海,野牛沟,38.41666666666666,99.58333333333331,3320.0,2007,1,27,0.0,无,-11.4,-2.0,-19.6,0.4,0.11,686.2,688.4,684.4,2.3,,,无
2007-01-28,52645.0,青海,野牛沟,38.41666666666666,99.58333333333331,3320.0,2007,1,28,0.0,无,-13.8,1.1,-23.5,0.37,0.11,683.5,686.9,679.5,2.0,,,无
2007-01-29,52645.0,青海,野牛沟,38.41666666666666,99.58333333333331,3320.0,2007,1,29,0.0,无,-13.9,1.3,-23.0,0.32,0.1,683.7,684.8,681.0,2.0,,,无
2007-01-30,52645.0,青海,野牛沟,38.41666666666666,99.58333333333331,3320.0,2007,1,30,0.0,无,-12.7,2.5,-22.8,0.33,0.09,683.8,685.8,680.7,1.9,,,无
2007-01-31,52645.0,青海,野牛沟,38.41666666666666,99.58333333333331,3320.0,2007,1,31,0.0,无,-13.1,-0.8,-21.7,0.33,0.13,687.9,690.1,682.7,1.8,,,无
2007-02-01,52645.0,青海,野牛沟,38.41666666666666,99.58333333333331,3320.0,2007,2,1,0.0,无,-14.7,0.3,-24.2,0.38,0.12,687.8,690.1,684.3,1.8,,,无
2007-02-02,52645.0,青海,野牛沟,38.41666666666666,99.58333333333331,3320.0,2007,2,2,0.0,无,-13.8,2.2,-24.4,0.31,0.09,683.5,686.6,679.9,1.9,,,无
2007-02-03,52645.0,青海,野牛沟,38.41666666666666,99.58333333333331,3320.0,2007,2,3,0.0,无,-14.5,2.3,-24.6,0.3,0.09,679.1,681.8,675.9,1.9,,,无
2007-02-04,52645.0,青海,野牛沟,38.41666666666666,99.58333333333331,3320.0,2007,2,4,0.0,无,-13.3,1.7,-23.5,0.31,0.1,676.5,678.8,673.5,1.6,,,无
2007-02-05,52645.0,青海,野牛沟,38.41666666666666,99.58333333333331,3320.0,2007,2,5,0.0,无,-11.3,3.7,-23.1,0.33,0.12,676.2,678.0,673.9,2.2,,,无
2007-02-06,52645.0,青海,野牛沟,38.41666666666666,99.58333333333331,3320.0,2007,2,6,0.0,无,-10.9,-0.3,-18.9,0.41,0.2,674.7,676.0,673.0,2.0,,,无
2007-02-07,52645.0,青海,野牛沟,38.41666666666666,99.58333333333331,3320.0,2007,2,7,0.0,无,-12.9,0.9,-23.3,0.51,0.13,678.3,680.2,675.2,1.9,,,无
2007-02-08,52645.0,青海,野牛沟,38.41666666666666,99.58333333333331,3320.0,2007,2,8,0.0,无,-13.7,-0.2,-24.5,0.39,0.07,681.6,683.3,679.4,1.9,,,无
2007-02-09,52645.0,青海,野牛沟,38.41666666666666,99.58333333333331,3320.0,2007,2,9,0.0,无,-11.8,2.4,-23.3,0.29,0.1,680.4,682.5,677.3,1.7,,,无
2007-02-10,52645.0,青海,野牛沟,38.41666666666666,99.58333333333331,3320.0,2007,2,10,0.0,无,-9.5,1.7,-20.1,0.27,0.09,678.6,680.8,675.9,2.8,,,无
2007-02-11,52645.0,青海,野牛沟,38.41666666666666,99.58333333333331,3320.0,2007,2,11,0.0,无,-10.3,4.9,-21.8,0.31,0.1,677.1,680.1,673.0,2.2,,,无
2007-02-12,52645.0,青海,野牛沟,38.41666666666666,99.58333333333331,3320.0,2007,2,12,0.0,无,-8.6,0.9,-15.2,0.35,0.16,674.0,676.6,672.2,2.8,,,无
2007-02-13,52645.0,青海,野牛沟,38.41666666666666,99.58333333333331,3320.0,2007,2,13,0.0,无,-12.5,0.3,-22.6,0.45,0.15,677.8,680.0,675.2,1.7,,,无
2007-02-14,52645.0,青海,野牛沟,38.41666666666666,99.58333333333331,3320.0,2007,2,14,0.0,无,-10.7,2.2,-22.0,0.4,0.23,675.1,677.8,671.1,1.8,,,无
2007-02-15,52645.0,青海,野牛沟,38.41666666666666,99.58333333333331,3320.0,2007,2,15,0.0,无,-10.8,0.0,-19.9,0.49,0.21,671.8,673.3,669.4,2.3,,,无
2007-02-16,52645.0,青海,野牛沟,38.41666666666666,99.58333333333331,3320.0,2007,2,16,0.0,无,-8.5,-3.9,-12.1,0.6,0.3,672.4,673.6,670.6,1.9,,,无
2007-02-17,52645.0,青海,野牛沟,38.41666666666666,99.58333333333331,3320.0,2007,2,17,1.0,normal,-10.9,-4.7,-13.6,0.71,0.37,673.5,674.5,672.4,1.0,,-12.113382238869828,Snow
2007-02-18,52645.0,青海,野牛沟,38.41666666666666,99.58333333333331,3320.0,2007,2,18,0.0,无,-14.2,-2.5,-24.1,0.51,0.14,674.1,675.6,672.1,1.6,,,无
2007-02-19,52645.0,青海,野牛沟,38.41666666666666,99.58333333333331,3320.0,2007,2,19,0.0,无,-12.9,-2.0,-22.4,0.54,0.15,674.0,675.4,672.1,2.2,,,无
2007-02-20,52645.0,青海,野牛沟,38.41666666666666,99.58333333333331,3320.0,2007,2,20,0.0,无,-12.9,-2.5,-22.5,0.5,0.14,675.8,677.2,673.7,2.1,,,无
2007-02-21,52645.0,青海,野牛沟,38.41666666666666,99.58333333333331,3320.0,2007,2,21,0.0,无,-10.7,-0.7,-20.4,0.36,0.14,677.4,678.8,675.4,2.5,,,无
2007-02-22,52645.0,青海,野牛沟,38.41666666666666,99.58333333333331,3320.0,2007,2,22,0.0,无,-11.4,1.4,-24.1,0.35,0.09,674.6,677.7,671.3,2.5,,,无
2007-02-23,52645.0,青海,野牛沟,38.41666666666666,99.58333333333331,3320.0,2007,2,23,0.0,无,-7.7,0.4,-13.8,0.36,0.09,674.9,678.0,672.8,3.1,,,无
2007-02-24,52645.0,青海,野牛沟,38.41666666666666,99.58333333333331,3320.0,2007,2,24,0.0,无,-9.4,4.8,-21.3,0.34,0.06,678.7,681.5,674.8,3.0,,,无
2007-02-25,52645.0,青海,野牛沟,38.41666666666666,99.58333333333331,3320.0,2007,2,25,0.0,无,-8.7,5.8,-21.1,0.28,0.08,675.0,677.2,672.3,2.8,,,无
2007-02-26,52645.0,青海,野牛沟,38.41666666666666,99.58333333333331,3320.0,2007,2,26,0.0,无,-7.0,7.7,-19.4,0.3,0.1,673.7,676.4,669.7,2.8,,,无
2007-02-27,52645.0,青海,野牛沟,38.41666666666666,99.58333333333331,3320.0,2007,2,27,1.7,normal,-3.7,6.2,-9.8,0.48,0.15,669.5,671.3,666.7,1.7,,-6.957241646448131,Snow
2007-02-28,52645.0,青海,野牛沟,38.41666666666666,99.58333333333331,3320.0,2007,2,28,0.8,normal,-8.1,4.6,-18.1,0.7,0.17,672.2,673.9,669.4,2.7,,-9.571312464789766,Snow
2007-03-01,52645.0,青海,野牛沟,38.41666666666666,99.58333333333331,3320.0,2007,3,1,0.0,无,-4.3,7.2,-15.1,0.43,0.19,670.9,673.5,667.6,2.2,,,无
2007-03-02,52645.0,青海,野牛沟,38.41666666666666,99.58333333333331,3320.0,2007,3,2,0.3,normal,-8.8,2.0,-11.5,0.68,0.34,673.2,675.3,669.0,1.6,,-10.310774580654837,Snow
2007-03-03,52645.0,青海,野牛沟,38.41666666666666,99.58333333333331,3320.0,2007,3,3,0.3,normal,-9.8,-4.5,-13.3,0.71,0.4,676.2,677.4,673.8,1.5,,-11.088881570269592,Snow
2007-03-04,52645.0,青海,野牛沟,38.41666666666666,99.58333333333331,3320.0,2007,3,4,0.0,无,-12.7,-3.7,-20.6,0.57,0.2,677.5,678.8,675.8,2.4,,,无
2007-03-05,52645.0,青海,野牛沟,38.41666666666666,99.58333333333331,3320.0,2007,3,5,0.0,无,-13.3,-2.5,-22.1,0.52,0.23,678.2,679.9,675.4,2.3,,,无
2007-03-06,52645.0,青海,野牛沟,38.41666666666666,99.58333333333331,3320.0,2007,3,6,0.0,无,-12.3,-1.6,-21.8,0.51,0.22,676.6,679.2,673.5,2.5,,,无
2007-03-07,52645.0,青海,野牛沟,38.41666666666666,99.58333333333331,3320.0,2007,3,7,0.0,无,-10.8,-4.3,-17.1,0.54,0.3,673.8,675.6,671.3,1.9,,,无
2007-03-08,52645.0,青海,野牛沟,38.41666666666666,99.58333333333331,3320.0,2007,3,8,0.0,无,-13.0,-2.8,-22.7,0.47,0.16,672.6,675.1,670.5,2.3,,,无
2007-03-09,52645.0,青海,野牛沟,38.41666666666666,99.58333333333331,3320.0,2007,3,9,0.0,无,-12.4,-3.0,-21.2,0.41,0.14,673.2,674.5,671.8,3.2,,,无
2007-03-10,52645.0,青海,野牛沟,38.41666666666666,99.58333333333331,3320.0,2007,3,10,0.0,无,-10.1,3.0,-20.2,0.41,0.16,675.0,676.5,673.2,3.2,,,无
2007-03-11,52645.0,青海,野牛沟,38.41666666666666,99.58333333333331,3320.0,2007,3,11,0.0,无,-8.7,2.2,-18.6,0.46,0.2,674.2,675.6,671.9,2.1,,,无
2007-03-12,52645.0,青海,野牛沟,38.41666666666666,99.58333333333331,3320.0,2007,3,12,0.0,无,-7.0,6.1,-18.0,0.4,0.1,674.9,677.4,672.2,3.5,,,无
2007-03-13,52645.0,青海,野牛沟,38.41666666666666,99.58333333333331,3320.0,2007,3,13,1.6,normal,-6.6,-1.1,-8.4,0.65,0.16,672.9,673.9,671.0,1.3,,-8.46327838633497,Snow
2007-03-14,52645.0,青海,野牛沟,38.41666666666666,99.58333333333331,3320.0,2007,3,14,1.0,normal,-4.0,-0.5,-7.7,0.81,0.59,672.7,674.4,671.3,1.7,,-5.137945722271282,Snow
2007-03-15,52645.0,青海,野牛沟,38.41666666666666,99.58333333333331,3320.0,2007,3,15,1.6,normal,-7.5,-3.5,-8.8,0.76,0.61,673.7,675.3,671.8,0.4,,-8.709308784107566,Snow
2007-03-16,52645.0,青海,野牛沟,38.41666666666666,99.58333333333331,3320.0,2007,3,16,0.8,normal,-11.3,-2.5,-18.1,0.68,0.39,677.4,678.7,675.2,1.6,,-12.604335156557728,Snow
2007-03-17,52645.0,青海,野牛沟,38.41666666666666,99.58333333333331,3320.0,2007,3,17,0.0,无,-11.9,-0.2,-20.9,0.56,0.18,678.0,679.5,675.6,2.1,,,无
2007-03-18,52645.0,青海,野牛沟,38.41666666666666,99.58333333333331,3320.0,2007,3,18,0.0,无,-10.8,-0.6,-19.3,0.52,0.15,676.5,678.3,675.0,2.6,,,无
2007-03-19,52645.0,青海,野牛沟,38.41666666666666,99.58333333333331,3320.0,2007,3,19,0.0,无,-9.2,2.8,-18.9,0.46,0.1,681.5,683.6,678.3,2.0,,,无
2007-03-20,52645.0,青海,野牛沟,38.41666666666666,99.58333333333331,3320.0,2007,3,20,0.0,无,-3.7,10.9,-14.4,0.43,0.13,678.0,680.4,674.9,3.7,,,无
2007-03-21,52645.0,青海,野牛沟,38.41666666666666,99.58333333333331,3320.0,2007,3,21,0.0,无,-1.1,13.2,-11.8,0.48,0.13,677.2,679.4,674.0,4.0,,,无
2007-03-22,52645.0,青海,野牛沟,38.41666666666666,99.58333333333331,3320.0,2007,3,22,0.5,normal,-2.6,6.2,-4.9,0.62,0.24,677.3,679.0,674.6,1.7,,-5.061662493185781,Snow
2007-03-23,52645.0,青海,野牛沟,38.41666666666666,99.58333333333331,3320.0,2007,3,23,0.8,normal,-5.1,2.3,-9.0,0.73,0.36,680.5,681.9,678.9,1.8,,-6.632021239035484,Snow
2007-03-24,52645.0,青海,野牛沟,38.41666666666666,99.58333333333331,3320.0,2007,3,24,1.3,normal,-6.0,0.8,-11.9,0.73,0.37,679.3,681.6,677.5,1.9,,-7.465787508275592,Snow
2007-03-25,52645.0,青海,野牛沟,38.41666666666666,99.58333333333331,3320.0,2007,3,25,0.0,无,-5.9,3.6,-13.6,0.56,0.14,676.9,679.2,674.3,2.7,,,无
2007-03-26,52645.0,青海,野牛沟,38.41666666666666,99.58333333333331,3320.0,2007,3,26,0.0,无,-5.2,2.9,-12.6,0.47,0.11,678.2,679.4,675.9,3.8,,,无
2007-03-27,52645.0,青海,野牛沟,38.41666666666666,99.58333333333331,3320.0,2007,3,27,0.0,无,-2.2,7.0,-10.9,0.32,0.11,678.3,680.2,676.5,4.7,,,无
2007-03-28,52645.0,青海,野牛沟,38.41666666666666,99.58333333333331,3320.0,2007,3,28,0.0,无,-0.7,11.5,-10.8,0.36,0.09,679.0,682.0,675.7,5.9,,,无
2007-03-29,52645.0,青海,野牛沟,38.41666666666666,99.58333333333331,3320.0,2007,3,29,0.0,无,2.7,14.8,-9.0,0.34,0.12,676.7,678.6,674.1,5.5,,,无
2007-03-30,52645.0,青海,野牛沟,38.41666666666666,99.58333333333331,3320.0,2007,3,30,0.0,无,4.7,14.1,-3.5,0.3,0.13,676.0,677.4,674.6,7.5,,,无
2007-03-31,52645.0,青海,野牛沟,38.41666666666666,99.58333333333331,3320.0,2007,3,31,0.0,无,3.4,14.9,-5.5,0.42,0.13,676.0,678.4,673.5,6.7,,,无
2007-04-01,52645.0,青海,野牛沟,38.41666666666666,99.58333333333331,3320.0,2007,4,1,0.0,无,-2.1,10.0,-7.9,0.45,0.11,678.8,680.2,675.5,6.6,,,无
2007-04-02,52645.0,青海,野牛沟,38.41666666666666,99.58333333333331,3320.0,2007,4,2,0.0,无,-2.8,9.4,-12.7,0.34,0.13,678.6,680.9,675.5,4.3,,,无
2007-04-03,52645.0,青海,野牛沟,38.41666666666666,99.58333333333331,3320.0,2007,4,3,0.0,无,-2.6,4.8,-8.7,0.43,0.16,679.0,679.9,677.0,2.8,,,无
2007-04-04,52645.0,青海,野牛沟,38.41666666666666,99.58333333333331,3320.0,2007,4,4,1.2,normal,-3.8,-0.3,-6.4,0.59,0.19,679.1,680.9,677.7,1.5,,-6.310513213212654,Snow
2007-04-05,52645.0,青海,野牛沟,38.41666666666666,99.58333333333331,3320.0,2007,4,5,0.0,无,-3.8,5.6,-11.4,0.61,0.23,681.0,682.3,678.0,3.1,,,无
2007-04-06,52645.0,青海,野牛沟,38.41666666666666,99.58333333333331,3320.0,2007,4,6,0.0,无,-2.5,4.0,-7.9,0.64,0.28,682.6,684.1,680.6,2.5,,,无
2007-04-07,52645.0,青海,野牛沟,38.41666666666666,99.58333333333331,3320.0,2007,4,7,0.1,normal,-3.1,3.6,-7.2,0.69,0.35,681.9,683.5,680.2,2.3,,-5.04169991816934,Snow
2007-04-08,52645.0,青海,野牛沟,38.41666666666666,99.58333333333331,3320.0,2007,4,8,0.0,无,-3.3,6.0,-10.4,0.51,0.14,681.8,683.4,678.9,3.7,,,无
2007-04-09,52645.0,青海,野牛沟,38.41666666666666,99.58333333333331,3320.0,2007,4,9,0.0,无,-2.2,5.7,-10.6,0.4,0.11,682.4,683.8,680.3,3.0,,,无
2007-04-10,52645.0,青海,野牛沟,38.41666666666666,99.58333333333331,3320.0,2007,4,10,0.0,无,-1.7,8.8,-11.0,0.38,0.08,682.5,684.5,678.9,4.4,,,无
2007-04-11,52645.0,青海,野牛沟,38.41666666666666,99.58333333333331,3320.0,2007,4,11,0.0,无,-1.3,6.1,-8.2,0.46,0.17,680.5,681.9,677.7,5.6,,,无
2007-04-12,52645.0,青海,野牛沟,38.41666666666666,99.58333333333331,3320.0,2007,4,12,3.1,normal,-2.5,4.5,-6.9,0.83,0.4,681.6,682.9,679.3,1.4,,-3.581552356275526,Snow
2007-04-13,52645.0,青海,野牛沟,38.41666666666666,99.58333333333331,3320.0,2007,4,13,1.8,normal,-3.8,5.4,-10.0,0.75,0.3,680.8,682.4,678.4,3.9,,-5.308496070368602,Snow
2007-04-14,52645.0,青海,野牛沟,38.41666666666666,99.58333333333331,3320.0,2007,4,14,8.3,normal,-0.8,4.1,-4.9,0.69,0.29,679.8,681.0,677.9,2.0,,-2.960169754235129,Snow
2007-04-15,52645.0,青海,野牛沟,38.41666666666666,99.58333333333331,3320.0,2007,4,15,2.7,normal,0.9,6.6,-3.3,0.76,0.46,681.2,682.3,680.0,2.6,,-0.8826174133298759,Snow
2007-04-16,52645.0,青海,野牛沟,38.41666666666666,99.58333333333331,3320.0,2007,4,16,3.0,normal,0.7,5.5,-1.6,0.64,0.19,679.2,681.9,677.5,3.5,,-1.9926541943786846,Snow
2007-04-17,52645.0,青海,野牛沟,38.41666666666666,99.58333333333331,3320.0,2007,4,17,0.0,无,0.3,11.1,-7.5,0.49,0.12,684.2,686.5,680.2,6.1,,,无
2007-04-18,52645.0,青海,野牛沟,38.41666666666666,99.58333333333331,3320.0,2007,4,18,0.0,无,4.1,15.3,-5.9,0.45,0.11,681.1,683.1,678.1,6.1,,,无
2007-04-19,52645.0,青海,野牛沟,38.41666666666666,99.58333333333331,3320.0,2007,4,19,0.2,normal,1.5,9.9,-0.6,0.72,0.29,682.0,683.7,678.8,2.6,,-0.6404414532735592,Snow
2007-04-20,52645.0,青海,野牛沟,38.41666666666666,99.58333333333331,3320.0,2007,4,20,0.0,无,1.1,11.1,-5.1,0.71,0.2,681.7,684.6,678.4,3.3,,,无
2007-04-21,52645.0,青海,野牛沟,38.41666666666666,99.58333333333331,3320.0,2007,4,21,0.0,无,1.2,9.3,-3.8,0.62,0.19,679.1,681.4,677.0,3.7,,,无
2007-04-22,52645.0,青海,野牛沟,38.41666666666666,99.58333333333331,3320.0,2007,4,22,0.0,无,2.9,10.9,-2.8,0.52,0.15,677.1,680.2,674.4,5.3,,,无
2007-04-23,52645.0,青海,野牛沟,38.41666666666666,99.58333333333331,3320.0,2007,4,23,0.0,无,0.0,6.6,-3.5,0.48,0.11,679.2,680.6,676.5,6.8,,,无
2007-04-24,52645.0,青海,野牛沟,38.41666666666666,99.58333333333331,3320.0,2007,4,24,0.0,无,-1.9,7.3,-8.6,0.54,0.17,680.7,681.9,678.0,3.8,,,无
2007-04-25,52645.0,青海,野牛沟,38.41666666666666,99.58333333333331,3320.0,2007,4,25,0.0,无,-1.9,6.1,-6.7,0.58,0.29,682.0,683.0,679.3,4.2,,,无
2007-04-26,52645.0,青海,野牛沟,38.41666666666666,99.58333333333331,3320.0,2007,4,26,0.0,无,-1.6,8.0,-10.8,0.5,0.14,684.2,686.2,681.2,4.3,,,无
2007-04-27,52645.0,青海,野牛沟,38.41666666666666,99.58333333333331,3320.0,2007,4,27,0.0,无,-2.4,4.6,-4.1,0.73,0.24,682.6,684.2,679.7,3.2,,,无
2007-04-28,52645.0,青海,野牛沟,38.41666666666666,99.58333333333331,3320.0,2007,4,28,0.0,无,-2.6,6.3,-11.2,0.56,0.15,684.3,686.5,681.5,4.0,,,无
2007-04-29,52645.0,青海,野牛沟,38.41666666666666,99.58333333333331,3320.0,2007,4,29,0.0,无,1.4,13.7,-9.4,0.4,0.1,682.9,684.3,680.2,6.3,,,无
2007-04-30,52645.0,青海,野牛沟,38.41666666666666,99.58333333333331,3320.0,2007,4,30,0.0,无,3.3,11.8,-6.0,0.5,0.2,684.1,685.4,682.1,5.0,,,无
2007-05-01,52645.0,青海,野牛沟,38.41666666666666,99.58333333333331,3320.0,2007,5,1,0.0,无,5.5,16.4,-5.3,0.45,0.12,684.2,686.1,681.3,7.6,,,无
2007-05-02,52645.0,青海,野牛沟,38.41666666666666,99.58333333333331,3320.0,2007,5,2,0.0,无,3.1,10.5,-1.7,0.52,0.22,683.9,685.4,682.0,4.2,,,无
2007-05-03,52645.0,青海,野牛沟,38.41666666666666,99.58333333333331,3320.0,2007,5,3,0.7,normal,1.6,11.7,-7.7,0.44,0.09,688.3,690.8,685.2,6.3,,-2.8255134149782135,Snow
2007-05-04,52645.0,青海,野牛沟,38.41666666666666,99.58333333333331,3320.0,2007,5,4,0.0,无,4.2,16.7,-6.9,0.41,0.07,684.5,687.0,680.9,8.0,,,无
2007-05-05,52645.0,青海,野牛沟,38.41666666666666,99.58333333333331,3320.0,2007,5,5,0.0,无,6.4,17.3,-4.8,0.38,0.12,683.4,685.0,681.1,8.8,,,无
2007-05-06,52645.0,青海,野牛沟,38.41666666666666,99.58333333333331,3320.0,2007,5,6,0.0,无,5.0,13.8,-3.4,0.48,0.2,684.1,685.3,681.8,5.5,,,无
2007-05-07,52645.0,青海,野牛沟,38.41666666666666,99.58333333333331,3320.0,2007,5,7,0.1,normal,3.0,13.3,-0.6,0.78,0.34,682.6,685.2,680.3,3.1,,1.2291149000096135,Snow
2007-05-08,52645.0,青海,野牛沟,38.41666666666666,99.58333333333331,3320.0,2007,5,8,1.5,normal,6.7,15.0,-0.7,0.61,0.18,681.6,683.4,678.9,5.8,,3.004574812398171,Rain
2007-05-09,52645.0,青海,野牛沟,38.41666666666666,99.58333333333331,3320.0,2007,5,9,0.0,无,8.8,18.6,1.0,0.44,0.2,678.8,680.9,675.0,9.0,,,无
2007-05-10,52645.0,青海,野牛沟,38.41666666666666,99.58333333333331,3320.0,2007,5,10,11.7,normal,2.1,9.3,-1.0,0.78,0.26,681.9,683.2,677.0,3.9,,0.38953312379004235,Snow
2007-05-11,52645.0,青海,野牛沟,38.41666666666666,99.58333333333331,3320.0,2007,5,11,0.0,无,2.5,8.4,-3.3,0.51,0.15,685.7,687.0,682.8,6.0,,,无
2007-05-12,52645.0,青海,野牛沟,38.41666666666666,99.58333333333331,3320.0,2007,5,12,0.0,无,4.7,14.3,-4.9,0.45,0.09,686.1,688.2,683.2,8.2,,,无
2007-05-13,52645.0,青海,野牛沟,38.41666666666666,99.58333333333331,3320.0,2007,5,13,0.0,无,5.7,17.1,-5.0,0.42,0.09,684.3,686.6,680.7,7.6,,,无
2007-05-14,52645.0,青海,野牛沟,38.41666666666666,99.58333333333331,3320.0,2007,5,14,0.0,无,5.7,11.8,0.9,0.44,0.2,682.0,683.1,681.2,4.9,,,无
2007-05-15,52645.0,青海,野牛沟,38.41666666666666,99.58333333333331,3320.0,2007,5,15,0.6,normal,3.3,12.2,-3.1,0.56,0.11,684.7,686.1,682.4,7.1,,-0.3850932989517508,Snow
2007-05-16,52645.0,青海,野牛沟,38.41666666666666,99.58333333333331,3320.0,2007,5,16,0.0,无,5.0,17.0,-6.4,0.41,0.09,685.1,687.0,681.7,6.3,,,无
2007-05-17,52645.0,青海,野牛沟,38.41666666666666,99.58333333333331,3320.0,2007,5,17,0.0,无,7.6,17.9,-3.8,0.32,0.06,684.0,685.4,681.7,9.2,,,无
2007-05-18,52645.0,青海,野牛沟,38.41666666666666,99.58333333333331,3320.0,2007,5,18,0.0,无,8.2,21.1,-4.4,0.36,0.08,682.6,684.7,679.0,8.8,,,无
2007-05-19,52645.0,青海,野牛沟,38.41666666666666,99.58333333333331,3320.0,2007,5,19,0.0,无,9.8,21.7,-0.8,0.34,0.1,679.7,681.5,676.4,11.2,,,无
2007-05-20,52645.0,青海,野牛沟,38.41666666666666,99.58333333333331,3320.0,2007,5,20,0.0,无,8.4,19.4,-1.0,0.52,0.21,677.6,681.1,673.8,7.8,,,无
2007-05-21,52645.0,青海,野牛沟,38.41666666666666,99.58333333333331,3320.0,2007,5,21,7.4,normal,7.4,12.7,4.3,0.72,0.45,675.5,677.2,673.5,1.9,,4.720834759885348,Rain
2007-05-22,52645.0,青海,野牛沟,38.41666666666666,99.58333333333331,3320.0,2007,5,22,16.3,normal,3.4,7.3,1.2,0.87,0.72,676.7,678.5,674.9,1.0,,2.3458815523674614,Snow
2007-05-23,52645.0,青海,野牛沟,38.41666666666666,99.58333333333331,3320.0,2007,5,23,2.1,normal,3.8,9.6,-0.8,0.58,0.13,681.1,682.2,678.6,6.3,,0.21237618697311778,Snow
2007-05-24,52645.0,青海,野牛沟,38.41666666666666,99.58333333333331,3320.0,2007,5,24,0.0,无,4.4,13.5,-3.6,0.51,0.12,682.3,684.0,679.4,5.9,,,无
2007-05-25,52645.0,青海,野牛沟,38.41666666666666,99.58333333333331,3320.0,2007,5,25,1.7,normal,4.2,9.1,-0.7,0.67,0.28,681.3,682.3,680.1,2.5,,1.373980662543448,Rain
2007-05-26,52645.0,青海,野牛沟,38.41666666666666,99.58333333333331,3320.0,2007,5,26,0.4,normal,4.6,10.9,0.9,0.72,0.39,683.8,684.8,681.8,3.4,,2.187470788232244,Rain
2007-05-27,52645.0,青海,野牛沟,38.41666666666666,99.58333333333331,3320.0,2007,5,27,3.3,normal,5.0,14.1,0.1,0.75,0.3,684.2,686.2,680.7,5.0,,2.8241562849993196,Rain
2007-05-28,52645.0,青海,野牛沟,38.41666666666666,99.58333333333331,3320.0,2007,5,28,0.0,无,8.2,15.6,0.2,0.67,0.25,681.2,684.4,677.9,5.1,,,无
2007-05-29,52645.0,青海,野牛沟,38.41666666666666,99.58333333333331,3320.0,2007,5,29,3.6,normal,7.4,11.6,4.2,0.74,0.44,680.6,681.3,678.5,3.6,,4.92854731470636,Rain
2007-05-30,52645.0,青海,野牛沟,38.41666666666666,99.58333333333331,3320.0,2007,5,30,5.0,normal,6.2,11.7,2.9,0.69,0.39,682.7,684.3,680.6,4.0,,3.353891859686633,Rain
2007-05-31,52645.0,青海,野牛沟,38.41666666666666,99.58333333333331,3320.0,2007,5,31,0.0,无,6.2,15.3,-2.6,0.52,0.09,683.1,685.3,680.3,7.0,,,无
2007-06-01,52645.0,青海,野牛沟,38.41666666666666,99.58333333333331,3320.0,2007,6,1,0.0,无,8.1,17.4,-1.4,0.43,0.09,680.5,682.1,677.9,7.1,,,无
2007-06-02,52645.0,青海,野牛沟,38.41666666666666,99.58333333333331,3320.0,2007,6,2,0.0,无,6.4,16.3,-2.1,0.53,0.18,680.7,682.3,678.2,5.8,,,无
2007-06-03,52645.0,青海,野牛沟,38.41666666666666,99.58333333333331,3320.0,2007,6,3,0.0,无,6.4,14.2,-1.1,0.59,0.18,684.1,685.6,682.2,5.5,,,无
2007-06-04,52645.0,青海,野牛沟,38.41666666666666,99.58333333333331,3320.0,2007,6,4,0.0,无,8.4,16.3,-1.6,0.51,0.18,682.4,684.7,680.3,6.4,,,无
2007-06-05,52645.0,青海,野牛沟,38.41666666666666,99.58333333333331,3320.0,2007,6,5,0.0,无,10.7,18.4,0.9,0.46,0.19,682.0,683.2,680.4,7.8,,,无
2007-06-06,52645.0,青海,野牛沟,38.41666666666666,99.58333333333331,3320.0,2007,6,6,2.9,normal,7.6,17.1,0.1,0.57,0.24,682.7,684.5,681.0,5.3,,3.3678025526330435,Rain
2007-06-07,52645.0,青海,野牛沟,38.41666666666666,99.58333333333331,3320.0,2007,6,7,0.0,无,8.2,17.5,-1.3,0.59,0.22,682.5,684.3,680.7,5.7,,,无
2007-06-08,52645.0,青海,野牛沟,38.41666666666666,99.58333333333331,3320.0,2007,6,8,0.0,无,10.6,18.9,0.4,0.51,0.22,682.6,684.1,680.6,7.6,,,无
2007-06-09,52645.0,青海,野牛沟,38.41666666666666,99.58333333333331,3320.0,2007,6,9,0.1,normal,7.4,16.8,2.0,0.61,0.26,682.7,684.2,680.2,5.1,,3.614720223819643,Rain
2007-06-10,52645.0,青海,野牛沟,38.41666666666666,99.58333333333331,3320.0,2007,6,10,0.8,normal,6.8,14.2,1.2,0.72,0.4,682.9,685.2,680.6,5.6,,4.187620623208939,Rain
2007-06-11,52645.0,青海,野牛沟,38.41666666666666,99.58333333333331,3320.0,2007,6,11,15.0,normal,4.3,8.4,0.5,0.87,0.61,682.2,683.6,681.0,0.0,,3.2144413588571963,Snow
2007-06-12,52645.0,青海,野牛沟,38.41666666666666,99.58333333333331,3320.0,2007,6,12,0.0,无,6.6,14.5,-1.5,0.55,0.25,682.9,684.5,680.7,6.4,,,无
2007-06-13,52645.0,青海,野牛沟,38.41666666666666,99.58333333333331,3320.0,2007,6,13,0.0,无,7.6,17.9,-0.3,0.61,0.19,681.2,682.1,678.7,5.8,,,无
2007-06-14,52645.0,青海,野牛沟,38.41666666666666,99.58333333333331,3320.0,2007,6,14,3.0,normal,7.2,17.4,0.7,0.71,0.32,678.8,682.5,674.4,5.4,,4.445047850537542,Rain
2007-06-15,52645.0,青海,野牛沟,38.41666666666666,99.58333333333331,3320.0,2007,6,15,6.3,normal,7.5,14.9,1.5,0.66,0.33,677.6,679.1,675.1,5.7,,4.206186133794421,Rain
2007-06-16,52645.0,青海,野牛沟,38.41666666666666,99.58333333333331,3320.0,2007,6,16,9.9,normal,4.8,9.3,1.9,0.82,0.59,678.8,680.0,676.6,1.6,,3.2550579088335896,Snow
2007-06-17,52645.0,青海,野牛沟,38.41666666666666,99.58333333333331,3320.0,2007,6,17,2.7,normal,4.3,8.6,0.6,0.77,0.56,679.6,680.7,678.0,2.5,,2.348657106729646,Rain
2007-06-18,52645.0,青海,野牛沟,38.41666666666666,99.58333333333331,3320.0,2007,6,18,4.4,normal,3.5,7.3,-0.1,0.74,0.57,681.0,681.6,678.4,2.5,,1.352691835843518,Snow
2007-06-19,52645.0,青海,野牛沟,38.41666666666666,99.58333333333331,3320.0,2007,6,19,0.0,无,5.6,11.1,-0.3,0.67,0.38,682.7,683.6,681.3,3.5,,,无
2007-06-20,52645.0,青海,野牛沟,38.41666666666666,99.58333333333331,3320.0,2007,6,20,0.6,normal,6.0,8.6,3.1,0.69,0.51,683.3,684.4,682.2,2.0,,3.17525733387352,Rain
2007-06-21,52645.0,青海,野牛沟,38.41666666666666,99.58333333333331,3320.0,2007,6,21,0.2,normal,4.6,8.2,2.7,0.8,0.47,682.5,683.8,681.7,2.0,,2.8950549507650036,Snow
2007-06-22,52645.0,青海,野牛沟,38.41666666666666,99.58333333333331,3320.0,2007,6,22,2.8,normal,4.6,10.6,1.0,0.8,0.43,683.5,684.4,682.0,3.8,,2.896193015230053,Snow
2007-06-23,52645.0,青海,野牛沟,38.41666666666666,99.58333333333331,3320.0,2007,6,23,0.2,normal,7.4,14.8,-1.3,0.63,0.26,685.5,686.7,684.0,4.9,,3.827630413413936,Rain
2007-06-24,52645.0,青海,野牛沟,38.41666666666666,99.58333333333331,3320.0,2007,6,24,0.4,normal,7.0,14.3,0.7,0.65,0.28,685.8,686.9,683.5,4.9,,3.679578086586468,Rain
2007-06-25,52645.0,青海,野牛沟,38.41666666666666,99.58333333333331,3320.0,2007,6,25,0.1,normal,6.0,13.8,0.5,0.72,0.33,684.7,686.3,682.6,3.8,,3.4629509702539574,Rain
2007-06-26,52645.0,青海,野牛沟,38.41666666666666,99.58333333333331,3320.0,2007,6,26,0.9,normal,7.3,14.6,-0.8,0.66,0.24,680.5,684.0,677.9,4.7,,4.034885107319739,Rain
2007-06-27,52645.0,青海,野牛沟,38.41666666666666,99.58333333333331,3320.0,2007,6,27,4.9,normal,8.6,15.4,1.6,0.69,0.32,678.9,680.0,676.8,4.2,,5.5027358640053015,Rain
2007-06-28,52645.0,青海,野牛沟,38.41666666666666,99.58333333333331,3320.0,2007,6,28,5.7,normal,8.1,17.0,2.0,0.73,0.25,680.9,682.2,679.0,6.5,,5.468642842307809,Rain
2007-06-29,52645.0,青海,野牛沟,38.41666666666666,99.58333333333331,3320.0,2007,6,29,0.8,normal,10.0,19.5,0.5,0.58,0.14,680.6,681.9,679.0,5.9,,5.518926394998194,Rain
2007-06-30,52645.0,青海,野牛沟,38.41666666666666,99.58333333333331,3320.0,2007,6,30,5.4,normal,10.7,17.5,5.2,0.67,0.28,680.4,681.9,679.1,2.9,,7.1637465706291215,Rain
2007-07-01,52645.0,青海,野牛沟,38.41666666666666,99.58333333333331,3320.0,2007,7,1,24.1,normal,7.8,16.6,1.8,0.8,0.36,681.6,683.1,678.9,5.0,,5.8940707203574805,Rain
2007-07-02,52645.0,青海,野牛沟,38.41666666666666,99.58333333333331,3320.0,2007,7,2,2.2,normal,7.1,13.5,2.0,0.82,0.5,681.5,682.1,680.2,3.7,,5.429508931600169,Rain
2007-07-03,52645.0,青海,野牛沟,38.41666666666666,99.58333333333331,3320.0,2007,7,3,1.6,normal,8.3,18.0,1.2,0.74,0.36,680.0,681.7,678.2,3.4,,5.7524358892265814,Rain
2007-07-04,52645.0,青海,野牛沟,38.41666666666666,99.58333333333331,3320.0,2007,7,4,8.6,normal,8.5,13.4,3.8,0.74,0.55,679.8,680.8,678.6,4.0,,5.935411206647516,Rain
2007-07-05,52645.0,青海,野牛沟,38.41666666666666,99.58333333333331,3320.0,2007,7,5,6.5,normal,8.7,14.5,4.8,0.7,0.41,682.1,682.8,679.6,4.3,,5.704073351904548,Rain
2007-07-06,52645.0,青海,野牛沟,38.41666666666666,99.58333333333331,3320.0,2007,7,6,0.1,normal,10.1,20.3,2.2,0.7,0.24,681.9,683.6,679.5,6.7,,6.9661626531142895,Rain
2007-07-07,52645.0,青海,野牛沟,38.41666666666666,99.58333333333331,3320.0,2007,7,7,5.0,normal,10.8,20.0,5.1,0.72,0.3,681.3,682.2,679.1,5.8,,7.8218426730084945,Rain
2007-07-08,52645.0,青海,野牛沟,38.41666666666666,99.58333333333331,3320.0,2007,7,8,7.1,normal,10.9,17.3,3.7,0.72,0.41,680.8,682.4,679.6,4.3,,7.91193501652717,Rain
2007-07-09,52645.0,青海,野牛沟,38.41666666666666,99.58333333333331,3320.0,2007,7,9,0.0,无,11.9,19.5,3.9,0.62,0.29,682.2,683.3,680.7,6.2,,,无
2007-07-10,52645.0,青海,野牛沟,38.41666666666666,99.58333333333331,3320.0,2007,7,10,3.5,normal,8.7,15.2,3.1,0.76,0.37,682.1,683.3,680.5,2.5,,6.329060851740063,Rain
2007-07-11,52645.0,青海,野牛沟,38.41666666666666,99.58333333333331,3320.0,2007,7,11,6.6,normal,8.7,15.0,6.1,0.76,0.37,682.0,682.9,679.8,4.0,,6.328920489952954,Rain
2007-07-12,52645.0,青海,野牛沟,38.41666666666666,99.58333333333331,3320.0,2007,7,12,6.7,normal,8.3,14.3,4.5,0.72,0.42,682.0,684.0,680.0,4.2,,5.55007322867588,Rain
2007-07-13,52645.0,青海,野牛沟,38.41666666666666,99.58333333333331,3320.0,2007,7,13,5.8,normal,9.2,15.6,3.3,0.7,0.33,681.3,683.2,679.4,5.1,,6.153504753808989,Rain
2007-07-14,52645.0,青海,野牛沟,38.41666666666666,99.58333333333331,3320.0,2007,7,14,0.4,normal,10.4,20.2,1.3,0.61,0.19,679.6,681.5,676.9,6.3,,6.207740814818732,Rain
2007-07-15,52645.0,青海,野牛沟,38.41666666666666,99.58333333333331,3320.0,2007,7,15,0.0,无,12.6,22.0,4.1,0.6,0.25,677.5,679.0,675.6,6.9,,,无
2007-07-16,52645.0,青海,野牛沟,38.41666666666666,99.58333333333331,3320.0,2007,7,16,1.6,normal,12.9,20.9,5.2,0.7,0.4,676.5,677.4,674.5,4.7,,9.4818983348943,Rain
2007-07-17,52645.0,青海,野牛沟,38.41666666666666,99.58333333333331,3320.0,2007,7,17,13.9,normal,11.5,16.9,9.9,0.82,0.5,678.5,679.9,676.8,3.2,,9.581222426940762,Rain
2007-07-18,52645.0,青海,野牛沟,38.41666666666666,99.58333333333331,3320.0,2007,7,18,0.8,normal,9.9,15.5,6.7,0.73,0.49,681.3,682.1,679.9,4.1,,7.112339504934657,Rain
2007-07-19,52645.0,青海,野牛沟,38.41666666666666,99.58333333333331,3320.0,2007,7,19,24.4,normal,7.5,11.4,5.8,0.87,0.61,682.5,683.1,680.8,1.2,,6.288256532226373,Rain
2007-07-20,52645.0,青海,野牛沟,38.41666666666666,99.58333333333331,3320.0,2007,7,20,8.8,normal,8.6,14.3,4.6,0.74,0.42,682.4,683.5,680.7,3.9,,6.031054490697723,Rain
2007-07-21,52645.0,青海,野牛沟,38.41666666666666,99.58333333333331,3320.0,2007,7,21,4.8,normal,7.4,12.7,2.8,0.71,0.38,683.6,684.3,682.6,5.1,,4.63454975755258,Rain
2007-07-22,52645.0,青海,野牛沟,38.41666666666666,99.58333333333331,3320.0,2007,7,22,0.0,无,7.7,15.9,-0.2,0.67,0.26,682.9,684.2,681.3,5.8,,,无
2007-07-23,52645.0,青海,野牛沟,38.41666666666666,99.58333333333331,3320.0,2007,7,23,0.0,无,9.7,19.3,0.2,0.59,0.18,682.8,684.1,680.8,6.3,,,无
2007-07-24,52645.0,青海,野牛沟,38.41666666666666,99.58333333333331,3320.0,2007,7,24,0.0,无,10.0,20.4,-0.5,0.56,0.12,682.5,683.5,681.1,7.2,,,无
2007-07-25,52645.0,青海,野牛沟,38.41666666666666,99.58333333333331,3320.0,2007,7,25,0.0,无,10.4,20.7,0.4,0.55,0.18,682.7,683.8,681.2,6.7,,,无
2007-07-26,52645.0,青海,野牛沟,38.41666666666666,99.58333333333331,3320.0,2007,7,26,2.1,normal,9.7,15.5,5.2,0.66,0.24,682.7,684.4,680.5,4.3,,6.167606711595792,Rain
2007-07-27,52645.0,青海,野牛沟,38.41666666666666,99.58333333333331,3320.0,2007,7,27,0.8,normal,9.6,16.2,2.1,0.64,0.32,681.3,682.4,679.7,5.3,,5.854388699906665,Rain
2007-07-28,52645.0,青海,野牛沟,38.41666666666666,99.58333333333331,3320.0,2007,7,28,0.0,无,9.5,16.9,2.4,0.68,0.34,681.0,681.8,679.9,5.7,,,无
2007-07-29,52645.0,青海,野牛沟,38.41666666666666,99.58333333333331,3320.0,2007,7,29,0.6,normal,8.8,18.0,1.4,0.69,0.35,683.3,684.2,680.7,4.0,,5.690645380527646,Rain
2007-07-30,52645.0,青海,野牛沟,38.41666666666666,99.58333333333331,3320.0,2007,7,30,1.4,normal,10.7,16.2,7.3,0.73,0.48,684.0,685.0,682.7,4.3,,7.846948962420064,Rain
2007-07-31,52645.0,青海,野牛沟,38.41666666666666,99.58333333333331,3320.0,2007,7,31,0.3,normal,9.7,17.0,3.0,0.65,0.25,684.8,685.7,683.3,5.1,,6.061284151148851,Rain
2007-08-01,52645.0,青海,野牛沟,38.41666666666666,99.58333333333331,3320.0,2007,8,1,0.0,无,10.3,18.8,2.1,0.61,0.27,683.8,685.6,681.4,6.6,,,无
2007-08-02,52645.0,青海,野牛沟,38.41666666666666,99.58333333333331,3320.0,2007,8,2,0.0,无,10.6,19.8,1.9,0.6,0.3,682.4,683.8,680.5,6.1,,,无
2007-08-03,52645.0,青海,野牛沟,38.41666666666666,99.58333333333331,3320.0,2007,8,3,0.2,normal,10.1,17.0,3.7,0.67,0.34,681.4,682.5,680.1,5.2,,6.631567959206124,Rain
2007-08-04,52645.0,青海,野牛沟,38.41666666666666,99.58333333333331,3320.0,2007,8,4,17.5,normal,10.0,16.3,6.9,0.8,0.43,681.0,682.1,679.3,4.5,,7.955725156741829,Rain
2007-08-05,52645.0,青海,野牛沟,38.41666666666666,99.58333333333331,3320.0,2007,8,5,8.5,normal,10.4,18.3,7.1,0.84,0.41,681.2,682.7,680.2,2.6,,8.757430782619359,Rain
2007-08-06,52645.0,青海,野牛沟,38.41666666666666,99.58333333333331,3320.0,2007,8,6,1.4,normal,12.2,18.4,8.3,0.75,0.42,682.7,683.5,681.0,3.8,,9.447233555644058,Rain
2007-08-07,52645.0,青海,野牛沟,38.41666666666666,99.58333333333331,3320.0,2007,8,7,2.9,normal,11.9,20.3,5.9,0.78,0.46,682.6,683.8,680.4,4.5,,9.513301669772748,Rain
2007-08-08,52645.0,青海,野牛沟,38.41666666666666,99.58333333333331,3320.0,2007,8,8,4.0,normal,10.5,15.3,8.3,0.71,0.46,683.5,684.3,682.2,3.5,,7.44147219381047,Rain
2007-08-09,52645.0,青海,野牛沟,38.41666666666666,99.58333333333331,3320.0,2007,8,9,4.0,normal,11.0,16.2,7.3,0.73,0.47,683.5,684.5,682.3,4.6,,8.120029864916912,Rain
2007-08-10,52645.0,青海,野牛沟,38.41666666666666,99.58333333333331,3320.0,2007,8,10,0.2,normal,11.4,19.5,6.8,0.69,0.24,683.7,684.8,681.3,6.1,,8.026223469830661,Rain
2007-08-11,52645.0,青海,野牛沟,38.41666666666666,99.58333333333331,3320.0,2007,8,11,0.6,normal,10.8,15.9,6.4,0.66,0.32,682.5,684.0,681.0,6.1,,7.142302246558496,Rain
2007-08-12,52645.0,青海,野牛沟,38.41666666666666,99.58333333333331,3320.0,2007,8,12,0.0,无,9.6,18.6,0.8,0.62,0.29,680.9,682.8,678.6,5.9,,,无
2007-08-13,52645.0,青海,野牛沟,38.41666666666666,99.58333333333331,3320.0,2007,8,13,0.0,无,11.2,22.8,2.0,0.63,0.14,679.9,681.4,677.8,6.7,,,无
2007-08-14,52645.0,青海,野牛沟,38.41666666666666,99.58333333333331,3320.0,2007,8,14,0.6,normal,11.8,19.8,5.6,0.68,0.33,679.4,680.6,677.1,4.6,,8.259544501899988,Rain
2007-08-15,52645.0,青海,野牛沟,38.41666666666666,99.58333333333331,3320.0,2007,8,15,2.4,normal,11.6,18.5,7.7,0.74,0.45,680.0,680.6,679.0,5.8,,8.776894048642422,Rain
2007-08-16,52645.0,青海,野牛沟,38.41666666666666,99.58333333333331,3320.0,2007,8,16,6.1,normal,12.2,17.3,8.7,0.78,0.55,680.7,682.3,678.4,4.6,,9.790232585408486,Rain
2007-08-17,52645.0,青海,野牛沟,38.41666666666666,99.58333333333331,3320.0,2007,8,17,3.2,normal,11.9,14.8,9.9,0.81,0.66,680.3,681.2,678.7,2.3,,9.848968324099975,Rain
2007-08-18,52645.0,青海,野牛沟,38.41666666666666,99.58333333333331,3320.0,2007,8,18,4.7,normal,10.4,15.7,7.6,0.84,0.71,681.8,682.9,679.7,3.1,,8.757964602226668,Rain
2007-08-19,52645.0,青海,野牛沟,38.41666666666666,99.58333333333331,3320.0,2007,8,19,3.6,normal,11.4,16.0,9.0,0.78,0.55,685.0,685.8,680.9,2.9,,9.050847101078872,Rain
2007-08-20,52645.0,青海,野牛沟,38.41666666666666,99.58333333333331,3320.0,2007,8,20,21.9,normal,12.0,16.8,8.9,0.78,0.47,686.4,687.4,685.2,4.2,,9.611161095349946,Rain
2007-08-21,52645.0,青海,野牛沟,38.41666666666666,99.58333333333331,3320.0,2007,8,21,0.0,无,12.8,22.4,4.5,0.68,0.3,685.2,686.8,682.6,6.4,,,无
2007-08-22,52645.0,青海,野牛沟,38.41666666666666,99.58333333333331,3320.0,2007,8,22,2.1,normal,12.4,21.8,6.1,0.7,0.37,682.8,684.3,679.8,5.3,,9.042136825061263,Rain
2007-08-23,52645.0,青海,野牛沟,38.41666666666666,99.58333333333331,3320.0,2007,8,23,11.5,normal,11.2,18.2,7.5,0.72,0.46,685.2,686.1,682.8,6.0,,8.192047135193171,Rain
2007-08-24,52645.0,青海,野牛沟,38.41666666666666,99.58333333333331,3320.0,2007,8,24,0.0,无,10.8,20.8,2.5,0.57,0.2,686.5,688.0,684.5,5.6,,,无
2007-08-25,52645.0,青海,野牛沟,38.41666666666666,99.58333333333331,3320.0,2007,8,25,9.9,normal,9.0,14.9,7.3,0.81,0.25,686.8,687.8,685.1,2.7,,7.1269893402517726,Rain
2007-08-26,52645.0,青海,野牛沟,38.41666666666666,99.58333333333331,3320.0,2007,8,26,0.1,normal,8.1,13.9,2.7,0.71,0.39,687.1,688.7,685.5,3.4,,5.274554806184537,Rain
2007-08-27,52645.0,青海,野牛沟,38.41666666666666,99.58333333333331,3320.0,2007,8,27,0.0,无,8.5,15.9,1.1,0.7,0.31,685.0,687.4,682.7,3.8,,,无
2007-08-28,52645.0,青海,野牛沟,38.41666666666666,99.58333333333331,3320.0,2007,8,28,5.7,normal,10.9,20.2,5.4,0.74,0.31,683.5,684.6,681.0,4.5,,8.140585053784154,Rain
2007-08-29,52645.0,青海,野牛沟,38.41666666666666,99.58333333333331,3320.0,2007,8,29,7.9,normal,9.3,11.8,5.9,0.75,0.55,684.6,686.1,683.9,1.6,,6.7814927601254515,Rain
2007-08-30,52645.0,青海,野牛沟,38.41666666666666,99.58333333333331,3320.0,2007,8,30,5.4,normal,7.9,13.6,4.2,0.73,0.45,685.5,686.2,683.8,2.6,,5.293444845375963,Rain
2007-08-31,52645.0,青海,野牛沟,38.41666666666666,99.58333333333331,3320.0,2007,8,31,0.3,normal,8.1,15.9,2.6,0.68,0.27,684.7,686.3,682.8,4.5,,4.961178824511019,Rain
2007-09-01,52645.0,青海,野牛沟,38.41666666666666,99.58333333333331,3320.0,2007,9,1,0.0,无,9.4,16.4,4.1,0.65,0.29,684.3,685.2,682.6,5.0,,,无
2007-09-02,52645.0,青海,野牛沟,38.41666666666666,99.58333333333331,3320.0,2007,9,2,2.8,normal,6.6,11.4,4.0,0.78,0.5,685.1,685.6,683.6,3.2,,4.58407932409449,Rain
2007-09-03,52645.0,青海,野牛沟,38.41666666666666,99.58333333333331,3320.0,2007,9,3,0.2,normal,6.0,12.3,1.1,0.68,0.37,685.1,686.4,683.8,3.4,,3.0830156662271735,Rain
2007-09-04,52645.0,青海,野牛沟,38.41666666666666,99.58333333333331,3320.0,2007,9,4,0.0,无,5.8,15.2,-0.7,0.69,0.23,684.2,686.0,681.7,4.2,,,无
2007-09-05,52645.0,青海,野牛沟,38.41666666666666,99.58333333333331,3320.0,2007,9,5,3.2,normal,5.2,9.2,3.6,0.84,0.53,682.2,683.7,680.7,0.9,,3.814121316986454,Rain
2007-09-06,52645.0,青海,野牛沟,38.41666666666666,99.58333333333331,3320.0,2007,9,6,1.3,normal,6.2,13.8,1.1,0.72,0.35,680.8,682.3,678.9,4.8,,3.638395033626156,Rain
2007-09-07,52645.0,青海,野牛沟,38.41666666666666,99.58333333333331,3320.0,2007,9,7,0.9,normal,6.8,14.7,2.0,0.7,0.3,680.3,681.0,679.1,2.9,,3.9871176651364637,Rain
2007-09-08,52645.0,青海,野牛沟,38.41666666666666,99.58333333333331,3320.0,2007,9,8,8.9,normal,5.5,12.8,1.4,0.8,0.48,682.0,682.7,680.2,3.1,,3.738398615999361,Rain
2007-09-09,52645.0,青海,野牛沟,38.41666666666666,99.58333333333331,3320.0,2007,9,9,23.4,normal,4.1,12.0,0.2,0.84,0.47,683.9,684.6,682.5,4.8,,2.769598365645334,Snow
2007-09-10,52645.0,青海,野牛沟,38.41666666666666,99.58333333333331,3320.0,2007,9,10,0.0,无,5.6,14.0,-1.0,0.76,0.35,684.9,686.1,682.9,3.6,,,无
2007-09-11,52645.0,青海,野牛沟,38.41666666666666,99.58333333333331,3320.0,2007,9,11,0.4,normal,4.9,8.9,3.5,0.77,0.52,685.2,686.2,683.2,1.3,,2.912687591799492,Rain
2007-09-12,52645.0,青海,野牛沟,38.41666666666666,99.58333333333331,3320.0,2007,9,12,8.9,normal,1.5,6.9,0.5,0.93,0.6,685.4,686.0,683.7,1.0,,0.9793782622816449,Snow
2007-09-13,52645.0,青海,野牛沟,38.41666666666666,99.58333333333331,3320.0,2007,9,13,0.0,无,3.4,11.2,-1.0,0.73,0.29,686.4,687.6,684.9,3.6,,,无
2007-09-14,52645.0,青海,野牛沟,38.41666666666666,99.58333333333331,3320.0,2007,9,14,0.0,无,3.5,13.2,-4.1,0.64,0.23,684.4,686.7,681.8,4.0,,,无
2007-09-15,52645.0,青海,野牛沟,38.41666666666666,99.58333333333331,3320.0,2007,9,15,0.0,无,4.1,12.8,-3.5,0.63,0.23,681.7,683.1,679.6,3.3,,,无
2007-09-16,52645.0,青海,野牛沟,38.41666666666666,99.58333333333331,3320.0,2007,9,16,6.7,normal,-0.6,9.3,-4.2,0.87,0.44,683.1,687.4,679.9,1.1,,-1.4945908247484185,Snow
2007-09-17,52645.0,青海,野牛沟,38.41666666666666,99.58333333333331,3320.0,2007,9,17,0.0,无,-4.8,9.3,-15.1,0.73,0.22,688.4,689.9,686.4,2.1,,,无
2007-09-18,52645.0,青海,野牛沟,38.41666666666666,99.58333333333331,3320.0,2007,9,18,0.0,无,2.1,12.2,-5.7,0.58,0.17,685.8,687.1,683.9,4.1,,,无
2007-09-19,52645.0,青海,野牛沟,38.41666666666666,99.58333333333331,3320.0,2007,9,19,0.0,无,2.2,12.8,-5.2,0.6,0.21,686.6,687.7,685.1,3.3,,,无
2007-09-20,52645.0,青海,野牛沟,38.41666666666666,99.58333333333331,3320.0,2007,9,20,0.0,无,2.9,14.9,-5.1,0.62,0.15,686.4,688.2,684.1,3.9,,,无
2007-09-21,52645.0,青海,野牛沟,38.41666666666666,99.58333333333331,3320.0,2007,9,21,0.0,无,4.7,17.6,-4.2,0.55,0.14,684.0,685.5,682.1,4.2,,,无
2007-09-22,52645.0,青海,野牛沟,38.41666666666666,99.58333333333331,3320.0,2007,9,22,0.0,无,5.5,18.4,-3.1,0.63,0.26,683.5,685.3,680.8,4.9,,,无
2007-09-23,52645.0,青海,野牛沟,38.41666666666666,99.58333333333331,3320.0,2007,9,23,0.0,无,8.4,19.4,-0.3,0.65,0.33,682.0,684.0,679.2,4.7,,,无
2007-09-24,52645.0,青海,野牛沟,38.41666666666666,99.58333333333331,3320.0,2007,9,24,2.1,normal,8.0,16.8,1.0,0.74,0.48,682.4,683.6,679.7,3.9,,5.481200210648498,Rain
2007-09-25,52645.0,青海,野牛沟,38.41666666666666,99.58333333333331,3320.0,2007,9,25,0.1,normal,6.2,10.5,3.8,0.79,0.64,682.5,685.4,678.8,2.2,,4.302026749693169,Rain
2007-09-26,52645.0,青海,野牛沟,38.41666666666666,99.58333333333331,3320.0,2007,9,26,11.0,normal,3.6,8.6,0.4,0.84,0.59,683.2,684.6,679.9,2.4,,2.293424072016683,Snow
2007-09-27,52645.0,青海,野牛沟,38.41666666666666,99.58333333333331,3320.0,2007,9,27,5.5,normal,3.6,6.8,1.5,0.84,0.7,682.5,683.6,681.4,1.4,,2.292800426852728,Snow
2007-09-28,52645.0,青海,野牛沟,38.41666666666666,99.58333333333331,3320.0,2007,9,28,0.0,无,5.3,10.2,0.4,0.81,0.55,682.4,683.8,680.6,2.5,,,无
2007-09-29,52645.0,青海,野牛沟,38.41666666666666,99.58333333333331,3320.0,2007,9,29,0.1,normal,9.2,17.0,3.5,0.73,0.38,682.0,684.2,679.5,3.4,,6.474497729162905,Rain
2007-09-30,52645.0,青海,野牛沟,38.41666666666666,99.58333333333331,3320.0,2007,9,30,2.8,normal,4.7,11.9,3.3,0.87,0.68,681.2,682.6,679.8,0.6,,3.597958877401264,Snow
2007-10-01,52645.0,青海,野牛沟,38.41666666666666,99.58333333333331,3320.0,2007,10,1,0.0,无,5.6,12.3,1.9,0.75,0.49,683.2,684.5,681.4,2.3,,,无
2007-10-02,52645.0,青海,野牛沟,38.41666666666666,99.58333333333331,3320.0,2007,10,2,0.0,无,6.1,13.8,2.8,0.75,0.41,681.2,683.3,678.6,2.8,,,无
2007-10-03,52645.0,青海,野牛沟,38.41666666666666,99.58333333333331,3320.0,2007,10,3,13.7,normal,5.2,13.0,0.6,0.79,0.51,681.1,683.1,678.0,1.9,,3.366157599309445,Rain
2007-10-04,52645.0,青海,野牛沟,38.41666666666666,99.58333333333331,3320.0,2007,10,4,0.0,无,6.6,11.2,2.9,0.77,0.63,682.0,683.5,679.6,3.2,,,无
2007-10-05,52645.0,青海,野牛沟,38.41666666666666,99.58333333333331,3320.0,2007,10,5,4.7,normal,4.9,10.1,2.6,0.85,0.6,682.3,683.4,679.4,1.7,,3.6165046217301677,Rain
2007-10-06,52645.0,青海,野牛沟,38.41666666666666,99.58333333333331,3320.0,2007,10,6,0.7,normal,2.3,7.9,0.7,0.8,0.6,683.1,685.1,680.3,2.0,,0.7379617742436606,Snow
2007-10-07,52645.0,青海,野牛沟,38.41666666666666,99.58333333333331,3320.0,2007,10,7,4.2,normal,-0.3,1.4,-2.2,0.86,0.73,683.5,684.7,681.8,0.5,,-1.2764550081376624,Snow
2007-10-08,52645.0,青海,野牛沟,38.41666666666666,99.58333333333331,3320.0,2007,10,8,0.2,normal,1.2,4.9,-0.7,0.87,0.59,682.2,684.3,680.4,1.0,,0.2356433481929754,Snow
2007-10-09,52645.0,青海,野牛沟,38.41666666666666,99.58333333333331,3320.0,2007,10,9,4.5,normal,1.3,2.6,0.0,0.92,0.81,681.5,682.5,679.7,1.0,,0.7073437945631111,Snow
2007-10-10,52645.0,青海,野牛沟,38.41666666666666,99.58333333333331,3320.0,2007,10,10,0.6,normal,0.2,5.6,-2.8,0.81,0.58,683.3,684.9,681.9,2.0,,-1.16085824058056,Snow
2007-10-11,52645.0,青海,野牛沟,38.41666666666666,99.58333333333331,3320.0,2007,10,11,0.3,normal,0.4,4.8,-2.3,0.77,0.64,684.1,684.9,682.8,1.9,,-1.2675539117742707,Snow
2007-10-12,52645.0,青海,野牛沟,38.41666666666666,99.58333333333331,3320.0,2007,10,12,0.0,无,0.9,6.8,-1.9,0.76,0.49,686.0,687.0,684.5,1.4,,,无
2007-10-13,52645.0,青海,野牛沟,38.41666666666666,99.58333333333331,3320.0,2007,10,13,0.0,无,-0.4,7.1,-5.3,0.7,0.34,687.3,688.4,685.3,2.1,,,无
2007-10-14,52645.0,青海,野牛沟,38.41666666666666,99.58333333333331,3320.0,2007,10,14,0.1,normal,-1.6,5.0,-3.8,0.72,0.36,688.2,688.8,686.5,1.9,,-3.4644508880939506,Snow
2007-10-15,52645.0,青海,野牛沟,38.41666666666666,99.58333333333331,3320.0,2007,10,15,0.1,normal,-1.4,5.8,-5.9,0.67,0.26,688.8,690.5,686.7,2.4,,-3.6269736072637437,Snow
2007-10-16,52645.0,青海,野牛沟,38.41666666666666,99.58333333333331,3320.0,2007,10,16,0.0,无,-2.0,6.7,-8.7,0.6,0.15,687.0,688.6,684.5,2.6,,,无
2007-10-17,52645.0,青海,野牛沟,38.41666666666666,99.58333333333331,3320.0,2007,10,17,0.0,无,-2.6,5.9,-8.5,0.59,0.13,685.8,687.1,683.8,2.2,,,无
2007-10-18,52645.0,青海,野牛沟,38.41666666666666,99.58333333333331,3320.0,2007,10,18,0.0,无,-2.4,7.7,-7.8,0.6,0.13,687.8,689.4,685.7,2.7,,,无
2007-10-19,52645.0,青海,野牛沟,38.41666666666666,99.58333333333331,3320.0,2007,10,19,0.0,无,-1.8,7.5,-9.4,0.56,0.18,687.1,689.1,684.3,1.9,,,无
2007-10-20,52645.0,青海,野牛沟,38.41666666666666,99.58333333333331,3320.0,2007,10,20,0.1,normal,-1.7,5.6,-6.2,0.69,0.27,684.3,686.5,682.2,1.8,,-3.7674193633059927,Snow
2007-10-21,52645.0,青海,野牛沟,38.41666666666666,99.58333333333331,3320.0,2007,10,21,0.0,无,-3.4,4.7,-8.2,0.67,0.25,682.6,684.0,680.5,1.7,,,无
2007-10-22,52645.0,青海,野牛沟,38.41666666666666,99.58333333333331,3320.0,2007,10,22,0.0,无,-1.8,6.6,-8.9,0.63,0.27,681.2,683.2,678.5,2.5,,,无
2007-10-23,52645.0,青海,野牛沟,38.41666666666666,99.58333333333331,3320.0,2007,10,23,7.8,normal,-7.6,1.6,-13.5,0.85,0.47,682.8,684.0,679.6,2.1,,-8.341377587836472,Snow
2007-10-24,52645.0,青海,野牛沟,38.41666666666666,99.58333333333331,3320.0,2007,10,24,0.0,无,-9.1,0.8,-15.8,0.7,0.31,682.9,684.1,681.4,1.9,,,无
2007-10-25,52645.0,青海,野牛沟,38.41666666666666,99.58333333333331,3320.0,2007,10,25,0.0,无,-5.7,4.7,-12.2,0.67,0.28,682.5,684.3,680.6,1.2,,,无
2007-10-26,52645.0,青海,野牛沟,38.41666666666666,99.58333333333331,3320.0,2007,10,26,0.0,无,-2.5,7.1,-9.5,0.56,0.14,681.1,682.8,678.6,2.5,,,无
2007-10-27,52645.0,青海,野牛沟,38.41666666666666,99.58333333333331,3320.0,2007,10,27,0.0,无,-4.6,1.6,-8.8,0.62,0.26,682.1,683.3,680.4,2.5,,,无
2007-10-28,52645.0,青海,野牛沟,38.41666666666666,99.58333333333331,3320.0,2007,10,28,0.1,normal,-6.5,0.6,-10.9,0.69,0.3,682.3,684.5,679.4,1.8,,-8.14007321637661,Snow
2007-10-29,52645.0,青海,野牛沟,38.41666666666666,99.58333333333331,3320.0,2007,10,29,0.0,无,-6.2,1.5,-10.9,0.61,0.13,680.7,682.5,678.4,2.4,,,无
2007-10-30,52645.0,青海,野牛沟,38.41666666666666,99.58333333333331,3320.0,2007,10,30,0.0,无,-6.3,2.6,-13.1,0.48,0.13,681.1,682.3,679.1,3.2,,,无
2007-10-31,52645.0,青海,野牛沟,38.41666666666666,99.58333333333331,3320.0,2007,10,31,0.0,无,-6.9,0.0,-11.7,0.63,0.18,684.2,686.9,681.7,3.2,,,无
2007-11-01,52645.0,青海,野牛沟,38.41666666666666,99.58333333333331,3320.0,2007,11,1,0.1,normal,-8.2,2.7,-15.2,0.5,0.16,688.1,690.9,684.6,2.8,,-10.628637778968631,Snow
2007-11-02,52645.0,青海,野牛沟,38.41666666666666,99.58333333333331,3320.0,2007,11,2,0.0,无,-7.0,4.3,-14.1,0.54,0.12,683.5,685.9,680.9,1.9,,,无
2007-11-03,52645.0,青海,野牛沟,38.41666666666666,99.58333333333331,3320.0,2007,11,3,0.0,无,-6.9,3.4,-14.6,0.53,0.12,682.5,683.8,680.1,2.5,,,无
2007-11-04,52645.0,青海,野牛沟,38.41666666666666,99.58333333333331,3320.0,2007,11,4,0.0,无,-6.7,4.9,-15.1,0.51,0.13,681.6,683.2,679.7,1.7,,,无
2007-11-05,52645.0,青海,野牛沟,38.41666666666666,99.58333333333331,3320.0,2007,11,5,0.0,无,-5.3,5.4,-12.5,0.5,0.13,682.8,684.4,680.9,2.4,,,无
2007-11-06,52645.0,青海,野牛沟,38.41666666666666,99.58333333333331,3320.0,2007,11,6,0.0,无,-7.0,4.0,-14.1,0.52,0.13,686.7,688.5,684.3,2.1,,,无
2007-11-07,52645.0,青海,野牛沟,38.41666666666666,99.58333333333331,3320.0,2007,11,7,0.0,无,-6.6,5.3,-14.8,0.5,0.13,685.5,687.1,683.1,2.3,,,无
2007-11-08,52645.0,青海,野牛沟,38.41666666666666,99.58333333333331,3320.0,2007,11,8,0.0,无,-6.4,4.7,-15.1,0.51,0.12,684.5,686.6,681.9,1.9,,,无
2007-11-09,52645.0,青海,野牛沟,38.41666666666666,99.58333333333331,3320.0,2007,11,9,0.0,无,-7.0,4.8,-15.4,0.51,0.12,682.7,684.3,680.6,2.0,,,无
2007-11-10,52645.0,青海,野牛沟,38.41666666666666,99.58333333333331,3320.0,2007,11,10,0.0,无,-6.3,5.7,-14.2,0.54,0.19,681.0,683.1,678.0,1.6,,,无
2007-11-11,52645.0,青海,野牛沟,38.41666666666666,99.58333333333331,3320.0,2007,11,11,0.0,无,-6.0,5.9,-13.8,0.51,0.16,680.7,682.2,678.9,2.1,,,无
2007-11-12,52645.0,青海,野牛沟,38.41666666666666,99.58333333333331,3320.0,2007,11,12,0.0,无,-6.5,3.9,-14.8,0.49,0.13,680.1,681.8,677.7,1.9,,,无
2007-11-13,52645.0,青海,野牛沟,38.41666666666666,99.58333333333331,3320.0,2007,11,13,0.0,无,-7.1,4.9,-15.4,0.46,0.12,678.8,680.7,676.4,2.5,,,无
2007-11-14,52645.0,青海,野牛沟,38.41666666666666,99.58333333333331,3320.0,2007,11,14,0.0,无,-7.0,5.5,-15.8,0.45,0.13,679.9,681.3,677.6,1.8,,,无
2007-11-15,52645.0,青海,野牛沟,38.41666666666666,99.58333333333331,3320.0,2007,11,15,0.0,无,-7.4,4.5,-15.8,0.49,0.13,682.7,684.5,680.6,2.3,,,无
2007-11-16,52645.0,青海,野牛沟,38.41666666666666,99.58333333333331,3320.0,2007,11,16,0.0,无,-7.5,4.4,-16.9,0.43,0.12,683.9,685.8,680.9,2.0,,,无
2007-11-17,52645.0,青海,野牛沟,38.41666666666666,99.58333333333331,3320.0,2007,11,17,0.0,无,-7.5,1.6,-14.8,0.54,0.22,684.2,685.9,681.6,2.2,,,无
2007-11-18,52645.0,青海,野牛沟,38.41666666666666,99.58333333333331,3320.0,2007,11,18,0.0,无,-8.5,1.0,-16.1,0.49,0.07,682.6,684.1,680.3,2.9,,,无
2007-11-19,52645.0,青海,野牛沟,38.41666666666666,99.58333333333331,3320.0,2007,11,19,0.0,无,-11.9,1.2,-20.1,0.36,0.07,684.9,686.6,682.6,2.7,,,无
2007-11-20,52645.0,青海,野牛沟,38.41666666666666,99.58333333333331,3320.0,2007,11,20,0.0,无,-11.3,3.1,-20.2,0.38,0.11,683.7,685.2,681.2,1.9,,,无
2007-11-21,52645.0,青海,野牛沟,38.41666666666666,99.58333333333331,3320.0,2007,11,21,0.0,无,-9.6,3.1,-16.6,0.38,0.08,683.9,685.1,682.5,2.6,,,无
2007-11-22,52645.0,青海,野牛沟,38.41666666666666,99.58333333333331,3320.0,2007,11,22,0.0,无,-10.3,2.8,-19.5,0.38,0.12,685.3,686.8,683.5,2.0,,,无
2007-11-23,52645.0,青海,野牛沟,38.41666666666666,99.58333333333331,3320.0,2007,11,23,0.0,无,-10.3,3.6,-18.3,0.44,0.12,683.9,686.0,681.2,1.9,,,无
2007-11-24,52645.0,青海,野牛沟,38.41666666666666,99.58333333333331,3320.0,2007,11,24,0.0,无,-7.8,6.0,-18.4,0.37,0.07,679.4,682.4,675.9,2.3,,,无
2007-11-25,52645.0,青海,野牛沟,38.41666666666666,99.58333333333331,3320.0,2007,11,25,0.4,normal,-9.6,-0.7,-12.8,0.61,0.17,683.6,687.1,677.5,1.4,,-11.348730944298978,Snow
2007-11-26,52645.0,青海,野牛沟,38.41666666666666,99.58333333333331,3320.0,2007,11,26,0.0,无,-13.7,-0.5,-21.6,0.48,0.14,687.6,689.7,685.3,1.3,,,无
2007-11-27,52645.0,青海,野牛沟,38.41666666666666,99.58333333333331,3320.0,2007,11,27,0.0,无,-13.7,-1.8,-22.2,0.45,0.18,681.6,685.8,678.7,1.7,,,无
2007-11-28,52645.0,青海,野牛沟,38.41666666666666,99.58333333333331,3320.0,2007,11,28,0.0,无,-11.9,-1.4,-18.5,0.54,0.2,678.7,679.9,676.8,1.7,,,无
2007-11-29,52645.0,青海,野牛沟,38.41666666666666,99.58333333333331,3320.0,2007,11,29,0.0,无,-9.5,0.5,-16.6,0.54,0.19,678.5,679.5,677.1,2.4,,,无
2007-11-30,52645.0,青海,野牛沟,38.41666666666666,99.58333333333331,3320.0,2007,11,30,0.0,无,-10.8,4.0,-19.6,0.52,0.15,677.2,680.1,673.8,1.3,,,无
2007-12-01,52645.0,青海,野牛沟,38.41666666666666,99.58333333333331,3320.0,2007,12,1,0.0,无,-12.3,-2.5,-19.4,0.44,0.1,680.3,682.7,675.9,2.0,,,无
2007-12-02,52645.0,青海,野牛沟,38.41666666666666,99.58333333333331,3320.0,2007,12,2,0.0,无,-14.6,-0.2,-22.9,0.39,0.11,681.6,683.5,678.9,1.6,,,无
2007-12-03,52645.0,青海,野牛沟,38.41666666666666,99.58333333333331,3320.0,2007,12,3,0.0,无,-13.5,-0.6,-22.4,0.38,0.12,680.4,681.8,678.8,1.4,,,无
2007-12-04,52645.0,青海,野牛沟,38.41666666666666,99.58333333333331,3320.0,2007,12,4,0.0,无,-12.9,0.4,-21.7,0.41,0.12,682.4,684.1,680.7,1.5,,,无
2007-12-05,52645.0,青海,野牛沟,38.41666666666666,99.58333333333331,3320.0,2007,12,5,0.0,无,-13.1,0.6,-20.9,0.39,0.13,683.8,685.7,682.4,1.8,,,无
2007-12-06,52645.0,青海,野牛沟,38.41666666666666,99.58333333333331,3320.0,2007,12,6,0.0,无,-12.6,1.6,-21.9,0.35,0.1,681.8,683.8,679.2,1.8,,,无
2007-12-07,52645.0,青海,野牛沟,38.41666666666666,99.58333333333331,3320.0,2007,12,7,0.0,无,-10.8,1.3,-19.2,0.39,0.15,678.9,681.9,675.8,1.6,,,无
2007-12-08,52645.0,青海,野牛沟,38.41666666666666,99.58333333333331,3320.0,2007,12,8,0.0,无,-14.2,-1.7,-23.0,0.45,0.14,677.2,679.6,674.4,1.2,,,无
2007-12-09,52645.0,青海,野牛沟,38.41666666666666,99.58333333333331,3320.0,2007,12,9,0.0,无,-10.3,-2.2,-17.4,0.35,0.13,673.4,675.6,671.1,2.1,,,无
2007-12-10,52645.0,青海,野牛沟,38.41666666666666,99.58333333333331,3320.0,2007,12,10,0.0,无,-11.0,-1.5,-22.4,0.32,0.13,672.2,673.4,670.5,1.8,,,无
2007-12-11,52645.0,青海,野牛沟,38.41666666666666,99.58333333333331,3320.0,2007,12,11,0.0,无,-12.7,-3.7,-20.3,0.51,0.21,674.7,675.9,672.8,1.3,,,无
2007-12-12,52645.0,青海,野牛沟,38.41666666666666,99.58333333333331,3320.0,2007,12,12,0.2,normal,-14.4,-6.5,-21.8,0.72,0.44,676.5,678.1,675.2,1.1,,-15.343469808180238,Snow
2007-12-13,52645.0,青海,野牛沟,38.41666666666666,99.58333333333331,3320.0,2007,12,13,0.0,无,-16.5,-5.1,-24.5,0.59,0.27,675.8,677.4,673.4,1.3,,,无
2007-12-14,52645.0,青海,野牛沟,38.41666666666666,99.58333333333331,3320.0,2007,12,14,0.0,无,-16.8,-3.6,-24.8,0.51,0.21,675.5,677.2,672.9,1.1,,,无
2007-12-15,52645.0,青海,野牛沟,38.41666666666666,99.58333333333331,3320.0,2007,12,15,0.0,无,-15.1,-6.2,-23.9,0.46,0.22,675.5,677.1,673.1,1.3,,,无
2007-12-16,52645.0,青海,野牛沟,38.41666666666666,99.58333333333331,3320.0,2007,12,16,0.0,无,-10.2,-3.1,-16.9,0.41,0.13,676.6,678.2,675.0,2.1,,,无
2007-12-17,52645.0,青海,野牛沟,38.41666666666666,99.58333333333331,3320.0,2007,12,17,0.0,无,-15.2,-4.3,-23.8,0.41,0.12,678.5,680.5,676.8,1.8,,,无
2007-12-18,52645.0,青海,野牛沟,38.41666666666666,99.58333333333331,3320.0,2007,12,18,0.0,无,-14.0,-3.1,-24.9,0.37,0.12,678.2,679.9,676.4,1.8,,,无
2007-12-19,52645.0,青海,野牛沟,38.41666666666666,99.58333333333331,3320.0,2007,12,19,0.0,无,-12.5,0.6,-20.9,0.35,0.09,674.7,677.4,672.2,2.7,,,无
2007-12-20,52645.0,青海,野牛沟,38.41666666666666,99.58333333333331,3320.0,2007,12,20,0.0,无,-12.1,-0.3,-21.5,0.38,0.19,677.0,678.6,675.4,1.7,,,无
2007-12-21,52645.0,青海,野牛沟,38.41666666666666,99.58333333333331,3320.0,2007,12,21,0.0,无,-12.6,1.6,-22.4,0.43,0.12,677.0,678.7,675.6,1.7,,,无
2007-12-22,52645.0,青海,野牛沟,38.41666666666666,99.58333333333331,3320.0,2007,12,22,0.0,无,-12.2,2.1,-22.5,0.4,0.14,678.0,679.5,675.5,1.6,,,无
2007-12-23,52645.0,青海,野牛沟,38.41666666666666,99.58333333333331,3320.0,2007,12,23,0.0,无,-13.4,-1.6,-21.7,0.41,0.15,678.0,680.4,675.2,1.8,,,无
2007-12-24,52645.0,青海,野牛沟,38.41666666666666,99.58333333333331,3320.0,2007,12,24,0.0,无,-13.9,2.4,-22.8,0.36,0.11,675.6,677.9,672.8,1.3,,,无
2007-12-25,52645.0,青海,野牛沟,38.41666666666666,99.58333333333331,3320.0,2007,12,25,0.0,无,-12.1,1.4,-21.2,0.37,0.14,675.3,676.8,673.8,1.6,,,无
2007-12-26,52645.0,青海,野牛沟,38.41666666666666,99.58333333333331,3320.0,2007,12,26,0.0,无,-12.5,0.3,-21.3,0.41,0.16,675.8,677.3,674.2,1.7,,,无
2007-12-27,52645.0,青海,野牛沟,38.41666666666666,99.58333333333331,3320.0,2007,12,27,0.0,无,-13.9,-6.7,-19.8,0.48,0.3,675.8,678.3,674.0,1.0,,,无
2007-12-28,52645.0,青海,野牛沟,38.41666666666666,99.58333333333331,3320.0,2007,12,28,0.0,无,-16.6,-3.8,-25.1,0.33,0.11,677.9,681.2,674.5,1.7,,,无
2007-12-29,52645.0,青海,野牛沟,38.41666666666666,99.58333333333331,3320.0,2007,12,29,0.0,无,-17.2,-3.9,-26.3,0.35,0.12,676.2,677.6,674.6,1.3,,,无
2007-12-30,52645.0,青海,野牛沟,38.41666666666666,99.58333333333331,3320.0,2007,12,30,0.0,无,-15.5,-6.1,-21.5,0.37,0.2,677.0,678.7,674.4,1.3,,,无
2007-12-31,52645.0,青海,野牛沟,38.41666666666666,99.58333333333331,3320.0,2007,12,31,0.0,无,-17.1,-2.8,-25.5,0.43,0.14,679.3,681.3,677.0,1.3,,,无
2008-01-01,52645.0,青海,野牛沟,38.41666666666666,99.58333333333331,3320.0,2008,1,1,0.0,无,-14.0,-1.1,-23.4,0.39,0.14,679.0,681.2,676.7,1.4,,,无
2008-01-02,52645.0,青海,野牛沟,38.41666666666666,99.58333333333331,3320.0,2008,1,2,0.0,无,-15.6,-1.4,-24.6,0.39,0.14,676.8,678.5,673.9,1.5,,,无
2008-01-03,52645.0,青海,野牛沟,38.41666666666666,99.58333333333331,3320.0,2008,1,3,0.0,无,-14.8,-0.9,-23.8,0.42,0.13,677.5,679.3,675.0,1.4,,,无
2008-01-04,52645.0,青海,野牛沟,38.41666666666666,99.58333333333331,3320.0,2008,1,4,0.0,无,-11.2,0.6,-22.7,0.33,0.08,678.0,680.3,676.0,1.8,,,无
2008-01-05,52645.0,青海,野牛沟,38.41666666666666,99.58333333333331,3320.0,2008,1,5,0.0,无,-12.2,0.6,-19.0,0.27,0.09,676.8,678.2,674.6,1.7,,,无
2008-01-06,52645.0,青海,野牛沟,38.41666666666666,99.58333333333331,3320.0,2008,1,6,0.0,无,-14.0,-0.1,-22.7,0.31,0.11,677.2,678.5,675.5,2.2,,,无
2008-01-07,52645.0,青海,野牛沟,38.41666666666666,99.58333333333331,3320.0,2008,1,7,0.0,无,-16.9,-4.9,-24.8,0.39,0.14,678.5,680.2,676.2,1.1,,,无
2008-01-08,52645.0,青海,野牛沟,38.41666666666666,99.58333333333331,3320.0,2008,1,8,0.0,无,-13.2,3.0,-22.2,0.34,0.11,675.9,679.2,672.9,1.9,,,无
2008-01-09,52645.0,青海,野牛沟,38.41666666666666,99.58333333333331,3320.0,2008,1,9,0.0,无,-11.4,5.1,-20.7,0.37,0.12,673.5,675.5,671.3,2.0,,,无
2008-01-10,52645.0,青海,野牛沟,38.41666666666666,99.58333333333331,3320.0,2008,1,10,0.0,无,-9.3,0.1,-15.7,0.33,0.17,671.5,673.0,670.5,1.6,,,无
2008-01-11,52645.0,青海,野牛沟,38.41666666666666,99.58333333333331,3320.0,2008,1,11,1.6,normal,-10.7,-5.5,-13.8,0.72,0.25,671.6,673.7,669.5,0.9,,-11.886987659087897,Snow
2008-01-12,52645.0,青海,野牛沟,38.41666666666666,99.58333333333331,3320.0,2008,1,12,0.7,normal,-14.1,-8.5,-19.6,0.78,0.58,673.9,675.1,672.7,1.3,,-14.856211027090339,Snow
2008-01-13,52645.0,青海,野牛沟,38.41666666666666,99.58333333333331,3320.0,2008,1,13,0.3,normal,-17.7,-7.8,-25.1,0.73,0.35,675.3,676.4,673.5,0.8,,-18.432398450216624,Snow
2008-01-14,52645.0,青海,野牛沟,38.41666666666666,99.58333333333331,3320.0,2008,1,14,0.0,无,-18.1,-4.6,-27.9,0.55,0.24,675.7,677.2,673.7,1.1,,,无
2008-01-15,52645.0,青海,野牛沟,38.41666666666666,99.58333333333331,3320.0,2008,1,15,0.0,无,-17.6,-5.9,-25.9,0.61,0.3,677.5,678.6,675.7,0.9,,,无
2008-01-16,52645.0,青海,野牛沟,38.41666666666666,99.58333333333331,3320.0,2008,1,16,0.0,无,-17.8,-7.8,-24.8,0.54,0.22,677.2,678.4,675.8,1.4,,,无
2008-01-17,52645.0,青海,野牛沟,38.41666666666666,99.58333333333331,3320.0,2008,1,17,0.0,无,-17.6,-4.3,-25.7,0.48,0.16,675.4,678.5,672.9,1.1,,,无
2008-01-18,52645.0,青海,野牛沟,38.41666666666666,99.58333333333331,3320.0,2008,1,18,0.6,normal,-13.8,-7.6,-19.4,0.63,0.35,671.9,676.3,668.8,0.8,,-15.105168530641567,Snow
2008-01-19,52645.0,青海,野牛沟,38.41666666666666,99.58333333333331,3320.0,2008,1,19,0.3,normal,-15.0,-8.1,-21.4,0.78,0.57,668.3,669.9,666.7,0.9,,-15.718655709685297,Snow
2008-01-20,52645.0,青海,野牛沟,38.41666666666666,99.58333333333331,3320.0,2008,1,20,0.8,normal,-17.2,-11.1,-22.8,0.74,0.5,671.0,672.8,668.2,1.4,,-17.93319829181923,Snow
2008-01-21,52645.0,青海,野牛沟,38.41666666666666,99.58333333333331,3320.0,2008,1,21,0.5,normal,-19.0,-13.5,-22.6,0.73,0.53,670.7,671.7,669.4,0.6,,-19.672718578533114,Snow
2008-01-22,52645.0,青海,野牛沟,38.41666666666666,99.58333333333331,3320.0,2008,1,22,0.0,无,-21.9,-13.6,-28.3,0.66,0.5,672.2,673.5,670.8,0.9,,,无
2008-01-23,52645.0,青海,野牛沟,38.41666666666666,99.58333333333331,3320.0,2008,1,23,0.0,无,-21.8,-11.9,-28.4,0.65,0.45,673.4,675.0,671.9,1.2,,,无
2008-01-24,52645.0,青海,野牛沟,38.41666666666666,99.58333333333331,3320.0,2008,1,24,0.2,normal,-18.2,-11.4,-24.4,0.72,0.53,673.2,674.7,671.1,0.8,,-18.93573300099068,Snow
2008-01-25,52645.0,青海,野牛沟,38.41666666666666,99.58333333333331,3320.0,2008,1,25,1.1,normal,-17.4,-10.8,-24.5,0.75,0.59,671.5,672.7,670.1,0.9,,-18.09494014600635,Snow
2008-01-26,52645.0,青海,野牛沟,38.41666666666666,99.58333333333331,3320.0,2008,1,26,0.0,无,-20.4,-11.9,-28.6,0.7,0.58,673.3,674.7,671.3,0.8,,,无
2008-01-27,52645.0,青海,野牛沟,38.41666666666666,99.58333333333331,3320.0,2008,1,27,0.6,normal,-19.3,-11.3,-25.1,0.74,0.57,670.8,673.5,667.9,0.9,,-19.93401466280077,Snow
2008-01-28,52645.0,青海,野牛沟,38.41666666666666,99.58333333333331,3320.0,2008,1,28,0.4,normal,-20.5,-12.9,-27.0,0.74,0.52,668.9,670.2,667.5,1.2,,-21.082967497776004,Snow
2008-01-29,52645.0,青海,野牛沟,38.41666666666666,99.58333333333331,3320.0,2008,1,29,0.2,normal,-21.5,-15.9,-26.5,0.73,0.47,668.9,671.5,667.1,0.9,,-22.062538747118914,Snow
2008-01-30,52645.0,青海,野牛沟,38.41666666666666,99.58333333333331,3320.0,2008,1,30,0.4,normal,-28.0,-18.0,-36.3,0.57,0.45,673.3,674.9,671.5,1.2,,-28.532470103389464,Snow
2008-01-31,52645.0,青海,野牛沟,38.41666666666666,99.58333333333331,3320.0,2008,1,31,0.0,无,-26.7,-15.1,-34.7,0.55,0.26,674.3,675.6,672.6,0.9,,,无
2008-02-01,52645.0,青海,野牛沟,38.41666666666666,99.58333333333331,3320.0,2008,2,1,0.0,无,-25.0,-14.1,-33.6,0.55,0.3,673.8,675.4,671.9,1.1,,,无
2008-02-02,52645.0,青海,野牛沟,38.41666666666666,99.58333333333331,3320.0,2008,2,2,0.0,无,-20.1,-14.8,-26.0,0.58,0.26,672.1,673.5,670.4,1.0,,,无
2008-02-03,52645.0,青海,野牛沟,38.41666666666666,99.58333333333331,3320.0,2008,2,3,0.0,无,-25.6,-14.5,-34.8,0.55,0.33,671.7,674.7,668.1,1.2,,,无
2008-02-04,52645.0,青海,野牛沟,38.41666666666666,99.58333333333331,3320.0,2008,2,4,0.0,无,-23.0,-11.1,-32.3,0.48,0.2,672.4,674.0,669.7,1.1,,,无
2008-02-05,52645.0,青海,野牛沟,38.41666666666666,99.58333333333331,3320.0,2008,2,5,0.0,无,-24.3,-12.2,-33.8,0.53,0.25,673.7,675.3,671.7,1.1,,,无
2008-02-06,52645.0,青海,野牛沟,38.41666666666666,99.58333333333331,3320.0,2008,2,6,0.0,无,-21.5,-8.2,-31.1,0.51,0.24,672.8,674.4,670.5,1.5,,,无
2008-02-07,52645.0,青海,野牛沟,38.41666666666666,99.58333333333331,3320.0,2008,2,7,0.0,无,-19.8,-7.5,-29.9,0.49,0.24,673.6,674.9,671.6,1.8,,,无
2008-02-08,52645.0,青海,野牛沟,38.41666666666666,99.58333333333331,3320.0,2008,2,8,0.0,无,-19.5,-8.8,-30.0,0.55,0.28,674.4,676.8,671.1,1.5,,,无
2008-02-09,52645.0,青海,野牛沟,38.41666666666666,99.58333333333331,3320.0,2008,2,9,0.5,normal,-18.1,-9.4,-25.9,0.68,0.37,673.8,675.3,672.0,1.6,,-18.946764393444028,Snow
2008-02-10,52645.0,青海,野牛沟,38.41666666666666,99.58333333333331,3320.0,2008,2,10,0.3,normal,-19.7,-9.9,-26.6,0.68,0.49,672.7,673.9,670.6,0.8,,-20.457416562303457,Snow
2008-02-11,52645.0,青海,野牛沟,38.41666666666666,99.58333333333331,3320.0,2008,2,11,0.4,normal,-19.4,-11.9,-27.5,0.61,0.19,676.4,678.4,673.1,1.4,,-20.340067049082087,Snow
2008-02-12,52645.0,青海,野牛沟,38.41666666666666,99.58333333333331,3320.0,2008,2,12,0.4,normal,-19.9,-11.0,-27.0,0.66,0.41,674.6,676.8,671.5,0.8,,-20.69170884698051,Snow
2008-02-13,52645.0,青海,野牛沟,38.41666666666666,99.58333333333331,3320.0,2008,2,13,0.7,normal,-20.8,-13.0,-29.4,0.66,0.31,675.2,677.3,673.6,1.3,,-21.540962553607706,Snow
2008-02-14,52645.0,青海,野牛沟,38.41666666666666,99.58333333333331,3320.0,2008,2,14,0.0,无,-21.5,-8.5,-31.0,0.51,0.22,675.3,676.8,672.6,1.2,,,无
2008-02-15,52645.0,青海,野牛沟,38.41666666666666,99.58333333333331,3320.0,2008,2,15,0.0,无,-19.0,-7.1,-28.7,0.54,0.31,676.0,677.5,674.3,1.8,,,无
2008-02-16,52645.0,青海,野牛沟,38.41666666666666,99.58333333333331,3320.0,2008,2,16,0.0,无,-16.6,-5.7,-27.4,0.51,0.29,677.4,678.6,675.2,1.5,,,无
2008-02-17,52645.0,青海,野牛沟,38.41666666666666,99.58333333333331,3320.0,2008,2,17,0.1,normal,-16.1,-7.0,-27.6,0.58,0.24,678.2,679.2,676.6,1.3,,-17.369508630074243,Snow
2008-02-18,52645.0,青海,野牛沟,38.41666666666666,99.58333333333331,3320.0,2008,2,18,0.3,normal,-16.4,-7.7,-26.4,0.59,0.22,682.2,684.2,678.0,1.4,,-17.6088817559327,Snow
2008-02-19,52645.0,青海,野牛沟,38.41666666666666,99.58333333333331,3320.0,2008,2,19,0.0,无,-19.4,-6.8,-28.8,0.51,0.19,682.6,684.6,679.4,1.8,,,无
2008-02-20,52645.0,青海,野牛沟,38.41666666666666,99.58333333333331,3320.0,2008,2,20,0.0,无,-17.9,-4.9,-28.2,0.46,0.15,680.1,682.1,677.2,1.8,,,无
2008-02-21,52645.0,青海,野牛沟,38.41666666666666,99.58333333333331,3320.0,2008,2,21,0.0,无,-15.4,-1.6,-26.2,0.45,0.14,676.9,679.1,675.3,2.3,,,无
2008-02-22,52645.0,青海,野牛沟,38.41666666666666,99.58333333333331,3320.0,2008,2,22,0.0,无,-13.0,6.6,-25.9,0.45,0.07,677.4,680.1,673.8,2.6,,,无
2008-02-23,52645.0,青海,野牛沟,38.41666666666666,99.58333333333331,3320.0,2008,2,23,0.0,无,-7.4,5.2,-19.5,0.35,0.14,674.6,676.0,672.5,2.3,,,无
2008-02-24,52645.0,青海,野牛沟,38.41666666666666,99.58333333333331,3320.0,2008,2,24,0.4,normal,-8.3,-2.1,-11.9,0.57,0.3,676.7,678.7,674.4,1.9,,-10.392326931801193,Snow
2008-02-25,52645.0,青海,野牛沟,38.41666666666666,99.58333333333331,3320.0,2008,2,25,0.2,normal,-12.7,-5.5,-17.8,0.61,0.32,678.6,680.1,676.7,1.6,,-14.163364140655176,Snow
2008-02-26,52645.0,青海,野牛沟,38.41666666666666,99.58333333333331,3320.0,2008,2,26,0.0,无,-13.0,-3.3,-20.8,0.56,0.27,680.7,682.6,678.9,1.4,,,无
2008-02-27,52645.0,青海,野牛沟,38.41666666666666,99.58333333333331,3320.0,2008,2,27,0.0,无,-14.0,-5.0,-22.4,0.53,0.25,682.1,683.8,680.3,2.0,,,无
2008-02-28,52645.0,青海,野牛沟,38.41666666666666,99.58333333333331,3320.0,2008,2,28,0.0,无,-12.8,-2.8,-20.7,0.46,0.16,681.2,683.6,678.0,2.1,,,无
2008-02-29,52645.0,青海,野牛沟,38.41666666666666,99.58333333333331,3320.0,2008,2,29,0.0,无,-12.8,-4.5,-20.1,0.48,0.23,677.9,679.3,676.3,1.5,,,无
2008-03-01,52645.0,青海,野牛沟,38.41666666666666,99.58333333333331,3320.0,2008,3,1,0.0,无,-12.2,-1.0,-22.6,0.41,0.13,680.9,682.6,678.9,2.8,,,无
2008-03-02,52645.0,青海,野牛沟,38.41666666666666,99.58333333333331,3320.0,2008,3,2,0.0,无,-12.2,1.6,-22.6,0.41,0.09,682.5,684.4,680.7,2.2,,,无
2008-03-03,52645.0,青海,野牛沟,38.41666666666666,99.58333333333331,3320.0,2008,3,3,0.0,无,-9.6,4.0,-21.1,0.41,0.11,680.9,683.0,677.6,2.0,,,无
2008-03-04,52645.0,青海,野牛沟,38.41666666666666,99.58333333333331,3320.0,2008,3,4,0.0,无,-6.1,5.5,-16.4,0.49,0.16,678.4,680.9,674.8,2.7,,,无
2008-03-05,52645.0,青海,野牛沟,38.41666666666666,99.58333333333331,3320.0,2008,3,5,0.1,normal,-3.8,3.2,-8.4,0.47,0.26,677.1,678.4,675.7,2.0,,-7.083560883138023,Snow
2008-03-06,52645.0,青海,野牛沟,38.41666666666666,99.58333333333331,3320.0,2008,3,6,0.2,normal,-8.2,1.5,-14.7,0.68,0.32,680.3,682.1,677.9,1.8,,-9.75047472366876,Snow
2008-03-07,52645.0,青海,野牛沟,38.41666666666666,99.58333333333331,3320.0,2008,3,7,0.1,normal,-9.4,1.9,-17.1,0.59,0.13,682.2,684.5,679.1,2.0,,-11.263869467390982,Snow
2008-03-08,52645.0,青海,野牛沟,38.41666666666666,99.58333333333331,3320.0,2008,3,8,0.0,无,-7.5,3.1,-16.9,0.48,0.18,680.6,682.1,678.3,2.4,,,无
2008-03-09,52645.0,青海,野牛沟,38.41666666666666,99.58333333333331,3320.0,2008,3,9,0.0,无,-5.8,3.5,-15.6,0.53,0.2,680.7,682.5,677.3,2.4,,,无
2008-03-10,52645.0,青海,野牛沟,38.41666666666666,99.58333333333331,3320.0,2008,3,10,0.0,无,-3.6,3.6,-9.7,0.56,0.13,679.9,681.5,677.7,2.2,,,无
2008-03-11,52645.0,青海,野牛沟,38.41666666666666,99.58333333333331,3320.0,2008,3,11,0.0,无,-6.9,1.8,-14.7,0.62,0.25,679.0,680.6,676.6,1.9,,,无
2008-03-12,52645.0,青海,野牛沟,38.41666666666666,99.58333333333331,3320.0,2008,3,12,0.0,无,-5.2,4.4,-12.7,0.51,0.06,680.2,682.5,677.9,3.5,,,无
2008-03-13,52645.0,青海,野牛沟,38.41666666666666,99.58333333333331,3320.0,2008,3,13,0.0,无,-5.2,8.4,-17.2,0.28,0.06,678.8,681.8,674.8,4.2,,,无
2008-03-14,52645.0,青海,野牛沟,38.41666666666666,99.58333333333331,3320.0,2008,3,14,0.0,无,-4.5,5.6,-14.3,0.33,0.12,678.6,679.5,676.2,3.9,,,无
2008-03-15,52645.0,青海,野牛沟,38.41666666666666,99.58333333333331,3320.0,2008,3,15,0.0,无,-5.2,5.9,-14.7,0.42,0.09,679.4,681.7,676.4,3.2,,,无
2008-03-16,52645.0,青海,野牛沟,38.41666666666666,99.58333333333331,3320.0,2008,3,16,0.0,无,-4.2,7.5,-14.9,0.36,0.11,678.0,680.0,675.2,3.5,,,无
2008-03-17,52645.0,青海,野牛沟,38.41666666666666,99.58333333333331,3320.0,2008,3,17,0.0,无,-4.5,6.7,-13.2,0.53,0.14,676.8,679.2,673.4,3.2,,,无
2008-03-18,52645.0,青海,野牛沟,38.41666666666666,99.58333333333331,3320.0,2008,3,18,0.3,normal,-4.5,8.5,-14.8,0.49,0.07,677.9,681.3,673.4,3.3,,-7.54406693072601,Snow
2008-03-19,52645.0,青海,野牛沟,38.41666666666666,99.58333333333331,3320.0,2008,3,19,5.6,normal,-5.1,7.6,-12.6,0.56,0.15,676.0,677.0,672.6,2.1,,-7.638765659025322,Snow
2008-03-20,52645.0,青海,野牛沟,38.41666666666666,99.58333333333331,3320.0,2008,3,20,4.0,normal,-7.5,1.2,-13.3,0.74,0.26,677.6,678.9,675.4,2.6,,-8.806835375540686,Snow
2008-03-21,52645.0,青海,野牛沟,38.41666666666666,99.58333333333331,3320.0,2008,3,21,0.0,无,-9.1,0.9,-18.5,0.5,0.15,680.1,681.9,677.0,2.5,,,无
2008-03-22,52645.0,青海,野牛沟,38.41666666666666,99.58333333333331,3320.0,2008,3,22,0.0,无,-9.2,3.3,-19.7,0.45,0.14,681.1,683.0,678.1,3.2,,,无
2008-03-23,52645.0,青海,野牛沟,38.41666666666666,99.58333333333331,3320.0,2008,3,23,0.0,无,-8.1,2.0,-17.2,0.46,0.13,680.6,682.2,677.8,2.9,,,无
2008-03-24,52645.0,青海,野牛沟,38.41666666666666,99.58333333333331,3320.0,2008,3,24,0.0,无,-7.7,1.6,-16.0,0.51,0.18,682.2,683.4,679.3,2.9,,,无
2008-03-25,52645.0,青海,野牛沟,38.41666666666666,99.58333333333331,3320.0,2008,3,25,0.0,无,-6.7,4.8,-15.7,0.53,0.1,682.3,685.1,678.1,4.2,,,无
2008-03-26,52645.0,青海,野牛沟,38.41666666666666,99.58333333333331,3320.0,2008,3,26,0.0,无,-5.8,5.4,-15.0,0.47,0.11,677.6,680.3,673.9,3.2,,,无
2008-03-27,52645.0,青海,野牛沟,38.41666666666666,99.58333333333331,3320.0,2008,3,27,0.0,无,-3.6,5.1,-11.7,0.5,0.18,673.9,677.1,671.0,3.3,,,无
2008-03-28,52645.0,青海,野牛沟,38.41666666666666,99.58333333333331,3320.0,2008,3,28,0.8,normal,-6.5,2.2,-8.3,0.71,0.25,674.3,676.0,672.2,1.8,,-8.043689384787896,Snow
2008-03-29,52645.0,青海,野牛沟,38.41666666666666,99.58333333333331,3320.0,2008,3,29,0.2,normal,-8.0,2.9,-16.5,0.59,0.11,677.1,678.7,674.2,2.9,,-10.024980681124823,Snow
2008-03-30,52645.0,青海,野牛沟,38.41666666666666,99.58333333333331,3320.0,2008,3,30,0.0,无,-5.9,4.3,-14.0,0.47,0.12,675.4,677.7,671.8,3.4,,,无
2008-03-31,52645.0,青海,野牛沟,38.41666666666666,99.58333333333331,3320.0,2008,3,31,0.0,无,-7.5,-0.4,-11.5,0.49,0.12,675.1,677.9,672.4,3.4,,,无
2008-04-01,52645.0,青海,野牛沟,38.41666666666666,99.58333333333331,3320.0,2008,4,1,0.0,无,-10.9,0.8,-19.2,0.45,0.08,679.9,682.3,677.6,3.2,,,无
2008-04-02,52645.0,青海,野牛沟,38.41666666666666,99.58333333333331,3320.0,2008,4,2,0.0,无,-6.2,4.9,-14.7,0.36,0.08,677.8,680.6,673.8,3.8,,,无
2008-04-03,52645.0,青海,野牛沟,38.41666666666666,99.58333333333331,3320.0,2008,4,3,0.0,无,-6.1,1.8,-12.7,0.41,0.19,675.7,677.5,672.9,2.9,,,无
2008-04-04,52645.0,青海,野牛沟,38.41666666666666,99.58333333333331,3320.0,2008,4,4,0.0,无,-4.4,4.9,-13.4,0.5,0.12,674.6,677.1,671.4,2.9,,,无
2008-04-05,52645.0,青海,野牛沟,38.41666666666666,99.58333333333331,3320.0,2008,4,5,0.1,normal,-1.6,10.6,-12.6,0.47,0.07,677.3,678.9,672.9,7.5,,-5.249144906402914,Snow
2008-04-06,52645.0,青海,野牛沟,38.41666666666666,99.58333333333331,3320.0,2008,4,6,0.0,无,2.1,17.6,-12.3,0.31,0.04,677.9,681.1,673.2,6.3,,,无
2008-04-07,52645.0,青海,野牛沟,38.41666666666666,99.58333333333331,3320.0,2008,4,7,0.0,无,0.7,13.1,-8.2,0.32,0.06,674.6,675.4,673.0,5.8,,,无
2008-04-08,52645.0,青海,野牛沟,38.41666666666666,99.58333333333331,3320.0,2008,4,8,0.4,normal,1.1,9.7,-4.5,0.55,0.09,677.4,679.3,675.3,4.4,,-2.3647832538547098,Snow
2008-04-09,52645.0,青海,野牛沟,38.41666666666666,99.58333333333331,3320.0,2008,4,9,0.0,无,1.4,11.0,-6.7,0.44,0.09,677.1,678.1,675.0,5.1,,,无
2008-04-10,52645.0,青海,野牛沟,38.41666666666666,99.58333333333331,3320.0,2008,4,10,0.0,无,0.7,10.2,-6.2,0.5,0.12,677.1,679.1,674.2,4.1,,,无
2008-04-11,52645.0,青海,野牛沟,38.41666666666666,99.58333333333331,3320.0,2008,4,11,5.4,normal,-3.4,1.3,-6.4,0.72,0.42,678.3,679.3,676.3,4.1,,-5.129989867162643,Snow
2008-04-12,52645.0,青海,野牛沟,38.41666666666666,99.58333333333331,3320.0,2008,4,12,0.3,normal,-4.0,5.8,-10.8,0.63,0.15,680.9,683.3,677.7,3.3,,-6.232707606693881,Snow
2008-04-13,52645.0,青海,野牛沟,38.41666666666666,99.58333333333331,3320.0,2008,4,13,0.0,无,-2.0,6.5,-8.6,0.55,0.13,678.5,680.4,675.7,3.8,,,无
2008-04-14,52645.0,青海,野牛沟,38.41666666666666,99.58333333333331,3320.0,2008,4,14,0.0,无,-0.8,5.6,-4.4,0.61,0.32,678.5,679.7,676.3,3.4,,,无
2008-04-15,52645.0,青海,野牛沟,38.41666666666666,99.58333333333331,3320.0,2008,4,15,1.8,normal,0.0,7.0,-4.3,0.64,0.18,679.5,680.3,678.2,4.6,,-2.6123296819893183,Snow
2008-04-16,52645.0,青海,野牛沟,38.41666666666666,99.58333333333331,3320.0,2008,4,16,0.0,无,1.8,12.8,-7.6,0.53,0.15,678.9,681.4,675.2,5.1,,,无
2008-04-17,52645.0,青海,野牛沟,38.41666666666666,99.58333333333331,3320.0,2008,4,17,0.0,无,4.1,13.5,-2.6,0.49,0.2,676.6,677.9,673.5,6.0,,,无
2008-04-18,52645.0,青海,野牛沟,38.41666666666666,99.58333333333331,3320.0,2008,4,18,4.2,normal,2.1,7.8,-2.3,0.8,0.46,675.6,677.9,673.8,2.3,,0.5417933587285129,Snow
2008-04-19,52645.0,青海,野牛沟,38.41666666666666,99.58333333333331,3320.0,2008,4,19,1.5,normal,-0.7,12.4,-6.5,0.81,0.29,678.9,680.6,675.2,4.0,,-2.0142884974553477,Snow
2008-04-20,52645.0,青海,野牛沟,38.41666666666666,99.58333333333331,3320.0,2008,4,20,10.9,normal,-1.0,3.4,-4.9,0.82,0.66,679.4,681.9,677.7,2.7,,-2.2273439536561623,Snow
2008-04-21,52645.0,青海,野牛沟,38.41666666666666,99.58333333333331,3320.0,2008,4,21,2.8,normal,-5.5,-0.8,-9.5,0.63,0.23,682.1,683.6,679.9,2.9,,-7.569665641552734,Snow
2008-04-22,52645.0,青海,野牛沟,38.41666666666666,99.58333333333331,3320.0,2008,4,22,0.0,无,-6.2,0.3,-11.9,0.46,0.2,684.2,685.5,680.2,3.9,,,无
2008-04-23,52645.0,青海,野牛沟,38.41666666666666,99.58333333333331,3320.0,2008,4,23,0.0,无,-3.3,6.4,-10.5,0.48,0.14,684.4,686.8,681.7,4.4,,,无
2008-04-24,52645.0,青海,野牛沟,38.41666666666666,99.58333333333331,3320.0,2008,4,24,0.0,无,0.2,8.4,-6.8,0.46,0.13,685.1,686.6,682.5,4.8,,,无
2008-04-25,52645.0,青海,野牛沟,38.41666666666666,99.58333333333331,3320.0,2008,4,25,0.0,无,1.7,11.2,-5.8,0.46,0.12,683.9,686.0,680.5,6.1,,,无
2008-04-26,52645.0,青海,野牛沟,38.41666666666666,99.58333333333331,3320.0,2008,4,26,0.0,无,1.8,6.3,-2.4,0.42,0.16,684.9,685.8,681.5,5.4,,,无
2008-04-27,52645.0,青海,野牛沟,38.41666666666666,99.58333333333331,3320.0,2008,4,27,0.0,无,1.7,10.8,-5.4,0.57,0.12,684.8,687.0,681.6,4.7,,,无
2008-04-28,52645.0,青海,野牛沟,38.41666666666666,99.58333333333331,3320.0,2008,4,28,0.0,无,1.8,10.6,-4.2,0.59,0.19,680.7,683.0,677.4,4.1,,,无
2008-04-29,52645.0,青海,野牛沟,38.41666666666666,99.58333333333331,3320.0,2008,4,29,0.0,无,5.1,13.8,-1.5,0.53,0.1,679.9,681.2,677.6,5.9,,,无
2008-04-30,52645.0,青海,野牛沟,38.41666666666666,99.58333333333331,3320.0,2008,4,30,0.0,无,5.8,16.4,-3.6,0.43,0.09,678.6,681.2,675.2,5.6,,,无
2008-05-01,52645.0,青海,野牛沟,38.41666666666666,99.58333333333331,3320.0,2008,5,1,0.0,无,6.0,16.1,-0.3,0.44,0.1,676.8,677.7,674.2,6.5,,,无
2008-05-02,52645.0,青海,野牛沟,38.41666666666666,99.58333333333331,3320.0,2008,5,2,0.0,无,5.2,14.8,-1.6,0.48,0.12,676.9,678.9,673.5,6.0,,,无
2008-05-03,52645.0,青海,野牛沟,38.41666666666666,99.58333333333331,3320.0,2008,5,3,0.0,无,4.5,11.8,-4.1,0.32,0.08,681.1,683.0,678.9,8.4,,,无
2008-05-04,52645.0,青海,野牛沟,38.41666666666666,99.58333333333331,3320.0,2008,5,4,0.0,无,4.9,16.8,-5.6,0.4,0.08,681.0,682.5,678.6,7.3,,,无
2008-05-05,52645.0,青海,野牛沟,38.41666666666666,99.58333333333331,3320.0,2008,5,5,0.0,无,6.9,17.7,-4.1,0.39,0.09,678.7,681.5,675.3,7.1,,,无
2008-05-06,52645.0,青海,野牛沟,38.41666666666666,99.58333333333331,3320.0,2008,5,6,1.0,normal,4.7,12.7,0.2,0.53,0.19,677.7,680.0,675.7,4.2,,0.5014325458922686,Snow
2008-05-07,52645.0,青海,野牛沟,38.41666666666666,99.58333333333331,3320.0,2008,5,7,7.0,normal,3.4,10.5,0.7,0.8,0.41,681.3,682.1,679.0,2.8,,1.7681409783972457,Snow
2008-05-08,52645.0,青海,野牛沟,38.41666666666666,99.58333333333331,3320.0,2008,5,8,2.0,normal,2.2,7.2,-0.9,0.65,0.21,682.8,684.0,680.9,5.4,,-0.5751469892877159,Snow
2008-05-09,52645.0,青海,野牛沟,38.41666666666666,99.58333333333331,3320.0,2008,5,9,0.0,无,1.6,10.7,-6.0,0.59,0.14,684.1,685.6,681.0,5.7,,,无
2008-05-10,52645.0,青海,野牛沟,38.41666666666666,99.58333333333331,3320.0,2008,5,10,0.0,无,3.0,12.2,-6.1,0.47,0.1,683.3,684.5,681.1,5.8,,,无
2008-05-11,52645.0,青海,野牛沟,38.41666666666666,99.58333333333331,3320.0,2008,5,11,0.0,无,3.5,13.2,-5.9,0.4,0.12,684.2,685.6,682.5,7.1,,,无
2008-05-12,52645.0,青海,野牛沟,38.41666666666666,99.58333333333331,3320.0,2008,5,12,0.0,无,4.7,14.3,-4.8,0.41,0.11,684.4,685.8,682.2,6.5,,,无
2008-05-13,52645.0,青海,野牛沟,38.41666666666666,99.58333333333331,3320.0,2008,5,13,0.0,无,5.7,15.7,-2.7,0.47,0.13,683.5,684.9,681.4,5.8,,,无
2008-05-14,52645.0,青海,野牛沟,38.41666666666666,99.58333333333331,3320.0,2008,5,14,7.1,normal,4.5,10.6,-2.1,0.75,0.4,684.3,685.6,683.2,4.8,,2.363927497994065,Rain
2008-05-15,52645.0,青海,野牛沟,38.41666666666666,99.58333333333331,3320.0,2008,5,15,0.0,无,6.0,14.6,-2.3,0.56,0.19,684.8,686.3,682.9,6.3,,,无
2008-05-16,52645.0,青海,野牛沟,38.41666666666666,99.58333333333331,3320.0,2008,5,16,0.1,normal,7.2,14.5,2.4,0.64,0.2,684.4,686.5,682.0,5.2,,3.7517826972316515,Rain
2008-05-17,52645.0,青海,野牛沟,38.41666666666666,99.58333333333331,3320.0,2008,5,17,0.1,normal,6.0,11.2,-0.2,0.58,0.3,683.6,685.0,682.4,6.7,,2.1062998689902246,Rain
2008-05-18,52645.0,青海,野牛沟,38.41666666666666,99.58333333333331,3320.0,2008,5,18,0.0,无,4.9,13.4,-3.9,0.49,0.17,684.9,686.5,682.5,6.2,,,无
2008-05-19,52645.0,青海,野牛沟,38.41666666666666,99.58333333333331,3320.0,2008,5,19,0.0,无,7.1,16.8,-3.3,0.42,0.14,682.0,683.9,678.8,8.0,,,无
2008-05-20,52645.0,青海,野牛沟,38.41666666666666,99.58333333333331,3320.0,2008,5,20,0.0,无,5.9,15.2,-3.4,0.43,0.13,681.6,683.3,678.6,7.0,,,无
2008-05-21,52645.0,青海,野牛沟,38.41666666666666,99.58333333333331,3320.0,2008,5,21,3.2,normal,2.8,9.1,0.5,0.85,0.33,682.1,682.9,679.9,2.9,,1.6122601893659771,Snow
2008-05-22,52645.0,青海,野牛沟,38.41666666666666,99.58333333333331,3320.0,2008,5,22,1.2,normal,1.0,11.5,-5.8,0.76,0.31,682.2,683.4,679.2,2.5,,-0.7886416994370515,Snow
2008-05-23,52645.0,青海,野牛沟,38.41666666666666,99.58333333333331,3320.0,2008,5,23,2.0,normal,5.4,14.2,-0.8,0.64,0.25,682.3,684.0,679.6,5.5,,2.163207977485837,Rain
2008-05-24,52645.0,青海,野牛沟,38.41666666666666,99.58333333333331,3320.0,2008,5,24,0.1,normal,6.2,16.3,0.6,0.72,0.28,680.0,681.2,678.0,3.2,,3.637059124574278,Rain
2008-05-25,52645.0,青海,野牛沟,38.41666666666666,99.58333333333331,3320.0,2008,5,25,0.2,normal,8.8,17.2,1.3,0.62,0.28,680.7,681.6,679.3,5.6,,4.932980585521736,Rain
2008-05-26,52645.0,青海,野牛沟,38.41666666666666,99.58333333333331,3320.0,2008,5,26,0.1,normal,6.6,12.8,0.7,0.67,0.33,682.4,683.3,680.4,3.0,,3.516466347583891,Rain
2008-05-27,52645.0,青海,野牛沟,38.41666666666666,99.58333333333331,3320.0,2008,5,27,0.5,normal,8.2,13.9,2.2,0.62,0.29,682.0,683.9,680.4,5.4,,4.413498207994473,Rain
2008-05-28,52645.0,青海,野牛沟,38.41666666666666,99.58333333333331,3320.0,2008,5,28,0.0,无,6.4,15.0,-1.9,0.5,0.14,681.3,682.2,679.2,7.1,,,无
2008-05-29,52645.0,青海,野牛沟,38.41666666666666,99.58333333333331,3320.0,2008,5,29,0.0,无,7.0,13.4,-1.1,0.43,0.19,683.6,684.9,681.1,7.8,,,无
2008-05-30,52645.0,青海,野牛沟,38.41666666666666,99.58333333333331,3320.0,2008,5,30,0.0,无,7.1,17.1,-3.7,0.43,0.11,684.0,686.3,680.7,7.2,,,无
2008-05-31,52645.0,青海,野牛沟,38.41666666666666,99.58333333333331,3320.0,2008,5,31,0.1,normal,7.8,14.2,-1.1,0.48,0.19,683.9,684.7,681.2,6.6,,2.5667831947718467,Rain
2008-06-01,52645.0,青海,野牛沟,38.41666666666666,99.58333333333331,3320.0,2008,6,1,0.0,无,7.7,14.8,-0.5,0.5,0.15,685.5,686.7,684.1,6.6,,,无
2008-06-02,52645.0,青海,野牛沟,38.41666666666666,99.58333333333331,3320.0,2008,6,2,0.0,无,7.3,15.7,-3.5,0.43,0.16,685.7,686.5,684.5,7.6,,,无
2008-06-03,52645.0,青海,野牛沟,38.41666666666666,99.58333333333331,3320.0,2008,6,3,0.0,无,8.2,19.3,-3.0,0.43,0.13,685.6,687.5,683.0,7.7,,,无
2008-06-04,52645.0,青海,野牛沟,38.41666666666666,99.58333333333331,3320.0,2008,6,4,0.1,normal,7.9,18.0,-1.3,0.5,0.15,683.8,685.2,681.4,6.9,,2.8678511266193363,Rain
2008-06-05,52645.0,青海,野牛沟,38.41666666666666,99.58333333333331,3320.0,2008,6,5,7.8,normal,6.8,15.2,2.1,0.69,0.36,682.0,683.9,678.9,4.1,,3.891745793952537,Rain
2008-06-06,52645.0,青海,野牛沟,38.41666666666666,99.58333333333331,3320.0,2008,6,6,0.1,normal,7.5,12.9,2.9,0.63,0.24,683.2,684.4,681.7,6.5,,3.909865495706053,Rain
2008-06-07,52645.0,青海,野牛沟,38.41666666666666,99.58333333333331,3320.0,2008,6,7,0.0,无,7.9,14.0,2.1,0.6,0.29,682.6,683.3,681.5,4.5,,,无
2008-06-08,52645.0,青海,野牛沟,38.41666666666666,99.58333333333331,3320.0,2008,6,8,0.0,无,7.2,13.3,1.9,0.67,0.35,683.7,684.7,682.6,5.9,,,无
2008-06-09,52645.0,青海,野牛沟,38.41666666666666,99.58333333333331,3320.0,2008,6,9,0.0,无,8.5,18.0,-2.2,0.54,0.17,684.4,685.9,682.3,7.2,,,无
2008-06-10,52645.0,青海,野牛沟,38.41666666666666,99.58333333333331,3320.0,2008,6,10,0.0,无,9.1,17.0,1.0,0.49,0.2,683.9,684.6,682.6,6.0,,,无
2008-06-11,52645.0,青海,野牛沟,38.41666666666666,99.58333333333331,3320.0,2008,6,11,0.0,无,8.1,18.3,1.0,0.56,0.2,684.7,685.8,682.6,6.1,,,无
2008-06-12,52645.0,青海,野牛沟,38.41666666666666,99.58333333333331,3320.0,2008,6,12,9.7,normal,6.0,16.5,-1.2,0.69,0.27,682.4,684.2,680.4,4.4,,3.1735763709975506,Rain
2008-06-13,52645.0,青海,野牛沟,38.41666666666666,99.58333333333331,3320.0,2008,6,13,15.6,normal,6.1,13.3,2.3,0.8,0.4,681.0,682.8,678.0,3.5,,4.299775794340479,Rain
2008-06-14,52645.0,青海,野牛沟,38.41666666666666,99.58333333333331,3320.0,2008,6,14,5.0,normal,5.8,13.1,2.5,0.72,0.29,682.2,683.2,680.0,4.2,,3.276850585716704,Rain
2008-06-15,52645.0,青海,野牛沟,38.41666666666666,99.58333333333331,3320.0,2008,6,15,3.4,normal,5.7,12.2,0.4,0.63,0.27,682.6,684.7,680.7,4.5,,2.3318500412287735,Rain
2008-06-16,52645.0,青海,野牛沟,38.41666666666666,99.58333333333331,3320.0,2008,6,16,0.0,无,8.3,15.8,-1.3,0.51,0.15,680.5,682.6,678.7,7.3,,,无
2008-06-17,52645.0,青海,野牛沟,38.41666666666666,99.58333333333331,3320.0,2008,6,17,0.0,无,10.3,17.5,2.2,0.43,0.19,677.1,679.3,675.7,5.9,,,无
2008-06-18,52645.0,青海,野牛沟,38.41666666666666,99.58333333333331,3320.0,2008,6,18,0.2,normal,7.6,16.1,2.4,0.63,0.24,678.0,680.8,675.9,4.2,,3.9853320513810564,Rain
2008-06-19,52645.0,青海,野牛沟,38.41666666666666,99.58333333333331,3320.0,2008,6,19,6.1,normal,4.8,11.5,0.9,0.88,0.62,679.5,681.2,677.1,3.1,,3.7794369044161913,Rain
2008-06-20,52645.0,青海,野牛沟,38.41666666666666,99.58333333333331,3320.0,2008,6,20,0.7,normal,8.2,14.1,2.7,0.71,0.39,680.5,682.1,678.9,4.0,,5.353634549258373,Rain
2008-06-21,52645.0,青海,野牛沟,38.41666666666666,99.58333333333331,3320.0,2008,6,21,14.8,normal,6.5,11.7,3.3,0.83,0.59,680.9,682.2,678.7,1.9,,4.95585103580551,Rain
2008-06-22,52645.0,青海,野牛沟,38.41666666666666,99.58333333333331,3320.0,2008,6,22,0.0,无,7.8,15.2,1.9,0.59,0.14,682.2,683.7,680.4,7.2,,,无
2008-06-23,52645.0,青海,野牛沟,38.41666666666666,99.58333333333331,3320.0,2008,6,23,0.0,无,7.6,16.1,-1.1,0.54,0.1,681.8,683.1,679.8,6.3,,,无
2008-06-24,52645.0,青海,野牛沟,38.41666666666666,99.58333333333331,3320.0,2008,6,24,2.2,normal,7.9,13.3,2.5,0.68,0.36,683.8,685.2,681.0,3.5,,4.780541396519191,Rain
2008-06-25,52645.0,青海,野牛沟,38.41666666666666,99.58333333333331,3320.0,2008,6,25,0.6,normal,8.2,16.1,1.5,0.65,0.24,684.5,685.3,682.7,5.0,,4.736539194930223,Rain
2008-06-26,52645.0,青海,野牛沟,38.41666666666666,99.58333333333331,3320.0,2008,6,26,7.4,normal,8.1,13.3,3.6,0.71,0.39,685.8,687.4,684.1,4.5,,5.272302334907839,Rain
2008-06-27,52645.0,青海,野牛沟,38.41666666666666,99.58333333333331,3320.0,2008,6,27,0.2,normal,8.1,16.9,0.1,0.66,0.27,683.7,686.2,681.7,4.5,,4.751121262800537,Rain
2008-06-28,52645.0,青海,野牛沟,38.41666666666666,99.58333333333331,3320.0,2008,6,28,3.7,normal,6.5,14.1,2.0,0.82,0.46,681.6,683.1,679.7,3.4,,4.863130699412834,Rain
2008-06-29,52645.0,青海,野牛沟,38.41666666666666,99.58333333333331,3320.0,2008,6,29,0.2,normal,7.7,13.0,0.7,0.74,0.47,681.6,682.9,679.9,3.8,,5.2050330608134,Rain
2008-06-30,52645.0,青海,野牛沟,38.41666666666666,99.58333333333331,3320.0,2008,6,30,0.0,无,9.1,16.5,1.3,0.65,0.28,682.2,683.3,680.5,4.6,,,无
2008-07-01,52645.0,青海,野牛沟,38.41666666666666,99.58333333333331,3320.0,2008,7,1,0.0,无,10.4,19.8,0.0,0.59,0.18,682.2,683.7,679.9,7.2,,,无
2008-07-02,52645.0,青海,野牛沟,38.41666666666666,99.58333333333331,3320.0,2008,7,2,0.1,normal,10.3,19.2,2.0,0.64,0.27,681.6,682.9,679.7,4.8,,6.470101409942557,Rain
2008-07-03,52645.0,青海,野牛沟,38.41666666666666,99.58333333333331,3320.0,2008,7,3,9.9,normal,7.3,10.6,5.9,0.88,0.68,682.9,684.0,681.5,1.0,,6.190851077256716,Rain
2008-07-04,52645.0,青海,野牛沟,38.41666666666666,99.58333333333331,3320.0,2008,7,4,2.7,normal,8.8,14.9,2.0,0.6,0.23,684.5,685.4,683.5,5.4,,4.724008420092862,Rain
2008-07-05,52645.0,青海,野牛沟,38.41666666666666,99.58333333333331,3320.0,2008,7,5,0.0,无,8.7,17.5,-1.0,0.56,0.18,683.4,684.5,681.1,7.4,,,无
2008-07-06,52645.0,青海,野牛沟,38.41666666666666,99.58333333333331,3320.0,2008,7,6,0.0,无,10.8,18.6,0.8,0.54,0.18,681.7,683.6,679.4,5.3,,,无
2008-07-07,52645.0,青海,野牛沟,38.41666666666666,99.58333333333331,3320.0,2008,7,7,0.0,无,11.1,21.3,2.0,0.63,0.16,680.8,683.2,678.7,8.9,,,无
2008-07-08,52645.0,青海,野牛沟,38.41666666666666,99.58333333333331,3320.0,2008,7,8,0.0,无,11.9,20.0,3.1,0.56,0.26,680.7,681.8,679.2,5.5,,,无
2008-07-09,52645.0,青海,野牛沟,38.41666666666666,99.58333333333331,3320.0,2008,7,9,9.2,normal,10.9,19.5,5.4,0.72,0.33,682.2,683.7,679.7,7.2,,7.914270857841497,Rain
2008-07-10,52645.0,青海,野牛沟,38.41666666666666,99.58333333333331,3320.0,2008,7,10,26.8,normal,8.9,16.1,4.1,0.71,0.37,683.3,684.2,681.5,7.0,,5.992368834805366,Rain
2008-07-11,52645.0,青海,野牛沟,38.41666666666666,99.58333333333331,3320.0,2008,7,11,5.3,normal,8.5,15.3,5.2,0.75,0.39,684.3,685.6,682.1,5.4,,6.04506696027824,Rain
2008-07-12,52645.0,青海,野牛沟,38.41666666666666,99.58333333333331,3320.0,2008,7,12,0.5,normal,9.5,13.1,7.0,0.77,0.54,681.9,684.8,679.7,2.9,,7.173298621135262,Rain
2008-07-13,52645.0,青海,野牛沟,38.41666666666666,99.58333333333331,3320.0,2008,7,13,4.8,normal,9.0,13.7,5.4,0.65,0.32,680.9,681.7,679.5,6.1,,5.434955183962953,Rain
2008-07-14,52645.0,青海,野牛沟,38.41666666666666,99.58333333333331,3320.0,2008,7,14,0.3,normal,8.5,14.6,2.6,0.65,0.31,683.5,684.3,681.7,4.6,,4.99923161716167,Rain
2008-07-15,52645.0,青海,野牛沟,38.41666666666666,99.58333333333331,3320.0,2008,7,15,1.7,normal,8.5,19.1,0.9,0.7,0.23,683.4,684.9,680.4,6.1,,5.526068916452833,Rain
2008-07-16,52645.0,青海,野牛沟,38.41666666666666,99.58333333333331,3320.0,2008,7,16,7.0,normal,8.6,13.4,6.8,0.77,0.52,680.4,682.5,679.4,1.2,,6.336937021658868,Rain
2008-07-17,52645.0,青海,野牛沟,38.41666666666666,99.58333333333331,3320.0,2008,7,17,0.4,normal,8.3,18.2,0.3,0.68,0.2,682.2,682.6,680.2,5.5,,5.135176693123422,Rain
2008-07-18,52645.0,青海,野牛沟,38.41666666666666,99.58333333333331,3320.0,2008,7,18,4.1,normal,9.7,16.6,4.0,0.7,0.33,683.0,684.8,680.6,4.5,,6.607457722690229,Rain
2008-07-19,52645.0,青海,野牛沟,38.41666666666666,99.58333333333331,3320.0,2008,7,19,0.0,无,10.2,20.4,2.1,0.67,0.23,682.1,683.4,680.1,6.8,,,无
2008-07-20,52645.0,青海,野牛沟,38.41666666666666,99.58333333333331,3320.0,2008,7,20,0.0,无,11.2,17.5,3.8,0.65,0.37,681.2,682.0,680.1,5.1,,,无
2008-07-21,52645.0,青海,野牛沟,38.41666666666666,99.58333333333331,3320.0,2008,7,21,0.2,normal,11.6,18.1,7.3,0.71,0.41,682.0,683.2,680.4,4.2,,8.435017415503228,Rain
2008-07-22,52645.0,青海,野牛沟,38.41666666666666,99.58333333333331,3320.0,2008,7,22,0.0,无,10.6,20.6,1.6,0.68,0.23,681.9,683.5,680.0,5.9,,,无
2008-07-23,52645.0,青海,野牛沟,38.41666666666666,99.58333333333331,3320.0,2008,7,23,13.9,normal,11.4,20.7,5.6,0.8,0.41,682.1,683.2,679.3,5.1,,9.269689431132605,Rain
2008-07-24,52645.0,青海,野牛沟,38.41666666666666,99.58333333333331,3320.0,2008,7,24,15.1,normal,11.8,17.5,8.2,0.8,0.53,681.4,683.4,679.7,4.9,,9.644033784379452,Rain
2008-07-25,52645.0,青海,野牛沟,38.41666666666666,99.58333333333331,3320.0,2008,7,25,0.0,无,11.4,19.2,5.4,0.77,0.53,681.4,682.1,679.6,5.2,,,无
2008-07-26,52645.0,青海,野牛沟,38.41666666666666,99.58333333333331,3320.0,2008,7,26,10.2,normal,12.9,18.2,9.5,0.83,0.6,682.2,683.3,681.3,3.3,,11.022280352458193,Rain
2008-07-27,52645.0,青海,野牛沟,38.41666666666666,99.58333333333331,3320.0,2008,7,27,8.6,normal,12.9,20.0,10.6,0.87,0.62,683.0,683.8,680.4,4.2,,11.476708308674649,Rain
2008-07-28,52645.0,青海,野牛沟,38.41666666666666,99.58333333333331,3320.0,2008,7,28,3.8,normal,11.3,14.0,9.2,0.87,0.73,683.8,684.3,683.1,1.1,,9.939583241171274,Rain
2008-07-29,52645.0,青海,野牛沟,38.41666666666666,99.58333333333331,3320.0,2008,7,29,4.2,normal,11.1,14.9,9.4,0.84,0.68,682.4,684.5,680.7,1.7,,9.424244708378605,Rain
2008-07-30,52645.0,青海,野牛沟,38.41666666666666,99.58333333333331,3320.0,2008,7,30,20.1,normal,8.4,10.9,7.5,0.87,0.72,682.9,683.6,682.0,2.1,,7.152984233092545,Rain
2008-07-31,52645.0,青海,野牛沟,38.41666666666666,99.58333333333331,3320.0,2008,7,31,2.1,normal,7.7,11.2,3.4,0.74,0.62,686.2,687.2,683.5,2.4,,5.21208706596171,Rain
2008-08-01,52645.0,青海,野牛沟,38.41666666666666,99.58333333333331,3320.0,2008,8,1,3.4,normal,9.4,16.9,3.9,0.68,0.31,687.2,688.2,685.5,4.9,,6.128615224168343,Rain
2008-08-02,52645.0,青海,野牛沟,38.41666666666666,99.58333333333331,3320.0,2008,8,2,0.1,normal,8.8,18.0,1.7,0.68,0.28,686.6,688.3,684.1,5.3,,5.590908283594396,Rain
2008-08-03,52645.0,青海,野牛沟,38.41666666666666,99.58333333333331,3320.0,2008,8,3,0.0,无,9.2,18.2,2.5,0.67,0.19,685.4,686.9,683.3,5.2,,,无
2008-08-04,52645.0,青海,野牛沟,38.41666666666666,99.58333333333331,3320.0,2008,8,4,0.0,无,10.2,19.2,1.8,0.64,0.23,684.9,686.1,683.0,6.1,,,无
2008-08-05,52645.0,青海,野牛沟,38.41666666666666,99.58333333333331,3320.0,2008,8,5,0.0,无,10.3,20.8,4.2,0.68,0.24,682.3,684.2,679.9,5.5,,,无
2008-08-06,52645.0,青海,野牛沟,38.41666666666666,99.58333333333331,3320.0,2008,8,6,1.0,normal,11.1,19.8,3.6,0.68,0.34,682.0,683.0,680.8,6.3,,7.638611084367617,Rain
2008-08-07,52645.0,青海,野牛沟,38.41666666666666,99.58333333333331,3320.0,2008,8,7,2.9,normal,8.5,13.1,7.0,0.8,0.53,681.9,684.1,680.3,1.0,,6.550580337295737,Rain
2008-08-08,52645.0,青海,野牛沟,38.41666666666666,99.58333333333331,3320.0,2008,8,8,20.9,normal,7.3,15.8,0.6,0.69,0.24,683.2,683.8,681.7,6.1,,4.343205353969197,Rain
2008-08-09,52645.0,青海,野牛沟,38.41666666666666,99.58333333333331,3320.0,2008,8,9,0.0,无,8.3,17.9,0.1,0.61,0.18,684.4,685.2,682.8,5.7,,,无
2008-08-10,52645.0,青海,野牛沟,38.41666666666666,99.58333333333331,3320.0,2008,8,10,10.0,normal,6.8,17.2,1.2,0.79,0.35,684.4,685.2,681.8,3.7,,4.864753645314814,Rain
2008-08-11,52645.0,青海,野牛沟,38.41666666666666,99.58333333333331,3320.0,2008,8,11,20.2,normal,3.9,10.0,0.4,0.88,0.6,683.7,686.0,682.0,3.7,,2.914817087384729,Snow
2008-08-12,52645.0,青海,野牛沟,38.41666666666666,99.58333333333331,3320.0,2008,8,12,1.3,normal,6.8,13.4,1.6,0.74,0.44,683.4,684.5,682.2,4.7,,4.382911519591128,Rain
2008-08-13,52645.0,青海,野牛沟,38.41666666666666,99.58333333333331,3320.0,2008,8,13,0.0,无,7.3,16.2,-0.4,0.7,0.37,682.6,684.0,681.2,4.8,,,无
2008-08-14,52645.0,青海,野牛沟,38.41666666666666,99.58333333333331,3320.0,2008,8,14,0.0,无,9.4,15.0,4.0,0.67,0.37,681.4,682.6,680.2,4.4,,,无
2008-08-15,52645.0,青海,野牛沟,38.41666666666666,99.58333333333331,3320.0,2008,8,15,3.8,normal,7.3,14.4,3.9,0.76,0.35,680.7,681.6,678.5,3.4,,5.034128152160204,Rain
2008-08-16,52645.0,青海,野牛沟,38.41666666666666,99.58333333333331,3320.0,2008,8,16,0.0,无,7.9,16.9,0.1,0.67,0.24,680.6,681.7,679.1,5.5,,,无
2008-08-17,52645.0,青海,野牛沟,38.41666666666666,99.58333333333331,3320.0,2008,8,17,0.0,无,9.1,19.9,-0.4,0.61,0.17,681.3,682.2,679.3,5.5,,,无
2008-08-18,52645.0,青海,野牛沟,38.41666666666666,99.58333333333331,3320.0,2008,8,18,0.0,无,11.1,21.1,2.0,0.67,0.28,681.8,683.5,680.1,6.6,,,无
2008-08-19,52645.0,青海,野牛沟,38.41666666666666,99.58333333333331,3320.0,2008,8,19,0.5,normal,11.8,17.8,7.8,0.72,0.47,681.2,682.0,679.8,3.0,,8.731026770274234,Rain
2008-08-20,52645.0,青海,野牛沟,38.41666666666666,99.58333333333331,3320.0,2008,8,20,2.8,normal,9.2,13.4,7.0,0.8,0.54,683.2,684.6,681.2,3.4,,7.208252465524594,Rain
2008-08-21,52645.0,青海,野牛沟,38.41666666666666,99.58333333333331,3320.0,2008,8,21,0.2,normal,8.2,16.8,2.5,0.64,0.13,684.6,685.9,682.7,5.8,,4.631454320521837,Rain
2008-08-22,52645.0,青海,野牛沟,38.41666666666666,99.58333333333331,3320.0,2008,8,22,0.0,无,7.1,19.0,-2.1,0.61,0.13,683.8,685.5,681.5,5.7,,,无
2008-08-23,52645.0,青海,野牛沟,38.41666666666666,99.58333333333331,3320.0,2008,8,23,0.0,无,8.0,16.3,0.0,0.6,0.31,683.1,684.2,681.7,3.8,,,无
2008-08-24,52645.0,青海,野牛沟,38.41666666666666,99.58333333333331,3320.0,2008,8,24,0.3,normal,9.4,17.0,4.2,0.6,0.23,685.0,686.2,683.1,6.5,,5.242927558769579,Rain
2008-08-25,52645.0,青海,野牛沟,38.41666666666666,99.58333333333331,3320.0,2008,8,25,0.0,无,7.4,15.7,-1.1,0.61,0.25,685.3,686.4,683.3,4.7,,,无
2008-08-26,52645.0,青海,野牛沟,38.41666666666666,99.58333333333331,3320.0,2008,8,26,0.0,无,5.9,13.0,0.0,0.71,0.33,685.2,685.9,683.2,3.3,,,无
2008-08-27,52645.0,青海,野牛沟,38.41666666666666,99.58333333333331,3320.0,2008,8,27,0.0,无,6.5,14.7,-0.6,0.77,0.4,683.0,685.2,680.4,3.2,,,无
2008-08-28,52645.0,青海,野牛沟,38.41666666666666,99.58333333333331,3320.0,2008,8,28,15.7,normal,6.6,14.2,3.9,0.82,0.54,680.9,683.5,677.9,2.7,,4.956829783260486,Rain
2008-08-29,52645.0,青海,野牛沟,38.41666666666666,99.58333333333331,3320.0,2008,8,29,9.3,normal,4.4,11.1,-0.7,0.6,0.17,683.0,684.1,681.6,7.3,,0.9174347239445391,Snow
2008-08-30,52645.0,青海,野牛沟,38.41666666666666,99.58333333333331,3320.0,2008,8,30,0.0,无,3.4,14.2,-5.0,0.59,0.14,685.9,687.1,683.6,5.0,,,无
2008-08-31,52645.0,青海,野牛沟,38.41666666666666,99.58333333333331,3320.0,2008,8,31,0.0,无,5.6,17.3,-3.6,0.58,0.12,684.7,686.5,682.2,4.9,,,无
2008-09-01,52645.0,青海,野牛沟,38.41666666666666,99.58333333333331,3320.0,2008,9,1,1.4,normal,4.3,14.4,-1.2,0.72,0.33,682.8,684.0,680.4,5.0,,1.9127078327657854,Rain
2008-09-02,52645.0,青海,野牛沟,38.41666666666666,99.58333333333331,3320.0,2008,9,2,6.0,normal,3.4,11.6,0.1,0.78,0.24,685.1,686.0,682.9,4.0,,1.604881897802941,Rain
2008-09-03,52645.0,青海,野牛沟,38.41666666666666,99.58333333333331,3320.0,2008,9,3,0.0,无,2.6,13.3,-4.4,0.67,0.2,685.5,687.1,682.8,4.5,,,无
2008-09-04,52645.0,青海,野牛沟,38.41666666666666,99.58333333333331,3320.0,2008,9,4,0.0,无,4.5,16.2,-3.9,0.64,0.23,685.0,686.7,682.4,4.4,,,无
2008-09-05,52645.0,青海,野牛沟,38.41666666666666,99.58333333333331,3320.0,2008,9,5,0.0,无,5.7,15.9,-2.5,0.63,0.19,683.4,684.5,681.6,4.8,,,无
2008-09-06,52645.0,青海,野牛沟,38.41666666666666,99.58333333333331,3320.0,2008,9,6,3.8,normal,5.9,11.7,2.6,0.81,0.53,682.7,684.9,681.0,3.0,,4.20612552412432,Rain
2008-09-07,52645.0,青海,野牛沟,38.41666666666666,99.58333333333331,3320.0,2008,9,7,3.2,normal,5.6,15.7,-0.5,0.79,0.38,682.3,683.3,679.5,4.0,,3.741299480442346,Rain
2008-09-08,52645.0,青海,野牛沟,38.41666666666666,99.58333333333331,3320.0,2008,9,8,5.3,normal,7.7,15.7,3.6,0.78,0.4,684.0,685.3,681.3,4.4,,5.60630625029225,Rain
2008-09-09,52645.0,青海,野牛沟,38.41666666666666,99.58333333333331,3320.0,2008,9,9,9.5,normal,3.3,11.4,0.4,0.83,0.39,685.9,687.0,682.4,4.1,,1.9280532250320759,Snow
2008-09-10,52645.0,青海,野牛沟,38.41666666666666,99.58333333333331,3320.0,2008,9,10,0.0,无,5.2,13.7,-1.7,0.73,0.32,687.4,688.9,685.3,3.5,,,无
2008-09-11,52645.0,青海,野牛沟,38.41666666666666,99.58333333333331,3320.0,2008,9,11,0.0,无,5.4,15.0,-2.3,0.67,0.29,686.1,687.8,684.0,3.4,,,无
2008-09-12,52645.0,青海,野牛沟,38.41666666666666,99.58333333333331,3320.0,2008,9,12,3.4,normal,6.0,15.6,-0.8,0.74,0.28,686.2,688.2,682.7,3.7,,3.6538121230274845,Rain
2008-09-13,52645.0,青海,野牛沟,38.41666666666666,99.58333333333331,3320.0,2008,9,13,1.6,normal,4.8,12.6,0.1,0.8,0.43,686.1,687.2,684.3,3.0,,3.0867009169704085,Snow
2008-09-14,52645.0,青海,野牛沟,38.41666666666666,99.58333333333331,3320.0,2008,9,14,0.0,无,5.0,13.4,-0.4,0.76,0.32,686.5,687.8,684.5,3.3,,,无
2008-09-15,52645.0,青海,野牛沟,38.41666666666666,99.58333333333331,3320.0,2008,9,15,0.0,无,6.1,13.5,-0.1,0.66,0.36,685.0,686.5,682.6,3.6,,,无
2008-09-16,52645.0,青海,野牛沟,38.41666666666666,99.58333333333331,3320.0,2008,9,16,0.0,无,6.8,14.5,2.3,0.63,0.25,684.2,686.1,682.0,4.4,,,无
2008-09-17,52645.0,青海,野牛沟,38.41666666666666,99.58333333333331,3320.0,2008,9,17,1.5,normal,3.1,10.4,-1.8,0.79,0.41,685.0,685.8,683.4,2.2,,1.4081743915174671,Snow
2008-09-18,52645.0,青海,野牛沟,38.41666666666666,99.58333333333331,3320.0,2008,9,18,0.0,无,4.8,15.4,-2.6,0.65,0.18,683.2,685.5,681.0,3.3,,,无
2008-09-19,52645.0,青海,野牛沟,38.41666666666666,99.58333333333331,3320.0,2008,9,19,0.0,无,7.1,18.5,-1.2,0.66,0.27,682.5,684.0,680.2,5.1,,,无
2008-09-20,52645.0,青海,野牛沟,38.41666666666666,99.58333333333331,3320.0,2008,9,20,1.0,normal,8.8,18.6,0.7,0.76,0.38,680.0,682.1,677.6,3.2,,6.418462834570966,Rain
2008-09-21,52645.0,青海,野牛沟,38.41666666666666,99.58333333333331,3320.0,2008,9,21,8.9,normal,7.5,11.5,6.2,0.86,0.74,680.1,681.9,677.0,1.6,,6.191008975223684,Rain
2008-09-22,52645.0,青海,野牛沟,38.41666666666666,99.58333333333331,3320.0,2008,9,22,11.8,normal,5.2,11.0,1.0,0.84,0.59,682.2,683.5,680.7,3.0,,3.814121316986454,Rain
2008-09-23,52645.0,青海,野牛沟,38.41666666666666,99.58333333333331,3320.0,2008,9,23,7.6,normal,7.4,11.8,4.9,0.86,0.65,681.9,684.2,679.8,2.4,,6.096686683648183,Rain
2008-09-24,52645.0,青海,野牛沟,38.41666666666666,99.58333333333331,3320.0,2008,9,24,16.3,normal,6.7,13.2,3.9,0.87,0.66,682.7,683.9,679.7,3.8,,5.520031250996769,Rain
2008-09-25,52645.0,青海,野牛沟,38.41666666666666,99.58333333333331,3320.0,2008,9,25,5.3,normal,4.9,9.1,2.5,0.87,0.69,683.7,684.9,682.0,1.3,,3.791866841102123,Rain
2008-09-26,52645.0,青海,野牛沟,38.41666666666666,99.58333333333331,3320.0,2008,9,26,5.0,normal,5.3,7.8,4.1,0.87,0.72,683.3,684.9,682.1,0.6,,4.175792638190559,Rain
2008-09-27,52645.0,青海,野牛沟,38.41666666666666,99.58333333333331,3320.0,2008,9,27,0.7,normal,4.4,7.4,3.0,0.82,0.62,684.8,685.8,683.4,1.2,,2.8833938475448617,Snow
2008-09-28,52645.0,青海,野牛沟,38.41666666666666,99.58333333333331,3320.0,2008,9,28,0.0,无,3.5,13.3,-1.4,0.73,0.29,686.0,687.7,684.0,2.5,,,无
2008-09-29,52645.0,青海,野牛沟,38.41666666666666,99.58333333333331,3320.0,2008,9,29,0.0,无,4.1,13.7,-3.3,0.63,0.19,686.0,687.0,684.2,3.5,,,无
2008-09-30,52645.0,青海,野牛沟,38.41666666666666,99.58333333333331,3320.0,2008,9,30,0.0,无,4.2,15.3,-3.3,0.6,0.13,687.6,689.0,685.9,3.7,,,无
2008-10-01,52645.0,青海,野牛沟,38.41666666666666,99.58333333333331,3320.0,2008,10,1,0.0,无,4.3,16.0,-3.2,0.63,0.18,686.1,687.9,683.4,3.0,,,无
2008-10-02,52645.0,青海,野牛沟,38.41666666666666,99.58333333333331,3320.0,2008,10,2,0.0,无,4.9,17.2,-3.2,0.63,0.12,685.7,687.2,683.2,4.4,,,无
2008-10-03,52645.0,青海,野牛沟,38.41666666666666,99.58333333333331,3320.0,2008,10,3,1.8,normal,3.8,10.8,0.9,0.67,0.22,685.0,686.3,683.2,4.9,,1.0241937996929584,Snow
2008-10-04,52645.0,青海,野牛沟,38.41666666666666,99.58333333333331,3320.0,2008,10,4,0.2,normal,1.2,8.6,-3.6,0.65,0.21,686.3,687.7,685.0,3.6,,-1.4559175501278387,Snow
2008-10-05,52645.0,青海,野牛沟,38.41666666666666,99.58333333333331,3320.0,2008,10,5,0.0,无,0.4,9.9,-6.8,0.61,0.14,684.7,686.8,682.4,3.5,,,无
2008-10-06,52645.0,青海,野牛沟,38.41666666666666,99.58333333333331,3320.0,2008,10,6,0.0,无,0.1,8.9,-5.9,0.73,0.26,682.9,684.6,680.5,2.1,,,无
2008-10-07,52645.0,青海,野牛沟,38.41666666666666,99.58333333333331,3320.0,2008,10,7,0.1,normal,-0.2,7.8,-5.4,0.77,0.31,682.9,684.3,681.9,1.9,,-1.827214759319964,Snow
2008-10-08,52645.0,青海,野牛沟,38.41666666666666,99.58333333333331,3320.0,2008,10,8,2.9,normal,1.5,7.9,-1.9,0.74,0.3,682.5,683.8,680.2,2.7,,-0.48204676956739245,Snow
2008-10-09,52645.0,青海,野牛沟,38.41666666666666,99.58333333333331,3320.0,2008,10,9,0.1,normal,1.5,7.6,-1.5,0.73,0.33,686.0,687.8,682.9,2.6,,-0.5553684563604167,Snow
2008-10-10,52645.0,青海,野牛沟,38.41666666666666,99.58333333333331,3320.0,2008,10,10,1.4,normal,0.5,5.2,-1.7,0.84,0.54,687.1,688.1,686.0,0.7,,-0.6532592989721175,Snow
2008-10-11,52645.0,青海,野牛沟,38.41666666666666,99.58333333333331,3320.0,2008,10,11,0.0,无,0.3,8.6,-5.6,0.67,0.27,687.5,689.5,685.5,2.6,,,无
2008-10-12,52645.0,青海,野牛沟,38.41666666666666,99.58333333333331,3320.0,2008,10,12,0.0,无,-0.2,8.1,-5.9,0.64,0.18,686.4,687.6,685.0,2.6,,,无
2008-10-13,52645.0,青海,野牛沟,38.41666666666666,99.58333333333331,3320.0,2008,10,13,0.1,normal,-0.4,8.2,-6.8,0.72,0.31,685.5,686.9,684.1,1.7,,-2.370374792116663,Snow
2008-10-14,52645.0,青海,野牛沟,38.41666666666666,99.58333333333331,3320.0,2008,10,14,0.0,无,2.6,11.2,-2.0,0.7,0.2,685.1,686.6,683.8,2.6,,,无
2008-10-15,52645.0,青海,野牛沟,38.41666666666666,99.58333333333331,3320.0,2008,10,15,0.0,无,1.1,12.2,-6.6,0.59,0.14,686.8,688.5,684.9,3.1,,,无
2008-10-16,52645.0,青海,野牛沟,38.41666666666666,99.58333333333331,3320.0,2008,10,16,0.0,无,2.6,12.7,-4.8,0.56,0.15,685.1,686.6,683.1,3.2,,,无
2008-10-17,52645.0,青海,野牛沟,38.41666666666666,99.58333333333331,3320.0,2008,10,17,4.0,normal,-0.1,4.9,-2.9,0.72,0.41,686.6,687.8,684.2,2.1,,-2.094375933632562,Snow
2008-10-18,52645.0,青海,野牛沟,38.41666666666666,99.58333333333331,3320.0,2008,10,18,0.0,无,-1.0,7.6,-4.6,0.69,0.27,687.2,689.3,685.3,2.0,,,无
2008-10-19,52645.0,青海,野牛沟,38.41666666666666,99.58333333333331,3320.0,2008,10,19,0.0,无,-1.0,9.5,-7.5,0.59,0.14,684.2,686.4,681.5,2.7,,,无
2008-10-20,52645.0,青海,野牛沟,38.41666666666666,99.58333333333331,3320.0,2008,10,20,0.0,无,-1.0,9.6,-8.3,0.58,0.16,681.9,683.2,680.0,2.6,,,无
2008-10-21,52645.0,青海,野牛沟,38.41666666666666,99.58333333333331,3320.0,2008,10,21,5.6,normal,-3.9,2.6,-6.0,0.83,0.4,681.4,683.1,679.2,0.8,,-4.913723830007943,Snow
2008-10-22,52645.0,青海,野牛沟,38.41666666666666,99.58333333333331,3320.0,2008,10,22,1.1,normal,-11.5,-4.6,-18.4,0.79,0.46,685.5,687.6,683.1,2.0,,-12.335079130129095,Snow
2008-10-23,52645.0,青海,野牛沟,38.41666666666666,99.58333333333331,3320.0,2008,10,23,0.0,无,-13.8,-2.7,-21.1,0.67,0.27,685.8,686.7,684.7,2.1,,,无
2008-10-24,52645.0,青海,野牛沟,38.41666666666666,99.58333333333331,3320.0,2008,10,24,0.0,无,-12.7,-3.1,-20.0,0.66,0.39,686.0,687.7,683.8,2.0,,,无
2008-10-25,52645.0,青海,野牛沟,38.41666666666666,99.58333333333331,3320.0,2008,10,25,0.0,无,-9.5,-1.2,-17.1,0.66,0.38,684.9,686.2,682.5,2.0,,,无
2008-10-26,52645.0,青海,野牛沟,38.41666666666666,99.58333333333331,3320.0,2008,10,26,0.0,无,-9.6,-1.6,-16.0,0.7,0.39,686.9,688.7,685.2,1.9,,,无
2008-10-27,52645.0,青海,野牛沟,38.41666666666666,99.58333333333331,3320.0,2008,10,27,0.0,无,-8.5,0.2,-16.2,0.63,0.34,684.1,687.3,681.0,1.9,,,无
2008-10-28,52645.0,青海,野牛沟,38.41666666666666,99.58333333333331,3320.0,2008,10,28,0.0,无,-2.1,7.1,-9.6,0.56,0.15,681.7,683.9,679.5,2.5,,,无
2008-10-29,52645.0,青海,野牛沟,38.41666666666666,99.58333333333331,3320.0,2008,10,29,0.0,无,-4.7,4.8,-12.0,0.59,0.23,682.0,683.6,680.2,2.1,,,无
2008-10-30,52645.0,青海,野牛沟,38.41666666666666,99.58333333333331,3320.0,2008,10,30,0.0,无,-5.5,4.2,-12.5,0.61,0.19,684.6,686.3,681.9,2.1,,,无
2008-10-31,52645.0,青海,野牛沟,38.41666666666666,99.58333333333331,3320.0,2008,10,31,0.0,无,-5.2,4.1,-12.0,0.62,0.26,684.9,686.0,682.9,2.4,,,无
2008-11-01,52645.0,青海,野牛沟,38.41666666666666,99.58333333333331,3320.0,2008,11,1,0.0,无,-6.4,3.6,-13.6,0.59,0.22,685.7,687.6,683.3,2.0,,,无
2008-11-02,52645.0,青海,野牛沟,38.41666666666666,99.58333333333331,3320.0,2008,11,2,0.0,无,-6.6,3.6,-13.3,0.57,0.18,683.7,685.3,682.0,2.4,,,无
2008-11-03,52645.0,青海,野牛沟,38.41666666666666,99.58333333333331,3320.0,2008,11,3,0.0,无,-7.2,3.2,-14.4,0.55,0.13,683.4,684.8,681.3,2.2,,,无
2008-11-04,52645.0,青海,野牛沟,38.41666666666666,99.58333333333331,3320.0,2008,11,4,0.0,无,-7.1,3.3,-14.5,0.56,0.13,684.3,685.8,682.7,2.0,,,无
2008-11-05,52645.0,青海,野牛沟,38.41666666666666,99.58333333333331,3320.0,2008,11,5,0.0,无,-6.6,2.6,-13.4,0.6,0.27,683.7,685.5,681.4,1.5,,,无
2008-11-06,52645.0,青海,野牛沟,38.41666666666666,99.58333333333331,3320.0,2008,11,6,0.7,normal,-5.7,3.4,-12.4,0.66,0.28,683.6,685.0,682.4,1.4,,-7.576003211442779,Snow
2008-11-07,52645.0,青海,野牛沟,38.41666666666666,99.58333333333331,3320.0,2008,11,7,0.0,无,-7.2,2.8,-14.2,0.63,0.29,683.0,684.6,681.9,1.4,,,无
2008-11-08,52645.0,青海,野牛沟,38.41666666666666,99.58333333333331,3320.0,2008,11,8,0.9,normal,-5.1,0.0,-8.0,0.79,0.5,683.9,685.4,682.2,1.0,,-6.2827162657099,Snow
2008-11-09,52645.0,青海,野牛沟,38.41666666666666,99.58333333333331,3320.0,2008,11,9,0.0,无,-8.1,2.9,-15.5,0.62,0.3,685.2,687.0,683.3,2.4,,,无
2008-11-10,52645.0,青海,野牛沟,38.41666666666666,99.58333333333331,3320.0,2008,11,10,0.0,无,-4.8,3.7,-12.5,0.63,0.38,682.4,685.1,679.7,2.1,,,无
2008-11-11,52645.0,青海,野牛沟,38.41666666666666,99.58333333333331,3320.0,2008,11,11,0.8,normal,-2.4,4.1,-6.8,0.78,0.44,681.4,683.9,678.2,1.6,,-3.8126841258725763,Snow
2008-11-12,52645.0,青海,野牛沟,38.41666666666666,99.58333333333331,3320.0,2008,11,12,0.0,无,-6.6,-0.3,-10.0,0.75,0.51,679.2,680.6,677.9,1.6,,,无
2008-11-13,52645.0,青海,野牛沟,38.41666666666666,99.58333333333331,3320.0,2008,11,13,0.0,无,-8.1,0.4,-14.5,0.69,0.32,679.9,681.2,677.2,1.4,,,无
2008-11-14,52645.0,青海,野牛沟,38.41666666666666,99.58333333333331,3320.0,2008,11,14,0.0,无,-8.1,0.4,-15.5,0.57,0.19,679.0,680.5,677.4,2.3,,,无
2008-11-15,52645.0,青海,野牛沟,38.41666666666666,99.58333333333331,3320.0,2008,11,15,0.0,无,-11.1,-0.6,-18.5,0.56,0.17,679.2,680.8,676.7,1.8,,,无
2008-11-16,52645.0,青海,野牛沟,38.41666666666666,99.58333333333331,3320.0,2008,11,16,0.0,无,-11.2,-2.8,-18.2,0.63,0.28,678.8,680.0,676.7,1.6,,,无
2008-11-17,52645.0,青海,野牛沟,38.41666666666666,99.58333333333331,3320.0,2008,11,17,0.0,无,-12.0,-2.7,-19.4,0.48,0.12,681.5,682.9,679.5,2.4,,,无
2008-11-18,52645.0,青海,野牛沟,38.41666666666666,99.58333333333331,3320.0,2008,11,18,0.0,无,-13.8,-3.2,-21.8,0.45,0.12,683.7,685.1,682.1,2.1,,,无
2008-11-19,52645.0,青海,野牛沟,38.41666666666666,99.58333333333331,3320.0,2008,11,19,0.0,无,-14.1,-1.7,-22.8,0.47,0.1,684.3,686.5,681.5,1.4,,,无
2008-11-20,52645.0,青海,野牛沟,38.41666666666666,99.58333333333331,3320.0,2008,11,20,0.0,无,-12.1,1.6,-20.7,0.49,0.15,680.7,683.0,678.2,1.9,,,无
2008-11-21,52645.0,青海,野牛沟,38.41666666666666,99.58333333333331,3320.0,2008,11,21,0.0,无,-11.0,-0.5,-19.3,0.48,0.17,680.0,681.0,678.1,1.5,,,无
2008-11-22,52645.0,青海,野牛沟,38.41666666666666,99.58333333333331,3320.0,2008,11,22,0.1,normal,-9.9,-5.1,-14.3,0.71,0.3,680.2,680.9,679.2,1.0,,-11.176468377717349,Snow
2008-11-23,52645.0,青海,野牛沟,38.41666666666666,99.58333333333331,3320.0,2008,11,23,0.0,无,-12.7,-2.6,-20.2,0.57,0.11,680.8,682.1,678.8,2.0,,,无
2008-11-24,52645.0,青海,野牛沟,38.41666666666666,99.58333333333331,3320.0,2008,11,24,0.0,无,-13.6,-3.4,-21.2,0.42,0.11,683.7,685.4,681.3,2.0,,,无
2008-11-25,52645.0,青海,野牛沟,38.41666666666666,99.58333333333331,3320.0,2008,11,25,0.0,无,-12.8,-3.4,-21.2,0.49,0.16,683.3,685.4,680.6,2.1,,,无
2008-11-26,52645.0,青海,野牛沟,38.41666666666666,99.58333333333331,3320.0,2008,11,26,0.0,无,-8.8,-1.0,-13.4,0.31,0.13,686.9,689.5,682.4,3.7,,,无
2008-11-27,52645.0,青海,野牛沟,38.41666666666666,99.58333333333331,3320.0,2008,11,27,0.0,无,-12.2,-1.0,-22.2,0.44,0.11,685.6,690.1,682.1,1.8,,,无
2008-11-28,52645.0,青海,野牛沟,38.41666666666666,99.58333333333331,3320.0,2008,11,28,0.0,无,-11.0,-1.4,-19.4,0.52,0.2,685.9,687.2,683.4,1.4,,,无
2008-11-29,52645.0,青海,野牛沟,38.41666666666666,99.58333333333331,3320.0,2008,11,29,0.0,无,-13.7,-2.8,-21.7,0.52,0.21,686.4,688.2,684.3,1.6,,,无
2008-11-30,52645.0,青海,野牛沟,38.41666666666666,99.58333333333331,3320.0,2008,11,30,0.0,无,-12.0,-0.2,-20.8,0.51,0.17,683.8,685.6,681.0,2.2,,,无
2008-12-01,52645.0,青海,野牛沟,38.41666666666666,99.58333333333331,3320.0,2008,12,1,0.0,无,-10.8,-1.2,-20.2,0.52,0.17,681.1,684.5,677.4,1.7,,,无
2008-12-02,52645.0,青海,野牛沟,38.41666666666666,99.58333333333331,3320.0,2008,12,2,0.0,无,-9.8,-0.9,-20.1,0.47,0.14,674.9,678.0,671.5,2.1,,,无
2008-12-03,52645.0,青海,野牛沟,38.41666666666666,99.58333333333331,3320.0,2008,12,3,0.0,无,-11.9,-2.8,-16.7,0.45,0.13,676.1,680.0,672.5,2.7,,,无
2008-12-04,52645.0,青海,野牛沟,38.41666666666666,99.58333333333331,3320.0,2008,12,4,0.0,无,-14.3,-6.3,-20.2,0.24,0.08,683.2,685.3,679.9,2.5,,,无
2008-12-05,52645.0,青海,野牛沟,38.41666666666666,99.58333333333331,3320.0,2008,12,5,0.0,无,-16.4,-3.0,-25.1,0.41,0.09,683.0,684.4,681.2,1.7,,,无
2008-12-06,52645.0,青海,野牛沟,38.41666666666666,99.58333333333331,3320.0,2008,12,6,0.0,无,-14.4,-4.1,-21.2,0.51,0.2,680.4,683.0,678.4,1.6,,,无
2008-12-07,52645.0,青海,野牛沟,38.41666666666666,99.58333333333331,3320.0,2008,12,7,0.0,无,-11.5,-5.9,-15.5,0.5,0.19,681.8,684.4,679.7,1.8,,,无
2008-12-08,52645.0,青海,野牛沟,38.41666666666666,99.58333333333331,3320.0,2008,12,8,0.0,无,-11.8,1.2,-19.2,0.45,0.13,680.0,684.7,676.3,2.5,,,无
2008-12-09,52645.0,青海,野牛沟,38.41666666666666,99.58333333333331,3320.0,2008,12,9,0.0,无,-13.5,-0.6,-21.6,0.42,0.1,677.3,678.6,675.4,3.5,,,无
2008-12-10,52645.0,青海,野牛沟,38.41666666666666,99.58333333333331,3320.0,2008,12,10,0.0,无,-13.0,0.2,-20.8,0.38,0.13,682.6,685.2,677.3,1.9,,,无
2008-12-11,52645.0,青海,野牛沟,38.41666666666666,99.58333333333331,3320.0,2008,12,11,0.0,无,-14.1,-3.1,-23.5,0.42,0.13,678.7,683.2,675.3,1.3,,,无
2008-12-12,52645.0,青海,野牛沟,38.41666666666666,99.58333333333331,3320.0,2008,12,12,1.1,normal,-12.2,-5.4,-19.1,0.56,0.24,679.3,682.0,677.2,1.2,,-13.904111942443883,Snow
2008-12-13,52645.0,青海,野牛沟,38.41666666666666,99.58333333333331,3320.0,2008,12,13,0.3,normal,-16.1,-10.4,-20.0,0.77,0.63,683.2,684.4,681.9,0.7,,-16.788033850174756,Snow
2008-12-14,52645.0,青海,野牛沟,38.41666666666666,99.58333333333331,3320.0,2008,12,14,0.0,无,-20.6,-9.6,-27.2,0.67,0.43,681.8,684.3,679.0,1.1,,,无
2008-12-15,52645.0,青海,野牛沟,38.41666666666666,99.58333333333331,3320.0,2008,12,15,0.0,无,-18.6,-5.1,-26.0,0.62,0.31,679.8,681.2,677.9,1.2,,,无
2008-12-16,52645.0,青海,野牛沟,38.41666666666666,99.58333333333331,3320.0,2008,12,16,0.0,无,-14.7,-1.4,-24.5,0.49,0.13,679.5,680.8,677.9,1.7,,,无
2008-12-17,52645.0,青海,野牛沟,38.41666666666666,99.58333333333331,3320.0,2008,12,17,0.0,无,-13.3,0.3,-22.0,0.49,0.17,681.7,683.5,680.4,1.4,,,无
2008-12-18,52645.0,青海,野牛沟,38.41666666666666,99.58333333333331,3320.0,2008,12,18,0.0,无,-13.4,0.2,-22.3,0.48,0.19,682.0,683.5,679.9,1.7,,,无
2008-12-19,52645.0,青海,野牛沟,38.41666666666666,99.58333333333331,3320.0,2008,12,19,0.0,无,-9.2,3.5,-19.4,0.47,0.11,678.9,681.6,676.0,2.1,,,无
2008-12-20,52645.0,青海,野牛沟,38.41666666666666,99.58333333333331,3320.0,2008,12,20,0.0,无,-10.4,-1.2,-17.0,0.43,0.11,677.4,678.6,676.0,2.9,,,无
2008-12-21,52645.0,青海,野牛沟,38.41666666666666,99.58333333333331,3320.0,2008,12,21,0.0,无,-14.1,-5.2,-22.7,0.48,0.24,679.3,680.7,677.2,1.2,,,无
2008-12-22,52645.0,青海,野牛沟,38.41666666666666,99.58333333333331,3320.0,2008,12,22,0.0,无,-12.0,-4.8,-17.2,0.51,0.31,678.6,679.9,677.0,1.4,,,无
2008-12-23,52645.0,青海,野牛沟,38.41666666666666,99.58333333333331,3320.0,2008,12,23,0.0,无,-13.3,-1.9,-21.9,0.5,0.15,677.9,679.9,675.7,1.3,,,无
2008-12-24,52645.0,青海,野牛沟,38.41666666666666,99.58333333333331,3320.0,2008,12,24,0.0,无,-13.1,-3.7,-18.8,0.5,0.21,677.7,679.3,675.9,1.3,,,无
2008-12-25,52645.0,青海,野牛沟,38.41666666666666,99.58333333333331,3320.0,2008,12,25,0.0,无,-10.6,-0.9,-17.4,0.45,0.12,677.3,679.4,674.9,1.6,,,无
2008-12-26,52645.0,青海,野牛沟,38.41666666666666,99.58333333333331,3320.0,2008,12,26,0.0,无,-3.1,2.4,-8.3,0.19,0.11,672.9,676.2,671.1,3.4,,,无
2008-12-27,52645.0,青海,野牛沟,38.41666666666666,99.58333333333331,3320.0,2008,12,27,0.0,无,-5.7,-0.6,-9.5,0.3,0.13,673.0,674.2,671.8,2.4,,,无
2008-12-28,52645.0,青海,野牛沟,38.41666666666666,99.58333333333331,3320.0,2008,12,28,0.0,无,-11.5,-3.5,-19.6,0.27,0.12,675.0,676.8,673.1,2.4,,,无
2008-12-29,52645.0,青海,野牛沟,38.41666666666666,99.58333333333331,3320.0,2008,12,29,0.0,无,-16.5,-5.2,-24.0,0.47,0.14,677.6,679.2,675.8,1.6,,,无
2008-12-30,52645.0,青海,野牛沟,38.41666666666666,99.58333333333331,3320.0,2008,12,30,0.0,无,-17.0,-4.8,-25.0,0.45,0.12,680.2,681.7,678.7,1.5,,,无
2008-12-31,52645.0,青海,野牛沟,38.41666666666666,99.58333333333331,3320.0,2008,12,31,0.0,无,-17.6,-4.2,-26.2,0.4,0.1,680.5,682.3,677.9,1.1,,,无
2009-01-01,52645.0,青海,野牛沟,38.41666666666666,99.58333333333331,3320.0,2009,1,1,0.0,无,-16.3,-7.0,-23.4,0.39,0.16,680.1,681.3,677.8,1.1,,,无
2009-01-02,52645.0,青海,野牛沟,38.41666666666666,99.58333333333331,3320.0,2009,1,2,0.2,normal,-16.2,-8.0,-23.9,0.61,0.29,677.8,680.2,675.4,0.8,,-17.370661924744574,Snow
2009-01-03,52645.0,青海,野牛沟,38.41666666666666,99.58333333333331,3320.0,2009,1,3,0.3,normal,-17.2,-8.2,-23.2,0.74,0.47,674.3,676.9,672.5,1.1,,-17.930411291743603,Snow
2009-01-04,52645.0,青海,野牛沟,38.41666666666666,99.58333333333331,3320.0,2009,1,4,0.0,无,-19.8,-5.0,-28.2,0.56,0.13,673.8,675.4,672.0,1.0,,,无
2009-01-05,52645.0,青海,野牛沟,38.41666666666666,99.58333333333331,3320.0,2009,1,5,0.0,无,-19.1,-7.4,-27.8,0.47,0.13,676.6,678.7,673.2,1.4,,,无
2009-01-06,52645.0,青海,野牛沟,38.41666666666666,99.58333333333331,3320.0,2009,1,6,0.6,normal,-13.3,-6.6,-17.3,0.59,0.32,676.9,678.2,675.1,1.2,,-14.786118191937042,Snow
2009-01-07,52645.0,青海,野牛沟,38.41666666666666,99.58333333333331,3320.0,2009,1,7,0.9,normal,-17.9,-8.1,-25.2,0.69,0.37,679.1,680.8,677.6,1.3,,-18.726439038556705,Snow
2009-01-08,52645.0,青海,野牛沟,38.41666666666666,99.58333333333331,3320.0,2009,1,8,0.0,无,-20.7,-5.7,-28.8,0.56,0.14,684.5,686.6,679.7,0.9,,,无
2009-01-09,52645.0,青海,野牛沟,38.41666666666666,99.58333333333331,3320.0,2009,1,9,0.0,无,-21.3,-6.6,-30.1,0.48,0.16,684.3,686.6,681.3,1.3,,,无
2009-01-10,52645.0,青海,野牛沟,38.41666666666666,99.58333333333331,3320.0,2009,1,10,0.0,无,-19.6,-2.7,-27.8,0.47,0.14,680.9,683.4,678.5,1.2,,,无
2009-01-11,52645.0,青海,野牛沟,38.41666666666666,99.58333333333331,3320.0,2009,1,11,0.0,无,-17.7,-3.6,-26.9,0.43,0.11,680.1,682.7,678.2,1.8,,,无
2009-01-12,52645.0,青海,野牛沟,38.41666666666666,99.58333333333331,3320.0,2009,1,12,0.0,无,-19.7,-4.2,-29.5,0.41,0.11,683.7,685.5,681.8,1.0,,,无
2009-01-13,52645.0,青海,野牛沟,38.41666666666666,99.58333333333331,3320.0,2009,1,13,0.0,无,-17.2,-3.9,-26.2,0.39,0.11,683.4,684.7,682.0,1.8,,,无
2009-01-14,52645.0,青海,野牛沟,38.41666666666666,99.58333333333331,3320.0,2009,1,14,0.0,无,-17.1,-3.0,-26.1,0.4,0.1,683.3,685.6,680.2,1.5,,,无
2009-01-15,52645.0,青海,野牛沟,38.41666666666666,99.58333333333331,3320.0,2009,1,15,0.0,无,-13.9,-0.3,-23.1,0.33,0.1,680.3,682.3,677.9,2.0,,,无
2009-01-16,52645.0,青海,野牛沟,38.41666666666666,99.58333333333331,3320.0,2009,1,16,0.0,无,-13.1,-1.1,-21.4,0.42,0.14,679.3,681.2,676.6,1.9,,,无
2009-01-17,52645.0,青海,野牛沟,38.41666666666666,99.58333333333331,3320.0,2009,1,17,0.0,无,-13.1,-1.3,-22.2,0.44,0.11,677.5,679.1,674.8,2.8,,,无
2009-01-18,52645.0,青海,野牛沟,38.41666666666666,99.58333333333331,3320.0,2009,1,18,0.0,无,-12.6,-1.1,-22.2,0.4,0.13,677.6,679.4,675.0,1.4,,,无
2009-01-19,52645.0,青海,野牛沟,38.41666666666666,99.58333333333331,3320.0,2009,1,19,0.0,无,-10.5,-0.2,-19.4,0.42,0.19,674.4,675.8,671.5,1.8,,,无
2009-01-20,52645.0,青海,野牛沟,38.41666666666666,99.58333333333331,3320.0,2009,1,20,0.2,normal,-10.8,-4.6,-14.5,0.43,0.11,679.3,681.4,675.6,1.6,,-13.214192441472562,Snow
2009-01-21,52645.0,青海,野牛沟,38.41666666666666,99.58333333333331,3320.0,2009,1,21,0.0,无,-10.5,-1.3,-20.5,0.26,0.12,675.0,680.5,670.9,2.7,,,无
2009-01-22,52645.0,青海,野牛沟,38.41666666666666,99.58333333333331,3320.0,2009,1,22,0.0,无,-12.3,-4.4,-17.3,0.34,0.13,673.5,676.8,670.7,3.1,,,无
2009-01-23,52645.0,青海,野牛沟,38.41666666666666,99.58333333333331,3320.0,2009,1,23,0.0,无,-15.3,-6.0,-23.1,0.51,0.19,678.5,679.8,676.5,2.2,,,无
2009-01-24,52645.0,青海,野牛沟,38.41666666666666,99.58333333333331,3320.0,2009,1,24,0.0,无,-14.1,-2.3,-22.3,0.56,0.17,677.1,680.3,673.8,2.0,,,无
2009-01-25,52645.0,青海,野牛沟,38.41666666666666,99.58333333333331,3320.0,2009,1,25,0.0,无,-15.3,-8.9,-19.6,0.71,0.35,675.9,678.6,674.4,0.8,,,无
2009-01-26,52645.0,青海,野牛沟,38.41666666666666,99.58333333333331,3320.0,2009,1,26,0.0,无,-18.4,-4.8,-27.3,0.45,0.13,677.4,679.4,674.6,1.5,,,无
2009-01-27,52645.0,青海,野牛沟,38.41666666666666,99.58333333333331,3320.0,2009,1,27,0.0,无,-15.3,-1.9,-25.5,0.34,0.11,674.5,677.4,671.1,1.8,,,无
2009-01-28,52645.0,青海,野牛沟,38.41666666666666,99.58333333333331,3320.0,2009,1,28,0.0,无,-13.2,1.6,-23.5,0.37,0.12,675.9,678.0,672.7,1.5,,,无
2009-01-29,52645.0,青海,野牛沟,38.41666666666666,99.58333333333331,3320.0,2009,1,29,0.0,无,-11.6,2.2,-21.3,0.42,0.13,677.3,679.0,675.7,2.3,,,无
2009-01-30,52645.0,青海,野牛沟,38.41666666666666,99.58333333333331,3320.0,2009,1,30,0.0,无,-10.6,3.4,-21.3,0.44,0.08,676.8,678.6,674.4,2.6,,,无
2009-01-31,52645.0,青海,野牛沟,38.41666666666666,99.58333333333331,3320.0,2009,1,31,0.0,无,-11.2,-0.3,-20.7,0.42,0.2,677.4,678.6,674.8,1.7,,,无
2009-02-01,52645.0,青海,野牛沟,38.41666666666666,99.58333333333331,3320.0,2009,2,1,0.3,normal,-11.3,-1.9,-17.9,0.66,0.31,678.2,679.6,675.7,1.0,,-12.685877081117912,Snow
2009-02-02,52645.0,青海,野牛沟,38.41666666666666,99.58333333333331,3320.0,2009,2,2,1.1,normal,-15.0,-6.7,-21.7,0.78,0.58,678.9,680.3,677.8,0.9,,-15.710264412414222,Snow
2009-02-03,52645.0,青海,野牛沟,38.41666666666666,99.58333333333331,3320.0,2009,2,3,0.0,无,-15.8,0.3,-25.4,0.62,0.13,676.6,679.6,673.6,1.5,,,无
2009-02-04,52645.0,青海,野牛沟,38.41666666666666,99.58333333333331,3320.0,2009,2,4,0.0,无,-13.0,0.9,-21.6,0.52,0.23,676.7,677.8,675.0,2.0,,,无
2009-02-05,52645.0,青海,野牛沟,38.41666666666666,99.58333333333331,3320.0,2009,2,5,0.0,无,-10.2,1.2,-21.9,0.48,0.16,679.5,681.4,677.4,1.7,,,无
2009-02-06,52645.0,青海,野牛沟,38.41666666666666,99.58333333333331,3320.0,2009,2,6,0.0,无,-6.3,5.2,-16.9,0.38,0.13,676.8,679.1,674.6,1.9,,,无
2009-02-07,52645.0,青海,野牛沟,38.41666666666666,99.58333333333331,3320.0,2009,2,7,0.0,无,-8.2,0.0,-13.5,0.52,0.27,676.9,678.4,674.5,1.8,,,无
2009-02-08,52645.0,青海,野牛沟,38.41666666666666,99.58333333333331,3320.0,2009,2,8,0.0,无,-10.9,-0.3,-19.3,0.46,0.11,680.7,681.7,678.4,2.8,,,无
2009-02-09,52645.0,青海,野牛沟,38.41666666666666,99.58333333333331,3320.0,2009,2,9,0.0,无,-11.6,3.2,-22.5,0.35,0.08,681.4,683.2,678.9,2.6,,,无
2009-02-10,52645.0,青海,野牛沟,38.41666666666666,99.58333333333331,3320.0,2009,2,10,0.0,无,-9.6,5.5,-21.3,0.36,0.11,677.3,681.3,673.5,2.2,,,无
2009-02-11,52645.0,青海,野牛沟,38.41666666666666,99.58333333333331,3320.0,2009,2,11,0.0,无,-2.1,10.8,-14.3,0.34,0.06,670.1,675.4,665.6,4.1,,,无
2009-02-12,52645.0,青海,野牛沟,38.41666666666666,99.58333333333331,3320.0,2009,2,12,0.0,无,-2.7,5.9,-8.6,0.32,0.09,665.0,667.1,661.5,3.5,,,无
2009-02-13,52645.0,青海,野牛沟,38.41666666666666,99.58333333333331,3320.0,2009,2,13,0.0,无,-9.6,-2.6,-17.1,0.29,0.11,669.0,671.7,666.8,3.5,,,无
2009-02-14,52645.0,青海,野牛沟,38.41666666666666,99.58333333333331,3320.0,2009,2,14,0.0,无,-10.5,1.3,-20.2,0.29,0.07,673.5,675.7,670.8,3.6,,,无
2009-02-15,52645.0,青海,野牛沟,38.41666666666666,99.58333333333331,3320.0,2009,2,15,0.0,无,-10.3,2.0,-18.1,0.26,0.07,675.2,677.1,672.9,2.0,,,无
2009-02-16,52645.0,青海,野牛沟,38.41666666666666,99.58333333333331,3320.0,2009,2,16,0.0,无,-11.1,0.8,-20.1,0.37,0.13,675.3,677.0,673.4,2.5,,,无
2009-02-17,52645.0,青海,野牛沟,38.41666666666666,99.58333333333331,3320.0,2009,2,17,0.0,无,-8.1,4.2,-19.4,0.33,0.07,675.0,677.3,672.3,2.9,,,无
2009-02-18,52645.0,青海,野牛沟,38.41666666666666,99.58333333333331,3320.0,2009,2,18,0.0,无,-6.5,-0.1,-13.9,0.23,0.1,672.7,674.3,671.0,3.0,,,无
2009-02-19,52645.0,青海,野牛沟,38.41666666666666,99.58333333333331,3320.0,2009,2,19,0.0,无,-13.6,-4.2,-21.8,0.24,0.06,676.2,677.8,673.2,3.5,,,无
2009-02-20,52645.0,青海,野牛沟,38.41666666666666,99.58333333333331,3320.0,2009,2,20,0.0,无,-13.2,1.6,-25.3,0.27,0.1,673.2,677.4,668.7,3.3,,,无
2009-02-21,52645.0,青海,野牛沟,38.41666666666666,99.58333333333331,3320.0,2009,2,21,0.0,无,-11.9,-4.9,-15.9,0.52,0.17,670.9,672.1,669.5,1.2,,,无
2009-02-22,52645.0,青海,野牛沟,38.41666666666666,99.58333333333331,3320.0,2009,2,22,0.0,无,-10.0,-2.7,-17.4,0.52,0.1,670.5,673.1,667.7,2.3,,,无
2009-02-23,52645.0,青海,野牛沟,38.41666666666666,99.58333333333331,3320.0,2009,2,23,0.0,无,-7.2,-1.6,-11.0,0.22,0.1,667.3,670.3,666.0,3.4,,,无
2009-02-24,52645.0,青海,野牛沟,38.41666666666666,99.58333333333331,3320.0,2009,2,24,0.0,无,-9.6,2.1,-19.7,0.33,0.1,669.1,670.4,667.2,2.9,,,无
2009-02-25,52645.0,青海,野牛沟,38.41666666666666,99.58333333333331,3320.0,2009,2,25,0.0,无,-11.1,-2.6,-19.3,0.53,0.26,674.1,676.2,669.9,1.6,,,无
2009-02-26,52645.0,青海,野牛沟,38.41666666666666,99.58333333333331,3320.0,2009,2,26,0.1,normal,-8.5,-1.3,-13.5,0.5,0.2,674.7,675.9,672.2,2.5,,-10.920357537437408,Snow
2009-02-27,52645.0,青海,野牛沟,38.41666666666666,99.58333333333331,3320.0,2009,2,27,0.1,normal,-10.4,-3.1,-18.1,0.64,0.28,675.8,677.3,674.0,1.6,,-11.951833174572059,Snow
2009-02-28,52645.0,青海,野牛沟,38.41666666666666,99.58333333333331,3320.0,2009,2,28,0.3,normal,-11.4,-4.0,-19.3,0.58,0.22,678.1,679.7,675.8,1.7,,-13.107727135231247,Snow
2009-03-01,52645.0,青海,野牛沟,38.41666666666666,99.58333333333331,3320.0,2009,3,1,0.2,normal,-9.9,-3.9,-12.9,0.7,0.33,677.1,679.4,674.9,1.5,,-11.225239780634912,Snow
2009-03-02,52645.0,青海,野牛沟,38.41666666666666,99.58333333333331,3320.0,2009,3,2,0.1,normal,-12.9,-6.4,-20.8,0.61,0.24,674.3,675.9,672.8,1.5,,-14.352161762256465,Snow
2009-03-03,52645.0,青海,野牛沟,38.41666666666666,99.58333333333331,3320.0,2009,3,3,0.0,无,-11.8,-0.9,-20.6,0.44,0.09,672.7,676.0,668.8,2.5,,,无
2009-03-04,52645.0,青海,野牛沟,38.41666666666666,99.58333333333331,3320.0,2009,3,4,0.3,normal,-8.6,-1.5,-13.8,0.3,0.08,671.6,674.7,667.5,3.6,,-12.017490345952254,Snow
2009-03-05,52645.0,青海,野牛沟,38.41666666666666,99.58333333333331,3320.0,2009,3,5,0.0,无,-10.0,0.0,-19.2,0.32,0.1,675.5,677.0,673.7,2.7,,,无
2009-03-06,52645.0,青海,野牛沟,38.41666666666666,99.58333333333331,3320.0,2009,3,6,0.0,无,-6.8,1.3,-14.3,0.46,0.2,676.0,678.1,674.1,2.2,,,无
2009-03-07,52645.0,青海,野牛沟,38.41666666666666,99.58333333333331,3320.0,2009,3,7,0.0,无,-6.8,0.4,-13.1,0.54,0.09,675.2,677.1,673.0,3.0,,,无
2009-03-08,52645.0,青海,野牛沟,38.41666666666666,99.58333333333331,3320.0,2009,3,8,0.0,无,-9.4,4.5,-19.9,0.38,0.05,676.7,679.3,673.9,2.3,,,无
2009-03-09,52645.0,青海,野牛沟,38.41666666666666,99.58333333333331,3320.0,2009,3,9,0.0,无,-8.2,2.0,-17.9,0.31,0.12,675.3,676.8,673.5,2.2,,,无
2009-03-10,52645.0,青海,野牛沟,38.41666666666666,99.58333333333331,3320.0,2009,3,10,0.0,无,-5.0,1.8,-10.2,0.46,0.26,674.1,676.2,671.7,2.4,,,无
2009-03-11,52645.0,青海,野牛沟,38.41666666666666,99.58333333333331,3320.0,2009,3,11,1.1,normal,-7.9,-3.1,-10.6,0.6,0.34,674.7,675.9,672.9,2.1,,-9.889876361976636,Snow
2009-03-12,52645.0,青海,野牛沟,38.41666666666666,99.58333333333331,3320.0,2009,3,12,0.2,normal,-14.3,-9.6,-16.2,0.64,0.23,677.8,682.1,675.2,1.2,,-15.522025867724963,Snow
2009-03-13,52645.0,青海,野牛沟,38.41666666666666,99.58333333333331,3320.0,2009,3,13,0.5,normal,-13.6,3.5,-25.6,0.49,0.14,683.0,685.3,679.3,2.4,,-15.408120253806064,Snow
2009-03-14,52645.0,青海,野牛沟,38.41666666666666,99.58333333333331,3320.0,2009,3,14,0.0,无,-6.8,5.9,-17.1,0.38,0.07,680.0,681.7,677.4,5.1,,,无
2009-03-15,52645.0,青海,野牛沟,38.41666666666666,99.58333333333331,3320.0,2009,3,15,0.0,无,-6.9,5.8,-17.6,0.34,0.07,679.1,681.0,675.9,4.8,,,无
2009-03-16,52645.0,青海,野牛沟,38.41666666666666,99.58333333333331,3320.0,2009,3,16,0.0,无,-5.3,6.8,-16.8,0.3,0.08,679.0,680.8,676.5,3.2,,,无
2009-03-17,52645.0,青海,野牛沟,38.41666666666666,99.58333333333331,3320.0,2009,3,17,0.0,无,-3.8,11.1,-16.0,0.3,0.08,676.9,679.0,673.3,4.4,,,无
2009-03-18,52645.0,青海,野牛沟,38.41666666666666,99.58333333333331,3320.0,2009,3,18,0.0,无,-2.2,9.1,-11.4,0.33,0.08,678.9,680.2,674.6,4.2,,,无
2009-03-19,52645.0,青海,野牛沟,38.41666666666666,99.58333333333331,3320.0,2009,3,19,0.0,无,-2.6,12.0,-14.6,0.38,0.04,679.0,682.3,674.8,4.0,,,无
2009-03-20,52645.0,青海,野牛沟,38.41666666666666,99.58333333333331,3320.0,2009,3,20,0.0,无,-0.8,10.0,-8.2,0.34,0.11,674.2,675.7,671.6,3.3,,,无
2009-03-21,52645.0,青海,野牛沟,38.41666666666666,99.58333333333331,3320.0,2009,3,21,3.1,normal,-3.0,5.9,-7.3,0.74,0.16,676.8,678.2,674.2,2.5,,-4.636133166887153,Snow
2009-03-22,52645.0,青海,野牛沟,38.41666666666666,99.58333333333331,3320.0,2009,3,22,0.5,normal,-4.3,0.6,-5.2,0.74,0.42,678.0,680.3,675.5,1.3,,-5.836550010606003,Snow
2009-03-23,52645.0,青海,野牛沟,38.41666666666666,99.58333333333331,3320.0,2009,3,23,0.0,无,-6.3,4.7,-16.7,0.53,0.13,680.6,682.5,677.9,3.0,,,无
2009-03-24,52645.0,青海,野牛沟,38.41666666666666,99.58333333333331,3320.0,2009,3,24,0.0,无,-4.1,8.0,-13.7,0.42,0.1,681.3,683.3,678.5,4.7,,,无
2009-03-25,52645.0,青海,野牛沟,38.41666666666666,99.58333333333331,3320.0,2009,3,25,0.0,无,-1.6,11.1,-12.3,0.4,0.08,679.0,682.0,675.3,4.8,,,无
2009-03-26,52645.0,青海,野牛沟,38.41666666666666,99.58333333333331,3320.0,2009,3,26,0.0,无,-3.2,8.1,-11.1,0.46,0.16,676.6,677.8,672.4,4.5,,,无
2009-03-27,52645.0,青海,野牛沟,38.41666666666666,99.58333333333331,3320.0,2009,3,27,2.3,normal,-4.8,1.2,-8.5,0.66,0.42,679.3,680.3,677.6,2.2,,-6.770622767915762,Snow
2009-03-28,52645.0,青海,野牛沟,38.41666666666666,99.58333333333331,3320.0,2009,3,28,1.5,normal,-4.8,3.7,-11.2,0.74,0.16,680.7,681.4,678.7,3.5,,-6.295934366346407,Snow
2009-03-29,52645.0,青海,野牛沟,38.41666666666666,99.58333333333331,3320.0,2009,3,29,0.0,无,-5.1,3.5,-11.1,0.52,0.14,681.4,682.7,679.3,3.4,,,无
2009-03-30,52645.0,青海,野牛沟,38.41666666666666,99.58333333333331,3320.0,2009,3,30,0.0,无,-4.4,4.2,-11.6,0.41,0.09,680.4,681.8,677.9,3.7,,,无
2009-03-31,52645.0,青海,野牛沟,38.41666666666666,99.58333333333331,3320.0,2009,3,31,0.0,无,-4.9,4.7,-12.3,0.38,0.12,681.5,683.5,679.0,3.5,,,无
2009-04-01,52645.0,青海,野牛沟,38.41666666666666,99.58333333333331,3320.0,2009,4,1,0.7,normal,-5.3,3.0,-11.6,0.64,0.21,678.9,682.1,675.3,2.3,,-7.338728737744122,Snow
2009-04-02,52645.0,青海,野牛沟,38.41666666666666,99.58333333333331,3320.0,2009,4,2,5.5,normal,-4.9,0.6,-10.2,0.69,0.29,676.1,677.2,674.7,1.1,,-6.688917098956906,Snow
2009-04-03,52645.0,青海,野牛沟,38.41666666666666,99.58333333333331,3320.0,2009,4,3,0.0,无,-5.4,2.3,-12.3,0.55,0.22,678.5,679.6,676.7,4.0,,,无
2009-04-04,52645.0,青海,野牛沟,38.41666666666666,99.58333333333331,3320.0,2009,4,4,0.0,无,-3.2,4.8,-8.8,0.44,0.13,683.2,684.9,679.5,3.9,,,无
2009-04-05,52645.0,青海,野牛沟,38.41666666666666,99.58333333333331,3320.0,2009,4,5,0.0,无,-3.5,7.9,-9.8,0.66,0.2,684.3,685.9,680.9,3.5,,,无
2009-04-06,52645.0,青海,野牛沟,38.41666666666666,99.58333333333331,3320.0,2009,4,6,1.5,normal,-0.3,9.1,-5.8,0.63,0.13,680.1,684.0,677.2,3.5,,-2.951592465608708,Snow
2009-04-07,52645.0,青海,野牛沟,38.41666666666666,99.58333333333331,3320.0,2009,4,7,0.0,无,2.0,15.3,-8.4,0.46,0.11,676.2,678.6,672.5,5.8,,,无
2009-04-08,52645.0,青海,野牛沟,38.41666666666666,99.58333333333331,3320.0,2009,4,8,0.0,无,2.1,9.7,-3.7,0.6,0.18,676.1,676.5,673.1,3.1,,,无
2009-04-09,52645.0,青海,野牛沟,38.41666666666666,99.58333333333331,3320.0,2009,4,9,0.1,normal,1.4,9.9,-4.6,0.67,0.27,677.3,677.9,675.6,3.4,,-1.136492547910204,Snow
2009-04-10,52645.0,青海,野牛沟,38.41666666666666,99.58333333333331,3320.0,2009,4,10,0.0,无,1.5,13.3,-8.4,0.48,0.07,680.1,681.9,677.9,5.1,,,无
2009-04-11,52645.0,青海,野牛沟,38.41666666666666,99.58333333333331,3320.0,2009,4,11,0.0,无,2.7,11.1,-4.8,0.45,0.15,682.0,683.3,679.4,5.4,,,无
2009-04-12,52645.0,青海,野牛沟,38.41666666666666,99.58333333333331,3320.0,2009,4,12,0.0,无,3.6,12.8,-3.6,0.5,0.15,682.6,684.1,680.3,5.2,,,无
2009-04-13,52645.0,青海,野牛沟,38.41666666666666,99.58333333333331,3320.0,2009,4,13,0.0,无,3.0,14.8,-6.3,0.49,0.1,680.2,682.3,677.1,5.7,,,无
2009-04-14,52645.0,青海,野牛沟,38.41666666666666,99.58333333333331,3320.0,2009,4,14,0.0,无,3.0,11.5,-1.1,0.49,0.18,680.2,681.3,678.6,4.6,,,无
2009-04-15,52645.0,青海,野牛沟,38.41666666666666,99.58333333333331,3320.0,2009,4,15,0.0,无,4.2,15.8,-4.9,0.49,0.13,679.5,682.1,675.8,5.2,,,无
2009-04-16,52645.0,青海,野牛沟,38.41666666666666,99.58333333333331,3320.0,2009,4,16,0.0,无,7.5,18.2,-2.9,0.39,0.12,673.7,676.5,670.7,6.1,,,无
2009-04-17,52645.0,青海,野牛沟,38.41666666666666,99.58333333333331,3320.0,2009,4,17,0.2,normal,3.6,13.4,-1.5,0.7,0.25,676.7,678.8,672.6,6.2,,1.0915140480363528,Snow
2009-04-18,52645.0,青海,野牛沟,38.41666666666666,99.58333333333331,3320.0,2009,4,18,1.3,normal,2.5,8.3,-1.5,0.65,0.18,679.9,681.0,678.7,4.2,,-0.31506284347333935,Snow
2009-04-19,52645.0,青海,野牛沟,38.41666666666666,99.58333333333331,3320.0,2009,4,19,0.0,无,2.2,9.3,-3.5,0.59,0.17,682.1,683.2,679.7,6.2,,,无
2009-04-20,52645.0,青海,野牛沟,38.41666666666666,99.58333333333331,3320.0,2009,4,20,0.0,无,1.3,10.0,-6.5,0.44,0.11,680.3,683.4,676.0,5.8,,,无
2009-04-21,52645.0,青海,野牛沟,38.41666666666666,99.58333333333331,3320.0,2009,4,21,0.0,无,1.5,13.0,-7.3,0.42,0.1,675.7,678.2,672.0,5.9,,,无
2009-04-22,52645.0,青海,野牛沟,38.41666666666666,99.58333333333331,3320.0,2009,4,22,0.1,normal,3.9,11.7,-3.8,0.42,0.13,676.9,677.8,674.2,7.2,,-1.205071319616251,Snow
2009-04-23,52645.0,青海,野牛沟,38.41666666666666,99.58333333333331,3320.0,2009,4,23,0.0,无,1.1,10.0,-5.7,0.38,0.08,679.8,680.4,677.5,5.4,,,无
2009-04-24,52645.0,青海,野牛沟,38.41666666666666,99.58333333333331,3320.0,2009,4,24,0.0,无,2.5,11.6,-4.4,0.35,0.09,682.8,684.0,680.4,4.2,,,无
2009-04-25,52645.0,青海,野牛沟,38.41666666666666,99.58333333333331,3320.0,2009,4,25,0.0,无,3.1,10.8,-3.4,0.51,0.16,683.7,684.9,682.0,5.7,,,无
2009-04-26,52645.0,青海,野牛沟,38.41666666666666,99.58333333333331,3320.0,2009,4,26,0.0,无,1.7,11.9,-7.8,0.34,0.11,683.0,685.4,678.8,5.6,,,无
2009-04-27,52645.0,青海,野牛沟,38.41666666666666,99.58333333333331,3320.0,2009,4,27,0.0,无,5.0,11.3,1.0,0.42,0.12,680.4,682.4,678.6,5.6,,,无
2009-04-28,52645.0,青海,野牛沟,38.41666666666666,99.58333333333331,3320.0,2009,4,28,0.0,无,3.1,13.8,-6.0,0.42,0.09,680.8,682.7,677.7,6.2,,,无
2009-04-29,52645.0,青海,野牛沟,38.41666666666666,99.58333333333331,3320.0,2009,4,29,0.0,无,4.6,14.9,-5.7,0.34,0.14,680.0,681.3,677.4,7.0,,,无
2009-04-30,52645.0,青海,野牛沟,38.41666666666666,99.58333333333331,3320.0,2009,4,30,4.0,normal,-0.6,8.5,-3.5,0.78,0.25,683.4,684.6,680.2,3.1,,-2.1277367642001144,Snow
2009-05-01,52645.0,青海,野牛沟,38.41666666666666,99.58333333333331,3320.0,2009,5,1,1.7,normal,-3.0,6.1,-11.9,0.56,0.1,686.4,688.3,684.0,4.5,,-5.789695787989468,Snow
2009-05-02,52645.0,青海,野牛沟,38.41666666666666,99.58333333333331,3320.0,2009,5,2,0.0,无,-0.1,10.2,-8.7,0.46,0.07,685.2,686.8,682.8,5.7,,,无
2009-05-03,52645.0,青海,野牛沟,38.41666666666666,99.58333333333331,3320.0,2009,5,3,0.0,无,3.9,17.1,-7.9,0.43,0.09,683.0,685.4,679.1,6.8,,,无
2009-05-04,52645.0,青海,野牛沟,38.41666666666666,99.58333333333331,3320.0,2009,5,4,0.0,无,7.4,18.0,-3.9,0.35,0.1,681.2,683.0,679.1,8.4,,,无
2009-05-05,52645.0,青海,野牛沟,38.41666666666666,99.58333333333331,3320.0,2009,5,5,0.0,无,8.9,20.0,-3.2,0.36,0.07,680.6,682.5,678.0,8.8,,,无
2009-05-06,52645.0,青海,野牛沟,38.41666666666666,99.58333333333331,3320.0,2009,5,6,0.5,normal,7.6,20.6,-2.0,0.56,0.15,678.6,679.9,674.7,7.9,,3.2500313790439828,Rain
2009-05-07,52645.0,青海,野牛沟,38.41666666666666,99.58333333333331,3320.0,2009,5,7,13.1,normal,5.7,15.9,-1.0,0.76,0.37,676.4,678.7,674.0,4.5,,3.550136234738397,Rain
2009-05-08,52645.0,青海,野牛沟,38.41666666666666,99.58333333333331,3320.0,2009,5,8,7.5,normal,5.3,13.9,0.8,0.74,0.34,677.8,678.9,675.2,4.5,,2.999124400630513,Rain
2009-05-09,52645.0,青海,野牛沟,38.41666666666666,99.58333333333331,3320.0,2009,5,9,10.9,normal,2.0,11.2,-3.0,0.85,0.44,679.1,681.5,675.3,5.6,,0.8460541564644553,Snow
2009-05-10,52645.0,青海,野牛沟,38.41666666666666,99.58333333333331,3320.0,2009,5,10,17.2,normal,1.5,7.4,-2.8,0.9,0.59,678.5,680.2,674.0,2.3,,0.7499153672299785,Snow
2009-05-11,52645.0,青海,野牛沟,38.41666666666666,99.58333333333331,3320.0,2009,5,11,1.8,normal,-1.0,6.2,-9.2,0.76,0.51,682.9,684.1,679.8,5.2,,-2.641855468243448,Snow
2009-05-12,52645.0,青海,野牛沟,38.41666666666666,99.58333333333331,3320.0,2009,5,12,0.6,normal,1.6,4.6,-0.4,0.79,0.54,682.5,685.0,679.8,1.4,,0.0022368960442120667,Snow
2009-05-13,52645.0,青海,野牛沟,38.41666666666666,99.58333333333331,3320.0,2009,5,13,2.9,normal,1.0,3.5,-0.7,0.89,0.71,681.2,681.9,680.2,2.6,,0.19182103970295739,Snow
2009-05-14,52645.0,青海,野牛沟,38.41666666666666,99.58333333333331,3320.0,2009,5,14,0.4,normal,2.2,8.0,-2.5,0.62,0.26,681.5,682.8,679.5,4.9,,-0.8274252143951122,Snow
2009-05-15,52645.0,青海,野牛沟,38.41666666666666,99.58333333333331,3320.0,2009,5,15,4.1,normal,1.9,9.7,-1.5,0.71,0.26,681.1,682.6,679.7,4.2,,-0.357520568317109,Snow
2009-05-16,52645.0,青海,野牛沟,38.41666666666666,99.58333333333331,3320.0,2009,5,16,6.8,normal,-1.9,7.4,-8.1,0.78,0.27,684.6,686.9,682.5,4.3,,-3.3412526224580796,Snow
2009-05-17,52645.0,青海,野牛沟,38.41666666666666,99.58333333333331,3320.0,2009,5,17,0.0,无,3.9,9.5,-0.5,0.57,0.2,684.0,685.0,682.8,6.1,,,无
2009-05-18,52645.0,青海,野牛沟,38.41666666666666,99.58333333333331,3320.0,2009,5,18,0.9,normal,1.9,9.4,-2.6,0.75,0.31,682.8,685.7,679.2,2.4,,-0.03413878562293693,Snow
2009-05-19,52645.0,青海,野牛沟,38.41666666666666,99.58333333333331,3320.0,2009,5,19,0.6,normal,4.6,14.5,-4.1,0.62,0.2,681.5,683.5,678.9,5.9,,1.2723882931493735,Rain
2009-05-20,52645.0,青海,野牛沟,38.41666666666666,99.58333333333331,3320.0,2009,5,20,0.0,无,6.4,19.0,-1.2,0.6,0.12,678.2,680.3,674.2,6.6,,,无
2009-05-21,52645.0,青海,野牛沟,38.41666666666666,99.58333333333331,3320.0,2009,5,21,0.0,无,4.1,8.7,1.0,0.64,0.5,682.2,684.2,679.3,3.8,,,无
2009-05-22,52645.0,青海,野牛沟,38.41666666666666,99.58333333333331,3320.0,2009,5,22,0.0,无,5.3,14.9,-3.6,0.51,0.1,684.4,685.9,681.9,6.3,,,无
2009-05-23,52645.0,青海,野牛沟,38.41666666666666,99.58333333333331,3320.0,2009,5,23,0.1,normal,4.3,13.8,-2.3,0.61,0.19,682.9,684.3,680.1,4.8,,0.9221791627959197,Snow
2009-05-24,52645.0,青海,野牛沟,38.41666666666666,99.58333333333331,3320.0,2009,5,24,1.8,normal,5.8,13.4,-0.2,0.64,0.17,683.3,685.0,681.3,5.6,,2.517578808136949,Rain
2009-05-25,52645.0,青海,野牛沟,38.41666666666666,99.58333333333331,3320.0,2009,5,25,0.0,无,7.6,16.4,-1.9,0.6,0.28,679.6,682.1,676.3,6.5,,,无
2009-05-26,52645.0,青海,野牛沟,38.41666666666666,99.58333333333331,3320.0,2009,5,26,0.2,normal,9.4,15.2,4.5,0.64,0.36,676.4,678.1,674.5,4.4,,5.667571383955026,Rain
2009-05-27,52645.0,青海,野牛沟,38.41666666666666,99.58333333333331,3320.0,2009,5,27,15.4,normal,2.5,10.0,0.4,0.89,0.52,679.3,681.8,674.7,3.8,,1.6416442998201175,Snow
2009-05-28,52645.0,青海,野牛沟,38.41666666666666,99.58333333333331,3320.0,2009,5,28,0.4,normal,3.6,12.0,-2.2,0.62,0.16,686.0,687.4,681.8,3.7,,0.4086899770648911,Snow
2009-05-29,52645.0,青海,野牛沟,38.41666666666666,99.58333333333331,3320.0,2009,5,29,0.0,无,4.5,11.4,-1.7,0.52,0.15,687.3,688.2,685.6,6.3,,,无
2009-05-30,52645.0,青海,野牛沟,38.41666666666666,99.58333333333331,3320.0,2009,5,30,0.0,无,3.3,10.9,-3.1,0.64,0.27,685.4,688.1,683.0,3.9,,,无
2009-05-31,52645.0,青海,野牛沟,38.41666666666666,99.58333333333331,3320.0,2009,5,31,0.0,无,4.5,10.3,0.1,0.63,0.24,682.2,684.7,679.6,5.0,,,无
2009-06-01,52645.0,青海,野牛沟,38.41666666666666,99.58333333333331,3320.0,2009,6,1,0.0,无,5.3,14.6,-3.5,0.48,0.11,680.2,681.9,678.0,6.1,,,无
2009-06-02,52645.0,青海,野牛沟,38.41666666666666,99.58333333333331,3320.0,2009,6,2,0.0,无,8.0,16.6,-1.6,0.49,0.14,679.8,681.0,677.8,7.6,,,无
2009-06-03,52645.0,青海,野牛沟,38.41666666666666,99.58333333333331,3320.0,2009,6,3,0.0,无,7.3,17.1,-3.4,0.46,0.13,680.8,682.1,679.1,7.0,,,无
2009-06-04,52645.0,青海,野牛沟,38.41666666666666,99.58333333333331,3320.0,2009,6,4,0.0,无,8.4,16.2,-1.2,0.4,0.16,682.3,683.5,680.1,7.7,,,无
2009-06-05,52645.0,青海,野牛沟,38.41666666666666,99.58333333333331,3320.0,2009,6,5,7.6,normal,5.3,11.1,0.7,0.63,0.24,680.3,683.2,678.7,3.8,,1.975928439137875,Rain
2009-06-06,52645.0,青海,野牛沟,38.41666666666666,99.58333333333331,3320.0,2009,6,6,0.0,无,5.4,14.4,-2.5,0.56,0.11,677.9,680.2,674.9,6.7,,,无
2009-06-07,52645.0,青海,野牛沟,38.41666666666666,99.58333333333331,3320.0,2009,6,7,0.0,无,7.6,15.5,0.4,0.48,0.14,676.5,677.8,675.1,7.5,,,无
2009-06-08,52645.0,青海,野牛沟,38.41666666666666,99.58333333333331,3320.0,2009,6,8,0.0,无,6.8,16.0,-0.5,0.51,0.28,679.9,680.9,676.3,7.3,,,无
2009-06-09,52645.0,青海,野牛沟,38.41666666666666,99.58333333333331,3320.0,2009,6,9,0.0,无,6.2,13.0,-1.1,0.57,0.29,683.0,683.7,680.4,5.6,,,无
2009-06-10,52645.0,青海,野牛沟,38.41666666666666,99.58333333333331,3320.0,2009,6,10,2.0,normal,6.3,10.0,3.2,0.68,0.44,683.3,685.4,681.6,2.6,,3.3480561144417154,Rain
2009-06-11,52645.0,青海,野牛沟,38.41666666666666,99.58333333333331,3320.0,2009,6,11,6.6,normal,5.5,9.1,1.1,0.72,0.38,681.9,682.8,680.9,2.9,,3.0034048618514086,Rain
2009-06-12,52645.0,青海,野牛沟,38.41666666666666,99.58333333333331,3320.0,2009,6,12,0.0,无,6.6,16.1,-2.2,0.58,0.17,683.0,684.5,680.6,6.7,,,无
2009-06-13,52645.0,青海,野牛沟,38.41666666666666,99.58333333333331,3320.0,2009,6,13,0.3,normal,7.1,16.2,-0.3,0.65,0.18,683.0,684.4,681.3,4.8,,3.761875137579893,Rain
2009-06-14,52645.0,青海,野牛沟,38.41666666666666,99.58333333333331,3320.0,2009,6,14,0.2,normal,7.9,19.1,-0.7,0.66,0.2,683.0,684.8,679.8,6.4,,4.57229110555486,Rain
2009-06-15,52645.0,青海,野牛沟,38.41666666666666,99.58333333333331,3320.0,2009,6,15,6.0,normal,7.6,12.3,3.7,0.79,0.59,682.5,683.8,680.8,2.7,,5.609652106710983,Rain
2009-06-16,52645.0,青海,野牛沟,38.41666666666666,99.58333333333331,3320.0,2009,6,16,4.6,normal,8.5,14.8,4.3,0.76,0.48,681.1,683.8,679.3,4.3,,6.1429507770587355,Rain
2009-06-17,52645.0,青海,野牛沟,38.41666666666666,99.58333333333331,3320.0,2009,6,17,13.5,normal,10.3,21.5,3.1,0.77,0.32,678.6,681.3,672.9,6.5,,7.910598631608745,Rain
2009-06-18,52645.0,青海,野牛沟,38.41666666666666,99.58333333333331,3320.0,2009,6,18,14.3,normal,9.1,16.4,6.0,0.84,0.61,679.4,681.9,676.5,3.8,,7.519626363772942,Rain
2009-06-19,52645.0,青海,野牛沟,38.41666666666666,99.58333333333331,3320.0,2009,6,19,2.2,normal,7.9,14.8,3.9,0.73,0.47,682.3,683.8,680.3,3.8,,5.288321307891999,Rain
2009-06-20,52645.0,青海,野牛沟,38.41666666666666,99.58333333333331,3320.0,2009,6,20,0.1,normal,7.2,15.9,2.3,0.77,0.43,681.5,683.3,678.7,4.9,,5.04053591514126,Rain
2009-06-21,52645.0,青海,野牛沟,38.41666666666666,99.58333333333331,3320.0,2009,6,21,1.0,normal,8.6,14.9,3.5,0.57,0.3,683.7,684.8,681.0,5.0,,4.221485924368422,Rain
2009-06-22,52645.0,青海,野牛沟,38.41666666666666,99.58333333333331,3320.0,2009,6,22,0.0,无,9.9,15.5,3.6,0.61,0.32,683.9,685.2,682.5,6.0,,,无
2009-06-23,52645.0,青海,野牛沟,38.41666666666666,99.58333333333331,3320.0,2009,6,23,0.0,无,11.1,17.7,5.6,0.62,0.3,683.3,684.6,681.3,5.6,,,无
2009-06-24,52645.0,青海,野牛沟,38.41666666666666,99.58333333333331,3320.0,2009,6,24,0.0,无,10.9,20.6,2.5,0.65,0.32,681.7,683.1,679.4,6.4,,,无
2009-06-25,52645.0,青海,野牛沟,38.41666666666666,99.58333333333331,3320.0,2009,6,25,6.6,normal,12.7,19.0,7.4,0.61,0.31,682.3,683.5,680.8,5.6,,8.207261638287719,Rain
2009-06-26,52645.0,青海,野牛沟,38.41666666666666,99.58333333333331,3320.0,2009,6,26,3.0,normal,9.6,17.0,7.0,0.73,0.3,683.4,684.1,682.0,5.0,,6.841860734099421,Rain
2009-06-27,52645.0,青海,野牛沟,38.41666666666666,99.58333333333331,3320.0,2009,6,27,5.9,normal,8.2,11.0,5.3,0.79,0.66,683.3,684.7,681.8,1.9,,6.170995744833649,Rain
2009-06-28,52645.0,青海,野牛沟,38.41666666666666,99.58333333333331,3320.0,2009,6,28,0.4,normal,9.1,17.1,0.9,0.63,0.3,683.3,684.6,681.6,5.6,,5.310215674841587,Rain
2009-06-29,52645.0,青海,野牛沟,38.41666666666666,99.58333333333331,3320.0,2009,6,29,0.0,无,8.9,14.1,4.3,0.67,0.31,683.0,683.8,682.0,4.6,,,无
2009-06-30,52645.0,青海,野牛沟,38.41666666666666,99.58333333333331,3320.0,2009,6,30,0.0,无,9.2,17.0,1.2,0.68,0.3,682.7,683.7,681.3,6.0,,,无
2009-07-01,52645.0,青海,野牛沟,38.41666666666666,99.58333333333331,3320.0,2009,7,1,0.0,无,11.2,17.2,3.7,0.67,0.4,681.1,682.5,679.5,5.3,,,无
2009-07-02,52645.0,青海,野牛沟,38.41666666666666,99.58333333333331,3320.0,2009,7,2,0.4,normal,12.3,18.3,8.4,0.6,0.34,678.7,680.9,676.2,6.0,,7.727603574627362,Rain
2009-07-03,52645.0,青海,野牛沟,38.41666666666666,99.58333333333331,3320.0,2009,7,3,0.1,normal,7.7,11.4,5.7,0.76,0.66,679.2,679.8,677.8,1.7,,5.401445793168098,Rain
2009-07-04,52645.0,青海,野牛沟,38.41666666666666,99.58333333333331,3320.0,2009,7,4,3.0,normal,7.8,10.9,4.6,0.76,0.48,679.9,680.5,678.8,1.8,,5.494787250046902,Rain
2009-07-05,52645.0,青海,野牛沟,38.41666666666666,99.58333333333331,3320.0,2009,7,5,9.0,normal,10.6,18.9,4.7,0.75,0.45,681.1,683.2,679.6,4.8,,7.972432010497408,Rain
2009-07-06,52645.0,青海,野牛沟,38.41666666666666,99.58333333333331,3320.0,2009,7,6,0.1,normal,10.2,14.9,5.6,0.82,0.66,682.0,683.5,680.4,2.2,,8.356966014257022,Rain
2009-07-07,52645.0,青海,野牛沟,38.41666666666666,99.58333333333331,3320.0,2009,7,7,6.0,normal,11.4,12.8,10.1,0.88,0.74,679.6,681.5,678.6,1.0,,10.140382045373503,Rain
2009-07-08,52645.0,青海,野牛沟,38.41666666666666,99.58333333333331,3320.0,2009,7,8,3.2,normal,11.1,15.0,8.1,0.79,0.52,681.5,682.4,680.4,3.8,,8.877653909536537,Rain
2009-07-09,52645.0,青海,野牛沟,38.41666666666666,99.58333333333331,3320.0,2009,7,9,1.4,normal,8.4,14.2,4.1,0.8,0.51,683.7,684.1,682.0,2.4,,6.4589011453587775,Rain
2009-07-10,52645.0,青海,野牛沟,38.41666666666666,99.58333333333331,3320.0,2009,7,10,19.2,normal,6.5,13.8,3.7,0.83,0.46,684.6,685.6,683.2,3.4,,4.9593995478439235,Rain
2009-07-11,52645.0,青海,野牛沟,38.41666666666666,99.58333333333331,3320.0,2009,7,11,0.0,无,9.0,17.8,0.6,0.66,0.24,684.6,686.2,681.8,6.0,,,无
2009-07-12,52645.0,青海,野牛沟,38.41666666666666,99.58333333333331,3320.0,2009,7,12,12.9,normal,7.8,14.4,5.4,0.81,0.4,683.0,684.2,681.8,2.6,,5.993964805439407,Rain
2009-07-13,52645.0,青海,野牛沟,38.41666666666666,99.58333333333331,3320.0,2009,7,13,0.0,无,9.2,18.4,0.2,0.64,0.16,682.5,683.9,680.0,5.8,,,无
2009-07-14,52645.0,青海,野牛沟,38.41666666666666,99.58333333333331,3320.0,2009,7,14,4.5,normal,11.6,21.3,5.2,0.7,0.33,679.7,681.1,677.1,6.2,,8.314925510910193,Rain
2009-07-15,52645.0,青海,野牛沟,38.41666666666666,99.58333333333331,3320.0,2009,7,15,5.6,normal,12.5,19.0,9.3,0.75,0.46,680.0,681.3,678.0,4.5,,9.719472475197225,Rain
2009-07-16,52645.0,青海,野牛沟,38.41666666666666,99.58333333333331,3320.0,2009,7,16,12.8,normal,10.6,14.9,8.6,0.84,0.6,679.8,680.9,678.6,2.4,,8.946390925929308,Rain
2009-07-17,52645.0,青海,野牛沟,38.41666666666666,99.58333333333331,3320.0,2009,7,17,2.2,normal,12.6,21.6,6.3,0.65,0.22,681.6,682.9,680.1,6.1,,8.613864068002165,Rain
2009-07-18,52645.0,青海,野牛沟,38.41666666666666,99.58333333333331,3320.0,2009,7,18,0.2,normal,11.6,19.6,5.3,0.73,0.4,682.7,683.8,680.8,3.2,,8.666562293361771,Rain
2009-07-19,52645.0,青海,野牛沟,38.41666666666666,99.58333333333331,3320.0,2009,7,19,3.7,normal,11.1,16.9,8.0,0.75,0.45,683.3,684.4,682.4,3.8,,8.4357355017695,Rain
2009-07-20,52645.0,青海,野牛沟,38.41666666666666,99.58333333333331,3320.0,2009,7,20,5.8,normal,11.3,15.1,9.0,0.79,0.54,684.0,684.8,682.9,1.9,,9.06750478527345,Rain
2009-07-21,52645.0,青海,野牛沟,38.41666666666666,99.58333333333331,3320.0,2009,7,21,0.9,normal,12.6,19.0,7.6,0.65,0.37,684.9,686.0,683.0,6.1,,8.621004074828264,Rain
2009-07-22,52645.0,青海,野牛沟,38.41666666666666,99.58333333333331,3320.0,2009,7,22,5.8,normal,11.3,16.5,5.9,0.67,0.3,684.2,685.6,682.5,4.5,,7.705669214735784,Rain
2009-07-23,52645.0,青海,野牛沟,38.41666666666666,99.58333333333331,3320.0,2009,7,23,0.9,normal,9.9,17.0,3.6,0.74,0.43,683.8,684.6,682.7,3.6,,7.224541938187765,Rain
2009-07-24,52645.0,青海,野牛沟,38.41666666666666,99.58333333333331,3320.0,2009,7,24,2.6,normal,11.0,16.1,7.4,0.78,0.43,684.0,685.2,683.1,3.4,,8.67725750790036,Rain
2009-07-25,52645.0,青海,野牛沟,38.41666666666666,99.58333333333331,3320.0,2009,7,25,5.8,normal,8.6,12.5,7.4,0.84,0.67,684.0,684.5,683.2,0.0,,7.048343065930145,Rain
2009-07-26,52645.0,青海,野牛沟,38.41666666666666,99.58333333333331,3320.0,2009,7,26,3.3,normal,8.1,15.7,3.5,0.69,0.26,683.5,685.2,680.6,5.0,,5.062359597612729,Rain
2009-07-27,52645.0,青海,野牛沟,38.41666666666666,99.58333333333331,3320.0,2009,7,27,0.2,normal,8.3,17.5,0.9,0.7,0.26,681.7,684.3,678.5,5.5,,5.342624735315025,Rain
2009-07-28,52645.0,青海,野牛沟,38.41666666666666,99.58333333333331,3320.0,2009,7,28,4.2,normal,8.8,17.5,2.3,0.69,0.25,679.6,680.9,677.4,4.4,,5.683668527627419,Rain
2009-07-29,52645.0,青海,野牛沟,38.41666666666666,99.58333333333331,3320.0,2009,7,29,5.6,normal,8.7,19.4,1.9,0.8,0.28,680.2,682.0,677.4,4.4,,6.7361110852424,Rain
2009-07-30,52645.0,青海,野牛沟,38.41666666666666,99.58333333333331,3320.0,2009,7,30,0.8,normal,9.8,12.6,7.6,0.76,0.55,681.7,683.2,679.6,1.9,,7.344406972860971,Rain
2009-07-31,52645.0,青海,野牛沟,38.41666666666666,99.58333333333331,3320.0,2009,7,31,5.3,normal,10.4,15.8,5.8,0.8,0.56,683.9,684.9,682.4,2.5,,8.334049176188302,Rain
2009-08-01,52645.0,青海,野牛沟,38.41666666666666,99.58333333333331,3320.0,2009,8,1,3.4,normal,11.3,20.0,5.3,0.65,0.24,683.9,686.3,681.7,5.2,,7.471410987582439,Rain
2009-08-02,52645.0,青海,野牛沟,38.41666666666666,99.58333333333331,3320.0,2009,8,2,9.5,normal,8.9,14.8,7.5,0.85,0.52,683.1,683.4,682.1,1.4,,7.433339350369477,Rain
2009-08-03,52645.0,青海,野牛沟,38.41666666666666,99.58333333333331,3320.0,2009,8,3,0.0,无,8.3,17.9,2.4,0.76,0.3,683.2,684.1,681.2,4.8,,,无
2009-08-04,52645.0,青海,野牛沟,38.41666666666666,99.58333333333331,3320.0,2009,8,4,0.1,normal,10.0,16.8,2.7,0.64,0.24,683.6,684.6,682.6,5.5,,6.211023447510988,Rain
2009-08-05,52645.0,青海,野牛沟,38.41666666666666,99.58333333333331,3320.0,2009,8,5,2.3,normal,8.2,17.8,2.7,0.75,0.27,684.1,685.3,681.1,4.6,,5.768777058605363,Rain
2009-08-06,52645.0,青海,野牛沟,38.41666666666666,99.58333333333331,3320.0,2009,8,6,8.4,normal,10.2,20.3,4.1,0.72,0.25,682.9,684.9,680.9,5.6,,7.278981093277284,Rain
2009-08-07,52645.0,青海,野牛沟,38.41666666666666,99.58333333333331,3320.0,2009,8,7,5.5,normal,9.7,14.2,7.9,0.83,0.55,683.3,684.2,681.6,0.3,,7.990079562400383,Rain
2009-08-08,52645.0,青海,野牛沟,38.41666666666666,99.58333333333331,3320.0,2009,8,8,2.5,normal,8.1,11.0,6.6,0.78,0.44,684.9,685.8,683.9,2.0,,5.979656321489695,Rain
2009-08-09,52645.0,青海,野牛沟,38.41666666666666,99.58333333333331,3320.0,2009,8,9,0.0,无,6.9,17.3,-1.9,0.64,0.12,685.4,686.9,683.4,7.5,,,无
2009-08-10,52645.0,青海,野牛沟,38.41666666666666,99.58333333333331,3320.0,2009,8,10,0.0,无,9.0,18.8,1.8,0.6,0.19,685.1,686.0,683.6,5.4,,,无
2009-08-11,52645.0,青海,野牛沟,38.41666666666666,99.58333333333331,3320.0,2009,8,11,0.0,无,9.1,20.7,0.1,0.61,0.18,686.0,687.1,684.6,7.6,,,无
2009-08-12,52645.0,青海,野牛沟,38.41666666666666,99.58333333333331,3320.0,2009,8,12,0.0,无,8.7,18.7,1.6,0.64,0.2,686.2,687.4,685.1,4.9,,,无
2009-08-13,52645.0,青海,野牛沟,38.41666666666666,99.58333333333331,3320.0,2009,8,13,3.3,normal,7.7,18.6,0.7,0.76,0.24,685.5,686.7,682.1,4.0,,5.410288969366692,Rain
2009-08-14,52645.0,青海,野牛沟,38.41666666666666,99.58333333333331,3320.0,2009,8,14,3.7,normal,6.7,16.1,2.0,0.79,0.43,685.1,687.6,682.2,3.9,,4.772194322932806,Rain
2009-08-15,52645.0,青海,野牛沟,38.41666666666666,99.58333333333331,3320.0,2009,8,15,2.6,normal,7.3,13.8,2.0,0.76,0.39,684.0,686.8,681.7,3.4,,5.038758992520278,Rain
2009-08-16,52645.0,青海,野牛沟,38.41666666666666,99.58333333333331,3320.0,2009,8,16,0.0,无,8.1,14.5,0.9,0.68,0.31,683.6,685.0,681.8,3.8,,,无
2009-08-17,52645.0,青海,野牛沟,38.41666666666666,99.58333333333331,3320.0,2009,8,17,2.1,normal,6.7,16.6,-0.2,0.78,0.42,682.9,684.8,680.7,2.4,,4.674347546253332,Rain
2009-08-18,52645.0,青海,野牛沟,38.41666666666666,99.58333333333331,3320.0,2009,8,18,27.5,normal,4.5,11.1,0.5,0.82,0.5,685.1,686.7,681.5,3.8,,2.9781434991778477,Snow
2009-08-19,52645.0,青海,野牛沟,38.41666666666666,99.58333333333331,3320.0,2009,8,19,0.0,无,6.8,16.5,-1.1,0.74,0.36,685.1,687.1,682.4,3.8,,,无
2009-08-20,52645.0,青海,野牛沟,38.41666666666666,99.58333333333331,3320.0,2009,8,20,1.9,normal,8.5,12.6,6.8,0.78,0.57,681.4,683.5,680.4,2.0,,6.347411103899696,Rain
2009-08-21,52645.0,青海,野牛沟,38.41666666666666,99.58333333333331,3320.0,2009,8,21,9.3,normal,7.3,14.3,3.2,0.79,0.42,683.4,684.3,681.4,3.5,,5.330547369998402,Rain
2009-08-22,52645.0,青海,野牛沟,38.41666666666666,99.58333333333331,3320.0,2009,8,22,0.4,normal,8.2,15.9,0.9,0.73,0.39,683.8,685.2,682.0,3.7,,5.564579596562509,Rain
2009-08-23,52645.0,青海,野牛沟,38.41666666666666,99.58333333333331,3320.0,2009,8,23,2.1,normal,10.0,15.8,6.8,0.77,0.51,684.9,685.8,682.7,2.9,,7.640849629971629,Rain
2009-08-24,52645.0,青海,野牛沟,38.41666666666666,99.58333333333331,3320.0,2009,8,24,16.7,normal,6.2,10.2,4.6,0.91,0.75,685.2,687.1,683.9,1.1,,5.402961867735576,Rain
2009-08-25,52645.0,青海,野牛沟,38.41666666666666,99.58333333333331,3320.0,2009,8,25,3.2,normal,8.2,12.4,5.9,0.74,0.51,685.7,686.5,684.3,2.7,,5.669548332694272,Rain
2009-08-26,52645.0,青海,野牛沟,38.41666666666666,99.58333333333331,3320.0,2009,8,26,0.1,normal,8.0,17.6,1.2,0.72,0.19,685.6,687.4,683.5,5.1,,5.28332144938791,Rain
2009-08-27,52645.0,青海,野牛沟,38.41666666666666,99.58333333333331,3320.0,2009,8,27,2.5,normal,7.6,17.1,0.1,0.75,0.25,684.8,686.3,682.6,3.8,,5.217793374523798,Rain
2009-08-28,52645.0,青海,野牛沟,38.41666666666666,99.58333333333331,3320.0,2009,8,28,15.3,normal,5.5,12.3,2.4,0.8,0.46,686.8,687.7,683.7,4.0,,3.743869713904462,Rain
2009-08-29,52645.0,青海,野牛沟,38.41666666666666,99.58333333333331,3320.0,2009,8,29,0.0,无,5.6,15.7,-1.1,0.69,0.23,688.5,690.1,686.5,3.9,,,无
2009-08-30,52645.0,青海,野牛沟,38.41666666666666,99.58333333333331,3320.0,2009,8,30,0.0,无,7.6,19.7,-1.4,0.64,0.24,686.1,687.9,683.6,5.0,,,无
2009-08-31,52645.0,青海,野牛沟,38.41666666666666,99.58333333333331,3320.0,2009,8,31,0.0,无,9.1,20.0,0.8,0.65,0.26,684.7,686.4,681.5,4.7,,,无
2009-09-01,52645.0,青海,野牛沟,38.41666666666666,99.58333333333331,3320.0,2009,9,1,0.0,无,8.6,18.2,1.4,0.7,0.3,683.4,684.9,681.3,4.5,,,无
2009-09-02,52645.0,青海,野牛沟,38.41666666666666,99.58333333333331,3320.0,2009,9,2,2.8,normal,9.4,19.0,2.1,0.8,0.4,681.7,684.3,679.3,3.5,,7.394028141599098,Rain
2009-09-03,52645.0,青海,野牛沟,38.41666666666666,99.58333333333331,3320.0,2009,9,3,7.0,normal,9.4,18.7,7.0,0.82,0.49,681.0,681.8,679.7,3.9,,7.600531365969547,Rain
2009-09-04,52645.0,青海,野牛沟,38.41666666666666,99.58333333333331,3320.0,2009,9,4,4.4,normal,10.2,16.9,6.3,0.82,0.61,679.6,683.4,675.8,4.3,,8.35453123441248,Rain
2009-09-05,52645.0,青海,野牛沟,38.41666666666666,99.58333333333331,3320.0,2009,9,5,24.9,normal,8.9,14.3,6.1,0.91,0.59,678.7,680.0,676.5,4.1,,8.02714473473847,Rain
2009-09-06,52645.0,青海,野牛沟,38.41666666666666,99.58333333333331,3320.0,2009,9,6,5.9,normal,7.0,8.6,5.6,0.89,0.73,680.5,681.3,678.7,0.6,,5.993450157815556,Rain
2009-09-07,52645.0,青海,野牛沟,38.41666666666666,99.58333333333331,3320.0,2009,9,7,8.1,normal,7.3,10.2,5.0,0.89,0.74,682.7,683.8,681.3,1.1,,6.284822112105366,Rain
2009-09-08,52645.0,青海,野牛沟,38.41666666666666,99.58333333333331,3320.0,2009,9,8,0.0,无,9.6,17.9,2.2,0.79,0.42,684.1,686.1,681.2,4.4,,,无
2009-09-09,52645.0,青海,野牛沟,38.41666666666666,99.58333333333331,3320.0,2009,9,9,7.6,normal,10.3,14.8,7.7,0.85,0.62,682.4,683.8,681.5,2.4,,8.768592351254366,Rain
2009-09-10,52645.0,青海,野牛沟,38.41666666666666,99.58333333333331,3320.0,2009,9,10,2.5,normal,8.5,16.9,3.9,0.82,0.53,683.3,684.8,680.8,3.1,,6.753113723507798,Rain
2009-09-11,52645.0,青海,野牛沟,38.41666666666666,99.58333333333331,3320.0,2009,9,11,0.7,normal,9.6,14.1,7.7,0.85,0.64,683.8,684.9,682.1,2.5,,8.101806865784194,Rain
2009-09-12,52645.0,青海,野牛沟,38.41666666666666,99.58333333333331,3320.0,2009,9,12,16.4,normal,8.5,14.9,4.3,0.77,0.51,684.4,685.8,682.5,4.7,,6.249583309291338,Rain
2009-09-13,52645.0,青海,野牛沟,38.41666666666666,99.58333333333331,3320.0,2009,9,13,3.7,normal,5.6,10.7,4.6,0.86,0.66,686.9,688.1,683.6,3.2,,4.3775061289208805,Rain
2009-09-14,52645.0,青海,野牛沟,38.41666666666666,99.58333333333331,3320.0,2009,9,14,0.1,normal,6.2,14.2,0.7,0.78,0.42,686.9,689.4,684.4,2.8,,4.2140943003708875,Rain
2009-09-15,52645.0,青海,野牛沟,38.41666666666666,99.58333333333331,3320.0,2009,9,15,2.8,normal,6.2,8.6,3.5,0.81,0.62,684.3,685.6,683.6,1.2,,4.490112804670887,Rain
2009-09-16,52645.0,青海,野牛沟,38.41666666666666,99.58333333333331,3320.0,2009,9,16,0.0,无,6.3,12.9,1.9,0.81,0.42,684.2,685.4,682.6,2.8,,,无
2009-09-17,52645.0,青海,野牛沟,38.41666666666666,99.58333333333331,3320.0,2009,9,17,1.7,normal,7.1,15.8,2.1,0.79,0.36,684.7,686.0,682.2,3.4,,5.145318224312363,Rain
2009-09-18,52645.0,青海,野牛沟,38.41666666666666,99.58333333333331,3320.0,2009,9,18,2.2,normal,7.3,14.7,2.4,0.82,0.41,684.7,685.8,683.5,2.4,,5.621596789220669,Rain
2009-09-19,52645.0,青海,野牛沟,38.41666666666666,99.58333333333331,3320.0,2009,9,19,3.4,normal,4.4,7.4,2.4,0.9,0.69,686.4,687.4,685.4,1.8,,3.5677396828533725,Snow
2009-09-20,52645.0,青海,野牛沟,38.41666666666666,99.58333333333331,3320.0,2009,9,20,0.2,normal,4.0,11.3,0.3,0.65,0.17,687.4,688.6,685.5,4.1,,1.0299406103851139,Snow
2009-09-21,52645.0,青海,野牛沟,38.41666666666666,99.58333333333331,3320.0,2009,9,21,0.0,无,2.6,12.0,-4.4,0.7,0.26,685.8,687.6,683.9,2.6,,,无
2009-09-22,52645.0,青海,野牛沟,38.41666666666666,99.58333333333331,3320.0,2009,9,22,0.0,无,4.7,15.9,-3.7,0.67,0.19,683.4,685.3,680.8,3.6,,,无
2009-09-23,52645.0,青海,野牛沟,38.41666666666666,99.58333333333331,3320.0,2009,9,23,0.0,无,5.5,15.8,-2.0,0.63,0.18,683.5,684.9,681.7,4.5,,,无
2009-09-24,52645.0,青海,野牛沟,38.41666666666666,99.58333333333331,3320.0,2009,9,24,3.0,normal,4.8,14.2,-0.9,0.79,0.34,685.2,686.8,682.2,3.2,,2.997351968751354,Snow
2009-09-25,52645.0,青海,野牛沟,38.41666666666666,99.58333333333331,3320.0,2009,9,25,4.2,normal,4.1,10.7,1.4,0.8,0.38,687.6,688.7,685.3,3.2,,2.4319000651480005,Snow
2009-09-26,52645.0,青海,野牛沟,38.41666666666666,99.58333333333331,3320.0,2009,9,26,0.2,normal,5.3,11.3,1.5,0.72,0.31,688.0,689.2,686.3,3.8,,2.8315012045991717,Rain
2009-09-27,52645.0,青海,野牛沟,38.41666666666666,99.58333333333331,3320.0,2009,9,27,0.1,normal,3.8,12.9,-2.8,0.69,0.28,686.6,689.0,685.0,3.6,,1.202574405834551,Snow
2009-09-28,52645.0,青海,野牛沟,38.41666666666666,99.58333333333331,3320.0,2009,9,28,0.0,无,4.7,17.3,-4.2,0.63,0.16,684.9,686.3,682.5,3.6,,,无
2009-09-29,52645.0,青海,野牛沟,38.41666666666666,99.58333333333331,3320.0,2009,9,29,3.8,normal,3.1,13.3,-2.2,0.76,0.33,685.3,686.7,683.5,2.3,,1.1592467310615229,Snow
2009-09-30,52645.0,青海,野牛沟,38.41666666666666,99.58333333333331,3320.0,2009,9,30,0.8,normal,4.1,11.7,0.6,0.77,0.22,687.6,688.7,685.7,2.4,,2.1736690863272523,Rain
2009-10-01,52645.0,青海,野牛沟,38.41666666666666,99.58333333333331,3320.0,2009,10,1,0.0,无,3.9,12.6,-1.3,0.72,0.15,688.6,690.0,686.1,3.9,,,无
2009-10-02,52645.0,青海,野牛沟,38.41666666666666,99.58333333333331,3320.0,2009,10,2,0.0,无,2.4,10.9,-4.0,0.67,0.25,688.5,689.8,686.4,2.8,,,无
2009-10-03,52645.0,青海,野牛沟,38.41666666666666,99.58333333333331,3320.0,2009,10,3,0.0,无,1.0,9.9,-4.8,0.72,0.21,687.7,688.8,685.7,2.7,,,无
2009-10-04,52645.0,青海,野牛沟,38.41666666666666,99.58333333333331,3320.0,2009,10,4,0.0,无,1.6,12.8,-5.8,0.65,0.13,687.1,689.2,684.1,3.1,,,无
2009-10-05,52645.0,青海,野牛沟,38.41666666666666,99.58333333333331,3320.0,2009,10,5,0.0,无,2.7,12.9,-5.3,0.61,0.15,684.1,685.7,682.1,2.6,,,无
2009-10-06,52645.0,青海,野牛沟,38.41666666666666,99.58333333333331,3320.0,2009,10,6,0.0,无,3.4,9.6,0.1,0.72,0.36,685.0,686.4,683.2,2.6,,,无
2009-10-07,52645.0,青海,野牛沟,38.41666666666666,99.58333333333331,3320.0,2009,10,7,1.6,normal,3.3,9.7,0.8,0.82,0.51,683.4,684.8,681.7,1.7,,1.842911038791244,Snow
2009-10-08,52645.0,青海,野牛沟,38.41666666666666,99.58333333333331,3320.0,2009,10,8,0.0,无,3.7,8.9,1.0,0.75,0.4,681.7,683.7,679.0,2.8,,,无
2009-10-09,52645.0,青海,野牛沟,38.41666666666666,99.58333333333331,3320.0,2009,10,9,0.4,normal,1.7,4.4,-0.2,0.85,0.65,680.5,681.5,679.4,0.6,,0.5607664990923,Snow
2009-10-10,52645.0,青海,野牛沟,38.41666666666666,99.58333333333331,3320.0,2009,10,10,0.6,normal,0.3,7.6,-3.2,0.78,0.38,683.5,684.9,681.5,2.0,,-1.2873382598635308,Snow
2009-10-11,52645.0,青海,野牛沟,38.41666666666666,99.58333333333331,3320.0,2009,10,11,0.0,无,0.6,8.4,-5.1,0.68,0.2,684.5,685.8,682.9,3.0,,,无
2009-10-12,52645.0,青海,野牛沟,38.41666666666666,99.58333333333331,3320.0,2009,10,12,0.0,无,-0.5,9.5,-7.3,0.65,0.23,686.7,688.2,684.7,2.0,,,无
2009-10-13,52645.0,青海,野牛沟,38.41666666666666,99.58333333333331,3320.0,2009,10,13,0.0,无,-0.3,6.0,-4.6,0.72,0.41,687.6,689.2,685.6,2.0,,,无
2009-10-14,52645.0,青海,野牛沟,38.41666666666666,99.58333333333331,3320.0,2009,10,14,0.0,无,-0.5,7.0,-6.0,0.69,0.28,686.0,687.5,683.2,1.9,,,无
2009-10-15,52645.0,青海,野牛沟,38.41666666666666,99.58333333333331,3320.0,2009,10,15,0.4,normal,-1.3,5.6,-9.6,0.55,0.14,686.4,687.8,685.0,2.9,,-4.392929728853825,Snow
2009-10-16,52645.0,青海,野牛沟,38.41666666666666,99.58333333333331,3320.0,2009,10,16,0.0,无,-1.9,8.2,-9.6,0.49,0.06,685.6,687.6,682.9,2.7,,,无
2009-10-17,52645.0,青海,野牛沟,38.41666666666666,99.58333333333331,3320.0,2009,10,17,0.0,无,-2.5,7.9,-9.9,0.57,0.19,681.5,683.6,678.9,2.9,,,无
2009-10-18,52645.0,青海,野牛沟,38.41666666666666,99.58333333333331,3320.0,2009,10,18,0.0,无,-2.7,5.3,-9.7,0.5,0.1,683.5,686.0,681.0,2.9,,,无
2009-10-19,52645.0,青海,野牛沟,38.41666666666666,99.58333333333331,3320.0,2009,10,19,0.0,无,-3.7,6.0,-10.7,0.52,0.13,682.9,684.7,681.4,5.0,,,无
2009-10-20,52645.0,青海,野牛沟,38.41666666666666,99.58333333333331,3320.0,2009,10,20,0.0,无,-4.8,5.3,-11.4,0.58,0.14,683.9,685.4,682.3,2.1,,,无
2009-10-21,52645.0,青海,野牛沟,38.41666666666666,99.58333333333331,3320.0,2009,10,21,0.0,无,-4.8,4.3,-11.4,0.56,0.14,685.3,686.7,683.5,2.3,,,无
2009-10-22,52645.0,青海,野牛沟,38.41666666666666,99.58333333333331,3320.0,2009,10,22,0.0,无,-4.6,7.2,-12.5,0.52,0.09,684.5,686.4,681.9,2.1,,,无
2009-10-23,52645.0,青海,野牛沟,38.41666666666666,99.58333333333331,3320.0,2009,10,23,0.0,无,-4.4,6.3,-12.0,0.53,0.12,681.9,683.6,679.6,2.4,,,无
2009-10-24,52645.0,青海,野牛沟,38.41666666666666,99.58333333333331,3320.0,2009,10,24,0.0,无,-2.3,6.4,-9.2,0.54,0.1,681.3,682.5,679.5,2.4,,,无
2009-10-25,52645.0,青海,野牛沟,38.41666666666666,99.58333333333331,3320.0,2009,10,25,0.1,normal,-4.5,4.8,-10.5,0.71,0.22,684.2,685.7,681.9,1.2,,-6.1919683805377135,Snow
2009-10-26,52645.0,青海,野牛沟,38.41666666666666,99.58333333333331,3320.0,2009,10,26,0.8,normal,-4.3,5.8,-10.6,0.67,0.18,684.8,686.9,682.4,2.0,,-6.249356432753719,Snow
2009-10-27,52645.0,青海,野牛沟,38.41666666666666,99.58333333333331,3320.0,2009,10,27,0.0,无,-4.6,6.9,-11.5,0.51,0.13,682.3,683.6,680.5,2.5,,,无
2009-10-28,52645.0,青海,野牛沟,38.41666666666666,99.58333333333331,3320.0,2009,10,28,0.0,无,-3.0,6.8,-11.9,0.48,0.1,682.1,683.4,680.5,3.0,,,无
2009-10-29,52645.0,青海,野牛沟,38.41666666666666,99.58333333333331,3320.0,2009,10,29,0.0,无,-2.8,10.5,-12.8,0.49,0.1,682.2,684.3,680.0,3.3,,,无
2009-10-30,52645.0,青海,野牛沟,38.41666666666666,99.58333333333331,3320.0,2009,10,30,0.3,normal,-2.9,2.5,-5.9,0.57,0.21,684.2,686.0,681.2,2.6,,-5.642222968333708,Snow
2009-10-31,52645.0,青海,野牛沟,38.41666666666666,99.58333333333331,3320.0,2009,10,31,0.0,无,-7.0,1.7,-14.1,0.57,0.11,686.9,688.4,685.5,2.1,,,无
2009-11-01,52645.0,青海,野牛沟,38.41666666666666,99.58333333333331,3320.0,2009,11,1,0.0,无,-7.4,5.3,-15.0,0.47,0.08,690.0,691.3,688.5,2.0,,,无
2009-11-02,52645.0,青海,野牛沟,38.41666666666666,99.58333333333331,3320.0,2009,11,2,0.0,无,-7.0,5.6,-15.9,0.5,0.12,688.5,691.4,685.3,1.7,,,无
2009-11-03,52645.0,青海,野牛沟,38.41666666666666,99.58333333333331,3320.0,2009,11,3,0.0,无,-5.9,6.5,-14.0,0.49,0.11,686.0,687.0,684.1,2.3,,,无
2009-11-04,52645.0,青海,野牛沟,38.41666666666666,99.58333333333331,3320.0,2009,11,4,0.0,无,-5.9,6.3,-14.3,0.49,0.12,687.7,689.4,686.3,2.4,,,无
2009-11-05,52645.0,青海,野牛沟,38.41666666666666,99.58333333333331,3320.0,2009,11,5,0.0,无,-4.7,7.7,-13.9,0.51,0.14,684.7,687.1,682.5,4.3,,,无
2009-11-06,52645.0,青海,野牛沟,38.41666666666666,99.58333333333331,3320.0,2009,11,6,0.0,无,-4.7,8.7,-13.9,0.48,0.08,681.2,684.1,678.3,2.6,,,无
2009-11-07,52645.0,青海,野牛沟,38.41666666666666,99.58333333333331,3320.0,2009,11,7,0.0,无,-3.7,9.6,-12.9,0.47,0.1,679.4,680.9,677.0,2.8,,,无
2009-11-08,52645.0,青海,野牛沟,38.41666666666666,99.58333333333331,3320.0,2009,11,8,0.0,无,-3.0,9.0,-12.2,0.48,0.1,678.9,680.8,677.1,4.9,,,无
2009-11-09,52645.0,青海,野牛沟,38.41666666666666,99.58333333333331,3320.0,2009,11,9,0.0,无,-2.6,9.6,-12.5,0.45,0.13,675.9,678.6,672.9,2.4,,,无
2009-11-10,52645.0,青海,野牛沟,38.41666666666666,99.58333333333331,3320.0,2009,11,10,0.0,无,-2.5,7.1,-12.1,0.52,0.21,671.9,674.8,668.6,2.5,,,无
2009-11-11,52645.0,青海,野牛沟,38.41666666666666,99.58333333333331,3320.0,2009,11,11,3.6,normal,-7.3,2.7,-12.1,0.75,0.32,676.1,681.0,670.0,3.4,,-8.570948291685724,Snow
2009-11-12,52645.0,青海,野牛沟,38.41666666666666,99.58333333333331,3320.0,2009,11,12,0.4,normal,-10.0,0.0,-21.1,0.64,0.16,681.2,683.0,679.5,1.8,,-11.57927721249155,Snow
2009-11-13,52645.0,青海,野牛沟,38.41666666666666,99.58333333333331,3320.0,2009,11,13,0.0,无,-10.0,3.5,-18.5,0.52,0.15,679.9,681.5,677.5,2.1,,,无
2009-11-14,52645.0,青海,野牛沟,38.41666666666666,99.58333333333331,3320.0,2009,11,14,0.0,无,-8.8,2.9,-17.3,0.49,0.14,676.5,680.1,672.9,4.4,,,无
2009-11-15,52645.0,青海,野牛沟,38.41666666666666,99.58333333333331,3320.0,2009,11,15,0.0,无,-10.4,-3.5,-16.7,0.58,0.31,674.7,675.8,672.7,3.5,,,无
2009-11-16,52645.0,青海,野牛沟,38.41666666666666,99.58333333333331,3320.0,2009,11,16,1.3,normal,-16.2,-9.9,-20.7,0.77,0.52,680.2,683.5,675.8,1.0,,-16.885797270619697,Snow
2009-11-17,52645.0,青海,野牛沟,38.41666666666666,99.58333333333331,3320.0,2009,11,17,0.0,无,-22.8,-13.6,-29.6,0.66,0.32,681.5,684.5,678.5,0.8,,,无
2009-11-18,52645.0,青海,野牛沟,38.41666666666666,99.58333333333331,3320.0,2009,11,18,0.0,无,-19.2,-4.9,-26.9,0.6,0.21,679.8,681.4,677.8,1.3,,,无
2009-11-19,52645.0,青海,野牛沟,38.41666666666666,99.58333333333331,3320.0,2009,11,19,0.0,无,-17.3,-5.7,-25.2,0.57,0.23,682.2,683.9,679.6,1.2,,,无
2009-11-20,52645.0,青海,野牛沟,38.41666666666666,99.58333333333331,3320.0,2009,11,20,0.0,无,-17.6,-6.0,-25.2,0.56,0.2,685.7,687.6,683.3,1.4,,,无
2009-11-21,52645.0,青海,野牛沟,38.41666666666666,99.58333333333331,3320.0,2009,11,21,0.0,无,-16.2,-3.8,-24.3,0.54,0.19,681.4,684.2,679.5,1.3,,,无
2009-11-22,52645.0,青海,野牛沟,38.41666666666666,99.58333333333331,3320.0,2009,11,22,0.0,无,-14.0,-1.8,-22.7,0.56,0.2,679.7,681.4,677.3,1.6,,,无
2009-11-23,52645.0,青海,野牛沟,38.41666666666666,99.58333333333331,3320.0,2009,11,23,0.0,无,-11.8,1.6,-20.5,0.52,0.14,677.1,678.7,675.3,1.9,,,无
2009-11-24,52645.0,青海,野牛沟,38.41666666666666,99.58333333333331,3320.0,2009,11,24,0.0,无,-11.3,2.3,-19.9,0.53,0.15,679.6,681.2,677.7,1.7,,,无
2009-11-25,52645.0,青海,野牛沟,38.41666666666666,99.58333333333331,3320.0,2009,11,25,0.0,无,-9.4,4.6,-19.6,0.47,0.1,677.2,680.4,673.9,1.8,,,无
2009-11-26,52645.0,青海,野牛沟,38.41666666666666,99.58333333333331,3320.0,2009,11,26,0.0,无,-11.4,1.9,-20.5,0.51,0.11,679.4,681.2,676.3,1.6,,,无
2009-11-27,52645.0,青海,野牛沟,38.41666666666666,99.58333333333331,3320.0,2009,11,27,0.0,无,-11.8,-0.4,-19.1,0.55,0.21,678.9,680.6,676.6,1.2,,,无
2009-11-28,52645.0,青海,野牛沟,38.41666666666666,99.58333333333331,3320.0,2009,11,28,0.0,无,-11.0,-3.2,-18.6,0.6,0.34,679.5,681.4,678.1,1.2,,,无
2009-11-29,52645.0,青海,野牛沟,38.41666666666666,99.58333333333331,3320.0,2009,11,29,0.0,无,-12.9,-1.8,-20.5,0.48,0.14,681.5,683.1,678.5,1.8,,,无
2009-11-30,52645.0,青海,野牛沟,38.41666666666666,99.58333333333331,3320.0,2009,11,30,0.0,无,-13.8,-1.7,-22.4,0.52,0.19,682.2,684.1,680.2,1.3,,,无
2009-12-01,52645.0,青海,野牛沟,38.41666666666666,99.58333333333331,3320.0,2009,12,1,0.0,无,-12.0,-2.8,-17.5,0.52,0.22,680.5,682.5,678.0,1.8,,,无
2009-12-02,52645.0,青海,野牛沟,38.41666666666666,99.58333333333331,3320.0,2009,12,2,0.0,无,-15.9,-4.1,-24.7,0.44,0.14,683.8,686.0,680.9,1.8,,,无
2009-12-03,52645.0,青海,野牛沟,38.41666666666666,99.58333333333331,3320.0,2009,12,3,0.0,无,-14.0,-1.9,-22.6,0.51,0.19,678.5,681.9,676.1,1.5,,,无
2009-12-04,52645.0,青海,野牛沟,38.41666666666666,99.58333333333331,3320.0,2009,12,4,0.0,无,-12.0,-2.8,-20.5,0.3,0.11,680.8,683.3,676.9,2.2,,,无
2009-12-05,52645.0,青海,野牛沟,38.41666666666666,99.58333333333331,3320.0,2009,12,5,0.0,无,-14.7,0.6,-23.9,0.45,0.11,676.7,679.7,674.0,1.4,,,无
2009-12-06,52645.0,青海,野牛沟,38.41666666666666,99.58333333333331,3320.0,2009,12,6,0.0,无,-11.9,-0.3,-20.2,0.55,0.19,674.6,676.2,671.3,1.9,,,无
2009-12-07,52645.0,青海,野牛沟,38.41666666666666,99.58333333333331,3320.0,2009,12,7,1.3,normal,-16.5,-8.4,-22.6,0.8,0.56,678.5,680.1,675.5,0.6,,-17.085273516538862,Snow
2009-12-08,52645.0,青海,野牛沟,38.41666666666666,99.58333333333331,3320.0,2009,12,8,0.0,无,-18.9,-7.6,-25.4,0.72,0.52,677.7,679.4,675.9,1.2,,,无
2009-12-09,52645.0,青海,野牛沟,38.41666666666666,99.58333333333331,3320.0,2009,12,9,0.0,无,-13.6,0.8,-26.1,0.53,0.11,674.4,677.7,671.2,1.6,,,无
2009-12-10,52645.0,青海,野牛沟,38.41666666666666,99.58333333333331,3320.0,2009,12,10,0.0,无,-6.2,0.8,-14.9,0.41,0.15,670.9,673.9,669.1,2.3,,,无
2009-12-11,52645.0,青海,野牛沟,38.41666666666666,99.58333333333331,3320.0,2009,12,11,0.0,无,-9.6,-1.4,-15.3,0.63,0.34,675.4,676.9,673.8,1.0,,,无
2009-12-12,52645.0,青海,野牛沟,38.41666666666666,99.58333333333331,3320.0,2009,12,12,0.1,normal,-9.7,-5.2,-13.4,0.75,0.49,676.5,678.7,674.2,1.4,,-10.81484759115208,Snow
2009-12-13,52645.0,青海,野牛沟,38.41666666666666,99.58333333333331,3320.0,2009,12,13,0.0,无,-15.8,-7.1,-24.2,0.57,0.31,676.9,679.3,674.2,1.1,,,无
2009-12-14,52645.0,青海,野牛沟,38.41666666666666,99.58333333333331,3320.0,2009,12,14,0.0,无,-13.7,-5.5,-20.4,0.68,0.36,677.3,678.8,676.0,1.2,,,无
2009-12-15,52645.0,青海,野牛沟,38.41666666666666,99.58333333333331,3320.0,2009,12,15,0.0,无,-15.7,-5.9,-24.3,0.57,0.17,678.1,679.1,676.2,1.5,,,无
2009-12-16,52645.0,青海,野牛沟,38.41666666666666,99.58333333333331,3320.0,2009,12,16,0.0,无,-17.7,-5.7,-26.5,0.46,0.14,680.0,681.9,678.3,1.4,,,无
2009-12-17,52645.0,青海,野牛沟,38.41666666666666,99.58333333333331,3320.0,2009,12,17,0.0,无,-18.0,-4.0,-26.5,0.47,0.12,678.6,680.4,676.6,1.5,,,无
2009-12-18,52645.0,青海,野牛沟,38.41666666666666,99.58333333333331,3320.0,2009,12,18,0.0,无,-16.8,-4.3,-25.4,0.54,0.18,680.5,682.0,678.8,1.8,,,无
2009-12-19,52645.0,青海,野牛沟,38.41666666666666,99.58333333333331,3320.0,2009,12,19,0.0,无,-16.6,-2.6,-25.5,0.51,0.12,682.7,684.8,680.5,1.3,,,无
2009-12-20,52645.0,青海,野牛沟,38.41666666666666,99.58333333333331,3320.0,2009,12,20,0.0,无,-17.9,-3.2,-26.0,0.43,0.1,681.4,683.5,679.3,1.5,,,无
2009-12-21,52645.0,青海,野牛沟,38.41666666666666,99.58333333333331,3320.0,2009,12,21,0.0,无,-17.2,-2.4,-25.6,0.45,0.12,678.9,681.2,676.2,1.4,,,无
2009-12-22,52645.0,青海,野牛沟,38.41666666666666,99.58333333333331,3320.0,2009,12,22,0.0,无,-15.0,-3.2,-24.5,0.44,0.15,677.0,678.8,674.7,1.3,,,无
2009-12-23,52645.0,青海,野牛沟,38.41666666666666,99.58333333333331,3320.0,2009,12,23,0.0,无,-12.8,-1.3,-23.6,0.45,0.12,675.2,677.1,673.6,1.8,,,无
2009-12-24,52645.0,青海,野牛沟,38.41666666666666,99.58333333333331,3320.0,2009,12,24,0.0,无,-12.2,-4.4,-18.2,0.35,0.12,676.6,678.7,673.1,2.7,,,无
2009-12-25,52645.0,青海,野牛沟,38.41666666666666,99.58333333333331,3320.0,2009,12,25,0.0,无,-15.5,-3.1,-25.4,0.42,0.1,674.7,678.9,670.9,1.4,,,无
2009-12-26,52645.0,青海,野牛沟,38.41666666666666,99.58333333333331,3320.0,2009,12,26,0.0,无,-15.6,-11.4,-17.7,0.34,0.13,672.5,678.1,668.5,1.6,,,无
2009-12-27,52645.0,青海,野牛沟,38.41666666666666,99.58333333333331,3320.0,2009,12,27,0.0,无,-19.3,-6.0,-28.3,0.4,0.14,675.5,679.7,671.5,1.4,,,无
2009-12-28,52645.0,青海,野牛沟,38.41666666666666,99.58333333333331,3320.0,2009,12,28,0.0,无,-15.5,-2.6,-24.3,0.36,0.11,670.9,672.5,668.4,1.9,,,无
2009-12-29,52645.0,青海,野牛沟,38.41666666666666,99.58333333333331,3320.0,2009,12,29,0.0,无,-13.6,-4.1,-21.1,0.41,0.17,672.7,674.2,670.6,2.3,,,无
2009-12-30,52645.0,青海,野牛沟,38.41666666666666,99.58333333333331,3320.0,2009,12,30,0.0,无,-15.4,-2.7,-24.1,0.44,0.1,675.3,676.8,673.7,1.8,,,无
2009-12-31,52645.0,青海,野牛沟,38.41666666666666,99.58333333333331,3320.0,2009,12,31,0.0,无,-15.4,-1.7,-24.6,0.39,0.12,675.9,677.8,674.0,1.5,,,无
2010-01-01,52645.0,青海,野牛沟,38.41666666666666,99.58333333333331,3320.0,2010,1,1,0.0,无,-13.8,-2.7,-22.1,0.38,0.13,675.5,677.1,674.5,1.8,,,无
2010-01-02,52645.0,青海,野牛沟,38.41666666666666,99.58333333333331,3320.0,2010,1,2,0.0,无,-11.8,-1.1,-20.3,0.38,0.14,677.1,679.0,675.2,1.8,,,无
2010-01-03,52645.0,青海,野牛沟,38.41666666666666,99.58333333333331,3320.0,2010,1,3,0.0,无,-10.6,0.8,-17.6,0.39,0.15,675.4,676.5,674.0,1.9,,,无
2010-01-04,52645.0,青海,野牛沟,38.41666666666666,99.58333333333331,3320.0,2010,1,4,0.0,无,-12.2,-0.4,-20.9,0.53,0.19,675.1,676.7,672.8,1.6,,,无
2010-01-05,52645.0,青海,野牛沟,38.41666666666666,99.58333333333331,3320.0,2010,1,5,0.0,无,-12.0,-1.6,-19.9,0.52,0.19,675.6,677.2,673.4,1.5,,,无
2010-01-06,52645.0,青海,野牛沟,38.41666666666666,99.58333333333331,3320.0,2010,1,6,0.0,无,-12.5,-0.4,-20.6,0.5,0.14,677.5,678.9,675.1,1.6,,,无
2010-01-07,52645.0,青海,野牛沟,38.41666666666666,99.58333333333331,3320.0,2010,1,7,0.0,无,-10.7,1.8,-20.1,0.39,0.07,679.2,682.5,676.5,1.8,,,无
2010-01-08,52645.0,青海,野牛沟,38.41666666666666,99.58333333333331,3320.0,2010,1,8,0.0,无,-11.8,2.0,-21.8,0.36,0.09,675.1,677.3,672.7,2.5,,,无
2010-01-09,52645.0,青海,野牛沟,38.41666666666666,99.58333333333331,3320.0,2010,1,9,0.0,无,-8.7,0.5,-18.0,0.3,0.1,674.0,676.1,672.7,2.4,,,无
2010-01-10,52645.0,青海,野牛沟,38.41666666666666,99.58333333333331,3320.0,2010,1,10,0.0,无,-13.7,-6.1,-18.2,0.63,0.19,676.9,678.7,674.8,1.1,,,无
2010-01-11,52645.0,青海,野牛沟,38.41666666666666,99.58333333333331,3320.0,2010,1,11,0.4,normal,-16.3,-10.8,-21.9,0.52,0.11,679.8,681.4,678.3,1.7,,-17.731102967377467,Snow
2010-01-12,52645.0,青海,野牛沟,38.41666666666666,99.58333333333331,3320.0,2010,1,12,0.0,无,-19.5,-6.0,-28.2,0.35,0.08,678.9,681.9,676.2,1.1,,,无
2010-01-13,52645.0,青海,野牛沟,38.41666666666666,99.58333333333331,3320.0,2010,1,13,0.0,无,-17.6,-1.0,-28.0,0.35,0.09,678.4,680.8,675.8,1.6,,,无
2010-01-14,52645.0,青海,野牛沟,38.41666666666666,99.58333333333331,3320.0,2010,1,14,0.0,无,-14.5,-0.8,-25.5,0.32,0.09,678.6,679.9,676.9,1.7,,,无
2010-01-15,52645.0,青海,野牛沟,38.41666666666666,99.58333333333331,3320.0,2010,1,15,0.0,无,-14.4,0.8,-24.7,0.36,0.1,681.9,683.7,679.6,1.6,,,无
2010-01-16,52645.0,青海,野牛沟,38.41666666666666,99.58333333333331,3320.0,2010,1,16,0.0,无,-11.6,2.4,-22.1,0.33,0.12,682.5,684.4,680.9,1.7,,,无
2010-01-17,52645.0,青海,野牛沟,38.41666666666666,99.58333333333331,3320.0,2010,1,17,0.0,无,-9.7,3.5,-19.1,0.37,0.1,682.3,685.1,679.7,2.2,,,无
2010-01-18,52645.0,青海,野牛沟,38.41666666666666,99.58333333333331,3320.0,2010,1,18,0.0,无,-10.4,2.7,-19.8,0.37,0.12,677.0,680.4,673.7,1.9,,,无
2010-01-19,52645.0,青海,野牛沟,38.41666666666666,99.58333333333331,3320.0,2010,1,19,0.5,normal,-11.1,-2.8,-18.5,0.6,0.25,675.3,677.4,673.1,1.7,,-12.759029053139109,Snow
2010-01-20,52645.0,青海,野牛沟,38.41666666666666,99.58333333333331,3320.0,2010,1,20,0.3,normal,-11.4,-4.4,-16.9,0.65,0.21,677.1,678.5,675.6,1.2,,-12.820439952035642,Snow
2010-01-21,52645.0,青海,野牛沟,38.41666666666666,99.58333333333331,3320.0,2010,1,21,0.0,无,-8.8,-2.2,-14.2,0.32,0.17,676.6,680.1,674.5,3.5,,,无
2010-01-22,52645.0,青海,野牛沟,38.41666666666666,99.58333333333331,3320.0,2010,1,22,0.0,无,-13.8,-2.7,-23.5,0.47,0.23,679.1,681.1,676.3,1.5,,,无
2010-01-23,52645.0,青海,野牛沟,38.41666666666666,99.58333333333331,3320.0,2010,1,23,0.0,无,-11.0,0.7,-21.3,0.47,0.12,676.3,678.3,673.4,2.3,,,无
2010-01-24,52645.0,青海,野牛沟,38.41666666666666,99.58333333333331,3320.0,2010,1,24,0.0,无,-12.2,-1.0,-20.8,0.47,0.14,678.0,679.1,675.9,2.5,,,无
2010-01-25,52645.0,青海,野牛沟,38.41666666666666,99.58333333333331,3320.0,2010,1,25,0.0,无,-13.1,1.0,-23.3,0.47,0.12,678.8,681.1,676.1,2.1,,,无
2010-01-26,52645.0,青海,野牛沟,38.41666666666666,99.58333333333331,3320.0,2010,1,26,0.0,无,-11.2,-1.8,-20.8,0.34,0.1,673.8,677.0,671.3,2.0,,,无
2010-01-27,52645.0,青海,野牛沟,38.41666666666666,99.58333333333331,3320.0,2010,1,27,0.0,无,-12.2,-3.9,-19.5,0.34,0.11,673.1,675.1,671.2,2.8,,,无
2010-01-28,52645.0,青海,野牛沟,38.41666666666666,99.58333333333331,3320.0,2010,1,28,0.0,无,-14.2,0.0,-24.8,0.33,0.15,676.5,678.1,674.7,2.1,,,无
2010-01-29,52645.0,青海,野牛沟,38.41666666666666,99.58333333333331,3320.0,2010,1,29,0.0,无,-6.6,-0.4,-12.0,0.23,0.07,674.6,676.8,673.4,4.5,,,无
2010-01-30,52645.0,青海,野牛沟,38.41666666666666,99.58333333333331,3320.0,2010,1,30,0.0,无,-13.1,1.5,-22.8,0.35,0.06,676.4,678.2,675.2,1.8,,,无
2010-01-31,52645.0,青海,野牛沟,38.41666666666666,99.58333333333331,3320.0,2010,1,31,0.0,无,-10.8,-0.5,-18.4,0.24,0.07,674.1,676.1,672.0,3.3,,,无
2010-02-01,52645.0,青海,野牛沟,38.41666666666666,99.58333333333331,3320.0,2010,2,1,0.0,无,-13.7,-1.7,-23.8,0.32,0.11,674.3,676.4,671.3,2.3,,,无
2010-02-02,52645.0,青海,野牛沟,38.41666666666666,99.58333333333331,3320.0,2010,2,2,0.0,无,-15.5,-3.0,-24.4,0.43,0.11,673.9,675.5,671.1,2.1,,,无
2010-02-03,52645.0,青海,野牛沟,38.41666666666666,99.58333333333331,3320.0,2010,2,3,0.0,无,-15.2,-4.8,-24.5,0.46,0.14,673.9,675.3,671.5,1.8,,,无
2010-02-04,52645.0,青海,野牛沟,38.41666666666666,99.58333333333331,3320.0,2010,2,4,0.0,无,-15.3,-2.8,-25.0,0.45,0.12,673.3,674.8,670.9,1.8,,,无
2010-02-05,52645.0,青海,野牛沟,38.41666666666666,99.58333333333331,3320.0,2010,2,5,0.0,无,-12.2,0.0,-24.5,0.34,0.08,672.0,674.0,669.3,2.5,,,无
2010-02-06,52645.0,青海,野牛沟,38.41666666666666,99.58333333333331,3320.0,2010,2,6,0.0,无,-1.7,4.0,-10.1,0.14,0.1,668.6,671.8,665.8,4.8,,,无
2010-02-07,52645.0,青海,野牛沟,38.41666666666666,99.58333333333331,3320.0,2010,2,7,0.0,无,-3.4,6.0,-14.1,0.37,0.13,672.8,673.6,670.4,3.1,,,无
2010-02-08,52645.0,青海,野牛沟,38.41666666666666,99.58333333333331,3320.0,2010,2,8,0.0,无,-2.3,4.5,-7.8,0.3,0.18,670.5,673.7,668.0,3.1,,,无
2010-02-09,52645.0,青海,野牛沟,38.41666666666666,99.58333333333331,3320.0,2010,2,9,0.0,无,-4.5,-0.5,-7.4,0.33,0.23,666.6,669.5,664.7,3.0,,,无
2010-02-10,52645.0,青海,野牛沟,38.41666666666666,99.58333333333331,3320.0,2010,2,10,0.0,无,-7.5,4.1,-12.9,0.5,0.12,665.5,668.9,663.1,2.6,,,无
2010-02-11,52645.0,青海,野牛沟,38.41666666666666,99.58333333333331,3320.0,2010,2,11,0.0,无,-11.5,0.2,-21.8,0.41,0.1,675.6,677.6,668.9,2.5,,,无
2010-02-12,52645.0,青海,野牛沟,38.41666666666666,99.58333333333331,3320.0,2010,2,12,0.0,无,-11.9,-0.6,-22.4,0.3,0.09,677.4,679.8,674.4,3.1,,,无
2010-02-13,52645.0,青海,野牛沟,38.41666666666666,99.58333333333331,3320.0,2010,2,13,0.0,无,-11.1,-3.0,-17.2,0.29,0.13,672.3,675.1,670.0,2.0,,,无
2010-02-14,52645.0,青海,野牛沟,38.41666666666666,99.58333333333331,3320.0,2010,2,14,0.0,无,-13.4,-5.4,-21.5,0.62,0.29,672.9,675.1,670.6,1.9,,,无
2010-02-15,52645.0,青海,野牛沟,38.41666666666666,99.58333333333331,3320.0,2010,2,15,0.0,无,-13.1,-6.4,-20.8,0.55,0.15,675.6,677.1,673.8,1.5,,,无
2010-02-16,52645.0,青海,野牛沟,38.41666666666666,99.58333333333331,3320.0,2010,2,16,0.2,normal,-14.7,-6.0,-20.8,0.59,0.09,675.9,677.5,673.2,2.4,,-16.06144737100378,Snow
2010-02-17,52645.0,青海,野牛沟,38.41666666666666,99.58333333333331,3320.0,2010,2,17,0.0,无,-18.4,-5.5,-28.0,0.46,0.07,677.6,679.1,674.3,2.0,,,无
2010-02-18,52645.0,青海,野牛沟,38.41666666666666,99.58333333333331,3320.0,2010,2,18,0.0,无,-17.2,-2.4,-27.2,0.34,0.06,678.8,680.8,676.7,2.2,,,无
2010-02-19,52645.0,青海,野牛沟,38.41666666666666,99.58333333333331,3320.0,2010,2,19,0.0,无,-14.9,-1.3,-25.9,0.23,0.07,676.5,678.6,673.7,2.3,,,无
2010-02-20,52645.0,青海,野牛沟,38.41666666666666,99.58333333333331,3320.0,2010,2,20,0.0,无,-8.9,3.0,-19.9,0.28,0.1,675.0,676.4,672.5,2.7,,,无
2010-02-21,52645.0,青海,野牛沟,38.41666666666666,99.58333333333331,3320.0,2010,2,21,0.0,无,-8.5,1.1,-16.1,0.44,0.14,675.8,677.6,674.7,3.2,,,无
2010-02-22,52645.0,青海,野牛沟,38.41666666666666,99.58333333333331,3320.0,2010,2,22,0.0,无,-7.1,5.6,-19.7,0.44,0.11,677.0,679.6,673.4,2.7,,,无
2010-02-23,52645.0,青海,野牛沟,38.41666666666666,99.58333333333331,3320.0,2010,2,23,0.0,无,-5.9,8.0,-17.3,0.36,0.07,670.0,674.8,666.0,3.2,,,无
2010-02-24,52645.0,青海,野牛沟,38.41666666666666,99.58333333333331,3320.0,2010,2,24,0.0,无,-7.1,4.8,-15.5,0.39,0.16,670.6,672.1,667.3,2.8,,,无
2010-02-25,52645.0,青海,野牛沟,38.41666666666666,99.58333333333331,3320.0,2010,2,25,0.0,无,-6.6,5.9,-17.3,0.46,0.08,674.6,677.1,671.7,2.7,,,无
2010-02-26,52645.0,青海,野牛沟,38.41666666666666,99.58333333333331,3320.0,2010,2,26,0.0,无,-6.7,4.2,-15.9,0.32,0.08,674.9,676.7,672.9,3.7,,,无
2010-02-27,52645.0,青海,野牛沟,38.41666666666666,99.58333333333331,3320.0,2010,2,27,0.0,无,-5.1,10.2,-15.4,0.3,0.07,672.9,675.5,668.5,3.5,,,无
2010-02-28,52645.0,青海,野牛沟,38.41666666666666,99.58333333333331,3320.0,2010,2,28,0.0,无,-4.5,3.4,-12.6,0.35,0.13,673.1,674.3,671.4,3.3,,,无
2010-03-01,52645.0,青海,野牛沟,38.41666666666666,99.58333333333331,3320.0,2010,3,1,0.0,无,-4.4,3.8,-11.8,0.45,0.19,672.4,673.6,670.9,3.3,,,无
2010-03-02,52645.0,青海,野牛沟,38.41666666666666,99.58333333333331,3320.0,2010,3,2,0.0,无,-7.5,-1.5,-12.6,0.59,0.34,674.5,675.6,673.2,2.0,,,无
2010-03-03,52645.0,青海,野牛沟,38.41666666666666,99.58333333333331,3320.0,2010,3,3,2.1,normal,-7.6,-1.7,-11.1,0.76,0.29,671.5,675.5,669.4,1.3,,-8.80545193011169,Snow
2010-03-04,52645.0,青海,野牛沟,38.41666666666666,99.58333333333331,3320.0,2010,3,4,0.0,无,-9.2,0.6,-18.0,0.54,0.13,668.7,670.3,666.7,3.6,,,无
2010-03-05,52645.0,青海,野牛沟,38.41666666666666,99.58333333333331,3320.0,2010,3,5,0.0,无,-10.4,-0.3,-16.9,0.63,0.25,670.2,672.5,667.9,1.9,,,无
2010-03-06,52645.0,青海,野牛沟,38.41666666666666,99.58333333333331,3320.0,2010,3,6,0.0,无,-8.7,0.1,-17.6,0.49,0.14,673.9,675.6,671.6,3.2,,,无
2010-03-07,52645.0,青海,野牛沟,38.41666666666666,99.58333333333331,3320.0,2010,3,7,1.3,normal,-9.6,-3.9,-14.6,0.56,0.23,673.1,677.4,669.9,1.4,,-11.59890557972837,Snow
2010-03-08,52645.0,青海,野牛沟,38.41666666666666,99.58333333333331,3320.0,2010,3,8,0.0,无,-18.0,-8.5,-27.2,0.56,0.11,679.8,683.6,677.3,2.7,,,无
2010-03-09,52645.0,青海,野牛沟,38.41666666666666,99.58333333333331,3320.0,2010,3,9,0.0,无,-14.9,0.3,-27.6,0.29,0.06,683.9,686.3,680.3,3.1,,,无
2010-03-10,52645.0,青海,野牛沟,38.41666666666666,99.58333333333331,3320.0,2010,3,10,0.0,无,-8.3,5.0,-18.3,0.4,0.1,681.3,683.6,677.9,3.6,,,无
2010-03-11,52645.0,青海,野牛沟,38.41666666666666,99.58333333333331,3320.0,2010,3,11,0.0,无,-2.9,7.7,-10.3,0.29,0.1,678.2,679.7,676.3,4.2,,,无
2010-03-12,52645.0,青海,野牛沟,38.41666666666666,99.58333333333331,3320.0,2010,3,12,0.0,无,-3.4,10.3,-14.6,0.34,0.08,678.7,680.7,675.7,4.7,,,无
2010-03-13,52645.0,青海,野牛沟,38.41666666666666,99.58333333333331,3320.0,2010,3,13,0.0,无,-5.5,6.6,-14.6,0.4,0.1,676.0,678.1,672.9,2.4,,,无
2010-03-14,52645.0,青海,野牛沟,38.41666666666666,99.58333333333331,3320.0,2010,3,14,1.2,normal,-6.3,0.9,-12.1,0.61,0.1,677.4,678.7,675.6,3.6,,-8.405614477521578,Snow
2010-03-15,52645.0,青海,野牛沟,38.41666666666666,99.58333333333331,3320.0,2010,3,15,0.0,无,-9.6,2.7,-19.3,0.42,0.06,680.7,682.3,678.6,3.9,,,无
2010-03-16,52645.0,青海,野牛沟,38.41666666666666,99.58333333333331,3320.0,2010,3,16,0.0,无,-5.2,4.6,-12.3,0.3,0.11,680.3,682.2,678.1,5.4,,,无
2010-03-17,52645.0,青海,野牛沟,38.41666666666666,99.58333333333331,3320.0,2010,3,17,0.0,无,-2.6,9.4,-11.5,0.26,0.07,685.1,686.1,682.0,5.9,,,无
2010-03-18,52645.0,青海,野牛沟,38.41666666666666,99.58333333333331,3320.0,2010,3,18,0.0,无,-1.4,14.2,-14.6,0.25,0.03,684.7,687.5,680.9,6.3,,,无
2010-03-19,52645.0,青海,野牛沟,38.41666666666666,99.58333333333331,3320.0,2010,3,19,0.0,无,0.4,10.0,-9.5,0.21,0.08,680.4,682.7,677.7,6.6,,,无
2010-03-20,52645.0,青海,野牛沟,38.41666666666666,99.58333333333331,3320.0,2010,3,20,0.0,无,1.4,11.1,-5.8,0.44,0.16,680.4,682.1,678.3,7.5,,,无
2010-03-21,52645.0,青海,野牛沟,38.41666666666666,99.58333333333331,3320.0,2010,3,21,0.0,无,-1.4,13.9,-11.3,0.45,0.08,674.1,678.9,669.9,4.3,,,无
2010-03-22,52645.0,青海,野牛沟,38.41666666666666,99.58333333333331,3320.0,2010,3,22,0.2,normal,-4.9,-0.6,-7.1,0.67,0.41,675.8,677.2,673.7,2.2,,-6.807743228232934,Snow
2010-03-23,52645.0,青海,野牛沟,38.41666666666666,99.58333333333331,3320.0,2010,3,23,3.3,normal,-7.5,-0.6,-10.1,0.83,0.57,674.5,677.0,672.5,0.9,,-8.352285868608686,Snow
2010-03-24,52645.0,青海,野牛沟,38.41666666666666,99.58333333333331,3320.0,2010,3,24,0.4,normal,-10.2,-3.5,-18.1,0.57,0.25,681.0,682.8,676.9,2.7,,-12.071285821815817,Snow
2010-03-25,52645.0,青海,野牛沟,38.41666666666666,99.58333333333331,3320.0,2010,3,25,0.0,无,-9.2,4.1,-19.5,0.42,0.11,682.2,684.7,678.6,3.8,,,无
2010-03-26,52645.0,青海,野牛沟,38.41666666666666,99.58333333333331,3320.0,2010,3,26,1.1,normal,-8.9,-1.3,-12.0,0.77,0.23,680.9,682.5,679.1,0.8,,-9.966609061957175,Snow
2010-03-27,52645.0,青海,野牛沟,38.41666666666666,99.58333333333331,3320.0,2010,3,27,0.0,无,-8.0,7.6,-19.8,0.53,0.15,682.3,684.6,678.9,2.7,,,无
2010-03-28,52645.0,青海,野牛沟,38.41666666666666,99.58333333333331,3320.0,2010,3,28,0.0,无,-1.2,7.3,-7.5,0.44,0.19,677.2,680.7,674.1,2.8,,,无
2010-03-29,52645.0,青海,野牛沟,38.41666666666666,99.58333333333331,3320.0,2010,3,29,4.0,normal,-7.5,1.0,-11.2,0.82,0.42,678.2,680.0,675.9,1.7,,-8.3998359831531,Snow
2010-03-30,52645.0,青海,野牛沟,38.41666666666666,99.58333333333331,3320.0,2010,3,30,0.0,无,-9.2,2.5,-19.8,0.62,0.09,676.9,679.8,673.4,2.7,,,无
2010-03-31,52645.0,青海,野牛沟,38.41666666666666,99.58333333333331,3320.0,2010,3,31,0.0,无,-6.2,1.3,-12.8,0.43,0.11,676.5,678.1,674.2,4.5,,,无
2010-04-01,52645.0,青海,野牛沟,38.41666666666666,99.58333333333331,3320.0,2010,4,1,0.0,无,-7.7,2.3,-16.7,0.47,0.09,678.4,680.2,675.4,3.7,,,无
2010-04-02,52645.0,青海,野牛沟,38.41666666666666,99.58333333333331,3320.0,2010,4,2,0.0,无,-6.2,5.9,-16.6,0.42,0.09,677.8,679.9,674.0,3.3,,,无
2010-04-03,52645.0,青海,野牛沟,38.41666666666666,99.58333333333331,3320.0,2010,4,3,0.0,无,-5.1,6.5,-14.5,0.41,0.08,676.3,677.2,673.7,3.8,,,无
2010-04-04,52645.0,青海,野牛沟,38.41666666666666,99.58333333333331,3320.0,2010,4,4,0.0,无,-3.1,8.8,-13.5,0.39,0.08,677.5,679.0,674.6,5.5,,,无
2010-04-05,52645.0,青海,野牛沟,38.41666666666666,99.58333333333331,3320.0,2010,4,5,0.0,无,-5.1,2.8,-11.3,0.61,0.17,680.3,681.6,677.4,2.0,,,无
2010-04-06,52645.0,青海,野牛沟,38.41666666666666,99.58333333333331,3320.0,2010,4,6,0.0,无,-4.0,4.1,-11.5,0.6,0.15,682.2,684.0,679.7,3.0,,,无
2010-04-07,52645.0,青海,野牛沟,38.41666666666666,99.58333333333331,3320.0,2010,4,7,0.0,无,-1.9,7.5,-10.5,0.45,0.07,682.1,684.2,679.0,5.2,,,无
2010-04-08,52645.0,青海,野牛沟,38.41666666666666,99.58333333333331,3320.0,2010,4,8,0.0,无,1.1,12.7,-8.3,0.27,0.07,676.6,680.3,673.0,6.0,,,无
2010-04-09,52645.0,青海,野牛沟,38.41666666666666,99.58333333333331,3320.0,2010,4,9,0.0,无,-1.4,8.2,-7.8,0.52,0.18,674.9,678.4,671.7,3.5,,,无
2010-04-10,52645.0,青海,野牛沟,38.41666666666666,99.58333333333331,3320.0,2010,4,10,0.0,无,-2.6,6.6,-11.6,0.58,0.14,673.1,677.5,668.8,4.1,,,无
2010-04-11,52645.0,青海,野牛沟,38.41666666666666,99.58333333333331,3320.0,2010,4,11,0.0,无,-1.0,7.9,-9.2,0.5,0.13,671.8,673.5,668.9,5.6,,,无
2010-04-12,52645.0,青海,野牛沟,38.41666666666666,99.58333333333331,3320.0,2010,4,12,0.0,无,-1.1,8.6,-9.4,0.58,0.12,675.7,677.3,672.0,7.1,,,无
2010-04-13,52645.0,青海,野牛沟,38.41666666666666,99.58333333333331,3320.0,2010,4,13,1.4,normal,-4.2,3.6,-10.4,0.69,0.26,676.8,678.6,675.0,1.6,,-6.0502711595736125,Snow
2010-04-14,52645.0,青海,野牛沟,38.41666666666666,99.58333333333331,3320.0,2010,4,14,1.3,normal,-4.2,3.3,-8.2,0.69,0.22,679.0,680.2,676.3,3.6,,-6.046682327020236,Snow
2010-04-15,52645.0,青海,野牛沟,38.41666666666666,99.58333333333331,3320.0,2010,4,15,0.0,无,-2.3,8.3,-11.9,0.51,0.16,680.7,681.9,678.8,7.1,,,无
2010-04-16,52645.0,青海,野牛沟,38.41666666666666,99.58333333333331,3320.0,2010,4,16,0.0,无,1.6,12.1,-7.8,0.5,0.13,680.8,682.4,678.4,6.5,,,无
2010-04-17,52645.0,青海,野牛沟,38.41666666666666,99.58333333333331,3320.0,2010,4,17,0.0,无,2.9,11.3,-4.3,0.45,0.07,681.2,682.8,678.8,6.5,,,无
2010-04-18,52645.0,青海,野牛沟,38.41666666666666,99.58333333333331,3320.0,2010,4,18,0.0,无,1.3,9.7,-5.4,0.56,0.22,679.2,682.3,676.4,3.4,,,无
2010-04-19,52645.0,青海,野牛沟,38.41666666666666,99.58333333333331,3320.0,2010,4,19,4.6,normal,-1.3,6.0,-5.5,0.81,0.42,677.5,678.6,675.2,1.4,,-2.581921295648759,Snow
2010-04-20,52645.0,青海,野牛沟,38.41666666666666,99.58333333333331,3320.0,2010,4,20,5.8,normal,-3.1,2.7,-6.1,0.86,0.56,677.9,680.6,676.4,2.7,,-3.9669517112338104,Snow
2010-04-21,52645.0,青海,野牛沟,38.41666666666666,99.58333333333331,3320.0,2010,4,21,0.7,normal,-7.6,1.2,-15.0,0.61,0.27,681.4,682.7,679.1,3.3,,-9.557972357754249,Snow
2010-04-22,52645.0,青海,野牛沟,38.41666666666666,99.58333333333331,3320.0,2010,4,22,0.0,无,-3.8,6.9,-10.8,0.45,0.1,683.8,686.4,681.4,3.7,,,无
2010-04-23,52645.0,青海,野牛沟,38.41666666666666,99.58333333333331,3320.0,2010,4,23,0.0,无,-1.1,7.5,-8.8,0.48,0.1,681.1,683.1,678.3,4.2,,,无
2010-04-24,52645.0,青海,野牛沟,38.41666666666666,99.58333333333331,3320.0,2010,4,24,0.0,无,-0.6,5.4,-4.1,0.61,0.31,677.9,680.8,674.6,3.1,,,无
2010-04-25,52645.0,青海,野牛沟,38.41666666666666,99.58333333333331,3320.0,2010,4,25,0.0,无,-4.9,1.1,-9.3,0.29,0.12,682.2,683.6,676.1,7.9,,,无
2010-04-26,52645.0,青海,野牛沟,38.41666666666666,99.58333333333331,3320.0,2010,4,26,0.0,无,-0.2,9.2,-8.5,0.29,0.11,684.4,687.0,681.3,7.9,,,无
2010-04-27,52645.0,青海,野牛沟,38.41666666666666,99.58333333333331,3320.0,2010,4,27,0.0,无,2.1,10.9,-6.6,0.29,0.1,684.2,685.0,682.8,8.7,,,无
2010-04-28,52645.0,青海,野牛沟,38.41666666666666,99.58333333333331,3320.0,2010,4,28,0.0,无,1.8,11.5,-7.6,0.34,0.1,684.4,686.2,682.3,5.8,,,无
2010-04-29,52645.0,青海,野牛沟,38.41666666666666,99.58333333333331,3320.0,2010,4,29,0.0,无,1.2,9.4,-5.9,0.36,0.15,684.9,685.6,683.3,4.8,,,无
2010-04-30,52645.0,青海,野牛沟,38.41666666666666,99.58333333333331,3320.0,2010,4,30,0.0,无,2.1,11.9,-6.5,0.43,0.11,685.8,687.4,683.6,5.4,,,无
2010-05-01,52645.0,青海,野牛沟,38.41666666666666,99.58333333333331,3320.0,2010,5,1,0.0,无,4.1,16.3,-7.1,0.41,0.09,683.8,686.2,680.2,6.6,,,无
2010-05-02,52645.0,青海,野牛沟,38.41666666666666,99.58333333333331,3320.0,2010,5,2,0.0,无,5.8,17.7,-5.4,0.41,0.11,680.5,683.0,676.8,6.5,,,无
2010-05-03,52645.0,青海,野牛沟,38.41666666666666,99.58333333333331,3320.0,2010,5,3,0.0,无,9.2,16.9,2.0,0.33,0.11,678.4,680.7,674.3,8.8,,,无
2010-05-04,52645.0,青海,野牛沟,38.41666666666666,99.58333333333331,3320.0,2010,5,4,0.0,无,6.2,13.0,1.4,0.42,0.1,675.2,677.3,673.0,7.6,,,无
2010-05-05,52645.0,青海,野牛沟,38.41666666666666,99.58333333333331,3320.0,2010,5,5,3.3,normal,-0.7,5.8,-3.3,0.77,0.38,679.7,681.4,675.5,2.0,,-2.2965821264235364,Snow
2010-05-06,52645.0,青海,野牛沟,38.41666666666666,99.58333333333331,3320.0,2010,5,6,0.3,normal,2.5,11.7,-6.6,0.51,0.06,681.2,683.2,678.2,6.4,,-1.5094195897065577,Snow
2010-05-07,52645.0,青海,野牛沟,38.41666666666666,99.58333333333331,3320.0,2010,5,7,0.0,无,3.0,12.3,-6.0,0.44,0.12,678.5,680.7,675.6,5.6,,,无
2010-05-08,52645.0,青海,野牛沟,38.41666666666666,99.58333333333331,3320.0,2010,5,8,0.0,无,4.3,13.0,-3.6,0.44,0.08,678.0,679.1,675.5,8.2,,,无
2010-05-09,52645.0,青海,野牛沟,38.41666666666666,99.58333333333331,3320.0,2010,5,9,0.0,无,1.7,13.2,-9.1,0.33,0.06,680.8,682.7,677.6,6.8,,,无
2010-05-10,52645.0,青海,野牛沟,38.41666666666666,99.58333333333331,3320.0,2010,5,10,0.0,无,3.8,15.8,-7.9,0.37,0.09,678.9,681.0,675.5,7.3,,,无
2010-05-11,52645.0,青海,野牛沟,38.41666666666666,99.58333333333331,3320.0,2010,5,11,0.0,无,3.8,14.0,-6.3,0.4,0.12,678.7,680.2,675.7,4.6,,,无
2010-05-12,52645.0,青海,野牛沟,38.41666666666666,99.58333333333331,3320.0,2010,5,12,0.0,无,6.2,17.0,-4.8,0.49,0.13,677.2,679.2,673.9,7.3,,,无
2010-05-13,52645.0,青海,野牛沟,38.41666666666666,99.58333333333331,3320.0,2010,5,13,1.0,normal,3.2,9.9,0.9,0.74,0.28,680.3,682.4,676.0,3.4,,1.0762557363223513,Snow
2010-05-14,52645.0,青海,野牛沟,38.41666666666666,99.58333333333331,3320.0,2010,5,14,2.8,normal,2.2,13.1,-6.5,0.7,0.28,679.8,684.3,674.5,4.7,,-0.1690117041397743,Snow
2010-05-15,52645.0,青海,野牛沟,38.41666666666666,99.58333333333331,3320.0,2010,5,15,14.5,normal,2.8,9.5,0.3,0.8,0.42,676.2,677.5,675.0,3.1,,1.1994087968403422,Snow
2010-05-16,52645.0,青海,野牛沟,38.41666666666666,99.58333333333331,3320.0,2010,5,16,1.1,normal,4.2,10.2,-0.3,0.6,0.18,677.6,679.4,676.1,5.4,,0.7307466055485667,Snow
2010-05-17,52645.0,青海,野牛沟,38.41666666666666,99.58333333333331,3320.0,2010,5,17,7.0,normal,-2.5,5.1,-5.9,0.71,0.33,679.2,680.9,676.1,5.4,,-4.368963760293751,Snow
2010-05-18,52645.0,青海,野牛沟,38.41666666666666,99.58333333333331,3320.0,2010,5,18,0.0,无,0.0,8.0,-7.9,0.56,0.15,680.2,681.6,678.3,4.6,,,无
2010-05-19,52645.0,青海,野牛沟,38.41666666666666,99.58333333333331,3320.0,2010,5,19,0.0,无,4.3,13.8,-4.0,0.51,0.19,679.3,681.0,676.1,6.1,,,无
2010-05-20,52645.0,青海,野牛沟,38.41666666666666,99.58333333333331,3320.0,2010,5,20,2.9,normal,2.2,7.8,-1.1,0.69,0.34,680.7,682.0,678.0,4.0,,-0.24943742505139976,Snow
2010-05-21,52645.0,青海,野牛沟,38.41666666666666,99.58333333333331,3320.0,2010,5,21,0.5,normal,2.6,11.1,-2.7,0.76,0.26,682.8,684.1,679.9,4.8,,0.6932875140626082,Snow
2010-05-22,52645.0,青海,野牛沟,38.41666666666666,99.58333333333331,3320.0,2010,5,22,1.0,normal,6.4,15.2,-1.5,0.59,0.22,680.7,683.0,677.6,5.3,,2.5417280256930352,Rain
2010-05-23,52645.0,青海,野牛沟,38.41666666666666,99.58333333333331,3320.0,2010,5,23,4.7,normal,7.7,20.0,-0.6,0.59,0.14,679.4,680.3,675.7,11.4,,3.6560131760291847,Rain
2010-05-24,52645.0,青海,野牛沟,38.41666666666666,99.58333333333331,3320.0,2010,5,24,4.8,normal,7.7,16.2,1.9,0.72,0.35,678.3,680.8,675.0,1.7,,4.9983328834752205,Rain
2010-05-25,52645.0,青海,野牛沟,38.41666666666666,99.58333333333331,3320.0,2010,5,25,17.4,normal,2.2,6.4,0.5,0.86,0.6,677.6,679.8,676.4,2.1,,1.1147291235142687,Snow
2010-05-26,52645.0,青海,野牛沟,38.41666666666666,99.58333333333331,3320.0,2010,5,26,0.1,normal,4.2,10.2,-1.7,0.66,0.33,680.2,681.3,678.6,3.9,,1.2819150836947335,Rain
2010-05-27,52645.0,青海,野牛沟,38.41666666666666,99.58333333333331,3320.0,2010,5,27,0.0,无,6.1,12.7,0.1,0.52,0.2,680.6,681.5,679.6,7.6,,,无
2010-05-28,52645.0,青海,野牛沟,38.41666666666666,99.58333333333331,3320.0,2010,5,28,0.2,normal,6.0,13.9,-1.7,0.63,0.28,682.6,683.7,681.0,4.3,,2.5947660384383697,Rain
2010-05-29,52645.0,青海,野牛沟,38.41666666666666,99.58333333333331,3320.0,2010,5,29,8.4,normal,5.5,14.3,-0.2,0.75,0.36,683.4,684.7,680.7,4.4,,3.2832714773479355,Rain
2010-05-30,52645.0,青海,野牛沟,38.41666666666666,99.58333333333331,3320.0,2010,5,30,7.3,normal,3.3,4.9,2.3,0.9,0.8,681.9,683.9,681.0,0.4,,2.498217460670671,Snow
2010-05-31,52645.0,青海,野牛沟,38.41666666666666,99.58333333333331,3320.0,2010,5,31,2.4,normal,4.1,7.8,1.0,0.83,0.62,682.5,683.3,681.5,1.9,,2.683149853952913,Snow
2010-06-01,52645.0,青海,野牛沟,38.41666666666666,99.58333333333331,3320.0,2010,6,1,5.6,normal,4.5,13.2,0.5,0.78,0.3,683.7,684.5,681.7,4.9,,2.6275593693115207,Rain
2010-06-02,52645.0,青海,野牛沟,38.41666666666666,99.58333333333331,3320.0,2010,6,2,6.7,normal,6.0,12.5,0.8,0.68,0.3,684.4,685.3,682.6,5.7,,3.0816631769473934,Rain
2010-06-03,52645.0,青海,野牛沟,38.41666666666666,99.58333333333331,3320.0,2010,6,3,0.0,无,6.9,15.2,-0.9,0.64,0.24,684.0,685.9,681.9,6.1,,,无
2010-06-04,52645.0,青海,野牛沟,38.41666666666666,99.58333333333331,3320.0,2010,6,4,0.0,无,9.0,16.6,0.3,0.57,0.14,682.7,684.3,680.4,6.4,,,无
2010-06-05,52645.0,青海,野牛沟,38.41666666666666,99.58333333333331,3320.0,2010,6,5,0.0,无,8.8,16.9,0.2,0.59,0.26,679.4,682.2,676.0,6.3,,,无
2010-06-06,52645.0,青海,野牛沟,38.41666666666666,99.58333333333331,3320.0,2010,6,6,0.0,无,9.5,13.4,5.8,0.56,0.38,676.8,677.8,675.2,5.0,,,无
2010-06-07,52645.0,青海,野牛沟,38.41666666666666,99.58333333333331,3320.0,2010,6,7,0.2,normal,5.5,9.1,3.1,0.67,0.44,680.4,682.7,676.9,2.4,,2.531915235389266,Rain
2010-06-08,52645.0,青海,野牛沟,38.41666666666666,99.58333333333331,3320.0,2010,6,8,0.0,无,5.6,13.9,-0.8,0.65,0.16,681.8,683.9,679.1,5.7,,,无
2010-06-09,52645.0,青海,野牛沟,38.41666666666666,99.58333333333331,3320.0,2010,6,9,0.0,无,7.7,15.9,-1.1,0.54,0.13,681.1,682.3,679.7,7.0,,,无
2010-06-10,52645.0,青海,野牛沟,38.41666666666666,99.58333333333331,3320.0,2010,6,10,0.0,无,7.8,16.6,-1.8,0.48,0.15,682.5,683.6,680.6,7.1,,,无
2010-06-11,52645.0,青海,野牛沟,38.41666666666666,99.58333333333331,3320.0,2010,6,11,0.0,无,7.9,15.5,-0.1,0.5,0.27,682.9,683.8,681.4,5.9,,,无
2010-06-12,52645.0,青海,野牛沟,38.41666666666666,99.58333333333331,3320.0,2010,6,12,0.0,无,8.1,15.5,1.1,0.45,0.2,683.3,684.0,682.0,6.2,,,无
2010-06-13,52645.0,青海,野牛沟,38.41666666666666,99.58333333333331,3320.0,2010,6,13,0.0,无,7.4,16.0,-0.1,0.58,0.24,683.8,684.6,682.1,5.0,,,无
2010-06-14,52645.0,青海,野牛沟,38.41666666666666,99.58333333333331,3320.0,2010,6,14,0.0,无,9.8,15.9,1.4,0.55,0.28,683.4,685.1,681.2,6.8,,,无
2010-06-15,52645.0,青海,野牛沟,38.41666666666666,99.58333333333331,3320.0,2010,6,15,0.0,无,8.7,15.9,2.1,0.55,0.21,682.2,683.3,681.5,4.9,,,无
2010-06-16,52645.0,青海,野牛沟,38.41666666666666,99.58333333333331,3320.0,2010,6,16,0.0,无,9.2,18.9,-0.9,0.52,0.17,682.8,684.4,680.5,7.7,,,无
2010-06-17,52645.0,青海,野牛沟,38.41666666666666,99.58333333333331,3320.0,2010,6,17,0.0,无,10.3,20.9,-0.6,0.53,0.14,681.3,682.7,679.1,7.9,,,无
2010-06-18,52645.0,青海,野牛沟,38.41666666666666,99.58333333333331,3320.0,2010,6,18,0.0,无,10.5,20.1,1.7,0.52,0.25,680.7,681.6,678.9,7.8,,,无
2010-06-19,52645.0,青海,野牛沟,38.41666666666666,99.58333333333331,3320.0,2010,6,19,1.2,normal,9.1,13.1,6.9,0.61,0.35,685.5,686.8,681.5,4.3,,5.095783167668917,Rain
2010-06-20,52645.0,青海,野牛沟,38.41666666666666,99.58333333333331,3320.0,2010,6,20,0.0,无,8.8,15.6,2.1,0.67,0.35,685.9,687.3,683.9,5.4,,,无
2010-06-21,52645.0,青海,野牛沟,38.41666666666666,99.58333333333331,3320.0,2010,6,21,0.0,无,10.1,20.2,-0.8,0.57,0.16,684.1,686.0,681.2,7.3,,,无
2010-06-22,52645.0,青海,野牛沟,38.41666666666666,99.58333333333331,3320.0,2010,6,22,0.0,无,11.6,20.5,0.7,0.48,0.19,681.9,683.6,679.0,8.0,,,无
2010-06-23,52645.0,青海,野牛沟,38.41666666666666,99.58333333333331,3320.0,2010,6,23,10.5,normal,9.8,19.5,3.7,0.66,0.27,681.4,682.5,678.7,5.5,,6.253521913562552,Rain
2010-06-24,52645.0,青海,野牛沟,38.41666666666666,99.58333333333331,3320.0,2010,6,24,15.8,normal,10.6,19.4,5.1,0.67,0.3,680.8,683.3,677.6,6.6,,7.07552312943069,Rain
2010-06-25,52645.0,青海,野牛沟,38.41666666666666,99.58333333333331,3320.0,2010,6,25,0.0,无,12.8,22.2,3.4,0.61,0.19,677.0,679.2,674.3,7.5,,,无
2010-06-26,52645.0,青海,野牛沟,38.41666666666666,99.58333333333331,3320.0,2010,6,26,6.1,normal,12.3,20.8,5.1,0.69,0.33,677.4,679.8,674.7,5.5,,8.822780576817589,Rain
2010-06-27,52645.0,青海,野牛沟,38.41666666666666,99.58333333333331,3320.0,2010,6,27,17.7,normal,10.8,17.1,9.0,0.8,0.57,679.3,680.9,677.3,4.0,,8.703870593789077,Rain
2010-06-28,52645.0,青海,野牛沟,38.41666666666666,99.58333333333331,3320.0,2010,6,28,11.9,normal,7.7,9.5,6.4,0.84,0.65,681.2,682.2,680.1,0.4,,6.19014880452649,Rain
2010-06-29,52645.0,青海,野牛沟,38.41666666666666,99.58333333333331,3320.0,2010,6,29,4.5,normal,8.5,14.6,3.4,0.73,0.42,682.4,683.9,680.2,4.1,,5.836181126266324,Rain
2010-06-30,52645.0,青海,野牛沟,38.41666666666666,99.58333333333331,3320.0,2010,6,30,11.1,normal,7.7,14.5,5.1,0.8,0.49,681.7,683.0,679.6,4.6,,5.800447765654071,Rain
2010-07-01,52645.0,青海,野牛沟,38.41666666666666,99.58333333333331,3320.0,2010,7,1,4.3,normal,9.7,17.5,4.1,0.8,0.42,680.4,682.2,677.8,3.5,,7.673785126962458,Rain
2010-07-02,52645.0,青海,野牛沟,38.41666666666666,99.58333333333331,3320.0,2010,7,2,9.7,normal,9.1,13.5,6.4,0.79,0.6,682.0,682.7,679.7,2.1,,7.01000388755324,Rain
2010-07-03,52645.0,青海,野牛沟,38.41666666666666,99.58333333333331,3320.0,2010,7,3,7.7,normal,9.0,13.4,6.6,0.78,0.55,683.3,684.2,682.2,2.7,,6.815091074902164,Rain
2010-07-04,52645.0,青海,野牛沟,38.41666666666666,99.58333333333331,3320.0,2010,7,4,0.7,normal,11.7,19.0,7.5,0.67,0.43,684.7,685.1,683.3,4.6,,8.062846737268274,Rain
2010-07-05,52645.0,青海,野牛沟,38.41666666666666,99.58333333333331,3320.0,2010,7,5,0.8,normal,12.0,18.9,5.2,0.69,0.39,684.4,686.3,682.1,5.0,,8.56642380040476,Rain
2010-07-06,52645.0,青海,野牛沟,38.41666666666666,99.58333333333331,3320.0,2010,7,6,9.6,normal,11.7,19.8,6.6,0.78,0.47,681.8,684.1,678.5,5.9,,9.326099390193011,Rain
2010-07-07,52645.0,青海,野牛沟,38.41666666666666,99.58333333333331,3320.0,2010,7,7,3.8,normal,11.1,15.9,8.4,0.82,0.53,682.9,683.4,681.6,2.2,,9.20783981181495,Rain
2010-07-08,52645.0,青海,野牛沟,38.41666666666666,99.58333333333331,3320.0,2010,7,8,10.7,normal,9.0,13.8,6.2,0.84,0.67,684.9,686.6,683.3,1.5,,7.42946550653532,Rain
2010-07-09,52645.0,青海,野牛沟,38.41666666666666,99.58333333333331,3320.0,2010,7,9,0.9,normal,8.8,14.8,3.2,0.71,0.39,684.9,687.5,682.8,3.6,,5.904602785463404,Rain
2010-07-10,52645.0,青海,野牛沟,38.41666666666666,99.58333333333331,3320.0,2010,7,10,0.0,无,9.9,18.7,2.3,0.65,0.21,682.8,684.8,680.2,5.9,,,无
2010-07-11,52645.0,青海,野牛沟,38.41666666666666,99.58333333333331,3320.0,2010,7,11,2.3,normal,10.3,16.9,5.7,0.7,0.36,682.8,684.1,681.1,5.6,,7.148143450857076,Rain
2010-07-12,52645.0,青海,野牛沟,38.41666666666666,99.58333333333331,3320.0,2010,7,12,0.2,normal,9.8,18.9,2.5,0.73,0.29,681.7,682.9,679.3,5.7,,7.021698753952053,Rain
2010-07-13,52645.0,青海,野牛沟,38.41666666666666,99.58333333333331,3320.0,2010,7,13,10.5,normal,11.1,18.8,5.3,0.74,0.42,682.6,683.7,681.0,6.2,,8.322529414311358,Rain
2010-07-14,52645.0,青海,野牛沟,38.41666666666666,99.58333333333331,3320.0,2010,7,14,6.2,normal,12.1,16.0,9.2,0.79,0.57,682.5,683.2,681.8,3.7,,9.81325373554489,Rain
2010-07-15,52645.0,青海,野牛沟,38.41666666666666,99.58333333333331,3320.0,2010,7,15,4.4,normal,10.7,20.7,4.7,0.84,0.43,684.5,685.2,682.5,4.2,,9.045668133555878,Rain
2010-07-16,52645.0,青海,野牛沟,38.41666666666666,99.58333333333331,3320.0,2010,7,16,13.6,normal,9.5,15.8,8.1,0.79,0.44,686.1,686.9,684.6,4.3,,7.388543478985672,Rain
2010-07-17,52645.0,青海,野牛沟,38.41666666666666,99.58333333333331,3320.0,2010,7,17,0.3,normal,8.8,16.4,2.8,0.74,0.31,687.0,687.6,685.2,4.6,,6.221383804296328,Rain
2010-07-18,52645.0,青海,野牛沟,38.41666666666666,99.58333333333331,3320.0,2010,7,18,0.5,normal,9.9,17.6,1.4,0.63,0.25,685.9,687.9,683.7,6.7,,6.016029202406155,Rain
2010-07-19,52645.0,青海,野牛沟,38.41666666666666,99.58333333333331,3320.0,2010,7,19,0.0,无,10.9,20.3,1.7,0.63,0.22,683.5,685.6,681.1,6.9,,,无
2010-07-20,52645.0,青海,野牛沟,38.41666666666666,99.58333333333331,3320.0,2010,7,20,0.0,无,12.3,21.3,2.7,0.6,0.21,681.2,682.8,679.2,7.1,,,无
2010-07-21,52645.0,青海,野牛沟,38.41666666666666,99.58333333333331,3320.0,2010,7,21,8.8,normal,12.1,20.8,4.8,0.68,0.31,680.7,682.0,678.9,6.6,,8.530399875965479,Rain
2010-07-22,52645.0,青海,野牛沟,38.41666666666666,99.58333333333331,3320.0,2010,7,22,0.1,normal,13.0,23.6,3.9,0.68,0.27,682.3,683.2,680.9,7.0,,9.338582894448212,Rain
2010-07-23,52645.0,青海,野牛沟,38.41666666666666,99.58333333333331,3320.0,2010,7,23,0.0,无,14.2,24.8,4.6,0.62,0.22,682.2,683.6,680.6,7.5,,,无
2010-07-24,52645.0,青海,野牛沟,38.41666666666666,99.58333333333331,3320.0,2010,7,24,0.0,无,15.3,23.8,5.7,0.56,0.17,682.5,683.3,680.9,8.1,,,无
2010-07-25,52645.0,青海,野牛沟,38.41666666666666,99.58333333333331,3320.0,2010,7,25,0.0,无,13.2,23.7,2.8,0.59,0.25,682.0,683.4,680.2,7.4,,,无
2010-07-26,52645.0,青海,野牛沟,38.41666666666666,99.58333333333331,3320.0,2010,7,26,0.0,无,16.1,25.2,6.4,0.61,0.29,681.9,683.0,680.2,7.7,,,无
2010-07-27,52645.0,青海,野牛沟,38.41666666666666,99.58333333333331,3320.0,2010,7,27,0.0,无,16.5,26.2,7.1,0.64,0.27,682.4,683.6,681.0,9.2,,,无
2010-07-28,52645.0,青海,野牛沟,38.41666666666666,99.58333333333331,3320.0,2010,7,28,0.0,无,17.0,25.4,8.7,0.64,0.31,683.0,684.4,681.6,7.0,,,无
2010-07-29,52645.0,青海,野牛沟,38.41666666666666,99.58333333333331,3320.0,2010,7,29,0.3,normal,17.3,26.8,8.6,0.63,0.31,682.3,683.9,679.3,7.3,,12.48411656152848,Rain
2010-07-30,52645.0,青海,野牛沟,38.41666666666666,99.58333333333331,3320.0,2010,7,30,4.2,normal,14.8,27.2,7.6,0.75,0.31,682.8,684.8,679.8,8.2,,11.84173781514765,Rain
2010-07-31,52645.0,青海,野牛沟,38.41666666666666,99.58333333333331,3320.0,2010,7,31,3.0,normal,16.5,26.2,8.4,0.67,0.3,682.6,685.7,679.2,6.8,,12.336425756149985,Rain
2010-08-01,52645.0,青海,野牛沟,38.41666666666666,99.58333333333331,3320.0,2010,8,1,0.2,normal,17.5,26.3,10.8,0.66,0.33,682.8,684.7,680.8,7.3,,13.08835811243291,Rain
2010-08-02,52645.0,青海,野牛沟,38.41666666666666,99.58333333333331,3320.0,2010,8,2,9.3,normal,15.1,22.2,12.0,0.8,0.5,683.5,685.5,681.5,4.9,,12.743036712839547,Rain
2010-08-03,52645.0,青海,野牛沟,38.41666666666666,99.58333333333331,3320.0,2010,8,3,5.1,normal,13.0,18.4,9.9,0.83,0.6,682.6,683.9,680.2,3.8,,11.117481201912693,Rain
2010-08-04,52645.0,青海,野牛沟,38.41666666666666,99.58333333333331,3320.0,2010,8,4,0.2,normal,10.8,16.3,7.8,0.69,0.49,684.9,686.0,683.9,3.9,,7.489638974022754,Rain
2010-08-05,52645.0,青海,野牛沟,38.41666666666666,99.58333333333331,3320.0,2010,8,5,0.0,无,11.6,22.7,2.5,0.69,0.28,685.7,687.7,683.3,6.2,,,无
2010-08-06,52645.0,青海,野牛沟,38.41666666666666,99.58333333333331,3320.0,2010,8,6,0.0,无,13.9,24.3,5.2,0.65,0.31,684.5,686.1,682.5,6.2,,,无
2010-08-07,52645.0,青海,野牛沟,38.41666666666666,99.58333333333331,3320.0,2010,8,7,0.0,无,13.6,22.1,8.7,0.62,0.29,683.2,684.8,681.5,6.2,,,无
2010-08-08,52645.0,青海,野牛沟,38.41666666666666,99.58333333333331,3320.0,2010,8,8,0.1,normal,11.1,21.2,4.2,0.65,0.33,682.1,683.9,679.2,5.8,,7.290989243678001,Rain
2010-08-09,52645.0,青海,野牛沟,38.41666666666666,99.58333333333331,3320.0,2010,8,9,2.6,normal,11.2,16.5,8.3,0.77,0.52,681.7,682.5,680.8,2.8,,8.749272412028454,Rain
2010-08-10,52645.0,青海,野牛沟,38.41666666666666,99.58333333333331,3320.0,2010,8,10,10.5,normal,11.0,13.8,9.3,0.8,0.59,682.2,682.9,681.1,1.6,,8.894704535413375,Rain
2010-08-11,52645.0,青海,野牛沟,38.41666666666666,99.58333333333331,3320.0,2010,8,11,0.8,normal,11.9,19.6,6.6,0.77,0.46,683.6,684.3,682.2,4.7,,9.400980857595492,Rain
2010-08-12,52645.0,青海,野牛沟,38.41666666666666,99.58333333333331,3320.0,2010,8,12,0.0,无,12.5,17.9,8.9,0.7,0.46,683.8,686.0,681.8,4.3,,,无
2010-08-13,52645.0,青海,野牛沟,38.41666666666666,99.58333333333331,3320.0,2010,8,13,0.0,无,11.2,19.3,6.6,0.66,0.19,683.0,684.6,680.6,6.5,,,无
2010-08-14,52645.0,青海,野牛沟,38.41666666666666,99.58333333333331,3320.0,2010,8,14,0.0,无,8.0,19.8,-2.1,0.58,0.13,684.2,685.6,681.9,6.3,,,无
2010-08-15,52645.0,青海,野牛沟,38.41666666666666,99.58333333333331,3320.0,2010,8,15,0.0,无,9.2,21.0,-1.3,0.55,0.15,683.8,685.4,681.6,6.2,,,无
2010-08-16,52645.0,青海,野牛沟,38.41666666666666,99.58333333333331,3320.0,2010,8,16,0.4,normal,11.5,18.2,7.7,0.58,0.31,683.7,685.0,681.9,3.4,,6.808312256828795,Rain
2010-08-17,52645.0,青海,野牛沟,38.41666666666666,99.58333333333331,3320.0,2010,8,17,2.7,normal,8.3,11.5,6.3,0.75,0.5,684.0,685.1,683.0,1.8,,5.860629649660454,Rain
2010-08-18,52645.0,青海,野牛沟,38.41666666666666,99.58333333333331,3320.0,2010,8,18,4.3,normal,9.0,16.5,2.6,0.69,0.32,683.7,684.9,682.3,4.7,,5.871003215134141,Rain
2010-08-19,52645.0,青海,野牛沟,38.41666666666666,99.58333333333331,3320.0,2010,8,19,0.0,无,8.4,19.6,0.0,0.71,0.3,685.6,686.9,683.1,5.2,,,无
2010-08-20,52645.0,青海,野牛沟,38.41666666666666,99.58333333333331,3320.0,2010,8,20,6.1,normal,8.1,14.0,4.7,0.67,0.43,687.7,688.8,685.6,3.6,,4.8634242551818785,Rain
2010-08-21,52645.0,青海,野牛沟,38.41666666666666,99.58333333333331,3320.0,2010,8,21,0.0,无,7.1,17.2,-1.0,0.64,0.23,688.1,689.5,686.1,5.7,,,无
2010-08-22,52645.0,青海,野牛沟,38.41666666666666,99.58333333333331,3320.0,2010,8,22,2.5,normal,4.5,13.1,0.5,0.83,0.32,687.3,687.8,686.2,3.0,,3.0668217601528225,Snow
2010-08-23,52645.0,青海,野牛沟,38.41666666666666,99.58333333333331,3320.0,2010,8,23,0.0,无,7.9,18.3,0.8,0.66,0.23,686.2,688.1,683.2,5.7,,,无
2010-08-24,52645.0,青海,野牛沟,38.41666666666666,99.58333333333331,3320.0,2010,8,24,1.2,normal,9.0,18.8,0.0,0.64,0.2,684.5,686.6,682.2,6.0,,5.3343522252494635,Rain
2010-08-25,52645.0,青海,野牛沟,38.41666666666666,99.58333333333331,3320.0,2010,8,25,0.0,无,8.9,19.2,-0.7,0.63,0.23,684.2,685.2,682.6,5.8,,,无
2010-08-26,52645.0,青海,野牛沟,38.41666666666666,99.58333333333331,3320.0,2010,8,26,0.0,无,8.4,20.8,-0.9,0.62,0.22,685.3,686.7,683.4,5.8,,,无
2010-08-27,52645.0,青海,野牛沟,38.41666666666666,99.58333333333331,3320.0,2010,8,27,0.0,无,9.6,22.9,-1.4,0.59,0.16,684.6,686.3,682.1,6.6,,,无
2010-08-28,52645.0,青海,野牛沟,38.41666666666666,99.58333333333331,3320.0,2010,8,28,0.0,无,10.5,20.7,1.4,0.64,0.31,683.2,683.9,681.1,4.9,,,无
2010-08-29,52645.0,青海,野牛沟,38.41666666666666,99.58333333333331,3320.0,2010,8,29,11.0,normal,8.4,12.6,6.6,0.84,0.55,683.4,684.8,682.6,1.8,,6.857651031606857,Rain
2010-08-30,52645.0,青海,野牛沟,38.41666666666666,99.58333333333331,3320.0,2010,8,30,2.0,normal,8.2,15.8,4.9,0.69,0.22,684.5,686.0,682.4,4.8,,5.154051702314466,Rain
2010-08-31,52645.0,青海,野牛沟,38.41666666666666,99.58333333333331,3320.0,2010,8,31,0.7,normal,7.2,15.1,3.4,0.66,0.25,684.9,685.7,682.6,5.0,,3.9553782201725918,Rain
2010-09-01,52645.0,青海,野牛沟,38.41666666666666,99.58333333333331,3320.0,2010,9,1,2.8,normal,5.2,11.8,0.8,0.76,0.38,686.7,687.3,684.4,3.0,,3.1025589532565467,Rain
2010-09-02,52645.0,青海,野牛沟,38.41666666666666,99.58333333333331,3320.0,2010,9,2,2.0,normal,3.4,14.5,-4.0,0.77,0.23,686.4,688.4,683.6,3.4,,1.5224732084197923,Rain
2010-09-03,52645.0,青海,野牛沟,38.41666666666666,99.58333333333331,3320.0,2010,9,3,1.6,normal,5.8,15.7,0.2,0.64,0.13,684.2,687.3,681.2,4.6,,2.5195731555097334,Rain
2010-09-04,52645.0,青海,野牛沟,38.41666666666666,99.58333333333331,3320.0,2010,9,4,2.1,normal,5.9,12.2,0.5,0.67,0.42,682.0,683.0,681.1,3.0,,2.891756801326184,Rain
2010-09-05,52645.0,青海,野牛沟,38.41666666666666,99.58333333333331,3320.0,2010,9,5,3.1,normal,5.3,12.9,0.8,0.77,0.37,682.4,684.4,679.5,3.8,,3.2799754748891763,Rain
2010-09-06,52645.0,青海,野牛沟,38.41666666666666,99.58333333333331,3320.0,2010,9,6,3.7,normal,6.2,14.4,0.6,0.62,0.15,681.2,684.7,677.9,5.3,,2.668307261262055,Rain
2010-09-07,52645.0,青海,野牛沟,38.41666666666666,99.58333333333331,3320.0,2010,9,7,0.0,无,3.2,12.0,-5.6,0.49,0.13,680.8,682.6,678.7,5.7,,,无
2010-09-08,52645.0,青海,野牛沟,38.41666666666666,99.58333333333331,3320.0,2010,9,8,0.0,无,3.2,14.7,-6.5,0.54,0.13,683.9,685.1,680.9,5.3,,,无
2010-09-09,52645.0,青海,野牛沟,38.41666666666666,99.58333333333331,3320.0,2010,9,9,0.0,无,4.1,17.4,-5.9,0.59,0.12,685.3,686.7,682.9,4.5,,,无
2010-09-10,52645.0,青海,野牛沟,38.41666666666666,99.58333333333331,3320.0,2010,9,10,0.0,无,5.3,18.6,-5.3,0.58,0.17,684.6,686.5,681.6,5.3,,,无
2010-09-11,52645.0,青海,野牛沟,38.41666666666666,99.58333333333331,3320.0,2010,9,11,0.0,无,6.8,18.6,-3.5,0.55,0.19,684.5,686.2,681.8,4.7,,,无
2010-09-12,52645.0,青海,野牛沟,38.41666666666666,99.58333333333331,3320.0,2010,9,12,0.3,normal,9.3,21.3,-0.1,0.61,0.17,682.9,684.8,680.3,5.7,,5.2627025212745915,Rain
2010-09-13,52645.0,青海,野牛沟,38.41666666666666,99.58333333333331,3320.0,2010,9,13,0.0,无,10.4,22.2,-0.1,0.59,0.24,681.0,683.1,677.9,5.7,,,无
2010-09-14,52645.0,青海,野牛沟,38.41666666666666,99.58333333333331,3320.0,2010,9,14,4.7,normal,11.8,21.7,6.3,0.76,0.34,680.5,681.8,677.6,6.3,,9.190234030029409,Rain
2010-09-15,52645.0,青海,野牛沟,38.41666666666666,99.58333333333331,3320.0,2010,9,15,9.5,normal,9.7,17.8,5.9,0.81,0.57,680.8,682.5,677.9,4.6,,7.779117042722743,Rain
2010-09-16,52645.0,青海,野牛沟,38.41666666666666,99.58333333333331,3320.0,2010,9,16,0.2,normal,11.1,18.6,7.7,0.79,0.5,680.0,681.3,677.9,3.9,,8.875855258195017,Rain
2010-09-17,52645.0,青海,野牛沟,38.41666666666666,99.58333333333331,3320.0,2010,9,17,12.8,normal,9.1,12.9,6.7,0.82,0.6,680.7,681.9,679.2,2.3,,7.316963287158376,Rain
2010-09-18,52645.0,青海,野牛沟,38.41666666666666,99.58333333333331,3320.0,2010,9,18,0.0,无,11.8,21.4,6.1,0.72,0.31,681.9,683.4,680.2,5.0,,,无
2010-09-19,52645.0,青海,野牛沟,38.41666666666666,99.58333333333331,3320.0,2010,9,19,0.0,无,12.3,23.4,3.9,0.71,0.37,680.6,682.7,677.4,5.0,,,无
2010-09-20,52645.0,青海,野牛沟,38.41666666666666,99.58333333333331,3320.0,2010,9,20,12.7,normal,7.6,16.4,5.7,0.84,0.57,681.8,685.8,678.2,1.6,,6.095614116666073,Rain
2010-09-21,52645.0,青海,野牛沟,38.41666666666666,99.58333333333331,3320.0,2010,9,21,0.0,无,6.4,12.1,3.1,0.72,0.45,688.3,689.6,685.7,3.3,,,无
2010-09-22,52645.0,青海,野牛沟,38.41666666666666,99.58333333333331,3320.0,2010,9,22,0.0,无,7.6,17.0,3.5,0.67,0.28,686.7,689.4,683.5,4.7,,,无
2010-09-23,52645.0,青海,野牛沟,38.41666666666666,99.58333333333331,3320.0,2010,9,23,0.0,无,6.9,16.0,-0.6,0.64,0.26,682.8,685.4,679.4,4.1,,,无
2010-09-24,52645.0,青海,野牛沟,38.41666666666666,99.58333333333331,3320.0,2010,9,24,6.5,normal,3.8,8.5,0.5,0.77,0.46,683.2,684.3,681.0,2.5,,1.8894972508635677,Rain
2010-09-25,52645.0,青海,野牛沟,38.41666666666666,99.58333333333331,3320.0,2010,9,25,0.1,normal,5.1,10.3,2.2,0.66,0.4,684.5,685.8,683.2,3.2,,2.0904919077339867,Rain
2010-09-26,52645.0,青海,野牛沟,38.41666666666666,99.58333333333331,3320.0,2010,9,26,0.0,无,3.6,11.2,-2.3,0.7,0.37,684.4,685.6,682.7,2.3,,,无
2010-09-27,52645.0,青海,野牛沟,38.41666666666666,99.58333333333331,3320.0,2010,9,27,2.3,normal,4.6,10.9,1.8,0.75,0.46,683.8,685.1,682.3,1.9,,2.4552843416119208,Rain
2010-09-28,52645.0,青海,野牛沟,38.41666666666666,99.58333333333331,3320.0,2010,9,28,0.8,normal,4.2,11.4,-0.3,0.69,0.24,685.4,687.0,683.7,3.7,,1.5603846814431366,Rain
2010-09-29,52645.0,青海,野牛沟,38.41666666666666,99.58333333333331,3320.0,2010,9,29,0.0,无,2.8,12.9,-3.6,0.69,0.24,685.2,686.4,682.6,3.0,,,无
2010-09-30,52645.0,青海,野牛沟,38.41666666666666,99.58333333333331,3320.0,2010,9,30,3.1,normal,1.8,8.1,-1.0,0.85,0.51,684.7,685.9,682.1,1.3,,0.6597036938280398,Snow
2010-10-01,52645.0,青海,野牛沟,38.41666666666666,99.58333333333331,3320.0,2010,10,1,0.0,无,0.4,8.3,-4.3,0.69,0.24,685.7,686.9,683.9,5.0,,,无
2010-10-02,52645.0,青海,野牛沟,38.41666666666666,99.58333333333331,3320.0,2010,10,2,0.0,无,-0.3,11.7,-8.9,0.59,0.08,688.3,689.6,686.1,3.5,,,无
2010-10-03,52645.0,青海,野牛沟,38.41666666666666,99.58333333333331,3320.0,2010,10,3,0.0,无,0.4,12.5,-8.1,0.57,0.13,688.5,690.0,685.8,2.7,,,无
2010-10-04,52645.0,青海,野牛沟,38.41666666666666,99.58333333333331,3320.0,2010,10,4,0.0,无,1.0,12.5,-7.0,0.6,0.18,687.4,689.1,684.6,2.9,,,无
2010-10-05,52645.0,青海,野牛沟,38.41666666666666,99.58333333333331,3320.0,2010,10,5,4.9,normal,0.9,4.8,-2.6,0.85,0.52,685.5,687.6,683.6,0.5,,-0.19916528736355854,Snow
2010-10-06,52645.0,青海,野牛沟,38.41666666666666,99.58333333333331,3320.0,2010,10,6,1.2,normal,-0.9,8.7,-8.7,0.67,0.27,686.0,687.5,684.1,2.8,,-3.1826224136147774,Snow
2010-10-07,52645.0,青海,野牛沟,38.41666666666666,99.58333333333331,3320.0,2010,10,7,0.0,无,-0.1,12.4,-7.7,0.63,0.17,683.9,686.3,681.4,2.9,,,无
2010-10-08,52645.0,青海,野牛沟,38.41666666666666,99.58333333333331,3320.0,2010,10,8,0.0,无,1.6,13.3,-6.8,0.61,0.16,680.7,682.3,678.2,2.9,,,无
2010-10-09,52645.0,青海,野牛沟,38.41666666666666,99.58333333333331,3320.0,2010,10,9,0.0,无,2.3,12.2,-4.8,0.65,0.17,677.9,680.6,674.6,2.8,,,无
2010-10-10,52645.0,青海,野牛沟,38.41666666666666,99.58333333333331,3320.0,2010,10,10,0.0,无,0.2,10.1,-6.2,0.59,0.12,679.2,680.5,676.3,3.4,,,无
2010-10-11,52645.0,青海,野牛沟,38.41666666666666,99.58333333333331,3320.0,2010,10,11,0.0,无,-1.0,9.6,-8.8,0.65,0.22,681.2,682.5,678.5,2.7,,,无
2010-10-12,52645.0,青海,野牛沟,38.41666666666666,99.58333333333331,3320.0,2010,10,12,4.1,normal,-0.4,8.0,-4.2,0.78,0.31,683.5,685.1,681.7,1.7,,-1.940833496930252,Snow
2010-10-13,52645.0,青海,野牛沟,38.41666666666666,99.58333333333331,3320.0,2010,10,13,0.4,normal,-1.5,7.1,-7.0,0.79,0.31,684.0,685.2,682.1,0.0,,-2.8998809618082477,Snow
2010-10-14,52645.0,青海,野牛沟,38.41666666666666,99.58333333333331,3320.0,2010,10,14,0.7,normal,-1.4,4.4,-5.1,0.73,0.34,686.1,687.1,684.5,1.8,,-3.2154068268717007,Snow
2010-10-15,52645.0,青海,野牛沟,38.41666666666666,99.58333333333331,3320.0,2010,10,15,0.0,无,-1.1,11.0,-9.3,0.63,0.18,684.7,687.1,681.8,2.2,,,无
2010-10-16,52645.0,青海,野牛沟,38.41666666666666,99.58333333333331,3320.0,2010,10,16,0.0,无,-0.7,9.3,-8.0,0.65,0.23,684.6,685.7,682.8,1.9,,,无
2010-10-17,52645.0,青海,野牛沟,38.41666666666666,99.58333333333331,3320.0,2010,10,17,0.0,无,-0.7,10.4,-8.7,0.62,0.16,685.1,686.6,682.2,2.4,,,无
2010-10-18,52645.0,青海,野牛沟,38.41666666666666,99.58333333333331,3320.0,2010,10,18,0.0,无,-1.2,8.7,-9.3,0.56,0.15,686.4,688.1,684.1,2.2,,,无
2010-10-19,52645.0,青海,野牛沟,38.41666666666666,99.58333333333331,3320.0,2010,10,19,0.0,无,-0.3,9.3,-7.1,0.63,0.21,686.4,687.7,684.9,2.6,,,无
2010-10-20,52645.0,青海,野牛沟,38.41666666666666,99.58333333333331,3320.0,2010,10,20,0.0,无,-0.7,10.2,-9.3,0.63,0.2,684.5,687.1,681.6,2.5,,,无
2010-10-21,52645.0,青海,野牛沟,38.41666666666666,99.58333333333331,3320.0,2010,10,21,0.0,无,-0.9,9.8,-8.4,0.66,0.28,680.7,683.9,677.3,2.2,,,无
2010-10-22,52645.0,青海,野牛沟,38.41666666666666,99.58333333333331,3320.0,2010,10,22,0.0,无,-0.8,10.9,-9.3,0.58,0.12,678.4,679.9,676.7,2.8,,,无
2010-10-23,52645.0,青海,野牛沟,38.41666666666666,99.58333333333331,3320.0,2010,10,23,0.0,无,-0.5,10.1,-6.9,0.69,0.36,678.3,679.9,675.1,1.9,,,无
2010-10-24,52645.0,青海,野牛沟,38.41666666666666,99.58333333333331,3320.0,2010,10,24,13.8,normal,-5.1,0.8,-7.5,0.77,0.54,681.9,683.2,678.2,3.7,,-6.39957133818521,Snow
2010-10-25,52645.0,青海,野牛沟,38.41666666666666,99.58333333333331,3320.0,2010,10,25,1.9,normal,-6.7,-1.7,-10.1,0.76,0.54,684.7,685.9,682.9,1.9,,-7.948136197327069,Snow
2010-10-26,52645.0,青海,野牛沟,38.41666666666666,99.58333333333331,3320.0,2010,10,26,0.0,无,-11.9,-5.0,-19.1,0.74,0.55,685.4,686.6,684.3,1.6,,,无
2010-10-27,52645.0,青海,野牛沟,38.41666666666666,99.58333333333331,3320.0,2010,10,27,0.0,无,-14.0,-2.4,-21.3,0.68,0.38,685.5,687.0,683.8,1.6,,,无
2010-10-28,52645.0,青海,野牛沟,38.41666666666666,99.58333333333331,3320.0,2010,10,28,0.0,无,-13.5,-2.6,-21.1,0.64,0.34,685.0,686.0,683.4,2.0,,,无
2010-10-29,52645.0,青海,野牛沟,38.41666666666666,99.58333333333331,3320.0,2010,10,29,0.0,无,-12.4,1.0,-20.4,0.61,0.23,687.0,688.0,685.4,1.8,,,无
2010-10-30,52645.0,青海,野牛沟,38.41666666666666,99.58333333333331,3320.0,2010,10,30,0.0,无,-10.4,2.9,-18.5,0.64,0.25,687.0,688.8,685.1,1.9,,,无
2010-10-31,52645.0,青海,野牛沟,38.41666666666666,99.58333333333331,3320.0,2010,10,31,0.0,无,-8.6,5.0,-16.4,0.65,0.23,685.0,687.0,682.6,1.6,,,无
2010-11-01,52645.0,青海,野牛沟,38.41666666666666,99.58333333333331,3320.0,2010,11,1,0.0,无,-9.7,-1.4,-16.3,0.63,0.28,686.0,687.1,683.9,2.0,,,无
2010-11-02,52645.0,青海,野牛沟,38.41666666666666,99.58333333333331,3320.0,2010,11,2,0.0,无,-11.9,-0.9,-20.0,0.6,0.26,687.8,689.2,685.6,1.9,,,无
2010-11-03,52645.0,青海,野牛沟,38.41666666666666,99.58333333333331,3320.0,2010,11,3,0.0,无,-11.8,3.1,-20.6,0.58,0.13,687.9,689.7,685.7,1.8,,,无
2010-11-04,52645.0,青海,野牛沟,38.41666666666666,99.58333333333331,3320.0,2010,11,4,0.0,无,-10.7,0.7,-18.0,0.61,0.28,686.3,687.8,684.6,1.6,,,无
2010-11-05,52645.0,青海,野牛沟,38.41666666666666,99.58333333333331,3320.0,2010,11,5,0.0,无,-10.7,1.5,-20.4,0.57,0.21,684.2,687.2,680.4,1.9,,,无
2010-11-06,52645.0,青海,野牛沟,38.41666666666666,99.58333333333331,3320.0,2010,11,6,0.0,无,-8.7,-0.8,-13.7,0.56,0.17,682.7,685.0,680.5,2.2,,,无
2010-11-07,52645.0,青海,野牛沟,38.41666666666666,99.58333333333331,3320.0,2010,11,7,0.0,无,-12.2,-0.9,-20.6,0.53,0.18,685.9,687.2,684.2,2.0,,,无
2010-11-08,52645.0,青海,野牛沟,38.41666666666666,99.58333333333331,3320.0,2010,11,8,0.0,无,-9.5,1.1,-17.7,0.59,0.28,687.8,688.9,685.9,1.8,,,无
2010-11-09,52645.0,青海,野牛沟,38.41666666666666,99.58333333333331,3320.0,2010,11,9,0.0,无,-8.7,2.8,-16.7,0.59,0.22,686.6,689.2,683.8,2.2,,,无
2010-11-10,52645.0,青海,野牛沟,38.41666666666666,99.58333333333331,3320.0,2010,11,10,0.0,无,-9.7,-1.8,-15.8,0.53,0.16,684.8,686.7,682.9,2.3,,,无
2010-11-11,52645.0,青海,野牛沟,38.41666666666666,99.58333333333331,3320.0,2010,11,11,0.0,无,-9.9,1.5,-17.5,0.45,0.14,682.6,687.4,678.3,2.1,,,无
2010-11-12,52645.0,青海,野牛沟,38.41666666666666,99.58333333333331,3320.0,2010,11,12,0.0,无,-10.9,0.2,-18.6,0.53,0.17,678.3,679.8,676.7,1.9,,,无
2010-11-13,52645.0,青海,野牛沟,38.41666666666666,99.58333333333331,3320.0,2010,11,13,0.0,无,-11.2,-0.4,-19.7,0.53,0.2,681.6,683.6,679.8,1.8,,,无
2010-11-14,52645.0,青海,野牛沟,38.41666666666666,99.58333333333331,3320.0,2010,11,14,0.0,无,-11.8,-0.5,-19.8,0.55,0.22,686.9,689.0,683.5,1.6,,,无
2010-11-15,52645.0,青海,野牛沟,38.41666666666666,99.58333333333331,3320.0,2010,11,15,0.0,无,-12.2,-0.8,-20.4,0.51,0.16,686.2,688.0,683.9,2.0,,,无
2010-11-16,52645.0,青海,野牛沟,38.41666666666666,99.58333333333331,3320.0,2010,11,16,0.0,无,-13.2,0.3,-21.9,0.52,0.19,682.8,686.1,679.8,1.5,,,无
2010-11-17,52645.0,青海,野牛沟,38.41666666666666,99.58333333333331,3320.0,2010,11,17,0.0,无,-11.3,1.0,-20.5,0.52,0.16,680.9,682.4,678.7,1.9,,,无
2010-11-18,52645.0,青海,野牛沟,38.41666666666666,99.58333333333331,3320.0,2010,11,18,0.6,normal,-8.2,0.0,-15.4,0.55,0.21,683.0,686.2,679.9,1.9,,-10.390614738132392,Snow
2010-11-19,52645.0,青海,野牛沟,38.41666666666666,99.58333333333331,3320.0,2010,11,19,0.0,无,-11.9,1.8,-20.7,0.55,0.14,679.0,683.3,675.4,1.8,,,无
2010-11-20,52645.0,青海,野牛沟,38.41666666666666,99.58333333333331,3320.0,2010,11,20,0.0,无,-12.3,0.9,-20.7,0.53,0.12,675.9,677.5,673.8,1.7,,,无
2010-11-21,52645.0,青海,野牛沟,38.41666666666666,99.58333333333331,3320.0,2010,11,21,0.0,无,-11.8,-1.6,-20.9,0.47,0.16,679.3,681.5,676.7,1.8,,,无
2010-11-22,52645.0,青海,野牛沟,38.41666666666666,99.58333333333331,3320.0,2010,11,22,0.0,无,-11.3,1.2,-20.5,0.5,0.17,675.8,677.9,674.1,1.7,,,无
2010-11-23,52645.0,青海,野牛沟,38.41666666666666,99.58333333333331,3320.0,2010,11,23,0.0,无,-10.7,0.2,-17.4,0.52,0.18,676.8,679.0,675.3,2.0,,,无
2010-11-24,52645.0,青海,野牛沟,38.41666666666666,99.58333333333331,3320.0,2010,11,24,0.0,无,-12.2,0.1,-20.4,0.58,0.19,681.1,682.4,679.0,1.7,,,无
2010-11-25,52645.0,青海,野牛沟,38.41666666666666,99.58333333333331,3320.0,2010,11,25,0.0,无,-12.4,0.2,-21.1,0.52,0.16,681.9,683.3,679.8,1.9,,,无
2010-11-26,52645.0,青海,野牛沟,38.41666666666666,99.58333333333331,3320.0,2010,11,26,0.0,无,-11.7,0.2,-19.9,0.5,0.15,681.3,682.9,678.9,1.7,,,无
2010-11-27,52645.0,青海,野牛沟,38.41666666666666,99.58333333333331,3320.0,2010,11,27,0.0,无,-13.1,-1.4,-21.6,0.5,0.16,681.4,682.7,680.1,1.7,,,无
2010-11-28,52645.0,青海,野牛沟,38.41666666666666,99.58333333333331,3320.0,2010,11,28,0.0,无,-14.8,-2.2,-23.2,0.51,0.17,682.4,684.4,680.0,1.8,,,无
2010-11-29,52645.0,青海,野牛沟,38.41666666666666,99.58333333333331,3320.0,2010,11,29,0.0,无,-14.7,-1.2,-23.0,0.45,0.12,682.3,683.7,681.0,1.6,,,无
2010-11-30,52645.0,青海,野牛沟,38.41666666666666,99.58333333333331,3320.0,2010,11,30,0.0,无,-15.1,-1.9,-23.3,0.5,0.16,682.3,684.3,679.7,1.5,,,无
2010-12-01,52645.0,青海,野牛沟,38.41666666666666,99.58333333333331,3320.0,2010,12,1,0.0,无,-14.0,0.9,-23.3,0.46,0.12,679.5,681.2,677.2,1.8,,,无
2010-12-02,52645.0,青海,野牛沟,38.41666666666666,99.58333333333331,3320.0,2010,12,2,0.0,无,-12.2,0.9,-20.9,0.47,0.17,681.8,684.1,679.4,1.6,,,无
2010-12-03,52645.0,青海,野牛沟,38.41666666666666,99.58333333333331,3320.0,2010,12,3,0.0,无,-13.5,1.8,-22.6,0.48,0.12,680.2,682.4,678.0,1.7,,,无
2010-12-04,52645.0,青海,野牛沟,38.41666666666666,99.58333333333331,3320.0,2010,12,4,0.0,无,-13.3,2.6,-23.3,0.45,0.12,676.5,678.9,673.9,1.5,,,无
2010-12-05,52645.0,青海,野牛沟,38.41666666666666,99.58333333333331,3320.0,2010,12,5,0.0,无,-10.4,-4.4,-16.1,0.53,0.27,680.2,682.5,675.7,1.6,,,无
2010-12-06,52645.0,青海,野牛沟,38.41666666666666,99.58333333333331,3320.0,2010,12,6,0.3,normal,-13.2,-7.4,-17.4,0.69,0.39,684.3,685.5,682.5,0.8,,-14.317866461893857,Snow
2010-12-07,52645.0,青海,野牛沟,38.41666666666666,99.58333333333331,3320.0,2010,12,7,0.0,无,-18.2,-6.6,-26.1,0.57,0.23,685.5,687.2,683.1,1.3,,,无
2010-12-08,52645.0,青海,野牛沟,38.41666666666666,99.58333333333331,3320.0,2010,12,8,0.0,无,-18.5,-4.8,-26.4,0.52,0.18,680.5,684.5,676.9,1.4,,,无
2010-12-09,52645.0,青海,野牛沟,38.41666666666666,99.58333333333331,3320.0,2010,12,9,0.0,无,-16.9,-2.8,-25.9,0.51,0.18,676.2,677.6,673.8,1.6,,,无
2010-12-10,52645.0,青海,野牛沟,38.41666666666666,99.58333333333331,3320.0,2010,12,10,0.0,无,-14.6,-1.3,-23.1,0.51,0.19,675.3,676.6,672.8,1.4,,,无
2010-12-11,52645.0,青海,野牛沟,38.41666666666666,99.58333333333331,3320.0,2010,12,11,0.0,无,-14.9,-1.8,-23.5,0.52,0.15,673.0,676.5,669.8,1.7,,,无
2010-12-12,52645.0,青海,野牛沟,38.41666666666666,99.58333333333331,3320.0,2010,12,12,0.0,无,-13.2,-3.4,-23.2,0.42,0.12,669.3,671.2,667.3,2.0,,,无
2010-12-13,52645.0,青海,野牛沟,38.41666666666666,99.58333333333331,3320.0,2010,12,13,0.0,无,-10.7,-3.6,-19.9,0.32,0.13,670.7,673.3,668.6,2.8,,,无
2010-12-14,52645.0,青海,野牛沟,38.41666666666666,99.58333333333331,3320.0,2010,12,14,0.0,无,-14.6,-4.6,-23.0,0.42,0.17,672.6,674.0,670.9,1.6,,,无
2010-12-15,52645.0,青海,野牛沟,38.41666666666666,99.58333333333331,3320.0,2010,12,15,0.3,normal,-20.0,-12.1,-22.7,0.41,0.2,680.3,685.1,673.2,1.3,,-21.3598722344154,Snow
2010-12-16,52645.0,青海,野牛沟,38.41666666666666,99.58333333333331,3320.0,2010,12,16,0.0,无,-21.7,-7.4,-30.2,0.46,0.12,680.2,685.5,677.1,1.1,,,无
2010-12-17,52645.0,青海,野牛沟,38.41666666666666,99.58333333333331,3320.0,2010,12,17,0.0,无,-19.0,-3.8,-28.2,0.43,0.12,676.3,679.1,673.4,1.4,,,无
2010-12-18,52645.0,青海,野牛沟,38.41666666666666,99.58333333333331,3320.0,2010,12,18,0.0,无,-17.2,-6.9,-25.6,0.46,0.19,676.6,678.9,674.4,0.9,,,无
2010-12-19,52645.0,青海,野牛沟,38.41666666666666,99.58333333333331,3320.0,2010,12,19,0.0,无,-17.8,-8.1,-25.8,0.54,0.28,678.8,680.7,676.4,1.1,,,无
2010-12-20,52645.0,青海,野牛沟,38.41666666666666,99.58333333333331,3320.0,2010,12,20,0.0,无,-16.1,-4.1,-25.0,0.5,0.19,677.3,678.6,675.7,1.2,,,无
2010-12-21,52645.0,青海,野牛沟,38.41666666666666,99.58333333333331,3320.0,2010,12,21,0.0,无,-14.7,-4.0,-23.8,0.48,0.17,676.0,678.2,674.2,1.7,,,无
2010-12-22,52645.0,青海,野牛沟,38.41666666666666,99.58333333333331,3320.0,2010,12,22,0.0,无,-15.9,-4.8,-23.6,0.5,0.12,674.6,676.5,672.5,1.5,,,无
2010-12-23,52645.0,青海,野牛沟,38.41666666666666,99.58333333333331,3320.0,2010,12,23,0.0,无,-17.9,-5.0,-26.2,0.49,0.18,675.2,676.6,673.4,1.0,,,无
2010-12-24,52645.0,青海,野牛沟,38.41666666666666,99.58333333333331,3320.0,2010,12,24,0.5,normal,-13.9,-9.8,-17.5,0.53,0.23,676.4,677.8,675.3,1.2,,-15.544679830066212,Snow
2010-12-25,52645.0,青海,野牛沟,38.41666666666666,99.58333333333331,3320.0,2010,12,25,0.0,无,-15.9,-6.7,-22.1,0.47,0.2,677.5,678.8,676.6,1.8,,,无
2010-12-26,52645.0,青海,野牛沟,38.41666666666666,99.58333333333331,3320.0,2010,12,26,0.0,无,-18.3,-4.3,-27.6,0.49,0.14,675.8,678.3,673.1,1.2,,,无
2010-12-27,52645.0,青海,野牛沟,38.41666666666666,99.58333333333331,3320.0,2010,12,27,0.0,无,-16.4,-4.3,-24.3,0.46,0.15,675.2,676.7,673.9,2.0,,,无
2010-12-28,52645.0,青海,野牛沟,38.41666666666666,99.58333333333331,3320.0,2010,12,28,0.0,无,-16.7,-3.3,-26.6,0.47,0.12,674.3,676.8,671.8,1.7,,,无
2010-12-29,52645.0,青海,野牛沟,38.41666666666666,99.58333333333331,3320.0,2010,12,29,0.0,无,-16.7,-7.2,-22.9,0.45,0.12,677.1,680.0,674.6,1.8,,,无
2010-12-30,52645.0,青海,野牛沟,38.41666666666666,99.58333333333331,3320.0,2010,12,30,0.0,无,-17.7,-3.5,-26.9,0.41,0.12,678.4,681.3,675.0,1.2,,,无
2010-12-31,52645.0,青海,野牛沟,38.41666666666666,99.58333333333331,3320.0,2010,12,31,0.0,无,-16.2,-5.3,-25.4,0.42,0.15,674.1,677.3,671.3,1.2,,,无
2011-01-01,52645.0,青海,野牛沟,38.41666666666666,99.58333333333331,3320.0,2011,1,1,0.1,normal,-14.0,-9.3,-18.8,0.63,0.26,670.7,672.8,668.8,0.5,,-15.290533527282918,Snow
2011-01-02,52645.0,青海,野牛沟,38.41666666666666,99.58333333333331,3320.0,2011,1,2,0.0,无,-12.1,-7.3,-18.9,0.55,0.15,670.2,672.0,668.8,1.1,,,无
2011-01-03,52645.0,青海,野牛沟,38.41666666666666,99.58333333333331,3320.0,2011,1,3,0.0,无,-14.6,-4.8,-23.6,0.4,0.11,671.4,672.9,669.5,1.9,,,无
2011-01-04,52645.0,青海,野牛沟,38.41666666666666,99.58333333333331,3320.0,2011,1,4,0.0,无,-13.0,-3.0,-23.0,0.38,0.14,671.0,673.1,668.9,2.2,,,无
2011-01-05,52645.0,青海,野牛沟,38.41666666666666,99.58333333333331,3320.0,2011,1,5,0.0,无,-15.7,-4.2,-23.2,0.52,0.22,673.8,675.6,670.9,1.1,,,无
2011-01-06,52645.0,青海,野牛沟,38.41666666666666,99.58333333333331,3320.0,2011,1,6,0.0,无,-16.5,-6.2,-23.4,0.55,0.28,676.2,677.9,674.3,0.9,,,无
2011-01-07,52645.0,青海,野牛沟,38.41666666666666,99.58333333333331,3320.0,2011,1,7,0.0,无,-12.7,0.3,-21.7,0.46,0.09,672.6,676.5,668.8,1.8,,,无
2011-01-08,52645.0,青海,野牛沟,38.41666666666666,99.58333333333331,3320.0,2011,1,8,0.0,无,-16.5,-8.8,-22.6,0.54,0.28,674.5,676.7,672.0,1.4,,,无
2011-01-09,52645.0,青海,野牛沟,38.41666666666666,99.58333333333331,3320.0,2011,1,9,0.0,无,-17.0,-10.1,-23.4,0.68,0.41,675.4,677.5,672.5,0.5,,,无
2011-01-10,52645.0,青海,野牛沟,38.41666666666666,99.58333333333331,3320.0,2011,1,10,0.4,normal,-18.3,-12.9,-22.2,0.56,0.2,673.8,676.1,671.3,1.3,,-19.4509206614429,Snow
2011-01-11,52645.0,青海,野牛沟,38.41666666666666,99.58333333333331,3320.0,2011,1,11,0.0,无,-23.0,-10.7,-32.1,0.48,0.18,672.5,676.4,669.1,0.9,,,无
2011-01-12,52645.0,青海,野牛沟,38.41666666666666,99.58333333333331,3320.0,2011,1,12,0.0,无,-20.6,-7.9,-28.9,0.46,0.18,670.5,671.8,669.1,1.4,,,无
2011-01-13,52645.0,青海,野牛沟,38.41666666666666,99.58333333333331,3320.0,2011,1,13,0.0,无,-19.9,-8.6,-29.6,0.43,0.14,671.0,672.7,668.6,1.1,,,无
2011-01-14,52645.0,青海,野牛沟,38.41666666666666,99.58333333333331,3320.0,2011,1,14,0.0,无,-20.7,-11.2,-28.5,0.39,0.08,675.4,680.2,671.0,1.7,,,无
2011-01-15,52645.0,青海,野牛沟,38.41666666666666,99.58333333333331,3320.0,2011,1,15,0.0,无,-23.8,-9.8,-33.2,0.35,0.08,677.7,680.9,674.1,0.8,,,无
2011-01-16,52645.0,青海,野牛沟,38.41666666666666,99.58333333333331,3320.0,2011,1,16,0.0,无,-22.1,-6.9,-31.8,0.35,0.08,673.9,675.6,671.6,1.2,,,无
2011-01-17,52645.0,青海,野牛沟,38.41666666666666,99.58333333333331,3320.0,2011,1,17,0.0,无,-22.2,-7.9,-31.3,0.4,0.11,672.8,675.4,669.4,0.9,,,无
2011-01-18,52645.0,青海,野牛沟,38.41666666666666,99.58333333333331,3320.0,2011,1,18,0.0,无,-18.8,-6.6,-27.6,0.36,0.11,669.9,671.2,668.1,1.3,,,无
2011-01-19,52645.0,青海,野牛沟,38.41666666666666,99.58333333333331,3320.0,2011,1,19,0.0,无,-19.5,-6.5,-28.4,0.41,0.12,672.4,673.9,670.1,1.0,,,无
2011-01-20,52645.0,青海,野牛沟,38.41666666666666,99.58333333333331,3320.0,2011,1,20,0.0,无,-18.0,-8.0,-27.0,0.43,0.12,671.9,673.7,669.8,1.4,,,无
2011-01-21,52645.0,青海,野牛沟,38.41666666666666,99.58333333333331,3320.0,2011,1,21,0.0,无,-17.6,-9.6,-25.8,0.39,0.16,671.5,672.8,669.9,1.5,,,无
2011-01-22,52645.0,青海,野牛沟,38.41666666666666,99.58333333333331,3320.0,2011,1,22,0.0,无,-18.2,-6.1,-26.8,0.41,0.11,674.1,675.4,672.7,1.8,,,无
2011-01-23,52645.0,青海,野牛沟,38.41666666666666,99.58333333333331,3320.0,2011,1,23,0.0,无,-18.4,-4.9,-28.5,0.4,0.12,676.4,678.5,674.3,1.7,,,无
2011-01-24,52645.0,青海,野牛沟,38.41666666666666,99.58333333333331,3320.0,2011,1,24,0.0,无,-17.3,-5.2,-26.7,0.4,0.09,675.7,677.5,674.2,1.8,,,无
2011-01-25,52645.0,青海,野牛沟,38.41666666666666,99.58333333333331,3320.0,2011,1,25,0.0,无,-17.0,-4.6,-26.7,0.37,0.09,675.5,677.0,673.2,1.7,,,无
2011-01-26,52645.0,青海,野牛沟,38.41666666666666,99.58333333333331,3320.0,2011,1,26,0.0,无,-17.3,-6.4,-26.8,0.41,0.18,676.0,677.6,672.4,1.5,,,无
2011-01-27,52645.0,青海,野牛沟,38.41666666666666,99.58333333333331,3320.0,2011,1,27,0.0,无,-18.1,-12.8,-21.5,0.58,0.3,677.5,680.2,675.8,0.9,,,无
2011-01-28,52645.0,青海,野牛沟,38.41666666666666,99.58333333333331,3320.0,2011,1,28,0.0,无,-21.2,-11.1,-27.7,0.38,0.11,678.7,680.2,676.8,1.2,,,无
2011-01-29,52645.0,青海,野牛沟,38.41666666666666,99.58333333333331,3320.0,2011,1,29,0.0,无,-20.9,-6.4,-30.5,0.33,0.07,675.8,677.5,673.7,1.5,,,无
2011-01-30,52645.0,青海,野牛沟,38.41666666666666,99.58333333333331,3320.0,2011,1,30,0.0,无,-19.6,-5.2,-29.8,0.33,0.09,676.3,678.0,673.6,1.7,,,无
2011-01-31,52645.0,青海,野牛沟,38.41666666666666,99.58333333333331,3320.0,2011,1,31,0.0,无,-18.7,-3.6,-29.2,0.33,0.05,677.6,678.8,675.9,1.5,,,无
2011-02-01,52645.0,青海,野牛沟,38.41666666666666,99.58333333333331,3320.0,2011,2,1,0.0,无,-16.7,-3.0,-28.2,0.31,0.08,677.6,679.5,675.3,1.7,,,无
2011-02-02,52645.0,青海,野牛沟,38.41666666666666,99.58333333333331,3320.0,2011,2,2,0.0,无,-13.4,-1.9,-22.8,0.35,0.1,675.7,677.1,672.2,2.0,,,无
2011-02-03,52645.0,青海,野牛沟,38.41666666666666,99.58333333333331,3320.0,2011,2,3,0.0,无,-13.1,1.2,-24.0,0.39,0.12,676.3,678.6,673.2,2.9,,,无
2011-02-04,52645.0,青海,野牛沟,38.41666666666666,99.58333333333331,3320.0,2011,2,4,0.0,无,-10.9,4.8,-21.7,0.44,0.15,676.4,679.2,672.2,2.0,,,无
2011-02-05,52645.0,青海,野牛沟,38.41666666666666,99.58333333333331,3320.0,2011,2,5,0.0,无,-7.7,6.6,-17.9,0.39,0.09,675.2,677.6,673.1,2.3,,,无
2011-02-06,52645.0,青海,野牛沟,38.41666666666666,99.58333333333331,3320.0,2011,2,6,0.0,无,-8.2,6.2,-15.3,0.36,0.08,672.9,675.9,670.6,2.2,,,无
2011-02-07,52645.0,青海,野牛沟,38.41666666666666,99.58333333333331,3320.0,2011,2,7,0.0,无,-8.0,6.6,-18.0,0.36,0.09,672.0,674.0,670.4,2.3,,,无
2011-02-08,52645.0,青海,野牛沟,38.41666666666666,99.58333333333331,3320.0,2011,2,8,0.0,无,-9.8,3.5,-18.0,0.39,0.16,668.1,671.4,665.1,1.8,,,无
2011-02-09,52645.0,青海,野牛沟,38.41666666666666,99.58333333333331,3320.0,2011,2,9,0.0,无,-7.5,-0.4,-13.7,0.4,0.12,672.0,673.3,666.8,2.4,,,无
2011-02-10,52645.0,青海,野牛沟,38.41666666666666,99.58333333333331,3320.0,2011,2,10,0.0,无,-11.7,1.0,-22.5,0.34,0.07,675.3,676.7,672.6,2.4,,,无
2011-02-11,52645.0,青海,野牛沟,38.41666666666666,99.58333333333331,3320.0,2011,2,11,0.0,无,-9.2,-0.6,-15.5,0.33,0.15,675.0,678.3,671.0,2.4,,,无
2011-02-12,52645.0,青海,野牛沟,38.41666666666666,99.58333333333331,3320.0,2011,2,12,0.0,无,-14.3,-3.8,-22.7,0.45,0.1,674.9,676.7,672.9,2.0,,,无
2011-02-13,52645.0,青海,野牛沟,38.41666666666666,99.58333333333331,3320.0,2011,2,13,0.0,无,-15.7,0.8,-26.1,0.36,0.04,675.6,677.9,672.4,1.7,,,无
2011-02-14,52645.0,青海,野牛沟,38.41666666666666,99.58333333333331,3320.0,2011,2,14,0.0,无,-10.5,3.4,-23.7,0.28,0.08,670.4,673.7,667.1,2.0,,,无
2011-02-15,52645.0,青海,野牛沟,38.41666666666666,99.58333333333331,3320.0,2011,2,15,0.0,无,-6.2,3.2,-15.8,0.35,0.11,670.4,672.0,668.2,2.0,,,无
2011-02-16,52645.0,青海,野牛沟,38.41666666666666,99.58333333333331,3320.0,2011,2,16,0.0,无,-8.5,2.2,-18.3,0.42,0.08,674.1,676.2,672.0,2.8,,,无
2011-02-17,52645.0,青海,野牛沟,38.41666666666666,99.58333333333331,3320.0,2011,2,17,0.0,无,-9.6,1.6,-19.9,0.38,0.14,673.2,676.6,669.9,2.0,,,无
2011-02-18,52645.0,青海,野牛沟,38.41666666666666,99.58333333333331,3320.0,2011,2,18,1.3,normal,-9.0,-3.4,-14.7,0.55,0.23,674.2,675.4,671.8,1.9,,-11.11360412536936,Snow
2011-02-19,52645.0,青海,野牛沟,38.41666666666666,99.58333333333331,3320.0,2011,2,19,0.0,无,-12.1,-1.6,-20.3,0.64,0.3,675.7,676.9,673.8,1.7,,,无
2011-02-20,52645.0,青海,野牛沟,38.41666666666666,99.58333333333331,3320.0,2011,2,20,0.0,无,-13.0,-0.3,-22.2,0.54,0.13,675.5,677.1,673.0,1.8,,,无
2011-02-21,52645.0,青海,野牛沟,38.41666666666666,99.58333333333331,3320.0,2011,2,21,0.0,无,-9.1,2.0,-16.8,0.48,0.21,673.8,675.8,671.2,2.1,,,无
2011-02-22,52645.0,青海,野牛沟,38.41666666666666,99.58333333333331,3320.0,2011,2,22,0.0,无,-8.1,3.8,-20.0,0.39,0.08,676.7,678.5,674.5,3.1,,,无
2011-02-23,52645.0,青海,野牛沟,38.41666666666666,99.58333333333331,3320.0,2011,2,23,0.0,无,-5.5,5.8,-18.6,0.28,0.1,675.3,677.1,672.7,3.4,,,无
2011-02-24,52645.0,青海,野牛沟,38.41666666666666,99.58333333333331,3320.0,2011,2,24,0.0,无,-4.4,5.4,-15.5,0.3,0.12,673.0,675.9,670.1,2.5,,,无
2011-02-25,52645.0,青海,野牛沟,38.41666666666666,99.58333333333331,3320.0,2011,2,25,0.0,无,-5.8,5.5,-15.8,0.36,0.06,670.7,672.2,668.7,3.6,,,无
2011-02-26,52645.0,青海,野牛沟,38.41666666666666,99.58333333333331,3320.0,2011,2,26,0.0,无,-4.8,4.9,-14.9,0.36,0.06,671.0,673.0,667.7,3.5,,,无
2011-02-27,52645.0,青海,野牛沟,38.41666666666666,99.58333333333331,3320.0,2011,2,27,0.0,无,-7.5,0.0,-12.8,0.5,0.17,671.6,673.4,668.1,2.0,,,无
2011-02-28,52645.0,青海,野牛沟,38.41666666666666,99.58333333333331,3320.0,2011,2,28,0.6,normal,-12.8,-5.6,-19.1,0.7,0.44,675.6,676.9,673.4,1.2,,-13.91871032127304,Snow
2011-03-01,52645.0,青海,野牛沟,38.41666666666666,99.58333333333331,3320.0,2011,3,1,0.0,无,-11.1,0.7,-21.1,0.51,0.12,675.9,678.1,673.5,2.7,,,无
2011-03-02,52645.0,青海,野牛沟,38.41666666666666,99.58333333333331,3320.0,2011,3,2,0.0,无,-11.0,-1.4,-19.8,0.47,0.2,676.6,677.6,675.2,2.0,,,无
2011-03-03,52645.0,青海,野牛沟,38.41666666666666,99.58333333333331,3320.0,2011,3,3,0.0,无,-7.7,5.3,-19.8,0.33,0.08,675.0,678.6,671.7,2.9,,,无
2011-03-04,52645.0,青海,野牛沟,38.41666666666666,99.58333333333331,3320.0,2011,3,4,0.0,无,-3.1,6.0,-8.7,0.24,0.06,671.2,673.1,669.2,3.9,,,无
2011-03-05,52645.0,青海,野牛沟,38.41666666666666,99.58333333333331,3320.0,2011,3,5,0.6,normal,-9.8,-3.6,-13.3,0.53,0.17,673.3,675.9,671.8,1.5,,-11.91364198455831,Snow
2011-03-06,52645.0,青海,野牛沟,38.41666666666666,99.58333333333331,3320.0,2011,3,6,0.7,normal,-9.0,0.7,-17.2,0.6,0.14,678.6,680.8,675.8,2.3,,-10.865580458532996,Snow
2011-03-07,52645.0,青海,野牛沟,38.41666666666666,99.58333333333331,3320.0,2011,3,7,0.0,无,-10.9,1.8,-21.0,0.44,0.11,680.4,682.5,676.9,2.7,,,无
2011-03-08,52645.0,青海,野牛沟,38.41666666666666,99.58333333333331,3320.0,2011,3,8,0.0,无,-12.2,0.0,-21.9,0.4,0.11,678.7,681.4,675.7,2.4,,,无
2011-03-09,52645.0,青海,野牛沟,38.41666666666666,99.58333333333331,3320.0,2011,3,9,0.0,无,-11.7,1.5,-21.0,0.49,0.15,681.7,683.7,678.3,2.1,,,无
2011-03-10,52645.0,青海,野牛沟,38.41666666666666,99.58333333333331,3320.0,2011,3,10,0.0,无,-10.2,-0.5,-19.1,0.5,0.22,680.4,681.9,677.5,1.5,,,无
2011-03-11,52645.0,青海,野牛沟,38.41666666666666,99.58333333333331,3320.0,2011,3,11,0.2,normal,-7.3,4.1,-18.9,0.49,0.07,678.8,681.6,675.4,2.8,,-9.927809097213206,Snow
2011-03-12,52645.0,青海,野牛沟,38.41666666666666,99.58333333333331,3320.0,2011,3,12,0.0,无,-6.1,6.7,-19.0,0.27,0.07,673.9,677.3,669.4,3.6,,,无
2011-03-13,52645.0,青海,野牛沟,38.41666666666666,99.58333333333331,3320.0,2011,3,13,0.8,normal,-10.0,2.6,-14.0,0.52,0.1,675.4,680.2,671.2,1.8,,-12.130349325922673,Snow
2011-03-14,52645.0,青海,野牛沟,38.41666666666666,99.58333333333331,3320.0,2011,3,14,0.0,无,-16.5,-12.4,-19.1,0.52,0.21,683.1,685.9,680.0,1.4,,,无
2011-03-15,52645.0,青海,野牛沟,38.41666666666666,99.58333333333331,3320.0,2011,3,15,0.0,无,-16.7,-3.4,-27.0,0.41,0.12,683.4,686.7,680.7,2.2,,,无
2011-03-16,52645.0,青海,野牛沟,38.41666666666666,99.58333333333331,3320.0,2011,3,16,0.0,无,-10.4,5.3,-25.0,0.31,0.07,679.7,683.3,674.9,2.7,,,无
2011-03-17,52645.0,青海,野牛沟,38.41666666666666,99.58333333333331,3320.0,2011,3,17,0.0,无,-4.8,2.2,-8.4,0.24,0.05,674.1,676.6,670.9,3.8,,,无
2011-03-18,52645.0,青海,野牛沟,38.41666666666666,99.58333333333331,3320.0,2011,3,18,0.0,无,-11.4,0.6,-21.7,0.29,0.08,674.0,676.5,670.3,3.0,,,无
2011-03-19,52645.0,青海,野牛沟,38.41666666666666,99.58333333333331,3320.0,2011,3,19,1.1,normal,-8.4,-0.6,-13.1,0.45,0.12,669.9,673.5,666.9,2.7,,-11.09771854106549,Snow
2011-03-20,52645.0,青海,野牛沟,38.41666666666666,99.58333333333331,3320.0,2011,3,20,0.0,无,-10.5,-0.5,-17.0,0.48,0.13,671.1,673.2,667.9,2.7,,,无
2011-03-21,52645.0,青海,野牛沟,38.41666666666666,99.58333333333331,3320.0,2011,3,21,0.0,无,-13.9,-6.4,-19.4,0.54,0.25,676.1,678.0,672.5,1.8,,,无
2011-03-22,52645.0,青海,野牛沟,38.41666666666666,99.58333333333331,3320.0,2011,3,22,0.0,无,-14.1,-2.8,-24.5,0.39,0.06,677.4,679.3,674.2,3.1,,,无
2011-03-23,52645.0,青海,野牛沟,38.41666666666666,99.58333333333331,3320.0,2011,3,23,0.0,无,-13.6,-1.7,-22.5,0.41,0.13,678.0,679.8,675.1,2.9,,,无
2011-03-24,52645.0,青海,野牛沟,38.41666666666666,99.58333333333331,3320.0,2011,3,24,0.0,无,-13.4,-3.6,-21.9,0.45,0.11,680.2,681.8,677.4,2.5,,,无
2011-03-25,52645.0,青海,野牛沟,38.41666666666666,99.58333333333331,3320.0,2011,3,25,0.0,无,-12.8,-1.1,-23.0,0.43,0.07,680.9,682.2,678.6,3.0,,,无
2011-03-26,52645.0,青海,野牛沟,38.41666666666666,99.58333333333331,3320.0,2011,3,26,0.0,无,-10.4,2.6,-22.6,0.32,0.04,681.7,683.7,678.6,3.3,,,无
2011-03-27,52645.0,青海,野牛沟,38.41666666666666,99.58333333333331,3320.0,2011,3,27,0.0,无,-7.5,5.0,-19.4,0.24,0.05,682.2,682.9,680.5,3.8,,,无
2011-03-28,52645.0,青海,野牛沟,38.41666666666666,99.58333333333331,3320.0,2011,3,28,0.0,无,-4.9,10.1,-17.9,0.27,0.04,681.9,684.0,678.1,4.2,,,无
2011-03-29,52645.0,青海,野牛沟,38.41666666666666,99.58333333333331,3320.0,2011,3,29,0.0,无,-2.5,12.4,-15.5,0.27,0.05,680.5,682.5,676.6,5.4,,,无
2011-03-30,52645.0,青海,野牛沟,38.41666666666666,99.58333333333331,3320.0,2011,3,30,0.0,无,-2.3,12.2,-14.1,0.33,0.09,677.7,680.0,673.9,4.8,,,无
2011-03-31,52645.0,青海,野牛沟,38.41666666666666,99.58333333333331,3320.0,2011,3,31,1.1,normal,-4.5,5.2,-11.8,0.54,0.21,678.0,679.2,675.7,2.5,,-7.234671110177415,Snow
2011-04-01,52645.0,青海,野牛沟,38.41666666666666,99.58333333333331,3320.0,2011,4,1,2.4,normal,-6.3,3.5,-13.8,0.68,0.31,681.0,682.6,678.9,3.4,,-8.013820386860747,Snow
2011-04-02,52645.0,青海,野牛沟,38.41666666666666,99.58333333333331,3320.0,2011,4,2,0.0,无,-2.8,6.7,-9.5,0.62,0.12,680.0,682.6,676.6,3.5,,,无
2011-04-03,52645.0,青海,野牛沟,38.41666666666666,99.58333333333331,3320.0,2011,4,3,0.0,无,-1.7,8.0,-11.0,0.57,0.15,678.6,680.3,675.4,3.3,,,无
2011-04-04,52645.0,青海,野牛沟,38.41666666666666,99.58333333333331,3320.0,2011,4,4,0.0,无,0.1,9.0,-8.9,0.64,0.31,675.2,678.7,670.6,3.6,,,无
2011-04-05,52645.0,青海,野牛沟,38.41666666666666,99.58333333333331,3320.0,2011,4,5,3.6,normal,-0.1,6.2,-4.5,0.75,0.37,675.9,679.2,671.4,2.8,,-1.889863335022537,Snow
2011-04-06,52645.0,青海,野牛沟,38.41666666666666,99.58333333333331,3320.0,2011,4,6,1.3,normal,-5.9,-0.6,-8.3,0.8,0.45,679.8,681.1,677.3,1.9,,-6.985514801801025,Snow
2011-04-07,52645.0,青海,野牛沟,38.41666666666666,99.58333333333331,3320.0,2011,4,7,1.6,normal,-9.1,-4.2,-13.2,0.79,0.55,681.3,682.9,679.9,0.9,,-10.061790757943271,Snow
2011-04-08,52645.0,青海,野牛沟,38.41666666666666,99.58333333333331,3320.0,2011,4,8,0.2,normal,-10.2,0.9,-19.5,0.59,0.2,682.0,683.5,680.3,2.8,,-11.980774658948508,Snow
2011-04-09,52645.0,青海,野牛沟,38.41666666666666,99.58333333333331,3320.0,2011,4,9,0.0,无,-5.4,5.6,-14.8,0.49,0.12,681.5,682.6,679.4,3.1,,,无
2011-04-10,52645.0,青海,野牛沟,38.41666666666666,99.58333333333331,3320.0,2011,4,10,0.0,无,-2.5,9.2,-12.7,0.45,0.12,683.2,685.4,680.3,4.0,,,无
2011-04-11,52645.0,青海,野牛沟,38.41666666666666,99.58333333333331,3320.0,2011,4,11,0.0,无,-0.3,11.1,-10.2,0.42,0.1,681.9,683.5,679.4,5.0,,,无
2011-04-12,52645.0,青海,野牛沟,38.41666666666666,99.58333333333331,3320.0,2011,4,12,0.0,无,0.7,14.7,-10.8,0.38,0.08,681.3,683.2,678.4,5.9,,,无
2011-04-13,52645.0,青海,野牛沟,38.41666666666666,99.58333333333331,3320.0,2011,4,13,0.0,无,1.5,11.1,-5.9,0.35,0.13,681.3,682.6,679.6,4.4,,,无
2011-04-14,52645.0,青海,野牛沟,38.41666666666666,99.58333333333331,3320.0,2011,4,14,0.0,无,2.8,10.4,-2.6,0.39,0.13,681.6,683.3,679.4,6.0,,,无
2011-04-15,52645.0,青海,野牛沟,38.41666666666666,99.58333333333331,3320.0,2011,4,15,0.5,normal,0.4,6.2,-3.8,0.66,0.26,682.4,683.6,680.2,2.8,,-2.0987818266985725,Snow
2011-04-16,52645.0,青海,野牛沟,38.41666666666666,99.58333333333331,3320.0,2011,4,16,0.0,无,-2.3,8.4,-9.1,0.63,0.14,683.0,684.4,681.2,3.0,,,无
2011-04-17,52645.0,青海,野牛沟,38.41666666666666,99.58333333333331,3320.0,2011,4,17,0.0,无,-1.2,9.6,-9.5,0.53,0.1,685.6,687.3,683.1,3.8,,,无
2011-04-18,52645.0,青海,野牛沟,38.41666666666666,99.58333333333331,3320.0,2011,4,18,0.0,无,0.8,12.1,-9.1,0.48,0.12,681.4,683.9,678.8,4.8,,,无
2011-04-19,52645.0,青海,野牛沟,38.41666666666666,99.58333333333331,3320.0,2011,4,19,0.0,无,3.4,14.2,-6.5,0.37,0.12,677.8,679.8,674.0,6.0,,,无
2011-04-20,52645.0,青海,野牛沟,38.41666666666666,99.58333333333331,3320.0,2011,4,20,0.0,无,2.9,10.0,-2.4,0.39,0.18,680.1,681.5,676.3,6.7,,,无
2011-04-21,52645.0,青海,野牛沟,38.41666666666666,99.58333333333331,3320.0,2011,4,21,0.0,无,-0.3,8.8,-8.2,0.53,0.19,684.0,685.1,681.5,3.8,,,无
2011-04-22,52645.0,青海,野牛沟,38.41666666666666,99.58333333333331,3320.0,2011,4,22,0.0,无,-0.4,10.0,-9.8,0.45,0.11,685.8,687.6,683.4,5.0,,,无
2011-04-23,52645.0,青海,野牛沟,38.41666666666666,99.58333333333331,3320.0,2011,4,23,0.0,无,-0.2,10.3,-9.9,0.38,0.08,685.4,686.9,683.3,5.4,,,无
2011-04-24,52645.0,青海,野牛沟,38.41666666666666,99.58333333333331,3320.0,2011,4,24,0.0,无,0.5,10.5,-9.9,0.37,0.09,684.4,686.5,680.7,5.6,,,无
2011-04-25,52645.0,青海,野牛沟,38.41666666666666,99.58333333333331,3320.0,2011,4,25,0.0,无,1.9,11.3,-7.2,0.47,0.2,681.8,683.4,679.0,4.8,,,无
2011-04-26,52645.0,青海,野牛沟,38.41666666666666,99.58333333333331,3320.0,2011,4,26,0.0,无,4.1,14.3,-5.4,0.47,0.17,682.7,683.8,680.7,8.6,,,无
2011-04-27,52645.0,青海,野牛沟,38.41666666666666,99.58333333333331,3320.0,2011,4,27,0.0,无,4.7,15.0,-5.8,0.49,0.16,682.9,684.4,680.2,7.2,,,无
2011-04-28,52645.0,青海,野牛沟,38.41666666666666,99.58333333333331,3320.0,2011,4,28,0.0,无,5.7,18.3,-6.7,0.41,0.07,679.6,682.7,675.0,8.0,,,无
2011-04-29,52645.0,青海,野牛沟,38.41666666666666,99.58333333333331,3320.0,2011,4,29,0.0,无,4.4,13.7,-5.3,0.42,0.12,676.3,678.2,674.3,9.2,,,无
2011-04-30,52645.0,青海,野牛沟,38.41666666666666,99.58333333333331,3320.0,2011,4,30,0.0,无,3.0,13.5,-5.9,0.52,0.21,678.7,680.1,676.3,4.6,,,无
2011-05-01,52645.0,青海,野牛沟,38.41666666666666,99.58333333333331,3320.0,2011,5,1,0.2,normal,1.4,7.2,-2.8,0.48,0.19,681.7,683.7,679.1,3.0,,-2.675790118921957,Snow
2011-05-02,52645.0,青海,野牛沟,38.41666666666666,99.58333333333331,3320.0,2011,5,2,1.1,normal,-0.5,10.3,-8.1,0.6,0.17,680.9,682.9,678.4,3.1,,-3.3486549064155158,Snow
2011-05-03,52645.0,青海,野牛沟,38.41666666666666,99.58333333333331,3320.0,2011,5,3,0.1,normal,1.4,9.3,-6.7,0.47,0.09,680.2,682.1,676.7,6.3,,-2.7642062963110936,Snow
2011-05-04,52645.0,青海,野牛沟,38.41666666666666,99.58333333333331,3320.0,2011,5,4,0.0,无,5.4,13.9,-2.0,0.38,0.13,677.2,679.1,675.2,9.1,,,无
2011-05-05,52645.0,青海,野牛沟,38.41666666666666,99.58333333333331,3320.0,2011,5,5,0.0,无,4.4,14.2,-6.5,0.37,0.11,676.7,678.0,674.2,7.3,,,无
2011-05-06,52645.0,青海,野牛沟,38.41666666666666,99.58333333333331,3320.0,2011,5,6,0.0,无,6.2,20.7,-5.6,0.39,0.08,676.2,678.5,672.7,8.9,,,无
2011-05-07,52645.0,青海,野牛沟,38.41666666666666,99.58333333333331,3320.0,2011,5,7,0.0,无,6.7,20.0,-4.9,0.41,0.11,675.5,676.6,672.3,7.6,,,无
2011-05-08,52645.0,青海,野牛沟,38.41666666666666,99.58333333333331,3320.0,2011,5,8,7.8,normal,4.4,14.2,0.6,0.79,0.31,676.8,678.6,672.7,4.3,,2.61347068303031,Snow
2011-05-09,52645.0,青海,野牛沟,38.41666666666666,99.58333333333331,3320.0,2011,5,9,30.5,normal,3.1,10.5,-1.0,0.77,0.43,677.1,678.0,676.0,7.4,,1.231765019399318,Snow
2011-05-10,52645.0,青海,野牛沟,38.41666666666666,99.58333333333331,3320.0,2011,5,10,0.0,无,5.0,14.8,-2.0,0.65,0.18,679.3,680.5,676.7,5.0,,,无
2011-05-11,52645.0,青海,野牛沟,38.41666666666666,99.58333333333331,3320.0,2011,5,11,16.8,normal,1.5,7.2,-2.4,0.77,0.44,681.6,682.5,678.7,4.2,,-0.24822769224231767,Snow
2011-05-12,52645.0,青海,野牛沟,38.41666666666666,99.58333333333331,3320.0,2011,5,12,0.0,无,3.7,13.6,-2.9,0.62,0.26,682.2,683.9,679.1,5.4,,,无
2011-05-13,52645.0,青海,野牛沟,38.41666666666666,99.58333333333331,3320.0,2011,5,13,0.0,无,3.9,8.1,0.8,0.68,0.42,682.5,684.2,680.6,2.8,,,无
2011-05-14,52645.0,青海,野牛沟,38.41666666666666,99.58333333333331,3320.0,2011,5,14,2.1,normal,4.0,8.6,0.5,0.66,0.28,684.2,685.5,682.2,3.9,,1.1123180913126918,Snow
2011-05-15,52645.0,青海,野牛沟,38.41666666666666,99.58333333333331,3320.0,2011,5,15,0.1,normal,4.4,9.5,-1.3,0.55,0.23,688.3,689.9,684.5,4.8,,0.4685208764380766,Snow
2011-05-16,52645.0,青海,野牛沟,38.41666666666666,99.58333333333331,3320.0,2011,5,16,0.0,无,4.5,15.1,-4.4,0.54,0.11,688.8,690.6,685.8,6.6,,,无
2011-05-17,52645.0,青海,野牛沟,38.41666666666666,99.58333333333331,3320.0,2011,5,17,0.0,无,7.9,19.0,-2.1,0.53,0.12,684.5,688.8,680.5,6.8,,,无
2011-05-18,52645.0,青海,野牛沟,38.41666666666666,99.58333333333331,3320.0,2011,5,18,0.0,无,7.4,15.6,-0.4,0.52,0.2,681.0,682.8,679.5,6.5,,,无
2011-05-19,52645.0,青海,野牛沟,38.41666666666666,99.58333333333331,3320.0,2011,5,19,0.0,无,6.0,15.6,0.8,0.61,0.21,680.0,682.1,676.4,5.0,,,无
2011-05-20,52645.0,青海,野牛沟,38.41666666666666,99.58333333333331,3320.0,2011,5,20,1.6,normal,2.3,6.7,0.1,0.77,0.55,679.8,681.0,678.4,2.4,,0.4925651585286106,Snow
2011-05-21,52645.0,青海,野牛沟,38.41666666666666,99.58333333333331,3320.0,2011,5,21,5.1,normal,1.3,7.2,-1.1,0.77,0.44,680.1,681.6,677.7,2.5,,-0.4360192765898363,Snow
2011-05-22,52645.0,青海,野牛沟,38.41666666666666,99.58333333333331,3320.0,2011,5,22,0.8,normal,2.4,9.5,-4.6,0.66,0.24,680.8,682.1,678.9,5.4,,-0.3183373553229396,Snow
2011-05-23,52645.0,青海,野牛沟,38.41666666666666,99.58333333333331,3320.0,2011,5,23,0.7,normal,3.0,6.5,0.3,0.76,0.49,681.5,682.1,680.0,1.8,,1.0615302143677097,Snow
2011-05-24,52645.0,青海,野牛沟,38.41666666666666,99.58333333333331,3320.0,2011,5,24,1.5,normal,3.4,9.6,-1.3,0.71,0.3,682.0,683.8,679.9,4.5,,1.0060735083529737,Snow
2011-05-25,52645.0,青海,野牛沟,38.41666666666666,99.58333333333331,3320.0,2011,5,25,1.1,normal,2.6,10.0,-2.1,0.7,0.25,683.5,684.5,681.5,4.2,,0.19937659229519955,Snow
2011-05-26,52645.0,青海,野牛沟,38.41666666666666,99.58333333333331,3320.0,2011,5,26,0.0,无,5.4,11.7,-0.7,0.63,0.27,683.7,685.2,681.3,4.5,,,无
2011-05-27,52645.0,青海,野牛沟,38.41666666666666,99.58333333333331,3320.0,2011,5,27,0.0,无,7.6,16.5,-1.8,0.56,0.2,681.6,683.5,680.0,6.1,,,无
2011-05-28,52645.0,青海,野牛沟,38.41666666666666,99.58333333333331,3320.0,2011,5,28,6.4,normal,6.3,12.7,0.7,0.67,0.31,682.1,683.7,680.4,2.0,,3.248503688493618,Rain
2011-05-29,52645.0,青海,野牛沟,38.41666666666666,99.58333333333331,3320.0,2011,5,29,0.7,normal,3.6,7.7,0.8,0.8,0.47,685.3,685.8,683.6,2.1,,1.9602892948880823,Snow
2011-05-30,52645.0,青海,野牛沟,38.41666666666666,99.58333333333331,3320.0,2011,5,30,0.0,无,5.5,12.7,-1.2,0.55,0.15,685.7,687.1,683.3,6.0,,,无
2011-05-31,52645.0,青海,野牛沟,38.41666666666666,99.58333333333331,3320.0,2011,5,31,0.0,无,5.8,15.3,-3.5,0.48,0.13,682.9,686.1,679.6,6.2,,,无
2011-06-01,52645.0,青海,野牛沟,38.41666666666666,99.58333333333331,3320.0,2011,6,1,0.2,normal,5.4,14.6,-0.2,0.65,0.27,680.4,681.4,678.7,4.9,,2.253868039935214,Rain
2011-06-02,52645.0,青海,野牛沟,38.41666666666666,99.58333333333331,3320.0,2011,6,2,0.0,无,8.2,14.9,2.7,0.6,0.31,681.0,682.5,677.9,5.9,,,无
2011-06-03,52645.0,青海,野牛沟,38.41666666666666,99.58333333333331,3320.0,2011,6,3,0.0,无,7.8,15.5,0.4,0.54,0.22,679.7,680.2,678.3,7.0,,,无
2011-06-04,52645.0,青海,野牛沟,38.41666666666666,99.58333333333331,3320.0,2011,6,4,3.4,normal,6.1,13.7,3.0,0.75,0.35,681.1,682.0,679.0,3.2,,3.832134729989316,Rain
2011-06-05,52645.0,青海,野牛沟,38.41666666666666,99.58333333333331,3320.0,2011,6,5,0.2,normal,5.9,12.9,-0.8,0.69,0.27,682.9,683.6,681.1,5.3,,3.084626150942893,Rain
2011-06-06,52645.0,青海,野牛沟,38.41666666666666,99.58333333333331,3320.0,2011,6,6,0.0,无,7.3,18.2,-2.6,0.6,0.16,683.9,685.3,681.8,5.5,,,无
2011-06-07,52645.0,青海,野牛沟,38.41666666666666,99.58333333333331,3320.0,2011,6,7,0.4,normal,9.0,17.4,0.2,0.54,0.2,682.7,685.1,680.4,7.0,,4.221996965848658,Rain
2011-06-08,52645.0,青海,野牛沟,38.41666666666666,99.58333333333331,3320.0,2011,6,8,7.5,normal,3.9,11.2,2.3,0.88,0.42,682.4,684.1,681.4,0.9,,2.913961713951969,Snow
2011-06-09,52645.0,青海,野牛沟,38.41666666666666,99.58333333333331,3320.0,2011,6,9,1.0,normal,6.5,12.6,0.9,0.63,0.28,682.1,683.9,680.4,5.2,,3.031669104133159,Rain
2011-06-10,52645.0,青海,野牛沟,38.41666666666666,99.58333333333331,3320.0,2011,6,10,0.4,normal,5.8,16.0,-1.7,0.71,0.19,681.8,683.0,679.1,4.6,,3.1819781712455475,Rain
2011-06-11,52645.0,青海,野牛沟,38.41666666666666,99.58333333333331,3320.0,2011,6,11,0.2,normal,6.9,15.6,0.5,0.68,0.3,681.8,683.1,679.8,4.5,,3.8820608106026677,Rain
2011-06-12,52645.0,青海,野牛沟,38.41666666666666,99.58333333333331,3320.0,2011,6,12,1.3,normal,9.7,20.4,0.6,0.61,0.17,681.1,683.7,677.9,6.7,,5.604899419528899,Rain
2011-06-13,52645.0,青海,野牛沟,38.41666666666666,99.58333333333331,3320.0,2011,6,13,0.0,无,10.4,20.1,1.6,0.57,0.18,680.3,681.4,678.5,6.2,,,无
2011-06-14,52645.0,青海,野牛沟,38.41666666666666,99.58333333333331,3320.0,2011,6,14,0.0,无,11.3,20.8,0.6,0.55,0.2,681.3,682.6,679.2,7.8,,,无
2011-06-15,52645.0,青海,野牛沟,38.41666666666666,99.58333333333331,3320.0,2011,6,15,1.7,normal,9.9,17.9,4.1,0.66,0.29,680.4,682.0,677.5,5.1,,6.3400642280539765,Rain
2011-06-16,52645.0,青海,野牛沟,38.41666666666666,99.58333333333331,3320.0,2011,6,16,3.5,normal,9.6,14.0,7.0,0.71,0.37,679.8,680.9,678.5,3.0,,6.620091616732666,Rain
2011-06-17,52645.0,青海,野牛沟,38.41666666666666,99.58333333333331,3320.0,2011,6,17,4.9,normal,9.2,16.5,5.7,0.71,0.37,680.6,681.3,679.0,5.6,,6.259302876112192,Rain
2011-06-18,52645.0,青海,野牛沟,38.41666666666666,99.58333333333331,3320.0,2011,6,18,0.6,normal,10.5,19.7,4.4,0.67,0.22,680.3,681.9,677.3,5.7,,6.985472134856621,Rain
2011-06-19,52645.0,青海,野牛沟,38.41666666666666,99.58333333333331,3320.0,2011,6,19,2.4,normal,9.4,11.9,7.6,0.79,0.68,679.6,680.7,678.2,1.5,,7.287309115516387,Rain
2011-06-20,52645.0,青海,野牛沟,38.41666666666666,99.58333333333331,3320.0,2011,6,20,2.1,normal,10.2,12.5,8.6,0.8,0.71,679.0,679.8,677.9,1.3,,8.140952321358185,Rain
2011-06-21,52645.0,青海,野牛沟,38.41666666666666,99.58333333333331,3320.0,2011,6,21,11.4,normal,10.8,17.9,6.2,0.7,0.29,681.0,682.3,679.2,6.4,,7.595777296966646,Rain
2011-06-22,52645.0,青海,野牛沟,38.41666666666666,99.58333333333331,3320.0,2011,6,22,17.5,normal,7.8,14.7,4.8,0.71,0.34,682.5,683.0,680.3,5.7,,4.994894012732742,Rain
2011-06-23,52645.0,青海,野牛沟,38.41666666666666,99.58333333333331,3320.0,2011,6,23,0.0,无,8.6,15.0,1.4,0.63,0.31,683.5,684.6,682.3,5.5,,,无
2011-06-24,52645.0,青海,野牛沟,38.41666666666666,99.58333333333331,3320.0,2011,6,24,0.6,normal,7.2,17.2,0.3,0.76,0.3,684.0,684.7,681.7,4.8,,4.94639863312496,Rain
2011-06-25,52645.0,青海,野牛沟,38.41666666666666,99.58333333333331,3320.0,2011,6,25,7.6,normal,8.2,13.0,5.0,0.71,0.4,683.4,685.1,681.6,4.0,,5.358689033811728,Rain
2011-06-26,52645.0,青海,野牛沟,38.41666666666666,99.58333333333331,3320.0,2011,6,26,1.4,normal,8.9,17.2,1.1,0.63,0.22,683.4,685.5,681.0,6.7,,5.135480632185394,Rain
2011-06-27,52645.0,青海,野牛沟,38.41666666666666,99.58333333333331,3320.0,2011,6,27,0.0,无,10.6,21.5,1.0,0.58,0.16,679.9,681.7,677.6,7.3,,,无
2011-06-28,52645.0,青海,野牛沟,38.41666666666666,99.58333333333331,3320.0,2011,6,28,2.5,normal,10.6,18.8,3.3,0.66,0.32,677.2,679.3,674.2,5.1,,6.953839979413208,Rain
2011-06-29,52645.0,青海,野牛沟,38.41666666666666,99.58333333333331,3320.0,2011,6,29,7.0,normal,10.3,19.5,4.6,0.68,0.26,679.1,680.4,676.8,7.4,,6.917563140775864,Rain
2011-06-30,52645.0,青海,野牛沟,38.41666666666666,99.58333333333331,3320.0,2011,6,30,10.0,normal,8.9,13.9,6.9,0.83,0.54,679.2,680.4,678.0,1.9,,7.228119750411772,Rain
2011-07-01,52645.0,青海,野牛沟,38.41666666666666,99.58333333333331,3320.0,2011,7,1,0.0,无,9.7,14.1,5.5,0.83,0.54,678.2,679.8,676.7,2.4,,,无
2011-07-02,52645.0,青海,野牛沟,38.41666666666666,99.58333333333331,3320.0,2011,7,2,1.4,normal,11.7,19.3,7.9,0.72,0.46,677.3,678.7,676.4,4.7,,8.633579237560522,Rain
2011-07-03,52645.0,青海,野牛沟,38.41666666666666,99.58333333333331,3320.0,2011,7,3,4.9,normal,10.0,12.8,8.7,0.79,0.6,681.9,682.6,678.7,1.7,,7.8505247282194945,Rain
2011-07-04,52645.0,青海,野牛沟,38.41666666666666,99.58333333333331,3320.0,2011,7,4,2.0,normal,10.3,15.1,7.9,0.8,0.58,682.7,683.5,682.1,3.0,,8.238927874534511,Rain
2011-07-05,52645.0,青海,野牛沟,38.41666666666666,99.58333333333331,3320.0,2011,7,5,5.1,normal,8.0,12.7,6.7,0.81,0.55,683.3,685.0,680.7,2.8,,6.182441128543936,Rain
2011-07-06,52645.0,青海,野牛沟,38.41666666666666,99.58333333333331,3320.0,2011,7,6,5.4,normal,8.2,15.9,2.1,0.63,0.21,682.8,684.9,680.3,7.5,,4.521606908225579,Rain
2011-07-07,52645.0,青海,野牛沟,38.41666666666666,99.58333333333331,3320.0,2011,7,7,0.0,无,7.6,16.4,-0.7,0.6,0.17,683.1,683.9,681.1,6.3,,,无
2011-07-08,52645.0,青海,野牛沟,38.41666666666666,99.58333333333331,3320.0,2011,7,8,0.0,无,7.6,15.9,-0.4,0.64,0.29,683.4,684.3,681.3,4.3,,,无
2011-07-09,52645.0,青海,野牛沟,38.41666666666666,99.58333333333331,3320.0,2011,7,9,0.2,normal,7.4,14.1,4.1,0.68,0.31,684.4,685.0,683.0,5.0,,4.334452641367652,Rain
2011-07-10,52645.0,青海,野牛沟,38.41666666666666,99.58333333333331,3320.0,2011,7,10,0.1,normal,9.6,16.3,1.4,0.63,0.27,683.5,685.6,681.4,5.3,,5.748056175147052,Rain
2011-07-11,52645.0,青海,野牛沟,38.41666666666666,99.58333333333331,3320.0,2011,7,11,2.7,normal,7.7,12.8,5.5,0.76,0.41,684.8,685.5,682.1,3.6,,5.409309891581366,Rain
2011-07-12,52645.0,青海,野牛沟,38.41666666666666,99.58333333333331,3320.0,2011,7,12,2.4,normal,7.3,10.4,4.7,0.77,0.64,685.7,686.8,684.5,1.4,,5.138855507502824,Rain
2011-07-13,52645.0,青海,野牛沟,38.41666666666666,99.58333333333331,3320.0,2011,7,13,3.8,normal,7.0,13.9,3.1,0.75,0.36,686.7,687.7,685.6,4.4,,4.668522081722206,Rain
2011-07-14,52645.0,青海,野牛沟,38.41666666666666,99.58333333333331,3320.0,2011,7,14,0.0,无,8.8,17.7,-1.0,0.62,0.23,686.3,687.7,684.3,5.8,,,无
2011-07-15,52645.0,青海,野牛沟,38.41666666666666,99.58333333333331,3320.0,2011,7,15,0.0,无,9.5,19.6,0.4,0.58,0.1,684.2,685.7,681.8,7.4,,,无
2011-07-16,52645.0,青海,野牛沟,38.41666666666666,99.58333333333331,3320.0,2011,7,16,0.0,无,10.4,20.4,0.5,0.55,0.2,682.8,684.3,680.7,6.6,,,无
2011-07-17,52645.0,青海,野牛沟,38.41666666666666,99.58333333333331,3320.0,2011,7,17,0.0,无,11.1,21.9,0.2,0.52,0.19,682.0,683.6,679.9,8.0,,,无
2011-07-18,52645.0,青海,野牛沟,38.41666666666666,99.58333333333331,3320.0,2011,7,18,0.0,无,11.7,21.5,1.2,0.52,0.23,681.6,682.7,680.0,7.3,,,无
2011-07-19,52645.0,青海,野牛沟,38.41666666666666,99.58333333333331,3320.0,2011,7,19,0.0,无,10.7,21.6,1.5,0.6,0.27,680.8,682.1,678.4,7.4,,,无
2011-07-20,52645.0,青海,野牛沟,38.41666666666666,99.58333333333331,3320.0,2011,7,20,0.0,无,11.6,21.6,2.2,0.61,0.22,680.0,681.2,678.6,6.6,,,无
2011-07-21,52645.0,青海,野牛沟,38.41666666666666,99.58333333333331,3320.0,2011,7,21,0.0,无,12.7,24.0,1.8,0.56,0.22,679.9,680.9,678.4,8.0,,,无
2011-07-22,52645.0,青海,野牛沟,38.41666666666666,99.58333333333331,3320.0,2011,7,22,0.0,无,10.6,22.9,2.9,0.68,0.29,680.8,681.9,677.9,7.0,,,无
2011-07-23,52645.0,青海,野牛沟,38.41666666666666,99.58333333333331,3320.0,2011,7,23,22.3,normal,11.9,17.7,7.0,0.74,0.44,681.8,682.5,680.5,,,9.05467037997607,Rain
2011-07-24,52645.0,青海,野牛沟,38.41666666666666,99.58333333333331,3320.0,2011,7,24,0.7,normal,10.9,19.4,3.2,0.69,0.39,683.6,684.4,682.1,4.5,,7.577003381538465,Rain
2011-07-25,52645.0,青海,野牛沟,38.41666666666666,99.58333333333331,3320.0,2011,7,25,1.2,normal,11.2,16.7,6.8,0.73,0.39,684.0,685.3,683.2,3.8,,8.303420635494515,Rain
2011-07-26,52645.0,青海,野牛沟,38.41666666666666,99.58333333333331,3320.0,2011,7,26,0.0,无,11.2,21.7,2.4,0.63,0.21,683.2,685.1,680.1,7.4,,,无
2011-07-27,52645.0,青海,野牛沟,38.41666666666666,99.58333333333331,3320.0,2011,7,27,6.1,normal,9.6,15.7,5.1,0.73,0.38,682.0,683.1,680.1,2.9,,6.839617390599542,Rain
2011-07-28,52645.0,青海,野牛沟,38.41666666666666,99.58333333333331,3320.0,2011,7,28,8.0,normal,7.0,9.6,5.2,0.79,0.61,683.2,684.1,681.9,1.9,,5.050108109236837,Rain
2011-07-29,52645.0,青海,野牛沟,38.41666666666666,99.58333333333331,3320.0,2011,7,29,0.0,无,8.5,17.8,2.8,0.66,0.23,683.7,685.3,681.2,6.0,,,无
2011-07-30,52645.0,青海,野牛沟,38.41666666666666,99.58333333333331,3320.0,2011,7,30,0.1,normal,8.5,16.2,2.2,0.72,0.33,683.4,684.3,681.8,3.8,,5.734251134960728,Rain
2011-07-31,52645.0,青海,野牛沟,38.41666666666666,99.58333333333331,3320.0,2011,7,31,0.0,无,9.3,13.6,5.1,0.72,0.46,683.4,684.3,682.4,3.7,,,无
2011-08-01,52645.0,青海,野牛沟,38.41666666666666,99.58333333333331,3320.0,2011,8,1,0.0,无,9.7,19.3,1.4,0.62,0.24,682.9,684.1,681.2,6.0,,,无
2011-08-02,52645.0,青海,野牛沟,38.41666666666666,99.58333333333331,3320.0,2011,8,2,0.1,normal,10.3,19.6,2.2,0.66,0.29,682.8,683.5,681.4,5.1,,6.6997007360117555,Rain
2011-08-03,52645.0,青海,野牛沟,38.41666666666666,99.58333333333331,3320.0,2011,8,3,5.1,normal,9.1,15.9,5.8,0.77,0.39,682.9,683.9,681.3,3.1,,6.803806115891979,Rain
2011-08-04,52645.0,青海,野牛沟,38.41666666666666,99.58333333333331,3320.0,2011,8,4,18.5,normal,6.3,12.9,3.0,0.82,0.52,683.8,684.4,682.1,2.8,,4.676543514650233,Rain
2011-08-05,52645.0,青海,野牛沟,38.41666666666666,99.58333333333331,3320.0,2011,8,5,7.7,normal,9.2,18.1,1.9,0.68,0.26,684.0,685.4,682.2,6.6,,5.943541040893128,Rain
2011-08-06,52645.0,青海,野牛沟,38.41666666666666,99.58333333333331,3320.0,2011,8,6,0.0,无,9.7,20.7,0.9,0.63,0.15,683.3,684.6,681.6,6.0,,,无
2011-08-07,52645.0,青海,野牛沟,38.41666666666666,99.58333333333331,3320.0,2011,8,7,0.3,normal,10.7,19.7,2.6,0.61,0.25,684.2,685.1,681.7,4.6,,6.47911628876956,Rain
2011-08-08,52645.0,青海,野牛沟,38.41666666666666,99.58333333333331,3320.0,2011,8,8,0.0,无,10.2,22.2,1.1,0.63,0.19,683.4,685.3,680.5,6.9,,,无
2011-08-09,52645.0,青海,野牛沟,38.41666666666666,99.58333333333331,3320.0,2011,8,9,0.0,无,12.5,22.6,3.1,0.6,0.21,681.7,682.8,680.1,6.7,,,无
2011-08-10,52645.0,青海,野牛沟,38.41666666666666,99.58333333333331,3320.0,2011,8,10,21.3,normal,11.9,21.9,6.2,0.71,0.3,682.4,685.0,679.4,10.2,,8.707425493961804,Rain
2011-08-11,52645.0,青海,野牛沟,38.41666666666666,99.58333333333331,3320.0,2011,8,11,1.0,normal,12.3,20.7,6.7,0.77,0.43,682.3,684.0,679.0,4.4,,9.770289115143896,Rain
2011-08-12,52645.0,青海,野牛沟,38.41666666666666,99.58333333333331,3320.0,2011,8,12,10.8,normal,12.9,20.5,8.1,0.77,0.49,680.4,682.4,678.3,4.6,,10.324416392236927,Rain
2011-08-13,52645.0,青海,野牛沟,38.41666666666666,99.58333333333331,3320.0,2011,8,13,24.9,normal,11.1,20.3,7.5,0.85,0.59,679.5,681.0,676.5,,,9.529663728045591,Rain
2011-08-14,52645.0,青海,野牛沟,38.41666666666666,99.58333333333331,3320.0,2011,8,14,9.6,normal,10.8,17.1,8.0,0.89,0.63,681.1,682.5,679.1,2.5,,9.668191391764122,Rain
2011-08-15,52645.0,青海,野牛沟,38.41666666666666,99.58333333333331,3320.0,2011,8,15,4.2,normal,10.9,15.8,8.2,0.77,0.54,682.7,683.3,681.5,3.6,,8.472405886162274,Rain
2011-08-16,52645.0,青海,野牛沟,38.41666666666666,99.58333333333331,3320.0,2011,8,16,1.2,normal,10.9,16.4,8.5,0.76,0.57,682.0,684.3,679.0,4.4,,8.36085773211908,Rain
2011-08-17,52645.0,青海,野牛沟,38.41666666666666,99.58333333333331,3320.0,2011,8,17,17.1,normal,5.9,9.9,4.2,0.83,0.72,681.9,683.0,680.8,2.2,,4.388320212674537,Rain
2011-08-18,52645.0,青海,野牛沟,38.41666666666666,99.58333333333331,3320.0,2011,8,18,4.9,normal,8.6,13.6,5.5,0.8,0.52,682.3,683.2,681.5,2.3,,6.644777364984775,Rain
2011-08-19,52645.0,青海,野牛沟,38.41666666666666,99.58333333333331,3320.0,2011,8,19,0.9,normal,10.5,18.8,5.5,0.73,0.29,683.9,684.7,682.2,4.5,,7.6642111937710355,Rain
2011-08-20,52645.0,青海,野牛沟,38.41666666666666,99.58333333333331,3320.0,2011,8,20,8.1,normal,9.8,17.8,6.9,0.74,0.39,685.1,685.9,683.3,5.5,,7.134887375777086,Rain
2011-08-21,52645.0,青海,野牛沟,38.41666666666666,99.58333333333331,3320.0,2011,8,21,0.9,normal,9.8,14.7,5.9,0.73,0.4,686.3,687.2,684.7,2.1,,7.02905540884196,Rain
2011-08-22,52645.0,青海,野牛沟,38.41666666666666,99.58333333333331,3320.0,2011,8,22,0.1,normal,9.2,15.5,3.1,0.65,0.28,686.5,687.3,685.1,5.2,,5.623653113884806,Rain
2011-08-23,52645.0,青海,野牛沟,38.41666666666666,99.58333333333331,3320.0,2011,8,23,4.1,normal,5.6,13.1,0.9,0.77,0.39,686.0,686.9,684.1,3.1,,3.562985501644893,Rain
2011-08-24,52645.0,青海,野牛沟,38.41666666666666,99.58333333333331,3320.0,2011,8,24,0.3,normal,5.7,15.2,-1.1,0.73,0.29,685.7,687.0,683.2,4.2,,3.2849744150599625,Rain
2011-08-25,52645.0,青海,野牛沟,38.41666666666666,99.58333333333331,3320.0,2011,8,25,0.0,无,6.2,14.9,-0.9,0.68,0.22,685.8,687.3,683.9,4.3,,,无
2011-08-26,52645.0,青海,野牛沟,38.41666666666666,99.58333333333331,3320.0,2011,8,26,0.0,无,7.5,19.0,-1.1,0.63,0.16,685.0,686.4,682.6,5.7,,,无
2011-08-27,52645.0,青海,野牛沟,38.41666666666666,99.58333333333331,3320.0,2011,8,27,0.0,无,9.6,20.2,0.5,0.61,0.22,682.7,684.7,680.5,6.0,,,无
2011-08-28,52645.0,青海,野牛沟,38.41666666666666,99.58333333333331,3320.0,2011,8,28,0.2,normal,11.4,20.1,2.0,0.58,0.24,682.2,683.3,680.8,5.2,,6.718840151161802,Rain
2011-08-29,52645.0,青海,野牛沟,38.41666666666666,99.58333333333331,3320.0,2011,8,29,0.0,无,10.8,22.2,1.2,0.63,0.24,683.2,684.4,680.8,6.4,,,无
2011-08-30,52645.0,青海,野牛沟,38.41666666666666,99.58333333333331,3320.0,2011,8,30,0.3,normal,10.6,20.8,3.1,0.75,0.39,684.2,685.3,682.3,5.0,,7.976965830631095,Rain
2011-08-31,52645.0,青海,野牛沟,38.41666666666666,99.58333333333331,3320.0,2011,8,31,1.4,normal,11.8,19.4,5.0,0.73,0.46,685.2,686.6,682.8,4.4,,8.853153260701593,Rain
2011-09-01,52645.0,青海,野牛沟,38.41666666666666,99.58333333333331,3320.0,2011,9,1,4.1,normal,12.0,17.2,8.3,0.77,0.56,683.6,686.1,681.8,2.6,,9.493731902056538,Rain
2011-09-02,52645.0,青海,野牛沟,38.41666666666666,99.58333333333331,3320.0,2011,9,2,0.3,normal,9.9,16.3,6.4,0.79,0.53,682.3,683.5,680.9,2.8,,7.75759705208952,Rain
2011-09-03,52645.0,青海,野牛沟,38.41666666666666,99.58333333333331,3320.0,2011,9,3,1.3,normal,10.3,16.3,6.8,0.69,0.51,684.2,685.6,682.8,2.9,,7.039325711506872,Rain
2011-09-04,52645.0,青海,野牛沟,38.41666666666666,99.58333333333331,3320.0,2011,9,4,14.0,normal,8.9,11.5,6.4,0.84,0.68,684.8,685.7,683.6,1.0,,7.334295492456788,Rain
2011-09-05,52645.0,青海,野牛沟,38.41666666666666,99.58333333333331,3320.0,2011,9,5,4.7,normal,7.6,11.9,5.5,0.75,0.49,684.1,685.8,682.3,2.4,,5.216767375736127,Rain
2011-09-06,52645.0,青海,野牛沟,38.41666666666666,99.58333333333331,3320.0,2011,9,6,4.1,normal,4.6,9.1,3.7,0.84,0.55,683.0,684.3,681.0,1.4,,3.244294328901769,Snow
2011-09-07,52645.0,青海,野牛沟,38.41666666666666,99.58333333333331,3320.0,2011,9,7,0.6,normal,4.3,12.1,-1.6,0.69,0.21,682.5,685.2,679.6,4.1,,1.6450199631445317,Rain
2011-09-08,52645.0,青海,野牛沟,38.41666666666666,99.58333333333331,3320.0,2011,9,8,0.2,normal,3.2,13.0,-3.6,0.72,0.22,682.0,682.9,679.3,3.2,,0.9095397976279562,Snow
2011-09-09,52645.0,青海,野牛沟,38.41666666666666,99.58333333333331,3320.0,2011,9,9,0.9,normal,2.6,8.7,0.4,0.84,0.43,684.4,685.2,682.4,3.1,,1.3432007313706817,Snow
2011-09-10,52645.0,青海,野牛沟,38.41666666666666,99.58333333333331,3320.0,2011,9,10,0.0,无,3.5,15.1,-5.1,0.7,0.26,684.0,686.3,680.9,3.7,,,无
2011-09-11,52645.0,青海,野牛沟,38.41666666666666,99.58333333333331,3320.0,2011,9,11,3.7,normal,2.4,13.4,-2.3,0.83,0.32,683.8,685.1,681.7,2.4,,1.072735720809015,Snow
2011-09-12,52645.0,青海,野牛沟,38.41666666666666,99.58333333333331,3320.0,2011,9,12,0.4,normal,5.6,14.9,0.1,0.71,0.26,685.0,686.9,681.8,3.9,,3.006258752925439,Rain
2011-09-13,52645.0,青海,野牛沟,38.41666666666666,99.58333333333331,3320.0,2011,9,13,0.0,无,5.7,15.4,-2.8,0.61,0.18,682.5,684.1,679.0,4.0,,,无
2011-09-14,52645.0,青海,野牛沟,38.41666666666666,99.58333333333331,3320.0,2011,9,14,0.5,normal,5.3,14.8,-0.8,0.69,0.23,680.8,682.9,678.2,4.3,,2.541305815096586,Rain
2011-09-15,52645.0,青海,野牛沟,38.41666666666666,99.58333333333331,3320.0,2011,9,15,0.0,无,4.7,16.5,-3.4,0.62,0.22,681.1,682.9,678.2,5.0,,,无
2011-09-16,52645.0,青海,野牛沟,38.41666666666666,99.58333333333331,3320.0,2011,9,16,0.0,无,5.7,14.0,0.1,0.61,0.27,680.5,681.7,678.7,4.1,,,无
2011-09-17,52645.0,青海,野牛沟,38.41666666666666,99.58333333333331,3320.0,2011,9,17,3.5,normal,5.0,10.3,2.3,0.77,0.5,681.0,681.9,679.3,2.7,,2.9998646561008746,Rain
2011-09-18,52645.0,青海,野牛沟,38.41666666666666,99.58333333333331,3320.0,2011,9,18,2.1,normal,4.1,12.0,0.6,0.8,0.36,682.1,683.0,681.0,2.6,,2.4256724219927284,Snow
2011-09-19,52645.0,青海,野牛沟,38.41666666666666,99.58333333333331,3320.0,2011,9,19,0.0,无,4.3,12.2,-0.7,0.74,0.38,683.1,684.5,681.5,3.8,,,无
2011-09-20,52645.0,青海,野牛沟,38.41666666666666,99.58333333333331,3320.0,2011,9,20,2.8,normal,6.8,16.2,1.8,0.7,0.28,683.6,685.1,681.1,3.7,,3.9930805841449812,Rain
2011-09-21,52645.0,青海,野牛沟,38.41666666666666,99.58333333333331,3320.0,2011,9,21,6.5,normal,4.8,9.8,0.5,0.77,0.52,682.9,684.0,681.7,2.6,,2.816879019470835,Rain
2011-09-22,52645.0,青海,野牛沟,38.41666666666666,99.58333333333331,3320.0,2011,9,22,2.5,normal,4.3,11.9,0.7,0.85,0.46,683.3,684.1,681.3,1.9,,3.0448282431437557,Snow
2011-09-23,52645.0,青海,野牛沟,38.41666666666666,99.58333333333331,3320.0,2011,9,23,0.0,无,5.6,14.7,0.3,0.7,0.26,683.8,685.4,681.2,4.2,,,无
2011-09-24,52645.0,青海,野牛沟,38.41666666666666,99.58333333333331,3320.0,2011,9,24,0.3,normal,4.9,11.8,1.6,0.78,0.41,683.4,684.1,681.5,3.0,,2.999596413623906,Rain
2011-09-25,52645.0,青海,野牛沟,38.41666666666666,99.58333333333331,3320.0,2011,9,25,1.9,normal,4.3,12.4,-0.6,0.81,0.4,684.0,684.9,682.4,2.3,,2.7018946738959526,Snow
2011-09-26,52645.0,青海,野牛沟,38.41666666666666,99.58333333333331,3320.0,2011,9,26,3.1,normal,4.8,13.4,1.0,0.78,0.22,683.3,685.3,679.8,3.3,,2.9063707253766546,Rain
2011-09-27,52645.0,青海,野牛沟,38.41666666666666,99.58333333333331,3320.0,2011,9,27,5.5,normal,2.5,6.1,0.9,0.86,0.54,682.6,683.9,681.3,1.4,,1.4059272670796696,Snow
2011-09-28,52645.0,青海,野牛沟,38.41666666666666,99.58333333333331,3320.0,2011,9,28,0.3,normal,1.4,8.9,-1.7,0.79,0.3,684.6,686.1,682.4,3.0,,-0.18245649005475872,Snow
2011-09-29,52645.0,青海,野牛沟,38.41666666666666,99.58333333333331,3320.0,2011,9,29,0.0,无,2.2,10.4,-4.0,0.66,0.18,685.4,686.6,683.3,3.3,,,无
2011-09-30,52645.0,青海,野牛沟,38.41666666666666,99.58333333333331,3320.0,2011,9,30,0.0,无,1.3,12.7,-6.8,0.63,0.17,686.1,687.7,683.2,3.1,,,无
2011-10-01,52645.0,青海,野牛沟,38.41666666666666,99.58333333333331,3320.0,2011,10,1,0.0,无,1.8,10.3,-5.2,0.59,0.22,685.5,686.5,683.3,2.8,,,无
2011-10-02,52645.0,青海,野牛沟,38.41666666666666,99.58333333333331,3320.0,2011,10,2,0.4,normal,2.5,8.8,-1.7,0.7,0.34,686.4,687.8,684.1,2.8,,0.11397132809511934,Snow
2011-10-03,52645.0,青海,野牛沟,38.41666666666666,99.58333333333331,3320.0,2011,10,3,0.0,无,2.5,8.8,-0.9,0.65,0.31,685.7,687.3,683.1,2.7,,,无
2011-10-04,52645.0,青海,野牛沟,38.41666666666666,99.58333333333331,3320.0,2011,10,4,0.0,无,1.8,10.1,-2.3,0.63,0.13,684.8,686.1,682.5,3.8,,,无
2011-10-05,52645.0,青海,野牛沟,38.41666666666666,99.58333333333331,3320.0,2011,10,5,0.0,无,-0.3,12.6,-9.2,0.57,0.13,685.4,687.0,683.0,3.3,,,无
2011-10-06,52645.0,青海,野牛沟,38.41666666666666,99.58333333333331,3320.0,2011,10,6,0.0,无,1.4,14.5,-8.2,0.5,0.12,685.4,686.7,683.5,3.3,,,无
2011-10-07,52645.0,青海,野牛沟,38.41666666666666,99.58333333333331,3320.0,2011,10,7,0.0,无,3.4,14.0,-5.8,0.54,0.21,683.9,685.9,681.4,3.9,,,无
2011-10-08,52645.0,青海,野牛沟,38.41666666666666,99.58333333333331,3320.0,2011,10,8,0.0,无,3.3,12.4,-0.1,0.74,0.23,684.1,685.9,682.1,2.4,,,无
2011-10-09,52645.0,青海,野牛沟,38.41666666666666,99.58333333333331,3320.0,2011,10,9,0.0,无,2.0,11.6,-3.1,0.73,0.36,683.7,684.2,682.0,2.0,,,无
2011-10-10,52645.0,青海,野牛沟,38.41666666666666,99.58333333333331,3320.0,2011,10,10,4.5,normal,3.2,11.9,-1.7,0.78,0.32,685.7,686.9,683.0,1.4,,1.4193161728614578,Snow
2011-10-11,52645.0,青海,野牛沟,38.41666666666666,99.58333333333331,3320.0,2011,10,11,3.4,normal,-2.7,3.0,-11.0,0.82,0.62,687.6,689.3,685.5,0.6,,-3.830195545142545,Snow
2011-10-12,52645.0,青海,野牛沟,38.41666666666666,99.58333333333331,3320.0,2011,10,12,0.2,normal,0.4,5.8,-4.7,0.65,0.18,684.4,687.0,681.9,3.3,,-2.1711159127205226,Snow
2011-10-13,52645.0,青海,野牛沟,38.41666666666666,99.58333333333331,3320.0,2011,10,13,0.0,无,-3.9,4.7,-10.6,0.44,0.11,685.8,687.7,682.7,4.0,,,无
2011-10-14,52645.0,青海,野牛沟,38.41666666666666,99.58333333333331,3320.0,2011,10,14,0.0,无,-4.1,5.6,-10.7,0.49,0.12,684.5,686.2,682.9,2.7,,,无
2011-10-15,52645.0,青海,野牛沟,38.41666666666666,99.58333333333331,3320.0,2011,10,15,0.0,无,-4.8,7.0,-12.7,0.52,0.12,686.7,687.9,684.6,3.0,,,无
2011-10-16,52645.0,青海,野牛沟,38.41666666666666,99.58333333333331,3320.0,2011,10,16,0.0,无,-3.9,8.8,-12.3,0.53,0.13,686.9,688.5,684.2,5.0,,,无
2011-10-17,52645.0,青海,野牛沟,38.41666666666666,99.58333333333331,3320.0,2011,10,17,0.0,无,-1.8,10.7,-10.5,0.56,0.13,685.1,687.4,682.2,2.9,,,无
2011-10-18,52645.0,青海,野牛沟,38.41666666666666,99.58333333333331,3320.0,2011,10,18,0.0,无,0.4,7.2,-5.8,0.57,0.24,683.6,685.0,681.9,3.4,,,无
2011-10-19,52645.0,青海,野牛沟,38.41666666666666,99.58333333333331,3320.0,2011,10,19,0.0,无,-2.7,6.7,-8.6,0.6,0.2,682.9,684.4,680.7,2.2,,,无
2011-10-20,52645.0,青海,野牛沟,38.41666666666666,99.58333333333331,3320.0,2011,10,20,0.0,无,-1.7,9.5,-9.8,0.54,0.14,681.3,683.4,678.8,3.0,,,无
2011-10-21,52645.0,青海,野牛沟,38.41666666666666,99.58333333333331,3320.0,2011,10,21,0.0,无,1.1,11.3,-6.9,0.54,0.19,680.5,681.9,677.9,2.9,,,无
2011-10-22,52645.0,青海,野牛沟,38.41666666666666,99.58333333333331,3320.0,2011,10,22,3.3,normal,-0.1,6.9,-6.0,0.82,0.42,680.6,682.0,677.7,1.3,,-1.374320898335868,Snow
2011-10-23,52645.0,青海,野牛沟,38.41666666666666,99.58333333333331,3320.0,2011,10,23,0.0,无,-4.1,3.8,-11.0,0.82,0.49,682.9,684.5,680.9,1.0,,,无
2011-10-24,52645.0,青海,野牛沟,38.41666666666666,99.58333333333331,3320.0,2011,10,24,0.0,无,0.2,5.6,-3.7,0.74,0.44,681.7,683.9,679.5,1.8,,,无
2011-10-25,52645.0,青海,野牛沟,38.41666666666666,99.58333333333331,3320.0,2011,10,25,6.1,normal,-2.2,1.3,-4.5,0.82,0.55,681.3,682.5,680.1,2.3,,-3.3621652143203162,Snow
2011-10-26,52645.0,青海,野牛沟,38.41666666666666,99.58333333333331,3320.0,2011,10,26,0.3,normal,-3.8,3.4,-7.6,0.69,0.3,683.1,684.3,682.0,1.6,,-5.676034329403161,Snow
2011-10-27,52645.0,青海,野牛沟,38.41666666666666,99.58333333333331,3320.0,2011,10,27,0.0,无,-6.3,3.9,-11.7,0.68,0.21,684.2,685.7,682.4,1.7,,,无
2011-10-28,52645.0,青海,野牛沟,38.41666666666666,99.58333333333331,3320.0,2011,10,28,0.0,无,-6.1,4.5,-13.0,0.62,0.2,683.4,685.0,681.6,1.8,,,无
2011-10-29,52645.0,青海,野牛沟,38.41666666666666,99.58333333333331,3320.0,2011,10,29,0.0,无,-5.2,7.8,-13.0,0.6,0.18,680.8,683.0,678.1,2.4,,,无
2011-10-30,52645.0,青海,野牛沟,38.41666666666666,99.58333333333331,3320.0,2011,10,30,0.0,无,-2.4,8.7,-9.4,0.58,0.2,677.3,679.2,676.2,1.0,,,无
2011-10-31,52645.0,青海,野牛沟,38.41666666666666,99.58333333333331,3320.0,2011,10,31,0.0,无,-1.4,7.6,-6.1,0.55,0.22,677.9,679.9,675.4,2.8,,,无
2011-11-01,52645.0,青海,野牛沟,38.41666666666666,99.58333333333331,3320.0,2011,11,1,0.0,无,-4.9,6.4,-12.2,0.66,0.26,680.9,682.7,678.4,1.7,,,无
2011-11-02,52645.0,青海,野牛沟,38.41666666666666,99.58333333333331,3320.0,2011,11,2,0.0,无,-3.6,7.3,-11.7,0.58,0.17,679.9,682.1,677.0,2.3,,,无
2011-11-03,52645.0,青海,野牛沟,38.41666666666666,99.58333333333331,3320.0,2011,11,3,0.0,无,-2.4,5.6,-9.9,0.59,0.34,679.0,680.5,677.2,2.0,,,无
2011-11-04,52645.0,青海,野牛沟,38.41666666666666,99.58333333333331,3320.0,2011,11,4,0.0,无,-2.7,2.4,-7.0,0.7,0.47,680.3,681.6,678.4,0.9,,,无
2011-11-05,52645.0,青海,野牛沟,38.41666666666666,99.58333333333331,3320.0,2011,11,5,0.0,无,-3.0,4.5,-9.4,0.64,0.27,680.2,682.7,677.4,1.9,,,无
2011-11-06,52645.0,青海,野牛沟,38.41666666666666,99.58333333333331,3320.0,2011,11,6,0.0,无,-6.9,-1.7,-11.7,0.79,0.54,682.0,684.0,679.0,1.4,,,无
2011-11-07,52645.0,青海,野牛沟,38.41666666666666,99.58333333333331,3320.0,2011,11,7,0.0,无,-7.9,-0.5,-12.7,0.66,0.31,686.5,688.0,684.1,2.3,,,无
2011-11-08,52645.0,青海,野牛沟,38.41666666666666,99.58333333333331,3320.0,2011,11,8,0.0,无,-10.2,0.7,-17.1,0.57,0.17,686.0,687.7,683.9,2.9,,,无
2011-11-09,52645.0,青海,野牛沟,38.41666666666666,99.58333333333331,3320.0,2011,11,9,0.0,无,-9.7,2.8,-17.5,0.55,0.18,683.0,685.6,679.8,2.4,,,无
2011-11-10,52645.0,青海,野牛沟,38.41666666666666,99.58333333333331,3320.0,2011,11,10,0.0,无,-5.3,9.6,-14.8,0.5,0.12,678.5,680.9,675.3,2.2,,,无
2011-11-11,52645.0,青海,野牛沟,38.41666666666666,99.58333333333331,3320.0,2011,11,11,0.1,normal,-4.5,1.6,-6.5,0.64,0.3,678.0,679.4,676.1,2.5,,-6.623508283137185,Snow
2011-11-12,52645.0,青海,野牛沟,38.41666666666666,99.58333333333331,3320.0,2011,11,12,0.0,无,-9.5,0.5,-17.0,0.57,0.17,680.8,682.4,678.8,1.8,,,无
2011-11-13,52645.0,青海,野牛沟,38.41666666666666,99.58333333333331,3320.0,2011,11,13,0.0,无,-9.2,2.2,-17.2,0.5,0.16,680.3,681.6,678.4,2.0,,,无
2011-11-14,52645.0,青海,野牛沟,38.41666666666666,99.58333333333331,3320.0,2011,11,14,0.0,无,-9.2,1.0,-16.7,0.58,0.26,681.2,682.8,679.6,1.9,,,无
2011-11-15,52645.0,青海,野牛沟,38.41666666666666,99.58333333333331,3320.0,2011,11,15,0.0,无,-9.2,2.6,-17.1,0.55,0.19,680.8,683.0,678.1,1.4,,,无
2011-11-16,52645.0,青海,野牛沟,38.41666666666666,99.58333333333331,3320.0,2011,11,16,0.0,无,-9.4,3.3,-17.2,0.52,0.16,678.4,679.6,676.3,1.6,,,无
2011-11-17,52645.0,青海,野牛沟,38.41666666666666,99.58333333333331,3320.0,2011,11,17,0.3,normal,-6.4,-0.2,-11.3,0.56,0.19,676.9,678.7,675.5,1.8,,-8.772235877693074,Snow
2011-11-18,52645.0,青海,野牛沟,38.41666666666666,99.58333333333331,3320.0,2011,11,18,0.6,normal,-6.6,-2.3,-12.6,0.42,0.21,677.4,679.9,675.9,2.5,,-9.721277689321003,Snow
2011-11-19,52645.0,青海,野牛沟,38.41666666666666,99.58333333333331,3320.0,2011,11,19,0.0,无,-10.7,0.0,-19.4,0.51,0.25,680.2,681.7,678.6,1.7,,,无
2011-11-20,52645.0,青海,野牛沟,38.41666666666666,99.58333333333331,3320.0,2011,11,20,0.0,无,-8.7,0.2,-17.4,0.59,0.23,682.2,684.6,679.9,1.5,,,无
2011-11-21,52645.0,青海,野牛沟,38.41666666666666,99.58333333333331,3320.0,2011,11,21,0.0,无,-8.8,-0.9,-14.1,0.59,0.18,683.8,685.2,682.1,1.9,,,无
2011-11-22,52645.0,青海,野牛沟,38.41666666666666,99.58333333333331,3320.0,2011,11,22,0.0,无,-10.2,1.6,-19.0,0.57,0.27,685.4,686.8,684.2,2.1,,,无
2011-11-23,52645.0,青海,野牛沟,38.41666666666666,99.58333333333331,3320.0,2011,11,23,0.0,无,-7.8,5.1,-15.5,0.57,0.22,684.8,687.0,682.3,1.8,,,无
2011-11-24,52645.0,青海,野牛沟,38.41666666666666,99.58333333333331,3320.0,2011,11,24,0.0,无,-7.2,6.5,-15.5,0.53,0.15,682.8,684.2,680.6,1.7,,,无
2011-11-25,52645.0,青海,野牛沟,38.41666666666666,99.58333333333331,3320.0,2011,11,25,0.0,无,-7.5,6.6,-16.5,0.5,0.15,681.6,683.4,678.8,1.5,,,无
2011-11-26,52645.0,青海,野牛沟,38.41666666666666,99.58333333333331,3320.0,2011,11,26,0.0,无,-7.1,5.6,-15.6,0.48,0.14,680.8,682.4,678.5,2.2,,,无
2011-11-27,52645.0,青海,野牛沟,38.41666666666666,99.58333333333331,3320.0,2011,11,27,0.0,无,-8.5,5.8,-17.1,0.48,0.12,679.0,680.5,676.6,1.9,,,无
2011-11-28,52645.0,青海,野牛沟,38.41666666666666,99.58333333333331,3320.0,2011,11,28,0.0,无,-8.0,2.3,-16.9,0.48,0.2,677.1,679.6,673.3,2.0,,,无
2011-11-29,52645.0,青海,野牛沟,38.41666666666666,99.58333333333331,3320.0,2011,11,29,0.0,无,-10.3,2.6,-18.7,0.5,0.11,682.1,683.8,678.0,2.0,,,无
2011-11-30,52645.0,青海,野牛沟,38.41666666666666,99.58333333333331,3320.0,2011,11,30,0.0,无,-11.1,0.1,-20.2,0.51,0.22,682.3,683.7,679.6,1.9,,,无
2011-12-01,52645.0,青海,野牛沟,38.41666666666666,99.58333333333331,3320.0,2011,12,1,0.0,无,-12.4,-1.4,-19.7,0.49,0.11,683.5,685.7,680.4,2.0,,,无
2011-12-02,52645.0,青海,野牛沟,38.41666666666666,99.58333333333331,3320.0,2011,12,2,0.0,无,-10.9,2.8,-19.8,0.41,0.13,677.0,681.0,674.4,2.1,,,无
2011-12-03,52645.0,青海,野牛沟,38.41666666666666,99.58333333333331,3320.0,2011,12,3,0.0,无,-6.9,1.6,-12.6,0.43,0.21,674.4,676.7,672.3,2.5,,,无
2011-12-04,52645.0,青海,野牛沟,38.41666666666666,99.58333333333331,3320.0,2011,12,4,0.0,无,-12.1,-2.2,-19.6,0.6,0.29,675.9,677.1,674.9,1.5,,,无
2011-12-05,52645.0,青海,野牛沟,38.41666666666666,99.58333333333331,3320.0,2011,12,5,0.0,无,-12.0,-0.8,-19.7,0.57,0.2,676.4,677.6,675.1,1.5,,,无
2011-12-06,52645.0,青海,野牛沟,38.41666666666666,99.58333333333331,3320.0,2011,12,6,0.0,无,-12.1,-3.4,-18.7,0.57,0.37,679.5,681.7,677.4,1.7,,,无
2011-12-07,52645.0,青海,野牛沟,38.41666666666666,99.58333333333331,3320.0,2011,12,7,0.0,无,-15.0,-4.0,-22.7,0.59,0.16,682.9,684.5,680.7,1.5,,,无
2011-12-08,52645.0,青海,野牛沟,38.41666666666666,99.58333333333331,3320.0,2011,12,8,0.0,无,-15.3,-4.8,-24.1,0.45,0.12,682.4,684.1,680.0,1.5,,,无
2011-12-09,52645.0,青海,野牛沟,38.41666666666666,99.58333333333331,3320.0,2011,12,9,0.0,无,-18.0,-6.6,-25.9,0.4,0.09,682.4,683.5,680.9,1.6,,,无
2011-12-10,52645.0,青海,野牛沟,38.41666666666666,99.58333333333331,3320.0,2011,12,10,0.0,无,-20.2,-6.7,-29.3,0.41,0.13,681.9,684.7,678.3,1.4,,,无
2011-12-11,52645.0,青海,野牛沟,38.41666666666666,99.58333333333331,3320.0,2011,12,11,0.0,无,-18.8,-4.1,-27.3,0.41,0.09,680.0,682.0,677.8,1.3,,,无
2011-12-12,52645.0,青海,野牛沟,38.41666666666666,99.58333333333331,3320.0,2011,12,12,0.0,无,-17.8,-4.1,-26.1,0.4,0.12,677.8,680.0,675.1,1.9,,,无
2011-12-13,52645.0,青海,野牛沟,38.41666666666666,99.58333333333331,3320.0,2011,12,13,0.0,无,-17.5,-4.2,-26.2,0.4,0.1,678.7,680.4,677.1,1.5,,,无
2011-12-14,52645.0,青海,野牛沟,38.41666666666666,99.58333333333331,3320.0,2011,12,14,0.0,无,-18.3,-7.5,-27.5,0.41,0.15,680.8,682.2,678.3,1.4,,,无
2011-12-15,52645.0,青海,野牛沟,38.41666666666666,99.58333333333331,3320.0,2011,12,15,0.0,无,-17.5,-6.6,-25.7,0.43,0.14,681.2,682.9,679.6,1.3,,,无
2011-12-16,52645.0,青海,野牛沟,38.41666666666666,99.58333333333331,3320.0,2011,12,16,0.0,无,-19.4,-6.0,-27.4,0.44,0.12,679.9,681.7,677.1,1.3,,,无
2011-12-17,52645.0,青海,野牛沟,38.41666666666666,99.58333333333331,3320.0,2011,12,17,0.0,无,-15.9,-6.5,-25.4,0.38,0.14,679.1,680.8,677.4,1.1,,,无
2011-12-18,52645.0,青海,野牛沟,38.41666666666666,99.58333333333331,3320.0,2011,12,18,0.0,无,-15.7,-4.5,-24.5,0.47,0.12,677.2,678.7,675.4,1.8,,,无
2011-12-19,52645.0,青海,野牛沟,38.41666666666666,99.58333333333331,3320.0,2011,12,19,0.0,无,-15.4,-1.6,-25.1,0.38,0.13,676.9,678.0,675.0,1.3,,,无
2011-12-20,52645.0,青海,野牛沟,38.41666666666666,99.58333333333331,3320.0,2011,12,20,0.0,无,-13.6,-2.5,-23.0,0.43,0.17,678.0,679.2,675.7,1.8,,,无
2011-12-21,52645.0,青海,野牛沟,38.41666666666666,99.58333333333331,3320.0,2011,12,21,0.0,无,-15.2,-7.5,-23.4,0.48,0.27,679.9,681.6,677.8,1.4,,,无
2011-12-22,52645.0,青海,野牛沟,38.41666666666666,99.58333333333331,3320.0,2011,12,22,0.0,无,-16.3,-4.8,-24.7,0.49,0.2,677.6,679.6,674.7,1.3,,,无
2011-12-23,52645.0,青海,野牛沟,38.41666666666666,99.58333333333331,3320.0,2011,12,23,0.0,无,-18.3,-6.2,-27.5,0.38,0.11,681.0,683.3,677.8,1.2,,,无
2011-12-24,52645.0,青海,野牛沟,38.41666666666666,99.58333333333331,3320.0,2011,12,24,0.0,无,-18.9,-4.9,-28.4,0.38,0.09,679.1,681.0,676.5,1.5,,,无
2011-12-25,52645.0,青海,野牛沟,38.41666666666666,99.58333333333331,3320.0,2011,12,25,0.0,无,-17.4,-2.5,-27.2,0.41,0.1,677.8,680.0,675.8,1.2,,,无
2011-12-26,52645.0,青海,野牛沟,38.41666666666666,99.58333333333331,3320.0,2011,12,26,0.0,无,-14.0,-4.4,-21.9,0.36,0.17,676.6,678.3,674.6,1.6,,,无
2011-12-27,52645.0,青海,野牛沟,38.41666666666666,99.58333333333331,3320.0,2011,12,27,0.0,无,-17.4,-2.9,-26.4,0.38,0.11,678.8,680.6,676.7,1.4,,,无
2011-12-28,52645.0,青海,野牛沟,38.41666666666666,99.58333333333331,3320.0,2011,12,28,0.0,无,-17.4,-3.1,-26.1,0.42,0.13,679.6,681.1,677.9,1.2,,,无
2011-12-29,52645.0,青海,野牛沟,38.41666666666666,99.58333333333331,3320.0,2011,12,29,0.0,无,-16.9,-2.6,-25.7,0.4,0.13,679.9,681.5,677.6,1.4,,,无
2011-12-30,52645.0,青海,野牛沟,38.41666666666666,99.58333333333331,3320.0,2011,12,30,0.0,无,-16.4,-2.2,-24.9,0.39,0.11,681.7,683.7,679.6,1.7,,,无
2011-12-31,52645.0,青海,野牛沟,38.41666666666666,99.58333333333331,3320.0,2011,12,31,0.0,无,-16.5,-1.0,-25.8,0.38,0.1,681.8,683.9,679.2,1.3,,,无
2012-01-01,52645.0,青海,野牛沟,38.41666666666666,99.58333333333331,3320.0,2012,1,1,0.0,无,-17.7,-3.8,-26.6,0.44,0.12,679.3,681.7,676.1,1.6,,,无
2012-01-02,52645.0,青海,野牛沟,38.41666666666666,99.58333333333331,3320.0,2012,1,2,0.0,无,-18.0,-9.0,-22.8,0.5,0.24,677.1,679.1,674.7,1.0,,,无
2012-01-03,52645.0,青海,野牛沟,38.41666666666666,99.58333333333331,3320.0,2012,1,3,0.0,无,-21.0,-8.0,-29.7,0.42,0.12,678.4,680.6,676.4,1.1,,,无
2012-01-04,52645.0,青海,野牛沟,38.41666666666666,99.58333333333331,3320.0,2012,1,4,0.0,无,-21.0,-6.3,-30.5,0.35,0.1,676.5,679.1,673.6,1.1,,,无
2012-01-05,52645.0,青海,野牛沟,38.41666666666666,99.58333333333331,3320.0,2012,1,5,0.0,无,-18.3,-4.1,-28.5,0.37,0.12,674.4,676.3,671.9,1.3,,,无
2012-01-06,52645.0,青海,野牛沟,38.41666666666666,99.58333333333331,3320.0,2012,1,6,0.0,无,-17.1,-4.1,-27.1,0.42,0.12,675.2,677.0,673.3,1.2,,,无
2012-01-07,52645.0,青海,野牛沟,38.41666666666666,99.58333333333331,3320.0,2012,1,7,0.0,无,-17.9,-6.2,-26.7,0.45,0.15,677.9,680.1,676.0,1.2,,,无
2012-01-08,52645.0,青海,野牛沟,38.41666666666666,99.58333333333331,3320.0,2012,1,8,0.0,无,-20.0,-6.1,-28.1,0.42,0.11,677.4,679.3,675.6,1.1,,,无
2012-01-09,52645.0,青海,野牛沟,38.41666666666666,99.58333333333331,3320.0,2012,1,9,0.0,无,-19.8,-6.0,-28.4,0.37,0.1,678.3,680.4,676.6,1.5,,,无
2012-01-10,52645.0,青海,野牛沟,38.41666666666666,99.58333333333331,3320.0,2012,1,10,0.0,无,-19.8,-6.8,-28.4,0.38,0.1,679.0,680.7,677.7,1.2,,,无
2012-01-11,52645.0,青海,野牛沟,38.41666666666666,99.58333333333331,3320.0,2012,1,11,0.0,无,-20.3,-6.7,-28.9,0.41,0.13,677.8,680.1,674.6,1.4,,,无
2012-01-12,52645.0,青海,野牛沟,38.41666666666666,99.58333333333331,3320.0,2012,1,12,0.0,无,-18.3,-5.8,-27.0,0.39,0.18,675.5,677.0,673.2,1.1,,,无
2012-01-13,52645.0,青海,野牛沟,38.41666666666666,99.58333333333331,3320.0,2012,1,13,0.0,无,-18.2,-9.4,-26.6,0.59,0.27,675.0,676.8,672.5,1.0,,,无
2012-01-14,52645.0,青海,野牛沟,38.41666666666666,99.58333333333331,3320.0,2012,1,14,3.7,normal,-15.8,-9.0,-20.3,0.67,0.32,672.4,674.0,670.9,1.6,,-16.821826753091152,Snow
2012-01-15,52645.0,青海,野牛沟,38.41666666666666,99.58333333333331,3320.0,2012,1,15,0.0,无,-20.7,-9.6,-30.2,0.61,0.31,669.5,671.8,666.5,1.2,,,无
2012-01-16,52645.0,青海,野牛沟,38.41666666666666,99.58333333333331,3320.0,2012,1,16,0.0,无,-19.0,-9.1,-28.6,0.65,0.28,669.9,671.8,667.9,0.7,,,无
2012-01-17,52645.0,青海,野牛沟,38.41666666666666,99.58333333333331,3320.0,2012,1,17,0.0,无,-17.6,-9.4,-25.9,0.65,0.42,669.6,671.5,666.8,1.0,,,无
2012-01-18,52645.0,青海,野牛沟,38.41666666666666,99.58333333333331,3320.0,2012,1,18,1.2,normal,-17.0,-11.4,-24.3,0.76,0.49,668.8,670.3,667.2,1.2,,-17.6874278553371,Snow
2012-01-19,52645.0,青海,野牛沟,38.41666666666666,99.58333333333331,3320.0,2012,1,19,0.3,normal,-19.8,-12.7,-26.0,0.7,0.6,670.7,672.1,669.2,0.4,,-20.506467939894975,Snow
2012-01-20,52645.0,青海,野牛沟,38.41666666666666,99.58333333333331,3320.0,2012,1,20,0.0,无,-22.4,-14.8,-29.2,0.68,0.48,670.5,672.2,668.7,0.7,,,无
2012-01-21,52645.0,青海,野牛沟,38.41666666666666,99.58333333333331,3320.0,2012,1,21,0.0,无,-23.3,-14.6,-32.3,0.65,0.49,671.5,672.4,669.8,0.9,,,无
2012-01-22,52645.0,青海,野牛沟,38.41666666666666,99.58333333333331,3320.0,2012,1,22,0.0,无,-22.6,-12.9,-31.7,0.62,0.36,672.7,674.1,671.2,0.7,,,无
2012-01-23,52645.0,青海,野牛沟,38.41666666666666,99.58333333333331,3320.0,2012,1,23,0.0,无,-20.9,-9.9,-30.5,0.57,0.3,671.1,672.3,669.1,1.2,,,无
2012-01-24,52645.0,青海,野牛沟,38.41666666666666,99.58333333333331,3320.0,2012,1,24,0.0,无,-20.6,-7.9,-29.8,0.58,0.26,673.0,674.8,670.2,1.2,,,无
2012-01-25,52645.0,青海,野牛沟,38.41666666666666,99.58333333333331,3320.0,2012,1,25,0.0,无,-18.5,-5.2,-28.6,0.57,0.21,671.3,673.5,668.5,0.7,,,无
2012-01-26,52645.0,青海,野牛沟,38.41666666666666,99.58333333333331,3320.0,2012,1,26,0.0,无,-16.5,-4.3,-26.0,0.48,0.13,671.1,673.2,668.5,1.5,,,无
2012-01-27,52645.0,青海,野牛沟,38.41666666666666,99.58333333333331,3320.0,2012,1,27,0.0,无,-17.0,-6.2,-27.4,0.47,0.2,671.0,672.0,668.6,1.5,,,无
2012-01-28,52645.0,青海,野牛沟,38.41666666666666,99.58333333333331,3320.0,2012,1,28,0.0,无,-15.0,-4.9,-25.4,0.5,0.11,672.4,674.5,669.5,1.6,,,无
2012-01-29,52645.0,青海,野牛沟,38.41666666666666,99.58333333333331,3320.0,2012,1,29,0.0,无,-17.5,-4.9,-27.0,0.49,0.11,673.3,674.6,670.7,1.8,,,无
2012-01-30,52645.0,青海,野牛沟,38.41666666666666,99.58333333333331,3320.0,2012,1,30,0.0,无,-17.2,-3.5,-27.1,0.4,0.1,676.0,677.4,673.9,1.5,,,无
2012-01-31,52645.0,青海,野牛沟,38.41666666666666,99.58333333333331,3320.0,2012,1,31,0.0,无,-16.4,-0.5,-27.3,0.38,0.1,676.1,677.4,674.1,1.8,,,无
2012-02-01,52645.0,青海,野牛沟,38.41666666666666,99.58333333333331,3320.0,2012,2,1,0.0,无,-16.2,-1.2,-26.8,0.43,0.12,677.1,678.6,674.0,1.3,,,无
2012-02-02,52645.0,青海,野牛沟,38.41666666666666,99.58333333333331,3320.0,2012,2,2,0.0,无,-14.1,-3.2,-22.7,0.36,0.11,677.5,679.3,674.7,1.8,,,无
2012-02-03,52645.0,青海,野牛沟,38.41666666666666,99.58333333333331,3320.0,2012,2,3,0.0,无,-15.2,-4.3,-25.4,0.38,0.12,674.2,676.9,670.6,1.4,,,无
2012-02-04,52645.0,青海,野牛沟,38.41666666666666,99.58333333333331,3320.0,2012,2,4,0.0,无,-15.1,0.8,-26.0,0.4,0.06,673.2,674.8,671.3,1.9,,,无
2012-02-05,52645.0,青海,野牛沟,38.41666666666666,99.58333333333331,3320.0,2012,2,5,0.0,无,-14.0,-1.4,-24.3,0.34,0.11,673.1,674.2,670.9,1.7,,,无
2012-02-06,52645.0,青海,野牛沟,38.41666666666666,99.58333333333331,3320.0,2012,2,6,0.0,无,-12.8,-2.5,-21.0,0.37,0.14,673.7,674.7,671.9,1.9,,,无
2012-02-07,52645.0,青海,野牛沟,38.41666666666666,99.58333333333331,3320.0,2012,2,7,0.0,无,-15.2,-4.5,-24.1,0.48,0.23,673.8,675.0,672.1,1.6,,,无
2012-02-08,52645.0,青海,野牛沟,38.41666666666666,99.58333333333331,3320.0,2012,2,8,0.0,无,-12.9,-6.1,-18.1,0.5,0.3,672.6,675.5,669.0,1.5,,,无
2012-02-09,52645.0,青海,野牛沟,38.41666666666666,99.58333333333331,3320.0,2012,2,9,0.0,无,-13.6,-9.1,-18.7,0.54,0.37,670.9,672.3,669.3,1.3,,,无
2012-02-10,52645.0,青海,野牛沟,38.41666666666666,99.58333333333331,3320.0,2012,2,10,0.0,无,-15.9,-3.4,-25.5,0.46,0.13,672.2,674.1,669.5,2.3,,,无
2012-02-11,52645.0,青海,野牛沟,38.41666666666666,99.58333333333331,3320.0,2012,2,11,0.0,无,-14.4,-4.9,-23.6,0.43,0.22,670.2,672.4,666.7,1.3,,,无
2012-02-12,52645.0,青海,野牛沟,38.41666666666666,99.58333333333331,3320.0,2012,2,12,0.0,无,-14.1,-7.5,-22.2,0.52,0.29,670.1,671.3,668.7,1.4,,,无
2012-02-13,52645.0,青海,野牛沟,38.41666666666666,99.58333333333331,3320.0,2012,2,13,0.0,无,-15.7,-5.7,-23.9,0.53,0.2,672.5,674.0,670.7,1.7,,,无
2012-02-14,52645.0,青海,野牛沟,38.41666666666666,99.58333333333331,3320.0,2012,2,14,0.0,无,-16.2,-3.3,-26.4,0.43,0.14,673.2,674.9,670.7,1.9,,,无
2012-02-15,52645.0,青海,野牛沟,38.41666666666666,99.58333333333331,3320.0,2012,2,15,0.0,无,-15.7,-6.8,-25.0,0.48,0.26,674.0,675.8,671.8,1.7,,,无
2012-02-16,52645.0,青海,野牛沟,38.41666666666666,99.58333333333331,3320.0,2012,2,16,0.0,无,-16.0,-3.9,-25.0,0.48,0.11,674.7,677.1,671.7,2.3,,,无
2012-02-17,52645.0,青海,野牛沟,38.41666666666666,99.58333333333331,3320.0,2012,2,17,0.0,无,-15.7,-5.8,-24.3,0.53,0.16,675.2,676.9,672.9,1.7,,,无
2012-02-18,52645.0,青海,野牛沟,38.41666666666666,99.58333333333331,3320.0,2012,2,18,0.0,无,-15.3,-4.1,-23.4,0.55,0.14,675.5,676.9,673.7,1.4,,,无
2012-02-19,52645.0,青海,野牛沟,38.41666666666666,99.58333333333331,3320.0,2012,2,19,0.0,无,-13.5,0.9,-24.4,0.39,0.12,672.8,675.7,669.7,2.3,,,无
2012-02-20,52645.0,青海,野牛沟,38.41666666666666,99.58333333333331,3320.0,2012,2,20,0.0,无,-12.0,1.2,-23.4,0.34,0.1,672.1,673.7,669.9,2.7,,,无
2012-02-21,52645.0,青海,野牛沟,38.41666666666666,99.58333333333331,3320.0,2012,2,21,0.0,无,-10.7,3.8,-23.6,0.33,0.09,671.1,673.2,667.9,2.9,,,无
2012-02-22,52645.0,青海,野牛沟,38.41666666666666,99.58333333333331,3320.0,2012,2,22,0.0,无,-9.0,1.7,-19.3,0.4,0.13,671.4,673.5,669.0,2.6,,,无
2012-02-23,52645.0,青海,野牛沟,38.41666666666666,99.58333333333331,3320.0,2012,2,23,2.3,normal,-8.4,-2.6,-12.4,0.69,0.43,670.3,671.1,668.6,2.1,,-9.899454785934893,Snow
2012-02-24,52645.0,青海,野牛沟,38.41666666666666,99.58333333333331,3320.0,2012,2,24,1.8,normal,-12.7,-8.7,-15.5,0.77,0.57,672.5,673.7,671.0,1.5,,-13.563544002488058,Snow
2012-02-25,52645.0,青海,野牛沟,38.41666666666666,99.58333333333331,3320.0,2012,2,25,0.0,无,-11.3,-5.6,-14.9,0.76,0.48,672.4,674.6,669.9,1.1,,,无
2012-02-26,52645.0,青海,野牛沟,38.41666666666666,99.58333333333331,3320.0,2012,2,26,0.2,normal,-13.1,-4.4,-21.7,0.68,0.33,675.2,676.6,673.8,1.7,,-14.272854163256973,Snow
2012-02-27,52645.0,青海,野牛沟,38.41666666666666,99.58333333333331,3320.0,2012,2,27,0.0,无,-11.4,0.3,-21.0,0.57,0.16,670.8,675.7,666.8,1.7,,,无
2012-02-28,52645.0,青海,野牛沟,38.41666666666666,99.58333333333331,3320.0,2012,2,28,0.0,无,-9.8,0.4,-18.8,0.51,0.24,669.6,671.3,667.6,2.2,,,无
2012-02-29,52645.0,青海,野牛沟,38.41666666666666,99.58333333333331,3320.0,2012,2,29,1.2,normal,-8.9,-2.2,-14.8,0.75,0.42,671.4,672.3,669.5,1.2,,-10.07144274018103,Snow
2012-03-01,52645.0,青海,野牛沟,38.41666666666666,99.58333333333331,3320.0,2012,3,1,0.5,normal,-10.2,-3.3,-19.2,0.68,0.32,672.0,674.3,669.4,0.8,,-11.598157317564176,Snow
2012-03-02,52645.0,青海,野牛沟,38.41666666666666,99.58333333333331,3320.0,2012,3,2,0.1,normal,-8.3,-2.3,-13.8,0.71,0.33,669.5,670.5,668.0,1.3,,-9.7098540096875,Snow
2012-03-03,52645.0,青海,野牛沟,38.41666666666666,99.58333333333331,3320.0,2012,3,3,1.6,normal,-10.9,-3.1,-20.8,0.61,0.26,669.2,671.1,666.4,2.0,,-12.546392107902943,Snow
2012-03-04,52645.0,青海,野牛沟,38.41666666666666,99.58333333333331,3320.0,2012,3,4,0.0,无,-8.3,-2.5,-13.5,0.37,0.11,666.4,668.5,664.4,2.6,,,无
2012-03-05,52645.0,青海,野牛沟,38.41666666666666,99.58333333333331,3320.0,2012,3,5,0.0,无,-12.7,-1.8,-19.6,0.48,0.13,669.1,670.7,665.9,2.3,,,无
2012-03-06,52645.0,青海,野牛沟,38.41666666666666,99.58333333333331,3320.0,2012,3,6,0.5,normal,-11.3,-0.6,-18.6,0.6,0.24,670.9,672.6,668.4,2.0,,-12.947102056397291,Snow
2012-03-07,52645.0,青海,野牛沟,38.41666666666666,99.58333333333331,3320.0,2012,3,7,2.2,normal,-12.2,-2.5,-19.2,0.79,0.42,670.9,672.1,667.9,2.0,,-13.01330358447061,Snow
2012-03-08,52645.0,青海,野牛沟,38.41666666666666,99.58333333333331,3320.0,2012,3,8,4.1,normal,-10.8,-3.5,-14.9,0.7,0.33,672.9,674.0,671.7,1.4,,-12.063882498217215,Snow
2012-03-09,52645.0,青海,野牛沟,38.41666666666666,99.58333333333331,3320.0,2012,3,9,0.0,无,-13.4,-3.7,-23.3,0.57,0.17,675.9,678.0,672.9,2.4,,,无
2012-03-10,52645.0,青海,野牛沟,38.41666666666666,99.58333333333331,3320.0,2012,3,10,0.0,无,-13.1,-0.4,-23.6,0.55,0.18,676.1,677.6,673.4,2.0,,,无
2012-03-11,52645.0,青海,野牛沟,38.41666666666666,99.58333333333331,3320.0,2012,3,11,1.9,normal,-10.9,-2.8,-20.4,0.71,0.39,677.2,678.3,675.3,1.5,,-12.108778803457817,Snow
2012-03-12,52645.0,青海,野牛沟,38.41666666666666,99.58333333333331,3320.0,2012,3,12,0.0,无,-11.7,-0.6,-22.0,0.55,0.11,679.2,681.3,677.2,2.6,,,无
2012-03-13,52645.0,青海,野牛沟,38.41666666666666,99.58333333333331,3320.0,2012,3,13,0.0,无,-12.5,1.8,-24.2,0.45,0.07,677.8,680.1,674.3,2.6,,,无
2012-03-14,52645.0,青海,野牛沟,38.41666666666666,99.58333333333331,3320.0,2012,3,14,0.0,无,-5.9,4.5,-17.1,0.41,0.18,672.6,674.8,669.9,2.4,,,无
2012-03-15,52645.0,青海,野牛沟,38.41666666666666,99.58333333333331,3320.0,2012,3,15,2.4,normal,-5.9,1.0,-12.8,0.64,0.24,675.3,677.2,671.0,2.9,,-7.8840152551609455,Snow
2012-03-16,52645.0,青海,野牛沟,38.41666666666666,99.58333333333331,3320.0,2012,3,16,0.0,无,-6.6,1.7,-15.8,0.49,0.12,674.4,677.3,670.3,2.6,,,无
2012-03-17,52645.0,青海,野牛沟,38.41666666666666,99.58333333333331,3320.0,2012,3,17,0.0,无,-6.0,3.7,-15.5,0.46,0.12,673.8,674.8,671.7,3.3,,,无
2012-03-18,52645.0,青海,野牛沟,38.41666666666666,99.58333333333331,3320.0,2012,3,18,0.0,无,-4.6,4.4,-10.6,0.54,0.16,675.2,676.2,673.8,2.5,,,无
2012-03-19,52645.0,青海,野牛沟,38.41666666666666,99.58333333333331,3320.0,2012,3,19,0.0,无,-2.0,6.1,-7.1,0.5,0.11,676.4,677.8,674.3,4.0,,,无
2012-03-20,52645.0,青海,野牛沟,38.41666666666666,99.58333333333331,3320.0,2012,3,20,0.0,无,0.1,10.8,-9.0,0.38,0.12,674.2,677.6,671.0,3.9,,,无
2012-03-21,52645.0,青海,野牛沟,38.41666666666666,99.58333333333331,3320.0,2012,3,21,0.0,无,-5.3,5.7,-8.0,0.55,0.27,674.7,677.4,671.2,2.5,,,无
2012-03-22,52645.0,青海,野牛沟,38.41666666666666,99.58333333333331,3320.0,2012,3,22,0.5,normal,-7.9,-1.8,-11.3,0.54,0.12,681.2,683.4,677.5,2.5,,-10.181837772011026,Snow
2012-03-23,52645.0,青海,野牛沟,38.41666666666666,99.58333333333331,3320.0,2012,3,23,0.0,无,-11.1,0.2,-21.1,0.39,0.09,683.8,686.3,680.4,3.6,,,无
2012-03-24,52645.0,青海,野牛沟,38.41666666666666,99.58333333333331,3320.0,2012,3,24,0.0,无,-8.1,2.4,-17.1,0.39,0.11,681.8,683.2,679.1,3.6,,,无
2012-03-25,52645.0,青海,野牛沟,38.41666666666666,99.58333333333331,3320.0,2012,3,25,0.0,无,-7.4,4.9,-17.1,0.4,0.1,682.1,683.8,678.9,3.7,,,无
2012-03-26,52645.0,青海,野牛沟,38.41666666666666,99.58333333333331,3320.0,2012,3,26,0.0,无,-5.4,6.9,-15.5,0.38,0.07,681.5,683.3,678.0,3.8,,,无
2012-03-27,52645.0,青海,野牛沟,38.41666666666666,99.58333333333331,3320.0,2012,3,27,0.0,无,-3.3,8.6,-13.5,0.36,0.08,681.3,683.5,678.6,4.1,,,无
2012-03-28,52645.0,青海,野牛沟,38.41666666666666,99.58333333333331,3320.0,2012,3,28,0.0,无,-2.3,7.2,-10.0,0.43,0.12,681.2,682.4,678.4,4.0,,,无
2012-03-29,52645.0,青海,野牛沟,38.41666666666666,99.58333333333331,3320.0,2012,3,29,0.0,无,-7.0,2.1,-12.4,0.64,0.2,682.2,683.3,679.3,2.4,,,无
2012-03-30,52645.0,青海,野牛沟,38.41666666666666,99.58333333333331,3320.0,2012,3,30,1.4,normal,-8.3,-0.2,-16.6,0.56,0.09,686.1,688.2,682.7,2.9,,-10.422498373158128,Snow
2012-03-31,52645.0,青海,野牛沟,38.41666666666666,99.58333333333331,3320.0,2012,3,31,0.0,无,-5.8,8.4,-16.9,0.36,0.06,683.2,688.9,677.7,4.5,,,无
2012-04-01,52645.0,青海,野牛沟,38.41666666666666,99.58333333333331,3320.0,2012,4,1,0.0,无,-3.2,4.4,-11.7,0.35,0.12,676.0,678.8,673.1,4.3,,,无
2012-04-02,52645.0,青海,野牛沟,38.41666666666666,99.58333333333331,3320.0,2012,4,2,0.0,无,-0.4,11.1,-9.6,0.33,0.09,681.0,684.1,674.2,5.7,,,无
2012-04-03,52645.0,青海,野牛沟,38.41666666666666,99.58333333333331,3320.0,2012,4,3,0.0,无,0.5,11.4,-8.4,0.4,0.15,682.6,684.3,678.8,4.8,,,无
2012-04-04,52645.0,青海,野牛沟,38.41666666666666,99.58333333333331,3320.0,2012,4,4,0.0,无,-2.6,7.3,-10.2,0.49,0.12,682.7,683.9,679.6,4.2,,,无
2012-04-05,52645.0,青海,野牛沟,38.41666666666666,99.58333333333331,3320.0,2012,4,5,0.0,无,-2.6,5.2,-10.5,0.55,0.12,682.2,683.8,679.7,3.4,,,无
2012-04-06,52645.0,青海,野牛沟,38.41666666666666,99.58333333333331,3320.0,2012,4,6,0.5,normal,-3.4,3.2,-7.7,0.57,0.12,683.1,684.6,681.5,3.7,,-6.079645162470819,Snow
2012-04-07,52645.0,青海,野牛沟,38.41666666666666,99.58333333333331,3320.0,2012,4,7,0.0,无,-3.3,9.2,-13.3,0.5,0.08,682.4,684.9,678.8,3.6,,,无
2012-04-08,52645.0,青海,野牛沟,38.41666666666666,99.58333333333331,3320.0,2012,4,8,0.0,无,-2.3,8.5,-11.8,0.39,0.11,679.3,681.2,675.8,4.8,,,无
2012-04-09,52645.0,青海,野牛沟,38.41666666666666,99.58333333333331,3320.0,2012,4,9,0.1,normal,-1.5,5.5,-4.9,0.67,0.19,678.2,679.5,675.2,2.9,,-3.7363362553764956,Snow
2012-04-10,52645.0,青海,野牛沟,38.41666666666666,99.58333333333331,3320.0,2012,4,10,0.8,normal,-2.2,7.2,-8.5,0.63,0.21,678.3,679.8,675.1,3.6,,-4.637631505982385,Snow
2012-04-11,52645.0,青海,野牛沟,38.41666666666666,99.58333333333331,3320.0,2012,4,11,0.0,无,-2.5,3.7,-4.7,0.6,0.18,677.5,679.2,675.8,3.7,,,无
2012-04-12,52645.0,青海,野牛沟,38.41666666666666,99.58333333333331,3320.0,2012,4,12,0.0,无,-5.7,6.3,-15.1,0.39,0.04,680.2,682.2,676.8,4.4,,,无
2012-04-13,52645.0,青海,野牛沟,38.41666666666666,99.58333333333331,3320.0,2012,4,13,0.0,无,-3.6,7.0,-12.7,0.4,0.12,677.7,679.7,674.6,3.4,,,无
2012-04-14,52645.0,青海,野牛沟,38.41666666666666,99.58333333333331,3320.0,2012,4,14,0.0,无,-1.3,5.3,-5.8,0.55,0.25,678.1,679.4,676.0,3.6,,,无
2012-04-15,52645.0,青海,野牛沟,38.41666666666666,99.58333333333331,3320.0,2012,4,15,0.0,无,-2.9,2.8,-8.8,0.51,0.27,681.2,682.6,679.4,2.2,,,无
2012-04-16,52645.0,青海,野牛沟,38.41666666666666,99.58333333333331,3320.0,2012,4,16,0.5,normal,-2.6,4.3,-8.2,0.64,0.34,680.6,682.6,678.0,2.9,,-4.921307985422456,Snow
2012-04-17,52645.0,青海,野牛沟,38.41666666666666,99.58333333333331,3320.0,2012,4,17,2.6,normal,-1.0,4.1,-4.9,0.66,0.19,678.2,680.5,676.2,3.8,,-3.3586452000896783,Snow
2012-04-18,52645.0,青海,野牛沟,38.41666666666666,99.58333333333331,3320.0,2012,4,18,0.0,无,-2.1,5.6,-9.5,0.53,0.15,678.0,678.8,675.8,4.4,,,无
2012-04-19,52645.0,青海,野牛沟,38.41666666666666,99.58333333333331,3320.0,2012,4,19,0.3,normal,-2.8,6.5,-9.7,0.62,0.16,680.2,681.6,677.6,3.9,,-5.232537294473727,Snow
2012-04-20,52645.0,青海,野牛沟,38.41666666666666,99.58333333333331,3320.0,2012,4,20,0.0,无,-2.8,6.9,-12.1,0.57,0.19,681.9,682.9,679.5,4.7,,,无
2012-04-21,52645.0,青海,野牛沟,38.41666666666666,99.58333333333331,3320.0,2012,4,21,0.0,无,-0.1,10.9,-9.9,0.44,0.08,678.5,682.3,674.6,5.4,,,无
2012-04-22,52645.0,青海,野牛沟,38.41666666666666,99.58333333333331,3320.0,2012,4,22,0.0,无,1.5,12.6,-9.2,0.36,0.09,673.4,676.0,670.0,6.2,,,无
2012-04-23,52645.0,青海,野牛沟,38.41666666666666,99.58333333333331,3320.0,2012,4,23,0.0,无,2.3,12.4,-5.7,0.34,0.07,671.9,673.4,669.2,5.8,,,无
2012-04-24,52645.0,青海,野牛沟,38.41666666666666,99.58333333333331,3320.0,2012,4,24,0.0,无,-1.5,5.3,-5.4,0.34,0.1,677.1,677.9,673.4,6.6,,,无
2012-04-25,52645.0,青海,野牛沟,38.41666666666666,99.58333333333331,3320.0,2012,4,25,0.0,无,-0.8,9.3,-10.4,0.19,0.06,680.4,682.7,676.5,7.2,,,无
2012-04-26,52645.0,青海,野牛沟,38.41666666666666,99.58333333333331,3320.0,2012,4,26,0.0,无,-0.5,10.3,-10.6,0.29,0.06,679.1,680.6,675.9,7.6,,,无
2012-04-27,52645.0,青海,野牛沟,38.41666666666666,99.58333333333331,3320.0,2012,4,27,0.0,无,0.6,11.7,-9.5,0.33,0.07,677.4,679.5,673.5,6.6,,,无
2012-04-28,52645.0,青海,野牛沟,38.41666666666666,99.58333333333331,3320.0,2012,4,28,0.0,无,2.2,13.5,-8.9,0.33,0.07,677.5,679.4,674.8,7.2,,,无
2012-04-29,52645.0,青海,野牛沟,38.41666666666666,99.58333333333331,3320.0,2012,4,29,0.0,无,1.7,13.4,-7.9,0.41,0.17,675.6,676.7,672.5,5.2,,,无
2012-04-30,52645.0,青海,野牛沟,38.41666666666666,99.58333333333331,3320.0,2012,4,30,0.0,无,2.3,9.0,-4.0,0.61,0.3,678.7,679.4,676.5,5.6,,,无
2012-05-01,52645.0,青海,野牛沟,38.41666666666666,99.58333333333331,3320.0,2012,5,1,0.0,无,1.7,11.8,-7.1,0.55,0.18,680.5,682.6,678.5,5.1,,,无
2012-05-02,52645.0,青海,野牛沟,38.41666666666666,99.58333333333331,3320.0,2012,5,2,0.0,无,4.1,8.3,0.5,0.5,0.35,678.4,680.8,676.8,4.5,,,无
2012-05-03,52645.0,青海,野牛沟,38.41666666666666,99.58333333333331,3320.0,2012,5,3,0.0,无,3.0,10.0,-4.5,0.57,0.27,679.9,681.0,677.9,4.5,,,无
2012-05-04,52645.0,青海,野牛沟,38.41666666666666,99.58333333333331,3320.0,2012,5,4,0.0,无,2.8,14.1,-6.9,0.6,0.21,680.6,681.6,678.8,5.2,,,无
2012-05-05,52645.0,青海,野牛沟,38.41666666666666,99.58333333333331,3320.0,2012,5,5,0.5,normal,3.6,7.9,1.7,0.84,0.5,682.9,684.0,681.2,1.3,,2.2931568699818206,Snow
2012-05-06,52645.0,青海,野牛沟,38.41666666666666,99.58333333333331,3320.0,2012,5,6,2.6,normal,4.8,12.7,1.2,0.73,0.34,680.9,683.5,678.5,2.6,,2.4551528196872807,Rain
2012-05-07,52645.0,青海,野牛沟,38.41666666666666,99.58333333333331,3320.0,2012,5,7,2.0,normal,4.4,10.5,1.0,0.71,0.33,682.0,682.9,679.5,3.0,,1.9132332100718985,Rain
2012-05-08,52645.0,青海,野牛沟,38.41666666666666,99.58333333333331,3320.0,2012,5,8,0.7,normal,5.7,14.4,2.8,0.65,0.29,682.2,684.0,679.5,5.5,,2.5229887769294157,Rain
2012-05-09,52645.0,青海,野牛沟,38.41666666666666,99.58333333333331,3320.0,2012,5,9,3.1,normal,5.6,15.5,0.6,0.72,0.32,683.4,685.3,679.5,4.6,,3.0968816130313526,Rain
2012-05-10,52645.0,青海,野牛沟,38.41666666666666,99.58333333333331,3320.0,2012,5,10,16.1,normal,4.5,10.7,0.2,0.75,0.41,682.1,683.5,680.6,2.8,,2.3607313855298395,Rain
2012-05-11,52645.0,青海,野牛沟,38.41666666666666,99.58333333333331,3320.0,2012,5,11,0.0,无,4.1,9.8,1.9,0.63,0.14,681.3,683.0,679.8,6.1,,,无
2012-05-12,52645.0,青海,野牛沟,38.41666666666666,99.58333333333331,3320.0,2012,5,12,0.0,无,2.2,11.4,-7.1,0.46,0.1,680.4,684.2,676.5,6.5,,,无
2012-05-13,52645.0,青海,野牛沟,38.41666666666666,99.58333333333331,3320.0,2012,5,13,0.0,无,2.4,9.7,-2.0,0.48,0.12,679.1,679.9,677.2,5.9,,,无
2012-05-14,52645.0,青海,野牛沟,38.41666666666666,99.58333333333331,3320.0,2012,5,14,0.0,无,2.2,8.5,-5.0,0.41,0.1,682.3,683.6,679.9,6.4,,,无
2012-05-15,52645.0,青海,野牛沟,38.41666666666666,99.58333333333331,3320.0,2012,5,15,0.0,无,2.4,12.0,-6.8,0.42,0.1,681.6,683.6,678.4,5.4,,,无
2012-05-16,52645.0,青海,野牛沟,38.41666666666666,99.58333333333331,3320.0,2012,5,16,0.0,无,3.9,13.7,-6.3,0.37,0.09,681.4,683.7,678.4,6.8,,,无
2012-05-17,52645.0,青海,野牛沟,38.41666666666666,99.58333333333331,3320.0,2012,5,17,0.0,无,4.4,13.1,-2.1,0.57,0.17,679.4,680.3,677.9,4.4,,,无
2012-05-18,52645.0,青海,野牛沟,38.41666666666666,99.58333333333331,3320.0,2012,5,18,0.0,无,6.2,15.2,-1.5,0.54,0.16,680.8,682.3,679.0,5.8,,,无
2012-05-19,52645.0,青海,野牛沟,38.41666666666666,99.58333333333331,3320.0,2012,5,19,0.0,无,7.4,16.4,-1.7,0.5,0.2,680.5,681.6,679.4,5.4,,,无
2012-05-20,52645.0,青海,野牛沟,38.41666666666666,99.58333333333331,3320.0,2012,5,20,0.9,normal,5.7,12.7,1.8,0.72,0.49,678.8,681.0,676.0,2.3,,3.1802070103332047,Rain
2012-05-21,52645.0,青海,野牛沟,38.41666666666666,99.58333333333331,3320.0,2012,5,21,5.1,normal,3.1,7.0,0.9,0.86,0.6,682.0,682.7,679.4,0.3,,1.9800978814948822,Snow
2012-05-22,52645.0,青海,野牛沟,38.41666666666666,99.58333333333331,3320.0,2012,5,22,0.7,normal,4.3,11.2,-0.3,0.71,0.36,681.0,683.8,678.6,3.7,,1.8208283042711715,Rain
2012-05-23,52645.0,青海,野牛沟,38.41666666666666,99.58333333333331,3320.0,2012,5,23,2.1,normal,2.0,5.3,-1.1,0.73,0.56,681.1,682.0,679.6,2.1,,-0.1051011555595549,Snow
2012-05-24,52645.0,青海,野牛沟,38.41666666666666,99.58333333333331,3320.0,2012,5,24,0.5,normal,2.8,5.9,-0.3,0.67,0.47,682.1,683.2,680.8,3.0,,0.1251281683935579,Snow
2012-05-25,52645.0,青海,野牛沟,38.41666666666666,99.58333333333331,3320.0,2012,5,25,3.0,normal,3.1,8.1,-0.3,0.72,0.44,681.9,683.4,680.8,2.9,,0.8182610956439307,Snow
2012-05-26,52645.0,青海,野牛沟,38.41666666666666,99.58333333333331,3320.0,2012,5,26,2.1,normal,3.3,12.1,-0.4,0.74,0.24,681.7,683.6,679.1,4.9,,1.1701666918200404,Snow
2012-05-27,52645.0,青海,野牛沟,38.41666666666666,99.58333333333331,3320.0,2012,5,27,0.0,无,6.1,17.4,-2.4,0.6,0.19,680.4,682.4,677.6,5.5,,,无
2012-05-28,52645.0,青海,野牛沟,38.41666666666666,99.58333333333331,3320.0,2012,5,28,4.6,normal,4.0,11.6,0.6,0.72,0.27,683.1,685.0,678.5,3.7,,1.6400381708741874,Rain
2012-05-29,52645.0,青海,野牛沟,38.41666666666666,99.58333333333331,3320.0,2012,5,29,0.0,无,5.2,14.4,-3.3,0.57,0.12,684.9,686.9,681.9,6.0,,,无
2012-05-30,52645.0,青海,野牛沟,38.41666666666666,99.58333333333331,3320.0,2012,5,30,0.0,无,6.2,16.0,-3.8,0.44,0.1,682.7,684.3,680.4,8.0,,,无
2012-05-31,52645.0,青海,野牛沟,38.41666666666666,99.58333333333331,3320.0,2012,5,31,0.0,无,6.1,11.8,0.6,0.47,0.15,683.2,684.1,681.3,5.0,,,无
2012-06-01,52645.0,青海,野牛沟,38.41666666666666,99.58333333333331,3320.0,2012,6,1,0.0,无,6.6,11.9,0.5,0.58,0.32,682.6,684.1,681.2,4.7,,,无
2012-06-02,52645.0,青海,野牛沟,38.41666666666666,99.58333333333331,3320.0,2012,6,2,0.0,无,6.2,14.8,-1.6,0.57,0.23,681.1,683.0,679.3,5.2,,,无
2012-06-03,52645.0,青海,野牛沟,38.41666666666666,99.58333333333331,3320.0,2012,6,3,2.1,normal,5.7,10.5,2.1,0.7,0.28,680.8,681.8,678.7,4.6,,2.9954206115251703,Rain
2012-06-04,52645.0,青海,野牛沟,38.41666666666666,99.58333333333331,3320.0,2012,6,4,2.9,normal,6.9,13.3,3.0,0.72,0.43,679.3,681.0,677.4,3.8,,4.2725457131372435,Rain
2012-06-05,52645.0,青海,野牛沟,38.41666666666666,99.58333333333331,3320.0,2012,6,5,12.0,normal,5.1,7.4,3.1,0.83,0.67,678.5,679.9,677.6,1.2,,3.627010744669108,Rain
2012-06-06,52645.0,青海,野牛沟,38.41666666666666,99.58333333333331,3320.0,2012,6,6,0.2,normal,5.8,9.9,3.4,0.72,0.44,680.4,681.0,679.1,2.9,,3.273853444943131,Rain
2012-06-07,52645.0,青海,野牛沟,38.41666666666666,99.58333333333331,3320.0,2012,6,7,0.0,无,7.1,14.0,0.3,0.55,0.14,680.5,681.4,679.2,7.4,,,无
2012-06-08,52645.0,青海,野牛沟,38.41666666666666,99.58333333333331,3320.0,2012,6,8,0.0,无,7.9,15.9,1.7,0.58,0.2,681.4,682.4,679.5,5.9,,,无
2012-06-09,52645.0,青海,野牛沟,38.41666666666666,99.58333333333331,3320.0,2012,6,9,0.6,normal,8.3,18.5,-1.0,0.55,0.11,680.8,682.9,678.4,6.7,,3.7396187570868777,Rain
2012-06-10,52645.0,青海,野牛沟,38.41666666666666,99.58333333333331,3320.0,2012,6,10,0.0,无,8.5,16.6,0.7,0.52,0.22,679.7,681.1,678.2,5.7,,,无
2012-06-11,52645.0,青海,野牛沟,38.41666666666666,99.58333333333331,3320.0,2012,6,11,0.0,无,8.4,16.4,-0.6,0.54,0.23,680.5,682.0,678.7,6.9,,,无
2012-06-12,52645.0,青海,野牛沟,38.41666666666666,99.58333333333331,3320.0,2012,6,12,0.0,无,8.7,15.6,1.6,0.49,0.25,680.8,682.3,679.3,4.8,,,无
2012-06-13,52645.0,青海,野牛沟,38.41666666666666,99.58333333333331,3320.0,2012,6,13,0.0,无,7.4,16.1,-0.3,0.56,0.16,681.4,682.2,679.8,6.9,,,无
2012-06-14,52645.0,青海,野牛沟,38.41666666666666,99.58333333333331,3320.0,2012,6,14,1.2,normal,8.6,14.0,4.1,0.59,0.35,682.9,683.8,681.9,5.1,,4.438387010224862,Rain
2012-06-15,52645.0,青海,野牛沟,38.41666666666666,99.58333333333331,3320.0,2012,6,15,0.0,无,6.9,15.1,-0.9,0.62,0.26,683.0,684.3,681.0,6.5,,,无
2012-06-16,52645.0,青海,野牛沟,38.41666666666666,99.58333333333331,3320.0,2012,6,16,0.0,无,9.2,17.8,-0.2,0.57,0.24,680.7,683.2,677.7,6.6,,,无
2012-06-17,52645.0,青海,野牛沟,38.41666666666666,99.58333333333331,3320.0,2012,6,17,5.0,normal,7.3,14.1,3.6,0.71,0.35,680.1,681.1,678.3,6.0,,4.537887896682231,Rain
2012-06-18,52645.0,青海,野牛沟,38.41666666666666,99.58333333333331,3320.0,2012,6,18,1.3,normal,7.7,15.9,-0.2,0.65,0.28,681.7,682.8,679.5,4.2,,4.288974615677783,Rain
2012-06-19,52645.0,青海,野牛沟,38.41666666666666,99.58333333333331,3320.0,2012,6,19,5.0,normal,8.6,18.0,0.5,0.61,0.19,680.5,683.8,677.2,6.6,,4.649963311052514,Rain
2012-06-20,52645.0,青海,野牛沟,38.41666666666666,99.58333333333331,3320.0,2012,6,20,0.0,无,9.5,18.8,0.9,0.57,0.2,679.1,680.0,677.0,7.2,,,无
2012-06-21,52645.0,青海,野牛沟,38.41666666666666,99.58333333333331,3320.0,2012,6,21,0.0,无,8.9,17.7,1.4,0.62,0.27,681.0,681.7,678.9,6.3,,,无
2012-06-22,52645.0,青海,野牛沟,38.41666666666666,99.58333333333331,3320.0,2012,6,22,2.2,normal,9.0,19.0,0.8,0.62,0.16,681.7,682.8,679.1,5.8,,5.109559416317153,Rain
2012-06-23,52645.0,青海,野牛沟,38.41666666666666,99.58333333333331,3320.0,2012,6,23,12.6,normal,6.8,10.7,3.7,0.81,0.61,680.1,683.3,678.9,3.4,,5.050052286656341,Rain
2012-06-24,52645.0,青海,野牛沟,38.41666666666666,99.58333333333331,3320.0,2012,6,24,0.0,无,8.6,17.1,1.6,0.64,0.27,678.5,680.4,676.1,5.2,,,无
2012-06-25,52645.0,青海,野牛沟,38.41666666666666,99.58333333333331,3320.0,2012,6,25,2.8,normal,8.7,16.8,0.8,0.69,0.37,678.2,679.4,676.3,4.7,,5.591216151155796,Rain
2012-06-26,52645.0,青海,野牛沟,38.41666666666666,99.58333333333331,3320.0,2012,6,26,2.8,normal,9.4,16.0,4.7,0.78,0.43,678.4,680.0,677.1,3.8,,7.1810752703698855,Rain
2012-06-27,52645.0,青海,野牛沟,38.41666666666666,99.58333333333331,3320.0,2012,6,27,18.2,normal,7.9,13.7,3.5,0.74,0.49,679.9,680.5,678.2,3.7,,5.385707586148851,Rain
2012-06-28,52645.0,青海,野牛沟,38.41666666666666,99.58333333333331,3320.0,2012,6,28,2.6,normal,8.6,12.1,6.0,0.78,0.51,681.5,682.5,680.1,1.2,,6.440590529765724,Rain
2012-06-29,52645.0,青海,野牛沟,38.41666666666666,99.58333333333331,3320.0,2012,6,29,0.3,normal,11.0,17.8,5.6,0.68,0.32,682.4,683.8,680.7,5.8,,7.549967964485416,Rain
2012-06-30,52645.0,青海,野牛沟,38.41666666666666,99.58333333333331,3320.0,2012,6,30,0.0,无,11.4,20.8,2.4,0.65,0.31,681.7,682.9,679.7,6.8,,,无
2012-07-01,52645.0,青海,野牛沟,38.41666666666666,99.58333333333331,3320.0,2012,7,1,6.2,normal,11.4,15.6,8.5,0.77,0.5,682.3,683.3,680.6,3.0,,8.935541506904382,Rain
2012-07-02,52645.0,青海,野牛沟,38.41666666666666,99.58333333333331,3320.0,2012,7,2,5.9,normal,10.6,15.7,7.8,0.74,0.41,682.2,683.3,680.8,3.9,,7.863631494134107,Rain
2012-07-03,52645.0,青海,野牛沟,38.41666666666666,99.58333333333331,3320.0,2012,7,3,10.7,normal,8.6,14.9,5.9,0.75,0.41,682.1,683.5,680.9,3.0,,6.133835314239726,Rain
2012-07-04,52645.0,青海,野牛沟,38.41666666666666,99.58333333333331,3320.0,2012,7,4,0.8,normal,9.8,16.3,2.3,0.64,0.32,680.6,682.7,678.2,5.4,,6.0285397967799925,Rain
2012-07-05,52645.0,青海,野牛沟,38.41666666666666,99.58333333333331,3320.0,2012,7,5,0.8,normal,9.9,17.7,1.6,0.64,0.32,679.8,681.9,677.0,7.0,,6.1145963601705455,Rain
2012-07-06,52645.0,青海,野牛沟,38.41666666666666,99.58333333333331,3320.0,2012,7,6,23.6,normal,9.0,16.8,2.8,0.69,0.32,678.3,679.7,676.9,6.4,,5.860814152770097,Rain
2012-07-07,52645.0,青海,野牛沟,38.41666666666666,99.58333333333331,3320.0,2012,7,7,2.0,normal,8.2,15.9,1.9,0.77,0.41,678.8,680.0,677.3,3.6,,5.963972877301633,Rain
2012-07-08,52645.0,青海,野牛沟,38.41666666666666,99.58333333333331,3320.0,2012,7,8,2.5,normal,10.0,18.0,5.7,0.72,0.33,679.6,680.9,678.0,5.3,,7.091624598385313,Rain
2012-07-09,52645.0,青海,野牛沟,38.41666666666666,99.58333333333331,3320.0,2012,7,9,8.8,normal,9.5,16.1,5.1,0.67,0.36,682.3,683.2,679.3,4.0,,6.099182124583016,Rain
2012-07-10,52645.0,青海,野牛沟,38.41666666666666,99.58333333333331,3320.0,2012,7,10,0.0,无,11.6,19.6,4.8,0.58,0.22,683.3,684.8,681.2,6.9,,,无
2012-07-11,52645.0,青海,野牛沟,38.41666666666666,99.58333333333331,3320.0,2012,7,11,0.0,无,11.1,15.4,8.8,0.62,0.36,683.9,684.8,682.3,4.2,,,无
2012-07-12,52645.0,青海,野牛沟,38.41666666666666,99.58333333333331,3320.0,2012,7,12,6.2,normal,7.6,11.8,5.0,0.78,0.58,683.5,684.6,681.4,2.2,,5.512617938220843,Rain
2012-07-13,52645.0,青海,野牛沟,38.41666666666666,99.58333333333331,3320.0,2012,7,13,0.0,无,8.9,18.3,1.3,0.7,0.28,682.0,683.2,679.9,5.9,,,无
2012-07-14,52645.0,青海,野牛沟,38.41666666666666,99.58333333333331,3320.0,2012,7,14,0.0,无,10.8,20.0,2.0,0.65,0.27,681.1,682.5,679.2,6.5,,,无
2012-07-15,52645.0,青海,野牛沟,38.41666666666666,99.58333333333331,3320.0,2012,7,15,4.7,normal,10.0,18.3,5.0,0.77,0.41,680.7,681.4,678.7,4.1,,7.635253558464901,Rain
2012-07-16,52645.0,青海,野牛沟,38.41666666666666,99.58333333333331,3320.0,2012,7,16,14.5,normal,11.2,16.5,8.1,0.82,0.53,681.3,682.5,679.6,2.4,,9.300678138900814,Rain
2012-07-17,52645.0,青海,野牛沟,38.41666666666666,99.58333333333331,3320.0,2012,7,17,8.3,normal,10.1,15.6,6.9,0.72,0.45,683.4,684.1,682.2,2.9,,7.188897451664125,Rain
2012-07-18,52645.0,青海,野牛沟,38.41666666666666,99.58333333333331,3320.0,2012,7,18,4.9,normal,10.9,17.7,7.0,0.75,0.42,683.2,684.4,681.1,4.0,,8.2515505649836,Rain
2012-07-19,52645.0,青海,野牛沟,38.41666666666666,99.58333333333331,3320.0,2012,7,19,0.0,无,11.5,18.3,4.0,0.68,0.34,682.3,683.5,680.5,5.4,,,无
2012-07-20,52645.0,青海,野牛沟,38.41666666666666,99.58333333333331,3320.0,2012,7,20,6.7,normal,10.0,15.0,5.8,0.84,0.53,681.5,683.0,680.5,1.9,,8.377306822244272,Rain
2012-07-21,52645.0,青海,野牛沟,38.41666666666666,99.58333333333331,3320.0,2012,7,21,6.8,normal,10.8,16.8,6.6,0.67,0.31,684.0,684.7,681.5,5.6,,7.26007808621937,Rain
2012-07-22,52645.0,青海,野牛沟,38.41666666666666,99.58333333333331,3320.0,2012,7,22,1.5,normal,7.0,13.4,5.7,0.82,0.47,684.8,685.7,684.0,1.5,,5.338462867263396,Rain
2012-07-23,52645.0,青海,野牛沟,38.41666666666666,99.58333333333331,3320.0,2012,7,23,0.0,无,7.6,14.8,2.2,0.73,0.35,682.6,685.0,680.6,4.8,,,无
2012-07-24,52645.0,青海,野牛沟,38.41666666666666,99.58333333333331,3320.0,2012,7,24,2.7,normal,9.8,17.9,5.0,0.71,0.29,681.2,682.7,679.6,4.7,,6.803628966568227,Rain
2012-07-25,52645.0,青海,野牛沟,38.41666666666666,99.58333333333331,3320.0,2012,7,25,1.2,normal,9.9,19.9,2.7,0.78,0.29,681.7,682.9,680.0,5.5,,7.650576584909827,Rain
2012-07-26,52645.0,青海,野牛沟,38.41666666666666,99.58333333333331,3320.0,2012,7,26,0.8,normal,10.2,19.6,3.6,0.79,0.42,681.5,682.4,679.5,3.6,,8.036866284353309,Rain
2012-07-27,52645.0,青海,野牛沟,38.41666666666666,99.58333333333331,3320.0,2012,7,27,5.9,normal,11.3,19.6,4.4,0.74,0.43,680.9,681.9,679.3,5.3,,8.503259510858182,Rain
2012-07-28,52645.0,青海,野牛沟,38.41666666666666,99.58333333333331,3320.0,2012,7,28,0.1,normal,12.2,17.9,7.3,0.77,0.45,682.8,684.1,681.4,3.4,,9.678188036855516,Rain
2012-07-29,52645.0,青海,野牛沟,38.41666666666666,99.58333333333331,3320.0,2012,7,29,21.0,normal,11.3,17.1,7.0,0.83,0.59,681.7,683.8,679.3,2.9,,9.504912879679445,Rain
2012-07-30,52645.0,青海,野牛沟,38.41666666666666,99.58333333333331,3320.0,2012,7,30,3.3,normal,11.0,14.3,8.3,0.75,0.48,682.6,683.3,681.9,3.8,,8.342693324199185,Rain
2012-07-31,52645.0,青海,野牛沟,38.41666666666666,99.58333333333331,3320.0,2012,7,31,1.2,normal,9.5,16.2,6.0,0.66,0.35,683.1,684.2,681.3,4.8,,5.9911466105832245,Rain
2012-08-01,52645.0,青海,野牛沟,38.41666666666666,99.58333333333331,3320.0,2012,8,1,0.0,无,11.0,19.8,5.0,0.65,0.22,683.6,684.9,681.7,6.6,,,无
2012-08-02,52645.0,青海,野牛沟,38.41666666666666,99.58333333333331,3320.0,2012,8,2,0.0,无,11.4,21.6,3.3,0.62,0.25,682.9,684.3,680.5,6.8,,,无
2012-08-03,52645.0,青海,野牛沟,38.41666666666666,99.58333333333331,3320.0,2012,8,3,0.0,无,11.8,22.1,3.0,0.61,0.22,681.4,683.4,679.3,8.0,,,无
2012-08-04,52645.0,青海,野牛沟,38.41666666666666,99.58333333333331,3320.0,2012,8,4,0.0,无,11.8,21.3,2.7,0.63,0.17,681.2,682.1,679.6,8.0,,,无
2012-08-05,52645.0,青海,野牛沟,38.41666666666666,99.58333333333331,3320.0,2012,8,5,0.0,无,14.8,21.9,8.9,0.64,0.34,681.7,682.6,679.9,7.8,,,无
2012-08-06,52645.0,青海,野牛沟,38.41666666666666,99.58333333333331,3320.0,2012,8,6,4.5,normal,11.6,15.5,9.3,0.84,0.64,682.5,683.8,681.3,1.0,,9.899924664190976,Rain
2012-08-07,52645.0,青海,野牛沟,38.41666666666666,99.58333333333331,3320.0,2012,8,7,13.8,normal,9.9,13.3,7.2,0.84,0.71,684.7,685.3,683.8,3.2,,8.285062590573919,Rain
2012-08-08,52645.0,青海,野牛沟,38.41666666666666,99.58333333333331,3320.0,2012,8,8,0.0,无,11.9,17.1,8.3,0.79,0.58,684.3,685.9,682.3,4.8,,,无
2012-08-09,52645.0,青海,野牛沟,38.41666666666666,99.58333333333331,3320.0,2012,8,9,0.0,无,14.1,22.0,8.6,0.74,0.34,682.5,683.9,680.6,5.7,,,无
2012-08-10,52645.0,青海,野牛沟,38.41666666666666,99.58333333333331,3320.0,2012,8,10,5.6,normal,12.9,16.1,11.4,0.83,0.69,681.0,682.4,679.9,2.1,,11.021160255700039,Rain
2012-08-11,52645.0,青海,野牛沟,38.41666666666666,99.58333333333331,3320.0,2012,8,11,4.4,normal,12.4,18.8,9.2,0.77,0.38,683.0,683.8,681.2,4.0,,9.863973657266246,Rain
2012-08-12,52645.0,青海,野牛沟,38.41666666666666,99.58333333333331,3320.0,2012,8,12,20.1,normal,12.1,16.8,9.8,0.84,0.63,682.0,683.6,680.4,2.7,,10.375131829382966,Rain
2012-08-13,52645.0,青海,野牛沟,38.41666666666666,99.58333333333331,3320.0,2012,8,13,12.6,normal,10.8,12.6,9.5,0.8,0.6,683.0,684.0,682.2,1.5,,8.708075687724776,Rain
2012-08-14,52645.0,青海,野牛沟,38.41666666666666,99.58333333333331,3320.0,2012,8,14,0.2,normal,11.7,20.9,4.5,0.69,0.29,683.6,684.7,681.9,6.5,,8.295473816946316,Rain
2012-08-15,52645.0,青海,野牛沟,38.41666666666666,99.58333333333331,3320.0,2012,8,15,0.5,normal,12.4,21.5,5.2,0.71,0.4,682.9,684.2,680.8,5.5,,9.1611936685382,Rain
2012-08-16,52645.0,青海,野牛沟,38.41666666666666,99.58333333333331,3320.0,2012,8,16,11.7,normal,10.3,14.4,8.0,0.8,0.51,683.6,685.2,682.2,1.9,,8.239950970519544,Rain
2012-08-17,52645.0,青海,野牛沟,38.41666666666666,99.58333333333331,3320.0,2012,8,17,7.9,normal,9.1,14.3,6.2,0.76,0.5,685.7,686.6,684.3,3.3,,6.703512418633646,Rain
2012-08-18,52645.0,青海,野牛沟,38.41666666666666,99.58333333333331,3320.0,2012,8,18,3.4,normal,8.2,17.4,2.4,0.72,0.35,686.1,688.3,683.7,6.0,,5.465997828607754,Rain
2012-08-19,52645.0,青海,野牛沟,38.41666666666666,99.58333333333331,3320.0,2012,8,19,0.0,无,9.2,17.5,2.2,0.67,0.29,683.9,685.0,681.9,5.0,,,无
2012-08-20,52645.0,青海,野牛沟,38.41666666666666,99.58333333333331,3320.0,2012,8,20,0.0,无,7.8,15.6,0.6,0.65,0.29,684.4,685.0,682.7,5.6,,,无
2012-08-21,52645.0,青海,野牛沟,38.41666666666666,99.58333333333331,3320.0,2012,8,21,0.0,无,6.7,17.7,-0.5,0.63,0.13,686.1,687.4,684.4,4.3,,,无
2012-08-22,52645.0,青海,野牛沟,38.41666666666666,99.58333333333331,3320.0,2012,8,22,2.7,normal,7.8,16.2,2.2,0.69,0.22,685.2,687.1,683.2,4.5,,4.7960950485878096,Rain
2012-08-23,52645.0,青海,野牛沟,38.41666666666666,99.58333333333331,3320.0,2012,8,23,0.0,无,8.2,18.8,-0.2,0.61,0.22,683.4,684.9,681.4,5.2,,,无
2012-08-24,52645.0,青海,野牛沟,38.41666666666666,99.58333333333331,3320.0,2012,8,24,1.2,normal,6.7,15.9,0.8,0.7,0.27,684.3,686.1,682.2,5.5,,3.9041212756456156,Rain
2012-08-25,52645.0,青海,野牛沟,38.41666666666666,99.58333333333331,3320.0,2012,8,25,1.0,normal,6.8,18.0,1.1,0.66,0.15,685.4,687.2,683.5,4.8,,3.6015375471388955,Rain
2012-08-26,52645.0,青海,野牛沟,38.41666666666666,99.58333333333331,3320.0,2012,8,26,1.8,normal,6.5,14.4,2.0,0.75,0.32,685.1,685.5,683.6,1.8,,4.206097030890841,Rain
2012-08-27,52645.0,青海,野牛沟,38.41666666666666,99.58333333333331,3320.0,2012,8,27,1.0,normal,8.1,17.3,2.1,0.63,0.24,685.0,686.6,683.5,5.4,,4.439189202602534,Rain
2012-08-28,52645.0,青海,野牛沟,38.41666666666666,99.58333333333331,3320.0,2012,8,28,0.0,无,8.4,19.0,0.2,0.63,0.22,684.0,685.4,682.1,6.1,,,无
2012-08-29,52645.0,青海,野牛沟,38.41666666666666,99.58333333333331,3320.0,2012,8,29,0.0,无,8.3,17.8,1.4,0.69,0.32,683.7,684.4,682.4,4.7,,,无
2012-08-30,52645.0,青海,野牛沟,38.41666666666666,99.58333333333331,3320.0,2012,8,30,5.7,normal,7.3,15.2,2.5,0.74,0.32,683.8,685.5,681.5,3.4,,4.84181121656309,Rain
2012-08-31,52645.0,青海,野牛沟,38.41666666666666,99.58333333333331,3320.0,2012,8,31,7.9,normal,4.4,8.9,2.3,0.84,0.61,684.1,685.8,682.9,1.6,,3.0550829015966263,Snow
2012-09-01,52645.0,青海,野牛沟,38.41666666666666,99.58333333333331,3320.0,2012,9,1,3.1,normal,3.8,10.3,0.4,0.62,0.15,684.9,686.0,683.8,3.2,,0.5810755341060636,Snow
2012-09-02,52645.0,青海,野牛沟,38.41666666666666,99.58333333333331,3320.0,2012,9,2,0.0,无,3.4,14.6,-5.7,0.63,0.15,685.5,686.4,683.5,5.7,,,无
2012-09-03,52645.0,青海,野牛沟,38.41666666666666,99.58333333333331,3320.0,2012,9,3,0.0,无,4.2,16.5,-4.9,0.6,0.14,685.7,687.3,682.8,5.6,,,无
2012-09-04,52645.0,青海,野牛沟,38.41666666666666,99.58333333333331,3320.0,2012,9,4,0.0,无,5.2,16.5,-3.7,0.57,0.18,684.6,685.7,683.0,4.7,,,无
2012-09-05,52645.0,青海,野牛沟,38.41666666666666,99.58333333333331,3320.0,2012,9,5,1.8,normal,6.1,13.5,1.5,0.69,0.35,685.4,686.4,683.5,3.0,,3.269053602266898,Rain
2012-09-06,52645.0,青海,野牛沟,38.41666666666666,99.58333333333331,3320.0,2012,9,6,0.1,normal,7.1,17.6,0.0,0.7,0.25,684.8,686.6,682.1,4.7,,4.2658866484286095,Rain
2012-09-07,52645.0,青海,野牛沟,38.41666666666666,99.58333333333331,3320.0,2012,9,7,6.6,normal,8.2,14.4,3.7,0.72,0.38,685.5,686.3,682.8,3.4,,5.464998471289433,Rain
2012-09-08,52645.0,青海,野牛沟,38.41666666666666,99.58333333333331,3320.0,2012,9,8,0.0,无,8.2,18.2,1.5,0.66,0.23,684.8,686.5,682.6,4.7,,,无
2012-09-09,52645.0,青海,野牛沟,38.41666666666666,99.58333333333331,3320.0,2012,9,9,4.2,normal,10.0,17.0,5.8,0.7,0.4,682.9,684.2,680.7,4.0,,6.877798904131436,Rain
2012-09-10,52645.0,青海,野牛沟,38.41666666666666,99.58333333333331,3320.0,2012,9,10,3.1,normal,6.7,15.3,1.8,0.77,0.3,684.0,685.3,680.9,3.7,,4.580315239804373,Rain
2012-09-11,52645.0,青海,野牛沟,38.41666666666666,99.58333333333331,3320.0,2012,9,11,0.0,无,3.5,11.5,-3.4,0.6,0.12,685.3,686.3,683.3,5.1,,,无
2012-09-12,52645.0,青海,野牛沟,38.41666666666666,99.58333333333331,3320.0,2012,9,12,0.0,无,0.4,9.8,-7.0,0.55,0.14,686.2,687.4,684.2,4.4,,,无
2012-09-13,52645.0,青海,野牛沟,38.41666666666666,99.58333333333331,3320.0,2012,9,13,0.0,无,0.5,12.7,-8.9,0.48,0.08,684.8,686.6,682.4,4.6,,,无
2012-09-14,52645.0,青海,野牛沟,38.41666666666666,99.58333333333331,3320.0,2012,9,14,0.0,无,1.7,13.5,-7.5,0.5,0.13,682.8,684.7,680.0,4.8,,,无
2012-09-15,52645.0,青海,野牛沟,38.41666666666666,99.58333333333331,3320.0,2012,9,15,0.0,无,3.3,14.4,-4.9,0.52,0.19,681.1,682.4,678.7,5.2,,,无
2012-09-16,52645.0,青海,野牛沟,38.41666666666666,99.58333333333331,3320.0,2012,9,16,3.1,normal,3.7,9.3,0.1,0.75,0.3,683.9,685.4,680.5,2.7,,1.6265283786914209,Rain
2012-09-17,52645.0,青海,野牛沟,38.41666666666666,99.58333333333331,3320.0,2012,9,17,1.5,normal,3.3,12.1,-1.0,0.74,0.28,685.4,686.8,682.5,3.2,,1.1757295583216942,Snow
2012-09-18,52645.0,青海,野牛沟,38.41666666666666,99.58333333333331,3320.0,2012,9,18,0.0,无,3.9,15.0,-3.7,0.62,0.2,683.5,685.2,680.8,4.4,,,无
2012-09-19,52645.0,青海,野牛沟,38.41666666666666,99.58333333333331,3320.0,2012,9,19,2.6,normal,3.2,16.7,-3.1,0.74,0.25,680.9,682.3,677.3,3.9,,1.077160969934936,Snow
2012-09-20,52645.0,青海,野牛沟,38.41666666666666,99.58333333333331,3320.0,2012,9,20,3.6,normal,3.0,6.4,1.0,0.83,0.63,682.3,682.9,681.4,0.6,,1.640230857045517,Snow
2012-09-21,52645.0,青海,野牛沟,38.41666666666666,99.58333333333331,3320.0,2012,9,21,0.1,normal,4.7,13.8,-1.5,0.68,0.25,682.8,684.3,680.2,6.0,,1.9144289586088403,Rain
2012-09-22,52645.0,青海,野牛沟,38.41666666666666,99.58333333333331,3320.0,2012,9,22,3.4,normal,5.2,10.7,1.4,0.73,0.44,682.1,683.9,680.2,1.7,,2.822515401710448,Rain
2012-09-23,52645.0,青海,野牛沟,38.41666666666666,99.58333333333331,3320.0,2012,9,23,8.6,normal,3.0,10.3,-0.4,0.81,0.49,682.5,683.8,679.3,1.4,,1.4764921242202922,Snow
2012-09-24,52645.0,青海,野牛沟,38.41666666666666,99.58333333333331,3320.0,2012,9,24,2.1,normal,0.7,3.9,-2.4,0.87,0.67,682.6,683.6,681.2,1.2,,-0.24475604758703806,Snow
2012-09-25,52645.0,青海,野牛沟,38.41666666666666,99.58333333333331,3320.0,2012,9,25,0.6,normal,2.7,10.4,-1.1,0.69,0.22,684.2,685.6,682.5,4.3,,0.20753712337382435,Snow
2012-09-26,52645.0,青海,野牛沟,38.41666666666666,99.58333333333331,3320.0,2012,9,26,0.0,无,2.2,12.1,-5.0,0.6,0.19,686.5,687.9,683.7,4.7,,,无
2012-09-27,52645.0,青海,野牛沟,38.41666666666666,99.58333333333331,3320.0,2012,9,27,0.0,无,2.0,13.3,-5.5,0.59,0.17,688.6,690.1,686.5,2.8,,,无
2012-09-28,52645.0,青海,野牛沟,38.41666666666666,99.58333333333331,3320.0,2012,9,28,0.0,无,3.9,12.2,-2.4,0.52,0.19,687.8,689.4,685.0,4.5,,,无
2012-09-29,52645.0,青海,野牛沟,38.41666666666666,99.58333333333331,3320.0,2012,9,29,0.0,无,1.6,12.1,-5.8,0.57,0.19,686.7,688.2,684.1,3.9,,,无
2012-09-30,52645.0,青海,野牛沟,38.41666666666666,99.58333333333331,3320.0,2012,9,30,0.0,无,1.6,13.0,-7.0,0.55,0.12,684.9,687.4,681.7,4.0,,,无
2012-10-01,52645.0,青海,野牛沟,38.41666666666666,99.58333333333331,3320.0,2012,10,1,0.0,无,2.0,12.9,-6.2,0.54,0.18,684.2,685.2,682.1,3.9,,,无
2012-10-02,52645.0,青海,野牛沟,38.41666666666666,99.58333333333331,3320.0,2012,10,2,0.1,normal,1.5,10.0,-3.3,0.63,0.26,685.0,686.4,682.6,2.6,,-1.3527232983282689,Snow
2012-10-03,52645.0,青海,野牛沟,38.41666666666666,99.58333333333331,3320.0,2012,10,3,0.4,normal,1.9,9.4,-2.3,0.65,0.29,682.1,684.9,679.1,3.6,,-0.8428394350312773,Snow
2012-10-04,52645.0,青海,野牛沟,38.41666666666666,99.58333333333331,3320.0,2012,10,4,0.0,无,-2.7,8.2,-10.1,0.59,0.09,682.6,683.8,679.9,3.7,,,无
2012-10-05,52645.0,青海,野牛沟,38.41666666666666,99.58333333333331,3320.0,2012,10,5,0.0,无,-1.6,10.6,-10.4,0.53,0.13,683.4,685.4,681.1,3.5,,,无
2012-10-06,52645.0,青海,野牛沟,38.41666666666666,99.58333333333331,3320.0,2012,10,6,0.0,无,1.6,9.8,-4.7,0.67,0.33,683.2,684.1,681.7,4.2,,,无
2012-10-07,52645.0,青海,野牛沟,38.41666666666666,99.58333333333331,3320.0,2012,10,7,0.0,无,1.8,11.4,-4.3,0.64,0.17,684.9,686.4,682.9,3.3,,,无
2012-10-08,52645.0,青海,野牛沟,38.41666666666666,99.58333333333331,3320.0,2012,10,8,1.1,normal,1.9,10.1,-2.8,0.5,0.1,685.9,687.4,682.9,5.2,,-2.080391380455011,Snow
2012-10-09,52645.0,青海,野牛沟,38.41666666666666,99.58333333333331,3320.0,2012,10,9,0.0,无,-2.7,8.6,-10.9,0.53,0.1,686.0,687.9,682.9,4.1,,,无
2012-10-10,52645.0,青海,野牛沟,38.41666666666666,99.58333333333331,3320.0,2012,10,10,0.0,无,-2.5,9.2,-11.3,0.49,0.1,684.2,686.1,681.0,3.1,,,无
2012-10-11,52645.0,青海,野牛沟,38.41666666666666,99.58333333333331,3320.0,2012,10,11,0.0,无,-2.3,9.0,-10.8,0.47,0.1,682.9,684.5,680.2,4.0,,,无
2012-10-12,52645.0,青海,野牛沟,38.41666666666666,99.58333333333331,3320.0,2012,10,12,0.0,无,-2.7,8.3,-11.5,0.49,0.12,683.1,684.7,680.5,3.3,,,无
2012-10-13,52645.0,青海,野牛沟,38.41666666666666,99.58333333333331,3320.0,2012,10,13,0.0,无,-2.8,8.7,-12.0,0.48,0.1,681.1,683.3,678.1,3.8,,,无
2012-10-14,52645.0,青海,野牛沟,38.41666666666666,99.58333333333331,3320.0,2012,10,14,0.0,无,-0.2,10.0,-6.6,0.42,0.09,679.2,680.5,677.0,3.4,,,无
2012-10-15,52645.0,青海,野牛沟,38.41666666666666,99.58333333333331,3320.0,2012,10,15,0.0,无,-2.8,5.1,-7.6,0.59,0.21,681.1,684.1,678.3,2.3,,,无
2012-10-16,52645.0,青海,野牛沟,38.41666666666666,99.58333333333331,3320.0,2012,10,16,1.2,normal,-8.3,3.4,-18.2,0.56,0.12,686.5,687.7,684.1,3.6,,-10.421668619180032,Snow
2012-10-17,52645.0,青海,野牛沟,38.41666666666666,99.58333333333331,3320.0,2012,10,17,0.0,无,-4.1,8.8,-13.8,0.47,0.11,683.6,687.4,679.6,3.0,,,无
2012-10-18,52645.0,青海,野牛沟,38.41666666666666,99.58333333333331,3320.0,2012,10,18,0.0,无,-0.6,5.1,-4.9,0.52,0.25,680.9,681.7,679.4,2.2,,,无
2012-10-19,52645.0,青海,野牛沟,38.41666666666666,99.58333333333331,3320.0,2012,10,19,0.0,无,-0.7,7.4,-9.3,0.56,0.19,680.9,682.5,678.8,2.5,,,无
2012-10-20,52645.0,青海,野牛沟,38.41666666666666,99.58333333333331,3320.0,2012,10,20,0.0,无,-2.5,10.7,-10.7,0.52,0.14,681.0,682.7,677.2,3.4,,,无
2012-10-21,52645.0,青海,野牛沟,38.41666666666666,99.58333333333331,3320.0,2012,10,21,0.0,无,-4.1,3.5,-10.9,0.42,0.1,684.7,686.9,681.0,3.1,,,无
2012-10-22,52645.0,青海,野牛沟,38.41666666666666,99.58333333333331,3320.0,2012,10,22,0.0,无,-4.9,7.5,-14.2,0.4,0.1,685.1,687.7,681.7,3.0,,,无
2012-10-23,52645.0,青海,野牛沟,38.41666666666666,99.58333333333331,3320.0,2012,10,23,0.0,无,-2.8,6.4,-8.7,0.44,0.14,682.6,683.9,680.7,2.7,,,无
2012-10-24,52645.0,青海,野牛沟,38.41666666666666,99.58333333333331,3320.0,2012,10,24,0.0,无,-4.8,6.8,-13.7,0.5,0.14,681.0,684.0,677.2,2.2,,,无
2012-10-25,52645.0,青海,野牛沟,38.41666666666666,99.58333333333331,3320.0,2012,10,25,1.5,normal,-5.4,-0.2,-9.0,0.75,0.27,679.3,680.3,677.4,1.3,,-6.796948051974607,Snow
2012-10-26,52645.0,青海,野牛沟,38.41666666666666,99.58333333333331,3320.0,2012,10,26,0.0,无,-7.6,4.0,-16.5,0.64,0.26,682.2,683.7,680.3,2.0,,,无
2012-10-27,52645.0,青海,野牛沟,38.41666666666666,99.58333333333331,3320.0,2012,10,27,0.0,无,-5.0,5.5,-12.2,0.55,0.16,683.0,684.5,681.4,3.1,,,无
2012-10-28,52645.0,青海,野牛沟,38.41666666666666,99.58333333333331,3320.0,2012,10,28,0.0,无,-5.0,5.8,-13.2,0.51,0.13,683.6,685.3,681.7,2.4,,,无
2012-10-29,52645.0,青海,野牛沟,38.41666666666666,99.58333333333331,3320.0,2012,10,29,0.0,无,-5.9,4.3,-13.3,0.52,0.17,686.5,688.4,683.6,2.4,,,无
2012-10-30,52645.0,青海,野牛沟,38.41666666666666,99.58333333333331,3320.0,2012,10,30,0.0,无,-7.2,4.5,-14.5,0.54,0.11,687.0,688.6,685.5,2.0,,,无
2012-10-31,52645.0,青海,野牛沟,38.41666666666666,99.58333333333331,3320.0,2012,10,31,0.0,无,-7.6,4.3,-15.4,0.51,0.12,684.9,687.6,682.0,2.0,,,无
2012-11-01,52645.0,青海,野牛沟,38.41666666666666,99.58333333333331,3320.0,2012,11,1,0.0,无,-3.9,3.8,-11.0,0.38,0.11,680.0,683.0,678.3,2.9,,,无
2012-11-02,52645.0,青海,野牛沟,38.41666666666666,99.58333333333331,3320.0,2012,11,2,0.0,无,-10.8,-0.9,-14.2,0.5,0.15,676.6,679.6,672.6,4.2,,,无
2012-11-03,52645.0,青海,野牛沟,38.41666666666666,99.58333333333331,3320.0,2012,11,3,0.0,无,-11.5,3.8,-22.1,0.37,0.1,683.0,684.8,679.5,2.5,,,无
2012-11-04,52645.0,青海,野牛沟,38.41666666666666,99.58333333333331,3320.0,2012,11,4,0.0,无,-8.2,5.0,-17.2,0.43,0.1,682.2,683.9,679.9,2.5,,,无
2012-11-05,52645.0,青海,野牛沟,38.41666666666666,99.58333333333331,3320.0,2012,11,5,0.0,无,-7.6,6.2,-17.5,0.44,0.07,680.4,681.7,678.1,2.4,,,无
2012-11-06,52645.0,青海,野牛沟,38.41666666666666,99.58333333333331,3320.0,2012,11,6,0.0,无,-6.0,4.9,-14.6,0.42,0.14,680.1,681.7,677.2,2.2,,,无
2012-11-07,52645.0,青海,野牛沟,38.41666666666666,99.58333333333331,3320.0,2012,11,7,0.0,无,-5.9,1.7,-10.2,0.49,0.1,679.0,681.9,675.9,2.7,,,无
2012-11-08,52645.0,青海,野牛沟,38.41666666666666,99.58333333333331,3320.0,2012,11,8,0.0,无,-4.8,6.4,-17.9,0.3,0.07,672.1,677.2,667.9,3.3,,,无
2012-11-09,52645.0,青海,野牛沟,38.41666666666666,99.58333333333331,3320.0,2012,11,9,0.0,无,-5.8,-0.7,-9.2,0.33,0.09,672.7,675.3,669.9,3.1,,,无
2012-11-10,52645.0,青海,野牛沟,38.41666666666666,99.58333333333331,3320.0,2012,11,10,0.0,无,-10.5,1.3,-21.2,0.26,0.07,679.9,682.0,675.2,4.0,,,无
2012-11-11,52645.0,青海,野牛沟,38.41666666666666,99.58333333333331,3320.0,2012,11,11,0.0,无,-9.7,2.9,-18.7,0.41,0.1,679.9,683.1,675.9,2.4,,,无
2012-11-12,52645.0,青海,野牛沟,38.41666666666666,99.58333333333331,3320.0,2012,11,12,0.0,无,-8.7,4.4,-17.2,0.37,0.11,680.3,681.8,678.6,3.3,,,无
2012-11-13,52645.0,青海,野牛沟,38.41666666666666,99.58333333333331,3320.0,2012,11,13,0.0,无,-7.5,7.8,-18.0,0.36,0.06,679.5,682.1,676.0,2.3,,,无
2012-11-14,52645.0,青海,野牛沟,38.41666666666666,99.58333333333331,3320.0,2012,11,14,0.0,无,-8.2,4.6,-18.4,0.38,0.11,677.2,679.3,673.9,2.4,,,无
2012-11-15,52645.0,青海,野牛沟,38.41666666666666,99.58333333333331,3320.0,2012,11,15,0.9,normal,-8.0,-2.4,-10.3,0.5,0.17,680.7,682.3,675.3,2.2,,-10.473566919510503,Snow
2012-11-16,52645.0,青海,野牛沟,38.41666666666666,99.58333333333331,3320.0,2012,11,16,0.0,无,-10.4,2.8,-19.6,0.45,0.15,683.2,685.7,680.8,2.0,,,无
2012-11-17,52645.0,青海,野牛沟,38.41666666666666,99.58333333333331,3320.0,2012,11,17,0.0,无,-8.4,6.1,-18.7,0.42,0.1,679.8,682.4,676.6,1.9,,,无
2012-11-18,52645.0,青海,野牛沟,38.41666666666666,99.58333333333331,3320.0,2012,11,18,0.0,无,-8.8,2.7,-16.1,0.46,0.17,680.6,682.7,678.0,2.0,,,无
2012-11-19,52645.0,青海,野牛沟,38.41666666666666,99.58333333333331,3320.0,2012,11,19,0.0,无,-8.1,3.2,-15.9,0.46,0.18,677.9,680.4,675.5,1.6,,,无
2012-11-20,52645.0,青海,野牛沟,38.41666666666666,99.58333333333331,3320.0,2012,11,20,0.0,无,-10.0,2.8,-17.7,0.46,0.12,676.9,678.1,674.7,2.0,,,无
2012-11-21,52645.0,青海,野牛沟,38.41666666666666,99.58333333333331,3320.0,2012,11,21,0.0,无,-10.3,0.1,-18.4,0.5,0.16,675.8,677.6,673.1,1.7,,,无
2012-11-22,52645.0,青海,野牛沟,38.41666666666666,99.58333333333331,3320.0,2012,11,22,0.0,无,-12.6,-6.6,-14.8,0.65,0.4,678.1,679.5,676.4,1.0,,,无
2012-11-23,52645.0,青海,野牛沟,38.41666666666666,99.58333333333331,3320.0,2012,11,23,0.0,无,-16.2,-5.0,-24.5,0.54,0.16,677.3,679.9,674.0,1.4,,,无
2012-11-24,52645.0,青海,野牛沟,38.41666666666666,99.58333333333331,3320.0,2012,11,24,0.0,无,-14.3,-2.8,-22.3,0.47,0.17,673.3,675.3,669.8,1.7,,,无
2012-11-25,52645.0,青海,野牛沟,38.41666666666666,99.58333333333331,3320.0,2012,11,25,0.8,normal,-13.7,-8.1,-17.6,0.64,0.19,678.5,680.4,674.5,0.8,,-14.968306791419707,Snow
2012-11-26,52645.0,青海,野牛沟,38.41666666666666,99.58333333333331,3320.0,2012,11,26,0.0,无,-18.4,-4.3,-27.0,0.54,0.17,677.3,680.9,674.1,1.4,,,无
2012-11-27,52645.0,青海,野牛沟,38.41666666666666,99.58333333333331,3320.0,2012,11,27,0.0,无,-15.7,-2.2,-24.1,0.39,0.1,675.7,677.2,674.2,1.8,,,无
2012-11-28,52645.0,青海,野牛沟,38.41666666666666,99.58333333333331,3320.0,2012,11,28,0.0,无,-15.2,-2.8,-24.6,0.42,0.14,674.4,676.5,672.2,1.8,,,无
2012-11-29,52645.0,青海,野牛沟,38.41666666666666,99.58333333333331,3320.0,2012,11,29,0.0,无,-14.2,-1.8,-22.8,0.51,0.13,674.4,676.3,672.2,1.6,,,无
2012-11-30,52645.0,青海,野牛沟,38.41666666666666,99.58333333333331,3320.0,2012,11,30,0.6,normal,-12.6,-2.3,-20.9,0.48,0.2,673.5,676.2,670.3,1.9,,-14.583416527131995,Snow
2012-12-01,52645.0,青海,野牛沟,38.41666666666666,99.58333333333331,3320.0,2012,12,1,0.0,无,-8.2,-3.6,-15.4,0.35,0.12,675.4,677.6,672.9,3.0,,,无
2012-12-02,52645.0,青海,野牛沟,38.41666666666666,99.58333333333331,3320.0,2012,12,2,0.0,无,-8.6,-5.2,-11.0,0.24,0.14,674.0,678.3,670.5,3.5,,,无
2012-12-03,52645.0,青海,野牛沟,38.41666666666666,99.58333333333331,3320.0,2012,12,3,0.0,无,-12.6,0.8,-21.4,0.41,0.12,676.6,679.3,673.8,2.2,,,无
2012-12-04,52645.0,青海,野牛沟,38.41666666666666,99.58333333333331,3320.0,2012,12,4,0.0,无,-14.7,-6.2,-20.3,0.45,0.15,677.7,681.2,675.6,2.2,,,无
2012-12-05,52645.0,青海,野牛沟,38.41666666666666,99.58333333333331,3320.0,2012,12,5,0.0,无,-13.6,-0.4,-24.5,0.34,0.07,678.5,682.0,674.8,2.2,,,无
2012-12-06,52645.0,青海,野牛沟,38.41666666666666,99.58333333333331,3320.0,2012,12,6,0.0,无,-8.3,-4.3,-12.1,0.33,0.2,676.2,678.5,674.2,3.6,,,无
2012-12-07,52645.0,青海,野牛沟,38.41666666666666,99.58333333333331,3320.0,2012,12,7,0.0,无,-10.5,0.3,-19.4,0.35,0.09,679.1,680.4,677.4,2.9,,,无
2012-12-08,52645.0,青海,野牛沟,38.41666666666666,99.58333333333331,3320.0,2012,12,8,0.0,无,-13.6,1.3,-23.7,0.33,0.07,678.2,680.3,675.5,2.2,,,无
2012-12-09,52645.0,青海,野牛沟,38.41666666666666,99.58333333333331,3320.0,2012,12,9,0.0,无,-13.1,-0.1,-22.0,0.33,0.12,677.0,678.7,674.5,2.1,,,无
2012-12-10,52645.0,青海,野牛沟,38.41666666666666,99.58333333333331,3320.0,2012,12,10,0.0,无,-13.4,-2.9,-22.9,0.44,0.15,677.8,679.8,675.8,1.7,,,无
2012-12-11,52645.0,青海,野牛沟,38.41666666666666,99.58333333333331,3320.0,2012,12,11,0.0,无,-13.5,-1.4,-22.9,0.36,0.13,676.1,678.1,673.9,1.7,,,无
2012-12-12,52645.0,青海,野牛沟,38.41666666666666,99.58333333333331,3320.0,2012,12,12,0.0,无,-16.2,-1.1,-25.4,0.39,0.13,672.3,675.6,669.1,1.6,,,无
2012-12-13,52645.0,青海,野牛沟,38.41666666666666,99.58333333333331,3320.0,2012,12,13,0.0,无,-12.4,-0.1,-19.7,0.44,0.21,671.5,673.8,670.3,1.7,,,无
2012-12-14,52645.0,青海,野牛沟,38.41666666666666,99.58333333333331,3320.0,2012,12,14,0.0,无,-12.8,0.7,-24.8,0.4,0.09,674.9,677.1,672.1,2.3,,,无
2012-12-15,52645.0,青海,野牛沟,38.41666666666666,99.58333333333331,3320.0,2012,12,15,0.0,无,-7.6,1.6,-11.9,0.27,0.14,674.2,676.4,672.1,1.4,,,无
2012-12-16,52645.0,青海,野牛沟,38.41666666666666,99.58333333333331,3320.0,2012,12,16,0.0,无,-13.0,1.2,-22.4,0.38,0.11,677.3,679.1,675.0,1.7,,,无
2012-12-17,52645.0,青海,野牛沟,38.41666666666666,99.58333333333331,3320.0,2012,12,17,0.0,无,-13.0,-2.2,-20.2,0.46,0.22,679.1,680.4,677.2,1.4,,,无
2012-12-18,52645.0,青海,野牛沟,38.41666666666666,99.58333333333331,3320.0,2012,12,18,0.0,无,-13.5,-0.3,-21.6,0.43,0.09,677.6,681.0,673.9,1.8,,,无
2012-12-19,52645.0,青海,野牛沟,38.41666666666666,99.58333333333331,3320.0,2012,12,19,0.0,无,-9.9,-2.9,-17.3,0.41,0.21,670.0,674.9,667.1,1.4,,,无
2012-12-20,52645.0,青海,野牛沟,38.41666666666666,99.58333333333331,3320.0,2012,12,20,0.0,无,-12.4,-5.3,-17.2,0.69,0.5,672.6,674.5,668.2,1.0,,,无
2012-12-21,52645.0,青海,野牛沟,38.41666666666666,99.58333333333331,3320.0,2012,12,21,0.0,无,-13.8,-9.8,-17.7,0.5,0.15,675.3,676.3,674.0,1.5,,,无
2012-12-22,52645.0,青海,野牛沟,38.41666666666666,99.58333333333331,3320.0,2012,12,22,0.0,无,-19.2,-11.1,-25.4,0.26,0.06,677.6,680.0,674.9,2.0,,,无
2012-12-23,52645.0,青海,野牛沟,38.41666666666666,99.58333333333331,3320.0,2012,12,23,0.0,无,-16.3,-3.2,-26.5,0.31,0.13,675.8,680.4,672.5,1.4,,,无
2012-12-24,52645.0,青海,野牛沟,38.41666666666666,99.58333333333331,3320.0,2012,12,24,0.0,无,-11.8,1.7,-20.9,0.38,0.14,674.1,675.0,672.1,1.9,,,无
2012-12-25,52645.0,青海,野牛沟,38.41666666666666,99.58333333333331,3320.0,2012,12,25,0.0,无,-13.1,-6.0,-18.6,0.53,0.28,677.1,678.7,674.7,1.2,,,无
2012-12-26,52645.0,青海,野牛沟,38.41666666666666,99.58333333333331,3320.0,2012,12,26,0.0,无,-15.2,-5.3,-22.4,0.63,0.33,675.4,677.5,673.4,1.4,,,无
2012-12-27,52645.0,青海,野牛沟,38.41666666666666,99.58333333333331,3320.0,2012,12,27,0.0,无,-14.7,-1.9,-25.0,0.46,0.13,670.8,675.2,667.2,1.8,,,无
2012-12-28,52645.0,青海,野牛沟,38.41666666666666,99.58333333333331,3320.0,2012,12,28,0.0,无,-16.0,-6.4,-20.5,0.54,0.31,670.6,676.9,666.4,1.6,,,无
2012-12-29,52645.0,青海,野牛沟,38.41666666666666,99.58333333333331,3320.0,2012,12,29,0.0,无,-23.8,-12.1,-31.3,0.38,0.09,681.6,683.4,676.9,1.4,,,无
2012-12-30,52645.0,青海,野牛沟,38.41666666666666,99.58333333333331,3320.0,2012,12,30,0.0,无,-20.1,-6.6,-30.7,0.28,0.07,679.2,682.0,675.9,1.6,,,无
2012-12-31,52645.0,青海,野牛沟,38.41666666666666,99.58333333333331,3320.0,2012,12,31,0.0,无,-14.4,-6.2,-20.2,0.29,0.11,674.5,676.8,671.9,1.8,,,无
2013-01-01,52645.0,青海,野牛沟,38.41666666666666,99.58333333333331,3320.0,2013,1,1,0.0,无,-15.2,-0.7,-25.3,0.38,0.08,671.1,674.5,667.5,2.3,,,无
2013-01-02,52645.0,青海,野牛沟,38.41666666666666,99.58333333333331,3320.0,2013,1,2,0.0,无,-17.1,-5.6,-23.6,0.38,0.12,675.6,679.3,670.0,1.0,,,无
2013-01-03,52645.0,青海,野牛沟,38.41666666666666,99.58333333333331,3320.0,2013,1,3,0.0,无,-17.9,-3.7,-26.9,0.43,0.14,677.2,680.0,674.0,1.3,,,无
2013-01-04,52645.0,青海,野牛沟,38.41666666666666,99.58333333333331,3320.0,2013,1,4,0.0,无,-16.1,-3.3,-22.8,0.4,0.17,673.0,675.7,670.3,1.2,,,无
2013-01-05,52645.0,青海,野牛沟,38.41666666666666,99.58333333333331,3320.0,2013,1,5,0.0,无,-15.5,-4.3,-23.9,0.4,0.17,673.7,675.3,671.9,1.4,,,无
2013-01-06,52645.0,青海,野牛沟,38.41666666666666,99.58333333333331,3320.0,2013,1,6,0.0,无,-16.7,-4.6,-24.9,0.42,0.14,674.1,675.9,671.4,1.4,,,无
2013-01-07,52645.0,青海,野牛沟,38.41666666666666,99.58333333333331,3320.0,2013,1,7,0.0,无,-18.6,-6.3,-27.9,0.39,0.1,673.9,675.5,671.9,1.7,,,无
2013-01-08,52645.0,青海,野牛沟,38.41666666666666,99.58333333333331,3320.0,2013,1,8,0.0,无,-20.2,-7.7,-28.5,0.4,0.12,676.0,678.0,674.0,1.3,,,无
2013-01-09,52645.0,青海,野牛沟,38.41666666666666,99.58333333333331,3320.0,2013,1,9,0.0,无,-20.4,-7.5,-29.6,0.37,0.1,675.4,677.1,673.3,1.5,,,无
2013-01-10,52645.0,青海,野牛沟,38.41666666666666,99.58333333333331,3320.0,2013,1,10,0.0,无,-19.4,-6.0,-28.9,0.31,0.08,675.5,676.9,673.2,1.6,,,无
2013-01-11,52645.0,青海,野牛沟,38.41666666666666,99.58333333333331,3320.0,2013,1,11,0.0,无,-19.5,-5.2,-29.4,0.28,0.08,677.9,680.2,675.4,1.5,,,无
2013-01-12,52645.0,青海,野牛沟,38.41666666666666,99.58333333333331,3320.0,2013,1,12,0.0,无,-18.4,-5.7,-26.7,0.27,0.13,675.3,677.3,673.0,1.5,,,无
2013-01-13,52645.0,青海,野牛沟,38.41666666666666,99.58333333333331,3320.0,2013,1,13,0.0,无,-17.4,-3.2,-27.4,0.35,0.11,674.3,676.5,673.3,1.7,,,无
2013-01-14,52645.0,青海,野牛沟,38.41666666666666,99.58333333333331,3320.0,2013,1,14,0.0,无,-13.6,-4.1,-23.1,0.34,0.15,674.7,676.9,672.9,2.0,,,无
2013-01-15,52645.0,青海,野牛沟,38.41666666666666,99.58333333333331,3320.0,2013,1,15,0.0,无,-18.2,-4.7,-28.2,0.4,0.09,677.0,678.6,674.5,1.8,,,无
2013-01-16,52645.0,青海,野牛沟,38.41666666666666,99.58333333333331,3320.0,2013,1,16,0.0,无,-18.7,-4.5,-28.7,0.31,0.07,680.4,682.7,677.1,1.5,,,无
2013-01-17,52645.0,青海,野牛沟,38.41666666666666,99.58333333333331,3320.0,2013,1,17,0.0,无,-17.7,-0.4,-27.9,0.28,0.09,681.0,683.4,678.3,1.5,,,无
2013-01-18,52645.0,青海,野牛沟,38.41666666666666,99.58333333333331,3320.0,2013,1,18,0.0,无,-14.4,0.8,-24.1,0.33,0.1,677.6,680.9,673.8,1.6,,,无
2013-01-19,52645.0,青海,野牛沟,38.41666666666666,99.58333333333331,3320.0,2013,1,19,0.0,无,-8.0,-1.0,-13.3,0.3,0.15,670.3,674.4,667.5,2.0,,,无
2013-01-20,52645.0,青海,野牛沟,38.41666666666666,99.58333333333331,3320.0,2013,1,20,0.0,无,-14.7,-6.5,-21.8,0.63,0.31,675.0,677.3,670.8,1.3,,,无
2013-01-21,52645.0,青海,野牛沟,38.41666666666666,99.58333333333331,3320.0,2013,1,21,1.6,normal,-16.5,-7.7,-24.4,0.66,0.4,677.8,679.3,676.2,1.3,,-17.499110349853055,Snow
2013-01-22,52645.0,青海,野牛沟,38.41666666666666,99.58333333333331,3320.0,2013,1,22,0.0,无,-16.1,-5.6,-24.2,0.46,0.12,677.5,679.1,676.3,1.6,,,无
2013-01-23,52645.0,青海,野牛沟,38.41666666666666,99.58333333333331,3320.0,2013,1,23,0.0,无,-17.0,-4.3,-27.2,0.37,0.13,677.6,679.5,676.0,2.4,,,无
2013-01-24,52645.0,青海,野牛沟,38.41666666666666,99.58333333333331,3320.0,2013,1,24,0.0,无,-17.2,-3.0,-27.0,0.42,0.11,680.1,681.8,677.7,1.6,,,无
2013-01-25,52645.0,青海,野牛沟,38.41666666666666,99.58333333333331,3320.0,2013,1,25,0.0,无,-16.7,-2.2,-26.5,0.35,0.08,679.6,680.9,677.5,2.1,,,无
2013-01-26,52645.0,青海,野牛沟,38.41666666666666,99.58333333333331,3320.0,2013,1,26,0.0,无,-15.1,-3.3,-24.4,0.34,0.11,680.8,682.1,679.4,1.7,,,无
2013-01-27,52645.0,青海,野牛沟,38.41666666666666,99.58333333333331,3320.0,2013,1,27,0.0,无,-16.2,-2.2,-26.5,0.35,0.09,680.4,682.6,677.3,1.8,,,无
2013-01-28,52645.0,青海,野牛沟,38.41666666666666,99.58333333333331,3320.0,2013,1,28,0.0,无,-15.3,-2.9,-24.9,0.33,0.11,677.8,679.4,676.0,1.8,,,无
2013-01-29,52645.0,青海,野牛沟,38.41666666666666,99.58333333333331,3320.0,2013,1,29,0.0,无,-14.7,-3.0,-23.9,0.37,0.15,676.9,678.2,674.6,1.6,,,无
2013-01-30,52645.0,青海,野牛沟,38.41666666666666,99.58333333333331,3320.0,2013,1,30,0.0,无,-11.9,1.6,-23.7,0.39,0.1,674.1,677.7,670.8,2.2,,,无
2013-01-31,52645.0,青海,野牛沟,38.41666666666666,99.58333333333331,3320.0,2013,1,31,0.0,无,-10.5,0.4,-21.1,0.36,0.07,675.0,676.4,672.0,2.9,,,无
2013-02-01,52645.0,青海,野牛沟,38.41666666666666,99.58333333333331,3320.0,2013,2,1,0.0,无,-13.1,1.3,-23.5,0.29,0.06,678.8,680.6,675.5,3.0,,,无
2013-02-02,52645.0,青海,野牛沟,38.41666666666666,99.58333333333331,3320.0,2013,2,2,0.0,无,-13.5,2.0,-24.7,0.25,0.09,677.1,681.6,672.7,2.2,,,无
2013-02-03,52645.0,青海,野牛沟,38.41666666666666,99.58333333333331,3320.0,2013,2,3,0.0,无,-12.4,4.1,-23.3,0.34,0.08,675.3,677.0,673.2,2.0,,,无
2013-02-04,52645.0,青海,野牛沟,38.41666666666666,99.58333333333331,3320.0,2013,2,4,0.0,无,-11.1,3.2,-21.7,0.33,0.13,675.1,677.0,672.3,2.6,,,无
2013-02-05,52645.0,青海,野牛沟,38.41666666666666,99.58333333333331,3320.0,2013,2,5,0.0,无,-10.9,3.0,-20.7,0.4,0.09,678.7,681.3,675.1,2.0,,,无
2013-02-06,52645.0,青海,野牛沟,38.41666666666666,99.58333333333331,3320.0,2013,2,6,0.0,无,-9.3,1.9,-18.1,0.34,0.13,675.9,679.3,672.5,1.8,,,无
2013-02-07,52645.0,青海,野牛沟,38.41666666666666,99.58333333333331,3320.0,2013,2,7,1.4,normal,-9.7,-2.4,-11.6,0.6,0.28,676.0,679.5,672.2,1.3,,-11.497974783853891,Snow
2013-02-08,52645.0,青海,野牛沟,38.41666666666666,99.58333333333331,3320.0,2013,2,8,0.0,无,-15.2,-7.5,-21.5,0.75,0.45,678.8,680.9,676.2,1.4,,,无
2013-02-09,52645.0,青海,野牛沟,38.41666666666666,99.58333333333331,3320.0,2013,2,9,0.0,无,-14.1,-1.0,-26.5,0.49,0.12,675.2,678.8,672.2,1.9,,,无
2013-02-10,52645.0,青海,野牛沟,38.41666666666666,99.58333333333331,3320.0,2013,2,10,0.0,无,-6.8,0.2,-19.0,0.26,0.11,672.7,674.3,671.1,2.3,,,无
2013-02-11,52645.0,青海,野牛沟,38.41666666666666,99.58333333333331,3320.0,2013,2,11,0.0,无,-11.7,-2.4,-20.5,0.38,0.1,675.1,677.4,673.1,2.8,,,无
2013-02-12,52645.0,青海,野牛沟,38.41666666666666,99.58333333333331,3320.0,2013,2,12,0.0,无,-15.2,-3.6,-24.2,0.43,0.14,676.2,679.2,672.5,2.0,,,无
2013-02-13,52645.0,青海,野牛沟,38.41666666666666,99.58333333333331,3320.0,2013,2,13,0.0,无,-14.2,-4.0,-22.6,0.41,0.17,672.1,674.7,669.2,1.5,,,无
2013-02-14,52645.0,青海,野牛沟,38.41666666666666,99.58333333333331,3320.0,2013,2,14,0.0,无,-13.6,-3.9,-22.2,0.41,0.08,674.2,676.3,670.6,2.5,,,无
2013-02-15,52645.0,青海,野牛沟,38.41666666666666,99.58333333333331,3320.0,2013,2,15,0.0,无,-13.5,1.2,-26.1,0.25,0.09,673.5,677.1,669.6,2.6,,,无
2013-02-16,52645.0,青海,野牛沟,38.41666666666666,99.58333333333331,3320.0,2013,2,16,0.0,无,-8.5,-0.2,-18.0,0.28,0.11,670.6,671.6,669.2,2.3,,,无
2013-02-17,52645.0,青海,野牛沟,38.41666666666666,99.58333333333331,3320.0,2013,2,17,0.4,normal,-12.5,-1.5,-17.9,0.55,0.17,669.7,671.7,666.7,1.9,,-14.229580200381061,Snow
2013-02-18,52645.0,青海,野牛沟,38.41666666666666,99.58333333333331,3320.0,2013,2,18,1.5,normal,-11.8,-6.8,-15.7,0.58,0.18,671.9,673.1,670.8,1.6,,-13.478288848564205,Snow
2013-02-19,52645.0,青海,野牛沟,38.41666666666666,99.58333333333331,3320.0,2013,2,19,0.0,无,-14.2,-4.0,-23.0,0.46,0.16,673.3,674.7,671.7,2.1,,,无
2013-02-20,52645.0,青海,野牛沟,38.41666666666666,99.58333333333331,3320.0,2013,2,20,0.0,无,-13.1,0.2,-24.3,0.46,0.11,675.9,677.5,673.0,2.6,,,无
2013-02-21,52645.0,青海,野牛沟,38.41666666666666,99.58333333333331,3320.0,2013,2,21,0.0,无,-13.7,-0.9,-23.4,0.42,0.15,679.5,681.1,677.4,2.0,,,无
2013-02-22,52645.0,青海,野牛沟,38.41666666666666,99.58333333333331,3320.0,2013,2,22,0.0,无,-12.2,3.5,-24.4,0.37,0.06,680.1,681.8,677.6,2.9,,,无
2013-02-23,52645.0,青海,野牛沟,38.41666666666666,99.58333333333331,3320.0,2013,2,23,0.0,无,-8.0,3.3,-19.4,0.33,0.15,678.3,680.4,674.4,2.4,,,无
2013-02-24,52645.0,青海,野牛沟,38.41666666666666,99.58333333333331,3320.0,2013,2,24,0.0,无,-6.8,6.9,-19.1,0.44,0.1,677.0,679.0,673.7,2.6,,,无
2013-02-25,52645.0,青海,野牛沟,38.41666666666666,99.58333333333331,3320.0,2013,2,25,0.0,无,-7.7,7.4,-19.5,0.32,0.07,678.6,680.8,675.6,3.1,,,无
2013-02-26,52645.0,青海,野牛沟,38.41666666666666,99.58333333333331,3320.0,2013,2,26,0.0,无,-7.3,4.0,-19.0,0.3,0.12,678.9,680.6,675.5,3.0,,,无
2013-02-27,52645.0,青海,野牛沟,38.41666666666666,99.58333333333331,3320.0,2013,2,27,0.0,无,-4.6,8.3,-17.7,0.32,0.06,675.9,679.8,671.0,3.6,,,无
2013-02-28,52645.0,青海,野牛沟,38.41666666666666,99.58333333333331,3320.0,2013,2,28,0.0,无,-7.2,0.7,-11.1,0.4,0.2,673.3,675.0,671.7,2.3,,,无
2013-03-01,52645.0,青海,野牛沟,38.41666666666666,99.58333333333331,3314.0,2013,3,1,2.4,normal,-9.3,-5.0,-12.1,0.57,0.36,677.8,682.0,674.7,1.0,,-11.276585585536697,Snow
2013-03-02,52645.0,青海,野牛沟,38.41666666666666,99.58333333333331,3314.0,2013,3,2,1.0,normal,-13.8,-4.0,-22.4,0.67,0.24,684.6,685.9,682.0,2.4,,-14.946612062949779,Snow
2013-03-03,52645.0,青海,野牛沟,38.41666666666666,99.58333333333331,3314.0,2013,3,3,0.0,无,-13.1,0.1,-24.0,0.47,0.14,685.4,687.3,682.9,2.2,,,无
2013-03-04,52645.0,青海,野牛沟,38.41666666666666,99.58333333333331,3314.0,2013,3,4,0.0,无,-9.7,6.6,-20.6,0.45,0.1,683.4,685.6,680.7,2.7,,,无
2013-03-05,52645.0,青海,野牛沟,38.41666666666666,99.58333333333331,3314.0,2013,3,5,0.0,无,-7.0,7.8,-18.6,0.37,0.07,681.4,683.1,677.5,2.5,,,无
2013-03-06,52645.0,青海,野牛沟,38.41666666666666,99.58333333333331,3314.0,2013,3,6,0.0,无,-6.8,7.1,-18.2,0.35,0.06,684.7,687.1,681.5,4.4,,,无
2013-03-07,52645.0,青海,野牛沟,38.41666666666666,99.58333333333331,3314.0,2013,3,7,0.0,无,-4.9,10.7,-16.8,0.26,0.07,684.5,686.5,681.7,4.0,,,无
2013-03-08,52645.0,青海,野牛沟,38.41666666666666,99.58333333333331,3314.0,2013,3,8,0.0,无,-3.4,12.7,-17.3,0.27,0.04,679.3,684.1,674.3,4.6,,,无
2013-03-09,52645.0,青海,野牛沟,38.41666666666666,99.58333333333331,3314.0,2013,3,9,0.0,无,-3.9,7.7,-13.4,0.28,0.09,677.3,679.8,675.1,3.0,,,无
2013-03-10,52645.0,青海,野牛沟,38.41666666666666,99.58333333333331,3314.0,2013,3,10,0.0,无,-2.4,11.4,-15.3,0.28,0.05,676.6,678.6,672.9,4.2,,,无
2013-03-11,52645.0,青海,野牛沟,38.41666666666666,99.58333333333331,3314.0,2013,3,11,0.0,无,-2.4,5.7,-8.9,0.28,0.12,673.6,675.6,671.5,3.2,,,无
2013-03-12,52645.0,青海,野牛沟,38.41666666666666,99.58333333333331,3314.0,2013,3,12,0.0,无,-5.3,3.9,-14.1,0.35,0.1,677.0,678.4,674.2,3.3,,,无
2013-03-13,52645.0,青海,野牛沟,38.41666666666666,99.58333333333331,3314.0,2013,3,13,0.0,无,-4.3,6.8,-14.9,0.4,0.14,678.2,679.6,675.8,3.3,,,无
2013-03-14,52645.0,青海,野牛沟,38.41666666666666,99.58333333333331,3314.0,2013,3,14,0.0,无,-3.8,9.7,-15.3,0.38,0.07,680.1,682.3,677.6,4.6,,,无
2013-03-15,52645.0,青海,野牛沟,38.41666666666666,99.58333333333331,3314.0,2013,3,15,0.0,无,-3.2,10.7,-13.5,0.33,0.11,678.7,680.2,675.5,4.5,,,无
2013-03-16,52645.0,青海,野牛沟,38.41666666666666,99.58333333333331,3314.0,2013,3,16,0.0,无,-4.2,2.0,-10.9,0.51,0.26,681.3,682.9,678.7,2.6,,,无
2013-03-17,52645.0,青海,野牛沟,38.41666666666666,99.58333333333331,3314.0,2013,3,17,0.0,无,-7.1,4.8,-17.1,0.45,0.05,682.2,684.6,678.7,3.6,,,无
2013-03-18,52645.0,青海,野牛沟,38.41666666666666,99.58333333333331,3314.0,2013,3,18,0.0,无,-6.2,7.4,-17.1,0.28,0.05,677.9,681.0,673.5,4.4,,,无
2013-03-19,52645.0,青海,野牛沟,38.41666666666666,99.58333333333331,3314.0,2013,3,19,0.0,无,-5.5,7.9,-15.9,0.26,0.04,676.7,678.5,674.4,4.3,,,无
2013-03-20,52645.0,青海,野牛沟,38.41666666666666,99.58333333333331,3314.0,2013,3,20,0.0,无,-4.6,8.4,-16.6,0.32,0.08,678.7,681.4,674.5,3.8,,,无
2013-03-21,52645.0,青海,野牛沟,38.41666666666666,99.58333333333331,3314.0,2013,3,21,0.0,无,-4.5,6.2,-15.2,0.29,0.08,675.6,676.9,672.9,4.7,,,无
2013-03-22,52645.0,青海,野牛沟,38.41666666666666,99.58333333333331,3314.0,2013,3,22,0.0,无,-3.4,6.1,-10.9,0.49,0.09,678.7,680.6,676.3,4.0,,,无
2013-03-23,52645.0,青海,野牛沟,38.41666666666666,99.58333333333331,3314.0,2013,3,23,0.0,无,-4.7,7.3,-15.6,0.35,0.08,677.9,679.9,674.3,4.0,,,无
2013-03-24,52645.0,青海,野牛沟,38.41666666666666,99.58333333333331,3314.0,2013,3,24,0.0,无,-4.9,8.5,-16.1,0.34,0.08,677.5,679.5,673.8,4.2,,,无
2013-03-25,52645.0,青海,野牛沟,38.41666666666666,99.58333333333331,3314.0,2013,3,25,0.0,无,-5.3,3.9,-12.5,0.31,0.06,677.8,679.5,675.6,5.3,,,无
2013-03-26,52645.0,青海,野牛沟,38.41666666666666,99.58333333333331,3314.0,2013,3,26,0.0,无,-6.4,8.8,-18.8,0.19,0.03,679.4,681.5,676.0,5.1,,,无
2013-03-27,52645.0,青海,野牛沟,38.41666666666666,99.58333333333331,3314.0,2013,3,27,0.0,无,-5.3,7.0,-16.2,0.26,0.06,679.2,680.3,676.1,4.5,,,无
2013-03-28,52645.0,青海,野牛沟,38.41666666666666,99.58333333333331,3314.0,2013,3,28,0.0,无,-2.9,8.6,-14.0,0.35,0.08,680.8,682.8,676.9,4.7,,,无
2013-03-29,52645.0,青海,野牛沟,38.41666666666666,99.58333333333331,3314.0,2013,3,29,0.0,无,-3.8,7.6,-13.3,0.42,0.07,679.9,681.7,675.7,4.5,,,无
2013-03-30,52645.0,青海,野牛沟,38.41666666666666,99.58333333333331,3314.0,2013,3,30,0.0,无,-3.1,10.0,-13.9,0.43,0.07,680.1,681.9,676.7,4.5,,,无
2013-03-31,52645.0,青海,野牛沟,38.41666666666666,99.58333333333331,3314.0,2013,3,31,0.0,无,-3.3,7.0,-11.6,0.43,0.12,681.2,682.4,678.6,4.0,,,无
2013-04-01,52645.0,青海,野牛沟,38.41666666666666,99.58333333333331,3314.0,2013,4,1,0.0,无,-4.2,6.4,-13.1,0.53,0.18,681.4,683.5,678.5,3.3,,,无
2013-04-02,52645.0,青海,野牛沟,38.41666666666666,99.58333333333331,3314.0,2013,4,2,0.0,无,-3.2,10.0,-13.3,0.43,0.08,678.3,680.8,675.5,4.5,,,无
2013-04-03,52645.0,青海,野牛沟,38.41666666666666,99.58333333333331,3314.0,2013,4,3,0.0,无,-3.6,8.6,-13.5,0.36,0.09,674.8,676.9,671.0,4.5,,,无
2013-04-04,52645.0,青海,野牛沟,38.41666666666666,99.58333333333331,3314.0,2013,4,4,0.0,无,-5.4,4.6,-12.9,0.5,0.08,674.1,676.1,671.2,4.3,,,无
2013-04-05,52645.0,青海,野牛沟,38.41666666666666,99.58333333333331,3314.0,2013,4,5,0.0,无,-9.3,0.2,-18.3,0.46,0.12,679.3,680.9,676.0,4.0,,,无
2013-04-06,52645.0,青海,野牛沟,38.41666666666666,99.58333333333331,3314.0,2013,4,6,0.0,无,-6.8,6.4,-18.2,0.38,0.04,676.7,680.7,671.8,4.7,,,无
2013-04-07,52645.0,青海,野牛沟,38.41666666666666,99.58333333333331,3314.0,2013,4,7,0.0,无,-5.4,4.8,-14.6,0.41,0.1,674.7,676.2,671.7,6.2,,,无
2013-04-08,52645.0,青海,野牛沟,38.41666666666666,99.58333333333331,3314.0,2013,4,8,0.0,无,-5.2,2.8,-12.4,0.39,0.14,677.4,679.4,674.5,5.1,,,无
2013-04-09,52645.0,青海,野牛沟,38.41666666666666,99.58333333333331,3314.0,2013,4,9,0.0,无,-6.8,4.4,-16.5,0.31,0.09,681.9,683.0,679.4,4.5,,,无
2013-04-10,52645.0,青海,野牛沟,38.41666666666666,99.58333333333331,3314.0,2013,4,10,0.0,无,-5.9,5.4,-17.2,0.27,0.04,682.3,684.1,679.8,5.1,,,无
2013-04-11,52645.0,青海,野牛沟,38.41666666666666,99.58333333333331,3314.0,2013,4,11,0.0,无,-4.3,5.3,-14.7,0.26,0.09,682.8,684.1,680.3,4.9,,,无
2013-04-12,52645.0,青海,野牛沟,38.41666666666666,99.58333333333331,3314.0,2013,4,12,0.0,无,-2.0,4.8,-7.3,0.37,0.16,684.9,686.0,682.6,3.6,,,无
2013-04-13,52645.0,青海,野牛沟,38.41666666666666,99.58333333333331,3314.0,2013,4,13,0.0,无,-3.4,8.7,-14.4,0.45,0.1,684.7,686.4,682.2,5.0,,,无
2013-04-14,52645.0,青海,野牛沟,38.41666666666666,99.58333333333331,3314.0,2013,4,14,0.0,无,-2.3,11.2,-14.6,0.25,0.04,681.9,684.7,678.2,6.5,,,无
2013-04-15,52645.0,青海,野牛沟,38.41666666666666,99.58333333333331,3314.0,2013,4,15,0.0,无,-1.1,10.3,-11.8,0.24,0.07,679.3,680.9,676.2,6.4,,,无
2013-04-16,52645.0,青海,野牛沟,38.41666666666666,99.58333333333331,3314.0,2013,4,16,0.0,无,1.2,14.0,-11.3,0.24,0.05,677.2,680.2,673.2,6.4,,,无
2013-04-17,52645.0,青海,野牛沟,38.41666666666666,99.58333333333331,3314.0,2013,4,17,0.0,无,1.3,14.8,-11.8,0.26,0.06,674.0,675.6,671.2,7.8,,,无
2013-04-18,52645.0,青海,野牛沟,38.41666666666666,99.58333333333331,3314.0,2013,4,18,0.0,无,2.5,15.6,-6.6,0.41,0.15,672.3,674.2,669.2,5.7,,,无
2013-04-19,52645.0,青海,野牛沟,38.41666666666666,99.58333333333331,3314.0,2013,4,19,0.3,normal,2.1,10.6,-3.6,0.54,0.12,677.5,679.2,673.3,5.6,,-1.5983101528548405,Snow
2013-04-20,52645.0,青海,野牛沟,38.41666666666666,99.58333333333331,3314.0,2013,4,20,0.0,无,2.6,11.5,-2.7,0.38,0.14,679.0,680.5,676.4,4.4,,,无
2013-04-21,52645.0,青海,野牛沟,38.41666666666666,99.58333333333331,3314.0,2013,4,21,0.0,无,1.0,14.6,-7.9,0.44,0.13,678.1,681.3,674.0,5.3,,,无
2013-04-22,52645.0,青海,野牛沟,38.41666666666666,99.58333333333331,3314.0,2013,4,22,0.0,无,3.2,11.0,-2.1,0.38,0.14,678.8,680.0,676.0,7.1,,,无
2013-04-23,52645.0,青海,野牛沟,38.41666666666666,99.58333333333331,3314.0,2013,4,23,0.0,无,0.3,11.1,-10.2,0.35,0.06,681.8,683.3,679.2,7.3,,,无
2013-04-24,52645.0,青海,野牛沟,38.41666666666666,99.58333333333331,3314.0,2013,4,24,0.0,无,1.5,12.0,-9.5,0.28,0.06,682.9,684.2,680.1,6.4,,,无
2013-04-25,52645.0,青海,野牛沟,38.41666666666666,99.58333333333331,3314.0,2013,4,25,0.0,无,2.1,16.4,-11.1,0.27,0.05,683.2,685.5,679.9,7.8,,,无
2013-04-26,52645.0,青海,野牛沟,38.41666666666666,99.58333333333331,3314.0,2013,4,26,0.0,无,4.0,16.8,-9.2,0.28,0.05,680.3,682.1,677.3,7.2,,,无
2013-04-27,52645.0,青海,野牛沟,38.41666666666666,99.58333333333331,3314.0,2013,4,27,0.0,无,3.7,15.0,-7.3,0.26,0.06,679.9,680.9,678.5,9.0,,,无
2013-04-28,52645.0,青海,野牛沟,38.41666666666666,99.58333333333331,3314.0,2013,4,28,0.0,无,2.1,7.6,-2.1,0.61,0.27,681.4,682.6,679.7,4.0,,,无
2013-04-29,52645.0,青海,野牛沟,38.41666666666666,99.58333333333331,3314.0,2013,4,29,0.0,无,4.8,14.1,-1.8,0.57,0.2,680.7,682.3,678.6,6.3,,,无
2013-04-30,52645.0,青海,野牛沟,38.41666666666666,99.58333333333331,3314.0,2013,4,30,4.8,normal,3.1,12.0,-0.9,0.69,0.31,682.2,683.3,679.4,4.6,,0.5642305821854565,Snow
2013-05-01,52645.0,青海,野牛沟,38.41666666666666,99.58333333333331,3314.0,2013,5,1,0.1,normal,3.0,9.9,-2.6,0.67,0.34,682.0,683.5,680.2,4.4,,0.30367404870030423,Snow
2013-05-02,52645.0,青海,野牛沟,38.41666666666666,99.58333333333331,3314.0,2013,5,2,0.0,无,2.9,10.8,-5.4,0.49,0.17,682.6,684.0,680.4,4.6,,,无
2013-05-03,52645.0,青海,野牛沟,38.41666666666666,99.58333333333331,3314.0,2013,5,3,0.0,无,3.2,12.1,-5.3,0.4,0.14,681.6,683.7,678.3,6.9,,,无
2013-05-04,52645.0,青海,野牛沟,38.41666666666666,99.58333333333331,3314.0,2013,5,4,0.0,无,4.4,13.3,-5.7,0.37,0.15,678.3,680.1,676.1,5.9,,,无
2013-05-05,52645.0,青海,野牛沟,38.41666666666666,99.58333333333331,3314.0,2013,5,5,0.0,无,5.1,13.3,-3.7,0.4,0.18,679.3,680.1,677.2,7.2,,,无
2013-05-06,52645.0,青海,野牛沟,38.41666666666666,99.58333333333331,3314.0,2013,5,6,0.0,无,4.7,13.6,-3.8,0.53,0.22,681.7,683.4,679.2,5.8,,,无
2013-05-07,52645.0,青海,野牛沟,38.41666666666666,99.58333333333331,3314.0,2013,5,7,21.0,normal,1.0,5.7,-0.3,0.84,0.5,682.0,683.2,681.1,1.2,,-0.18162620476655622,Snow
2013-05-08,52645.0,青海,野牛沟,38.41666666666666,99.58333333333331,3314.0,2013,5,8,0.0,无,-0.5,5.4,-4.7,0.68,0.28,684.0,684.9,682.3,4.4,,,无
2013-05-09,52645.0,青海,野牛沟,38.41666666666666,99.58333333333331,3314.0,2013,5,9,0.0,无,-1.2,7.7,-8.8,0.55,0.17,684.9,686.2,682.7,4.9,,,无
2013-05-10,52645.0,青海,野牛沟,38.41666666666666,99.58333333333331,3314.0,2013,5,10,0.0,无,1.6,10.2,-6.9,0.49,0.11,683.1,684.8,681.1,5.5,,,无
2013-05-11,52645.0,青海,野牛沟,38.41666666666666,99.58333333333331,3314.0,2013,5,11,0.0,无,3.0,11.8,-6.0,0.47,0.11,681.4,683.2,679.0,6.4,,,无
2013-05-12,52645.0,青海,野牛沟,38.41666666666666,99.58333333333331,3314.0,2013,5,12,0.0,无,4.6,16.3,-4.2,0.5,0.11,679.3,680.8,676.5,6.3,,,无
2013-05-13,52645.0,青海,野牛沟,38.41666666666666,99.58333333333331,3314.0,2013,5,13,0.0,无,6.5,15.0,-2.3,0.45,0.24,677.7,679.8,675.4,7.8,,,无
2013-05-14,52645.0,青海,野牛沟,38.41666666666666,99.58333333333331,3314.0,2013,5,14,3.1,normal,3.0,8.8,0.6,0.8,0.28,679.1,679.9,677.2,3.7,,1.3903620858109322,Snow
2013-05-15,52645.0,青海,野牛沟,38.41666666666666,99.58333333333331,3314.0,2013,5,15,6.1,normal,2.4,6.8,0.6,0.86,0.63,679.5,680.6,678.5,1.3,,1.3077606377050044,Snow
2013-05-16,52645.0,青海,野牛沟,38.41666666666666,99.58333333333331,3314.0,2013,5,16,2.8,normal,2.1,7.8,-0.5,0.79,0.49,682.5,683.5,680.6,1.5,,0.47001669901652665,Snow
2013-05-17,52645.0,青海,野牛沟,38.41666666666666,99.58333333333331,3314.0,2013,5,17,0.0,无,3.8,10.8,-2.1,0.6,0.18,682.1,684.6,679.3,5.4,,,无
2013-05-18,52645.0,青海,野牛沟,38.41666666666666,99.58333333333331,3314.0,2013,5,18,0.0,无,3.3,11.3,-3.3,0.59,0.21,681.2,682.0,679.8,4.8,,,无
2013-05-19,52645.0,青海,野牛沟,38.41666666666666,99.58333333333331,3314.0,2013,5,19,0.0,无,4.2,13.6,-4.1,0.54,0.12,681.0,683.1,677.8,6.6,,,无
2013-05-20,52645.0,青海,野牛沟,38.41666666666666,99.58333333333331,3314.0,2013,5,20,0.0,无,6.3,18.9,-3.8,0.48,0.1,679.5,680.5,676.4,7.3,,,无
2013-05-21,52645.0,青海,野牛沟,38.41666666666666,99.58333333333331,3314.0,2013,5,21,2.4,normal,5.8,15.5,-0.1,0.63,0.2,681.1,682.1,678.2,5.0,,2.416054098013425,Rain
2013-05-22,52645.0,青海,野牛沟,38.41666666666666,99.58333333333331,3314.0,2013,5,22,0.0,无,7.3,17.8,-1.8,0.58,0.14,682.9,684.6,681.0,7.0,,,无
2013-05-23,52645.0,青海,野牛沟,38.41666666666666,99.58333333333331,3314.0,2013,5,23,2.6,normal,5.7,13.0,1.4,0.65,0.27,683.7,685.4,681.8,3.6,,2.5262065981728066,Rain
2013-05-24,52645.0,青海,野牛沟,38.41666666666666,99.58333333333331,3314.0,2013,5,24,0.9,normal,4.0,12.5,-2.6,0.75,0.37,684.0,687.0,681.3,2.9,,1.9030148157753546,Rain
2013-05-25,52645.0,青海,野牛沟,38.41666666666666,99.58333333333331,3314.0,2013,5,25,1.3,normal,7.8,15.9,1.1,0.54,0.18,680.9,683.5,678.7,6.2,,3.21088843337622,Rain
2013-05-26,52645.0,青海,野牛沟,38.41666666666666,99.58333333333331,3314.0,2013,5,26,0.0,无,9.7,19.9,0.7,0.51,0.15,678.2,680.0,675.4,7.3,,,无
2013-05-27,52645.0,青海,野牛沟,38.41666666666666,99.58333333333331,3314.0,2013,5,27,4.2,normal,4.6,13.2,1.1,0.73,0.37,678.8,680.7,676.3,1.5,,2.2690593452287677,Rain
2013-05-28,52645.0,青海,野牛沟,38.41666666666666,99.58333333333331,3314.0,2013,5,28,5.3,normal,1.7,5.8,-1.2,0.69,0.33,683.6,684.8,678.8,2.8,,-0.6950500348078714,Snow
2013-05-29,52645.0,青海,野牛沟,38.41666666666666,99.58333333333331,3314.0,2013,5,29,1.3,normal,3.7,10.7,-2.0,0.68,0.35,684.4,686.1,682.6,4.1,,1.0212384067974556,Snow
2013-05-30,52645.0,青海,野牛沟,38.41666666666666,99.58333333333331,3314.0,2013,5,30,1.1,normal,3.7,7.4,0.8,0.8,0.49,683.7,684.7,682.2,0.8,,2.052290063870177,Snow
2013-05-31,52645.0,青海,野牛沟,38.41666666666666,99.58333333333331,3314.0,2013,5,31,0.9,normal,5.6,11.9,0.3,0.61,0.25,683.2,684.9,681.1,6.0,,2.053231691147075,Rain
2013-06-01,52645.0,青海,野牛沟,38.41666666666666,99.58333333333331,3314.0,2013,6,1,0.0,无,6.3,14.9,-2.2,0.56,0.18,683.2,684.5,681.0,6.0,,,无
2013-06-02,52645.0,青海,野牛沟,38.41666666666666,99.58333333333331,3314.0,2013,6,2,0.0,无,7.5,15.6,-0.9,0.5,0.17,682.2,683.6,680.5,6.6,,,无
2013-06-03,52645.0,青海,野牛沟,38.41666666666666,99.58333333333331,3314.0,2013,6,3,0.0,无,9.7,20.0,-2.1,0.44,0.12,680.5,682.7,677.7,8.0,,,无
2013-06-04,52645.0,青海,野牛沟,38.41666666666666,99.58333333333331,3314.0,2013,6,4,0.0,无,9.9,20.5,-0.6,0.45,0.14,680.4,681.8,678.3,7.5,,,无
2013-06-05,52645.0,青海,野牛沟,38.41666666666666,99.58333333333331,3314.0,2013,6,5,4.1,normal,8.3,19.6,-0.5,0.59,0.16,682.7,683.8,679.1,7.1,,4.1801842848893545,Rain
2013-06-06,52645.0,青海,野牛沟,38.41666666666666,99.58333333333331,3314.0,2013,6,6,1.1,normal,8.5,19.7,0.8,0.67,0.19,683.1,685.0,679.7,5.7,,5.21037040878173,Rain
2013-06-07,52645.0,青海,野牛沟,38.41666666666666,99.58333333333331,3314.0,2013,6,7,4.2,normal,7.0,13.9,3.8,0.73,0.4,680.9,682.5,678.5,2.0,,4.464442066648036,Rain
2013-06-08,52645.0,青海,野牛沟,38.41666666666666,99.58333333333331,3314.0,2013,6,8,10.4,normal,3.1,8.9,1.2,0.84,0.55,682.1,683.2,680.2,2.3,,1.8168381879435769,Snow
2013-06-09,52645.0,青海,野牛沟,38.41666666666666,99.58333333333331,3314.0,2013,6,9,5.6,normal,1.5,5.1,-1.2,0.69,0.33,685.4,686.7,683.2,2.8,,-0.8722455920828276,Snow
2013-06-10,52645.0,青海,野牛沟,38.41666666666666,99.58333333333331,3314.0,2013,6,10,0.0,无,4.0,12.7,-4.9,0.48,0.1,685.7,688.2,682.8,6.1,,,无
2013-06-11,52645.0,青海,野牛沟,38.41666666666666,99.58333333333331,3314.0,2013,6,11,0.0,无,7.3,16.2,-2.8,0.5,0.16,682.3,684.0,679.6,7.5,,,无
2013-06-12,52645.0,青海,野牛沟,38.41666666666666,99.58333333333331,3314.0,2013,6,12,0.2,normal,8.5,16.8,-0.2,0.59,0.26,679.2,681.7,676.9,6.6,,4.342744902249831,Rain
2013-06-13,52645.0,青海,野牛沟,38.41666666666666,99.58333333333331,3314.0,2013,6,13,0.0,无,8.6,17.5,-0.2,0.64,0.22,677.5,679.3,676.3,5.1,,,无
2013-06-14,52645.0,青海,野牛沟,38.41666666666666,99.58333333333331,3314.0,2013,6,14,0.0,无,11.3,20.5,2.6,0.58,0.26,677.8,679.7,675.6,7.1,,,无
2013-06-15,52645.0,青海,野牛沟,38.41666666666666,99.58333333333331,3314.0,2013,6,15,9.6,normal,8.5,14.8,7.2,0.82,0.46,678.3,679.6,676.9,1.4,,6.748008356914492,Rain
2013-06-16,52645.0,青海,野牛沟,38.41666666666666,99.58333333333331,3314.0,2013,6,16,0.0,无,10.0,17.2,5.3,0.77,0.57,679.2,681.3,676.1,5.3,,,无
2013-06-17,52645.0,青海,野牛沟,38.41666666666666,99.58333333333331,3314.0,2013,6,17,3.5,normal,11.6,18.1,7.8,0.77,0.56,677.0,678.6,675.5,3.4,,9.113988197607533,Rain
2013-06-18,52645.0,青海,野牛沟,38.41666666666666,99.58333333333331,3314.0,2013,6,18,10.7,normal,12.0,20.1,7.7,0.77,0.55,676.2,678.6,672.8,6.9,,9.48393547067441,Rain
2013-06-19,52645.0,青海,野牛沟,38.41666666666666,99.58333333333331,3314.0,2013,6,19,21.0,normal,10.7,15.4,8.4,0.83,0.66,676.2,678.2,674.8,5.2,,8.93099015961916,Rain
2013-06-20,52645.0,青海,野牛沟,38.41666666666666,99.58333333333331,3314.0,2013,6,20,6.0,normal,9.0,13.7,6.9,0.78,0.55,681.7,683.4,678.2,2.7,,6.813057035845458,Rain
2013-06-21,52645.0,青海,野牛沟,38.41666666666666,99.58333333333331,3314.0,2013,6,21,8.5,normal,8.7,14.7,3.7,0.67,0.27,684.9,686.3,683.0,5.6,,5.392110787621509,Rain
2013-06-22,52645.0,青海,野牛沟,38.41666666666666,99.58333333333331,3314.0,2013,6,22,2.9,normal,10.8,17.1,4.8,0.57,0.31,683.1,685.4,680.9,6.6,,6.089963774571703,Rain
2013-06-23,52645.0,青海,野牛沟,38.41666666666666,99.58333333333331,3314.0,2013,6,23,0.0,无,9.1,17.1,3.0,0.66,0.28,682.4,683.8,680.1,5.4,,,无
2013-06-24,52645.0,青海,野牛沟,38.41666666666666,99.58333333333331,3314.0,2013,6,24,1.4,normal,7.3,15.6,2.7,0.71,0.27,682.9,684.2,680.0,5.5,,4.542763869626447,Rain
2013-06-25,52645.0,青海,野牛沟,38.41666666666666,99.58333333333331,3314.0,2013,6,25,0.0,无,8.1,15.8,1.1,0.59,0.2,682.9,684.0,680.5,4.7,,,无
2013-06-26,52645.0,青海,野牛沟,38.41666666666666,99.58333333333331,3314.0,2013,6,26,0.0,无,8.7,15.8,0.5,0.6,0.19,682.4,684.1,679.6,6.3,,,无
2013-06-27,52645.0,青海,野牛沟,38.41666666666666,99.58333333333331,3314.0,2013,6,27,0.0,无,9.7,20.2,-0.3,0.55,0.15,679.5,681.6,676.7,6.3,,,无
2013-06-28,52645.0,青海,野牛沟,38.41666666666666,99.58333333333331,3314.0,2013,6,28,0.0,无,10.9,21.3,1.2,0.54,0.16,676.8,678.8,674.6,6.6,,,无
2013-06-29,52645.0,青海,野牛沟,38.41666666666666,99.58333333333331,3314.0,2013,6,29,3.0,normal,11.8,19.7,4.6,0.62,0.33,677.9,679.0,675.8,6.2,,7.53807146939971,Rain
2013-06-30,52645.0,青海,野牛沟,38.41666666666666,99.58333333333331,3314.0,2013,6,30,2.3,normal,13.2,22.1,7.6,0.68,0.33,678.9,680.2,676.8,6.3,,9.51092466796418,Rain
2013-07-01,52645.0,青海,野牛沟,38.41666666666666,99.58333333333331,3314.0,2013,7,1,2.8,normal,13.2,19.3,9.4,0.74,0.47,679.1,680.7,677.7,6.4,,10.242660531139244,Rain
2013-07-02,52645.0,青海,野牛沟,38.41666666666666,99.58333333333331,3314.0,2013,7,2,10.8,normal,14.0,22.6,6.3,0.7,0.33,679.1,680.9,677.0,7.4,,10.47931305153378,Rain
2013-07-03,52645.0,青海,野牛沟,38.41666666666666,99.58333333333331,3314.0,2013,7,3,2.7,normal,12.4,17.4,10.5,0.82,0.59,679.8,681.7,678.6,2.6,,10.43276820062545,Rain
2013-07-04,52645.0,青海,野牛沟,38.41666666666666,99.58333333333331,3314.0,2013,7,4,2.7,normal,11.0,14.7,8.8,0.75,0.54,682.8,684.3,681.6,3.3,,8.342985342697734,Rain
2013-07-05,52645.0,青海,野牛沟,38.41666666666666,99.58333333333331,3314.0,2013,7,5,0.0,无,11.8,18.0,4.1,0.62,0.24,682.4,684.1,680.3,5.4,,,无
2013-07-06,52645.0,青海,野牛沟,38.41666666666666,99.58333333333331,3314.0,2013,7,6,0.0,无,12.8,20.9,4.9,0.63,0.29,680.8,682.1,678.5,6.5,,,无
2013-07-07,52645.0,青海,野牛沟,38.41666666666666,99.58333333333331,3314.0,2013,7,7,10.1,normal,11.5,16.5,8.7,0.73,0.35,679.8,682.1,677.7,5.4,,8.570628425283285,Rain
2013-07-08,52645.0,青海,野牛沟,38.41666666666666,99.58333333333331,3314.0,2013,7,8,14.3,normal,6.7,11.9,4.0,0.82,0.5,679.9,681.3,678.3,1.9,,5.050220310260438,Rain
2013-07-09,52645.0,青海,野牛沟,38.41666666666666,99.58333333333331,3314.0,2013,7,9,8.3,normal,7.4,12.0,3.9,0.77,0.57,679.3,681.1,677.4,2.4,,5.223001821211848,Rain
2013-07-10,52645.0,青海,野牛沟,38.41666666666666,99.58333333333331,3314.0,2013,7,10,8.8,normal,9.1,15.6,4.2,0.75,0.47,679.9,680.8,678.3,5.7,,6.590590897858406,Rain
2013-07-11,52645.0,青海,野牛沟,38.41666666666666,99.58333333333331,3314.0,2013,7,11,6.9,normal,9.2,15.6,4.8,0.78,0.5,681.8,682.4,680.6,3.7,,6.999293483784688,Rain
2013-07-12,52645.0,青海,野牛沟,38.41666666666666,99.58333333333331,3314.0,2013,7,12,2.5,normal,11.7,18.8,9.3,0.79,0.47,683.0,683.6,681.5,3.5,,9.440059975784255,Rain
2013-07-13,52645.0,青海,野牛沟,38.41666666666666,99.58333333333331,3314.0,2013,7,13,8.8,normal,11.7,17.7,8.2,0.79,0.53,682.8,684.6,681.4,2.7,,9.439821581955034,Rain
2013-07-14,52645.0,青海,野牛沟,38.41666666666666,99.58333333333331,3314.0,2013,7,14,14.3,normal,9.9,13.9,8.0,0.78,0.55,682.1,682.9,681.1,3.5,,7.651084150671346,Rain
2013-07-15,52645.0,青海,野牛沟,38.41666666666666,99.58333333333331,3314.0,2013,7,15,1.7,normal,11.7,20.0,5.0,0.68,0.27,682.3,683.8,680.5,6.5,,8.175767344827229,Rain
2013-07-16,52645.0,青海,野牛沟,38.41666666666666,99.58333333333331,3314.0,2013,7,16,13.7,normal,11.6,17.1,9.6,0.75,0.41,681.5,682.3,679.5,5.4,,8.893246400375837,Rain
2013-07-17,52645.0,青海,野牛沟,38.41666666666666,99.58333333333331,3314.0,2013,7,17,9.9,normal,9.2,13.3,7.5,0.78,0.49,681.4,682.8,680.1,2.9,,6.998784660216004,Rain
2013-07-18,52645.0,青海,野牛沟,38.41666666666666,99.58333333333331,3314.0,2013,7,18,8.4,normal,8.0,16.5,2.0,0.67,0.29,682.9,684.3,680.7,6.2,,4.764679617073528,Rain
2013-07-19,52645.0,青海,野牛沟,38.41666666666666,99.58333333333331,3314.0,2013,7,19,1.3,normal,10.2,18.4,3.3,0.62,0.25,681.8,682.9,679.6,5.9,,6.154632024010369,Rain
2013-07-20,52645.0,青海,野牛沟,38.41666666666666,99.58333333333331,3314.0,2013,7,20,0.5,normal,10.3,18.3,3.3,0.66,0.25,681.2,682.6,678.8,5.6,,6.69633685711855,Rain
2013-07-21,52645.0,青海,野牛沟,38.41666666666666,99.58333333333331,3314.0,2013,7,21,2.2,normal,10.0,18.5,3.7,0.71,0.28,680.4,681.7,677.9,5.2,,6.983328689202124,Rain
2013-07-22,52645.0,青海,野牛沟,38.41666666666666,99.58333333333331,3314.0,2013,7,22,0.0,无,11.6,21.5,2.8,0.63,0.24,680.4,681.8,678.4,6.9,,,无
2013-07-23,52645.0,青海,野牛沟,38.41666666666666,99.58333333333331,3314.0,2013,7,23,0.0,无,12.8,19.2,6.9,0.68,0.41,679.7,681.5,677.7,4.2,,,无
2013-07-24,52645.0,青海,野牛沟,38.41666666666666,99.58333333333331,3314.0,2013,7,24,21.2,normal,10.3,14.8,7.8,0.77,0.62,680.0,681.4,678.3,3.0,,7.912469592513163,Rain
2013-07-25,52645.0,青海,野牛沟,38.41666666666666,99.58333333333331,3314.0,2013,7,25,1.3,normal,8.1,10.8,7.3,0.78,0.64,680.8,682.4,679.5,1.0,,5.974439430908531,Rain
2013-07-26,52645.0,青海,野牛沟,38.41666666666666,99.58333333333331,3314.0,2013,7,26,0.0,无,10.8,19.5,6.7,0.71,0.35,680.0,680.7,679.1,4.5,,,无
2013-07-27,52645.0,青海,野牛沟,38.41666666666666,99.58333333333331,3314.0,2013,7,27,0.0,无,11.7,19.2,5.5,0.6,0.27,682.7,683.7,680.6,5.6,,,无
2013-07-28,52645.0,青海,野牛沟,38.41666666666666,99.58333333333331,3314.0,2013,7,28,10.2,normal,9.5,17.3,2.8,0.62,0.23,685.1,686.2,682.7,6.8,,5.55310848178062,Rain
2013-07-29,52645.0,青海,野牛沟,38.41666666666666,99.58333333333331,3314.0,2013,7,29,4.1,normal,8.6,16.7,1.4,0.71,0.29,684.7,687.5,681.7,4.7,,5.723157196196307,Rain
2013-07-30,52645.0,青海,野牛沟,38.41666666666666,99.58333333333331,3314.0,2013,7,30,0.9,normal,9.4,17.8,2.3,0.63,0.25,681.7,684.8,678.5,5.9,,5.568924881947486,Rain
2013-07-31,52645.0,青海,野牛沟,38.41666666666666,99.58333333333331,3314.0,2013,7,31,0.0,无,8.8,16.3,0.3,0.61,0.25,680.2,682.5,678.1,5.6,,,无
2013-08-01,52645.0,青海,野牛沟,38.41666666666666,99.58333333333331,3314.0,2013,8,1,1.0,normal,7.9,16.3,-0.3,0.64,0.28,681.6,682.3,679.2,4.9,,4.361005183044919,Rain
2013-08-02,52645.0,青海,野牛沟,38.41666666666666,99.58333333333331,3314.0,2013,8,2,0.0,无,8.8,19.7,0.0,0.61,0.16,683.7,684.8,681.7,6.0,,,无
2013-08-03,52645.0,青海,野牛沟,38.41666666666666,99.58333333333331,3314.0,2013,8,3,0.0,无,10.7,21.7,0.6,0.58,0.16,683.5,685.2,681.2,6.7,,,无
2013-08-04,52645.0,青海,野牛沟,38.41666666666666,99.58333333333331,3314.0,2013,8,4,0.0,无,12.0,22.8,2.3,0.58,0.24,681.5,683.3,678.8,5.7,,,无
2013-08-05,52645.0,青海,野牛沟,38.41666666666666,99.58333333333331,3314.0,2013,8,5,0.1,normal,11.7,19.8,4.2,0.66,0.3,680.4,681.5,679.0,5.4,,7.935749122233404,Rain
2013-08-06,52645.0,青海,野牛沟,38.41666666666666,99.58333333333331,3314.0,2013,8,6,5.0,normal,8.3,13.7,6.1,0.75,0.56,681.7,682.8,679.8,1.5,,5.857250953999329,Rain
2013-08-07,52645.0,青海,野牛沟,38.41666666666666,99.58333333333331,3314.0,2013,8,7,0.0,无,8.2,16.6,1.3,0.69,0.33,684.0,684.9,681.6,5.5,,,无
2013-08-08,52645.0,青海,野牛沟,38.41666666666666,99.58333333333331,3314.0,2013,8,8,0.0,无,9.5,21.4,0.6,0.68,0.18,683.1,685.4,680.5,5.7,,,无
2013-08-09,52645.0,青海,野牛沟,38.41666666666666,99.58333333333331,3314.0,2013,8,9,2.5,normal,11.0,21.2,1.7,0.64,0.33,681.4,683.0,678.8,6.8,,7.084656311125124,Rain
2013-08-10,52645.0,青海,野牛沟,38.41666666666666,99.58333333333331,3314.0,2013,8,10,5.4,normal,10.3,16.9,4.3,0.69,0.33,682.3,683.4,680.6,5.1,,7.035753976318415,Rain
2013-08-11,52645.0,青海,野牛沟,38.41666666666666,99.58333333333331,3314.0,2013,8,11,0.0,无,10.4,20.9,1.9,0.66,0.17,683.6,685.0,681.5,6.2,,,无
2013-08-12,52645.0,青海,野牛沟,38.41666666666666,99.58333333333331,3314.0,2013,8,12,0.0,无,11.6,21.4,1.5,0.61,0.24,683.5,684.6,681.9,5.6,,,无
2013-08-13,52645.0,青海,野牛沟,38.41666666666666,99.58333333333331,3314.0,2013,8,13,0.0,无,13.5,23.1,6.7,0.63,0.26,681.4,683.0,678.9,6.6,,,无
2013-08-14,52645.0,青海,野牛沟,38.41666666666666,99.58333333333331,3314.0,2013,8,14,0.2,normal,15.0,24.7,8.2,0.65,0.34,680.3,681.2,677.8,6.1,,10.730605807370143,Rain
2013-08-15,52645.0,青海,野牛沟,38.41666666666666,99.58333333333331,3314.0,2013,8,15,3.5,normal,10.8,19.8,4.5,0.75,0.52,681.6,682.5,679.2,5.9,,8.157194829810862,Rain
2013-08-16,52645.0,青海,野牛沟,38.41666666666666,99.58333333333331,3314.0,2013,8,16,6.8,normal,9.0,11.3,7.4,0.78,0.67,683.2,684.2,681.9,2.4,,6.814964062674345,Rain
2013-08-17,52645.0,青海,野牛沟,38.41666666666666,99.58333333333331,3314.0,2013,8,17,6.7,normal,7.9,11.4,6.3,0.86,0.73,683.2,684.4,681.9,1.8,,6.576325995588719,Rain
2013-08-18,52645.0,青海,野牛沟,38.41666666666666,99.58333333333331,3314.0,2013,8,18,3.3,normal,12.3,20.6,7.4,0.79,0.47,682.1,684.0,679.6,4.4,,9.999689324967346,Rain
2013-08-19,52645.0,青海,野牛沟,38.41666666666666,99.58333333333331,3314.0,2013,8,19,9.3,normal,12.3,18.9,9.8,0.81,0.56,682.3,683.4,681.1,4.5,,10.227642760959355,Rain
2013-08-20,52645.0,青海,野牛沟,38.41666666666666,99.58333333333331,3314.0,2013,8,20,4.9,normal,12.0,17.0,9.1,0.8,0.61,683.2,684.2,681.5,2.7,,9.83364478171319,Rain
2013-08-21,52645.0,青海,野牛沟,38.41666666666666,99.58333333333331,3314.0,2013,8,21,10.6,normal,12.3,20.0,8.5,0.8,0.46,683.0,684.1,680.8,6.4,,10.114810055709814,Rain
2013-08-22,52645.0,青海,野牛沟,38.41666666666666,99.58333333333331,3314.0,2013,8,22,7.0,normal,11.6,16.0,9.5,0.83,0.59,683.8,684.8,682.7,3.0,,9.791263370059337,Rain
2013-08-23,52645.0,青海,野牛沟,38.41666666666666,99.58333333333331,3314.0,2013,8,23,1.8,normal,11.5,16.9,9.7,0.82,0.58,685.2,685.8,684.4,3.6,,9.58795898356557,Rain
2013-08-24,52645.0,青海,野牛沟,38.41666666666666,99.58333333333331,3314.0,2013,8,24,0.0,无,12.2,19.3,6.7,0.65,0.26,686.2,687.3,684.5,4.8,,,无
2013-08-25,52645.0,青海,野牛沟,38.41666666666666,99.58333333333331,3314.0,2013,8,25,0.0,无,11.0,22.1,2.4,0.67,0.2,683.8,685.8,680.8,6.3,,,无
2013-08-26,52645.0,青海,野牛沟,38.41666666666666,99.58333333333331,3314.0,2013,8,26,1.2,normal,12.5,20.9,6.6,0.7,0.41,680.5,681.8,678.5,3.2,,9.128213854028346,Rain
2013-08-27,52645.0,青海,野牛沟,38.41666666666666,99.58333333333331,3314.0,2013,8,27,10.7,normal,8.8,11.8,7.2,0.8,0.62,682.5,683.5,679.9,2.0,,6.832485798420076,Rain
2013-08-28,52645.0,青海,野牛沟,38.41666666666666,99.58333333333331,3314.0,2013,8,28,0.0,无,9.2,17.4,3.1,0.68,0.28,684.2,685.2,682.6,5.4,,,无
2013-08-29,52645.0,青海,野牛沟,38.41666666666666,99.58333333333331,3314.0,2013,8,29,0.0,无,8.2,15.7,1.2,0.61,0.27,685.1,686.4,683.6,5.5,,,无
2013-08-30,52645.0,青海,野牛沟,38.41666666666666,99.58333333333331,3314.0,2013,8,30,0.0,无,7.4,17.7,-0.1,0.63,0.17,683.7,685.6,681.1,5.8,,,无
2013-08-31,52645.0,青海,野牛沟,38.41666666666666,99.58333333333331,3314.0,2013,8,31,0.0,无,8.5,16.2,1.7,0.65,0.38,683.1,684.0,681.8,4.1,,,无
2013-09-01,52645.0,青海,野牛沟,38.41666666666666,99.58333333333331,3314.0,2013,9,1,5.6,normal,7.5,12.8,3.9,0.72,0.41,684.9,685.8,683.0,3.5,,4.827520936677652,Rain
2013-09-02,52645.0,青海,野牛沟,38.41666666666666,99.58333333333331,3314.0,2013,9,2,0.0,无,8.3,15.0,3.6,0.62,0.31,686.1,687.1,684.5,4.7,,,无
2013-09-03,52645.0,青海,野牛沟,38.41666666666666,99.58333333333331,3314.0,2013,9,3,6.4,normal,4.7,9.0,1.8,0.75,0.5,686.0,687.0,684.6,2.4,,2.550554880444733,Rain
2013-09-04,52645.0,青海,野牛沟,38.41666666666666,99.58333333333331,3314.0,2013,9,4,0.0,无,3.2,9.5,-0.5,0.74,0.41,685.8,686.4,684.9,2.3,,,无
2013-09-05,52645.0,青海,野牛沟,38.41666666666666,99.58333333333331,3314.0,2013,9,5,0.0,无,3.3,9.0,0.1,0.76,0.38,685.4,686.7,684.2,2.6,,,无
2013-09-06,52645.0,青海,野牛沟,38.41666666666666,99.58333333333331,3314.0,2013,9,6,1.6,normal,5.5,12.8,1.6,0.65,0.27,685.5,686.8,683.5,4.6,,2.353217393459146,Rain
2013-09-07,52645.0,青海,野牛沟,38.41666666666666,99.58333333333331,3314.0,2013,9,7,1.1,normal,3.9,8.4,1.4,0.8,0.47,685.1,685.4,684.0,1.3,,2.2414803242218673,Snow
2013-09-08,52645.0,青海,野牛沟,38.41666666666666,99.58333333333331,3314.0,2013,9,8,0.4,normal,2.6,12.1,-3.4,0.73,0.25,685.4,686.4,683.3,3.0,,0.45071506267337025,Snow
2013-09-09,52645.0,青海,野牛沟,38.41666666666666,99.58333333333331,3314.0,2013,9,9,0.7,normal,2.6,10.6,-2.4,0.77,0.31,685.3,686.2,683.1,2.2,,0.7783379951433522,Snow
2013-09-10,52645.0,青海,野牛沟,38.41666666666666,99.58333333333331,3314.0,2013,9,10,1.6,normal,1.9,9.2,-4.5,0.74,0.34,685.8,686.7,684.3,3.8,,-0.10953295351330272,Snow
2013-09-11,52645.0,青海,野牛沟,38.41666666666666,99.58333333333331,3314.0,2013,9,11,0.0,无,2.2,12.0,-5.3,0.67,0.25,684.9,686.5,682.9,2.5,,,无
2013-09-12,52645.0,青海,野牛沟,38.41666666666666,99.58333333333331,3314.0,2013,9,12,0.0,无,3.6,12.8,-3.7,0.65,0.23,685.8,687.3,683.4,4.2,,,无
2013-09-13,52645.0,青海,野牛沟,38.41666666666666,99.58333333333331,3314.0,2013,9,13,0.0,无,4.8,16.2,-4.7,0.57,0.14,684.4,685.7,682.1,4.0,,,无
2013-09-14,52645.0,青海,野牛沟,38.41666666666666,99.58333333333331,3314.0,2013,9,14,0.0,无,6.1,12.0,2.5,0.66,0.31,684.1,685.2,683.0,3.5,,,无
2013-09-15,52645.0,青海,野牛沟,38.41666666666666,99.58333333333331,3314.0,2013,9,15,0.6,normal,8.1,15.9,4.6,0.69,0.28,681.7,684.1,678.8,3.9,,5.058973080161935,Rain
2013-09-16,52645.0,青海,野牛沟,38.41666666666666,99.58333333333331,3314.0,2013,9,16,1.8,normal,5.3,11.6,0.4,0.78,0.45,680.3,681.0,678.9,1.6,,3.3680329040434875,Rain
2013-09-17,52645.0,青海,野牛沟,38.41666666666666,99.58333333333331,3314.0,2013,9,17,5.4,normal,7.1,15.4,3.9,0.79,0.39,680.4,682.2,677.2,4.8,,5.1401198077099375,Rain
2013-09-18,52645.0,青海,野牛沟,38.41666666666666,99.58333333333331,3314.0,2013,9,18,6.7,normal,7.3,11.6,5.6,0.75,0.56,683.3,685.1,679.5,2.5,,4.939576003990527,Rain
2013-09-19,52645.0,青海,野牛沟,38.41666666666666,99.58333333333331,3314.0,2013,9,19,0.0,无,6.5,16.4,0.2,0.66,0.19,685.6,687.5,682.3,4.7,,,无
2013-09-20,52645.0,青海,野牛沟,38.41666666666666,99.58333333333331,3314.0,2013,9,20,7.7,normal,4.6,12.8,0.2,0.78,0.35,685.7,687.4,683.3,3.2,,2.723187797195652,Rain
2013-09-21,52645.0,青海,野牛沟,38.41666666666666,99.58333333333331,3314.0,2013,9,21,0.0,无,6.1,14.8,-2.3,0.6,0.23,683.0,685.0,680.0,4.7,,,无
2013-09-22,52645.0,青海,野牛沟,38.41666666666666,99.58333333333331,3314.0,2013,9,22,0.8,normal,5.4,13.4,0.7,0.68,0.34,682.8,683.8,680.1,3.4,,2.541392510457743,Rain
2013-09-23,52645.0,青海,野牛沟,38.41666666666666,99.58333333333331,3314.0,2013,9,23,0.5,normal,2.4,10.7,-3.0,0.74,0.32,684.4,685.7,681.4,2.4,,0.34777337153335974,Snow
2013-09-24,52645.0,青海,野牛沟,38.41666666666666,99.58333333333331,3314.0,2013,9,24,0.0,无,1.4,13.0,-6.7,0.6,0.13,686.4,688.0,683.4,3.5,,,无
2013-09-25,52645.0,青海,野牛沟,38.41666666666666,99.58333333333331,3314.0,2013,9,25,0.0,无,1.5,11.7,-4.5,0.51,0.16,687.1,688.5,685.2,4.2,,,无
2013-09-26,52645.0,青海,野牛沟,38.41666666666666,99.58333333333331,3314.0,2013,9,26,0.0,无,2.1,14.2,-6.4,0.53,0.13,685.8,687.6,682.6,3.5,,,无
2013-09-27,52645.0,青海,野牛沟,38.41666666666666,99.58333333333331,3314.0,2013,9,27,0.0,无,3.2,13.3,-5.5,0.51,0.12,685.4,686.5,683.9,5.1,,,无
2013-09-28,52645.0,青海,野牛沟,38.41666666666666,99.58333333333331,3314.0,2013,9,28,0.0,无,2.8,15.7,-6.2,0.54,0.1,685.7,687.4,683.4,4.1,,,无
2013-09-29,52645.0,青海,野牛沟,38.41666666666666,99.58333333333331,3314.0,2013,9,29,0.0,无,3.9,13.8,-2.4,0.6,0.25,682.6,684.8,679.7,3.5,,,无
2013-09-30,52645.0,青海,野牛沟,38.41666666666666,99.58333333333331,3314.0,2013,9,30,0.0,无,4.8,12.2,-1.6,0.49,0.17,684.5,685.7,682.4,4.3,,,无
2013-10-01,52645.0,青海,野牛沟,38.41666666666666,99.58333333333331,3314.0,2013,10,1,0.0,无,2.2,13.7,-6.1,0.62,0.23,687.3,688.9,685.3,3.5,,,无
2013-10-02,52645.0,青海,野牛沟,38.41666666666666,99.58333333333331,3314.0,2013,10,2,0.0,无,2.8,12.8,-5.6,0.55,0.14,687.7,689.3,684.9,3.8,,,无
2013-10-03,52645.0,青海,野牛沟,38.41666666666666,99.58333333333331,3314.0,2013,10,3,0.0,无,1.6,12.9,-6.9,0.55,0.17,687.5,689.3,684.7,4.3,,,无
2013-10-04,52645.0,青海,野牛沟,38.41666666666666,99.58333333333331,3314.0,2013,10,4,0.0,无,1.9,14.8,-7.5,0.54,0.11,683.9,686.7,680.3,3.9,,,无
2013-10-05,52645.0,青海,野牛沟,38.41666666666666,99.58333333333331,3314.0,2013,10,5,0.0,无,1.5,11.8,-6.8,0.52,0.14,683.9,685.8,681.5,4.1,,,无
2013-10-06,52645.0,青海,野牛沟,38.41666666666666,99.58333333333331,3314.0,2013,10,6,0.0,无,1.2,12.1,-7.8,0.51,0.12,688.0,689.6,685.7,3.6,,,无
2013-10-07,52645.0,青海,野牛沟,38.41666666666666,99.58333333333331,3314.0,2013,10,7,0.0,无,2.3,13.4,-5.1,0.51,0.13,690.5,692.3,687.9,4.1,,,无
2013-10-08,52645.0,青海,野牛沟,38.41666666666666,99.58333333333331,3314.0,2013,10,8,0.0,无,1.3,17.1,-9.5,0.46,0.08,687.4,690.5,683.5,4.0,,,无
2013-10-09,52645.0,青海,野牛沟,38.41666666666666,99.58333333333331,3314.0,2013,10,9,0.0,无,1.5,14.2,-8.6,0.44,0.09,685.5,686.4,683.6,6.2,,,无
2013-10-10,52645.0,青海,野牛沟,38.41666666666666,99.58333333333331,3314.0,2013,10,10,0.0,无,1.5,15.9,-8.4,0.52,0.11,687.7,690.0,684.6,3.6,,,无
2013-10-11,52645.0,青海,野牛沟,38.41666666666666,99.58333333333331,3314.0,2013,10,11,0.0,无,2.9,17.3,-8.3,0.48,0.14,683.5,686.8,678.6,4.5,,,无
2013-10-12,52645.0,青海,野牛沟,38.41666666666666,99.58333333333331,3314.0,2013,10,12,0.0,无,3.7,13.2,-3.5,0.49,0.18,682.1,684.5,680.2,4.4,,,无
2013-10-13,52645.0,青海,野牛沟,38.41666666666666,99.58333333333331,3314.0,2013,10,13,0.0,无,1.2,10.2,-5.7,0.64,0.27,683.4,684.6,681.4,3.6,,,无
2013-10-14,52645.0,青海,野牛沟,38.41666666666666,99.58333333333331,3314.0,2013,10,14,0.0,无,-0.8,9.5,-7.8,0.58,0.06,686.9,689.1,684.6,3.4,,,无
2013-10-15,52645.0,青海,野牛沟,38.41666666666666,99.58333333333331,3314.0,2013,10,15,0.0,无,-1.8,7.8,-10.6,0.49,0.18,684.9,687.3,682.2,2.6,,,无
2013-10-16,52645.0,青海,野牛沟,38.41666666666666,99.58333333333331,3314.0,2013,10,16,0.0,无,-0.5,8.3,-6.6,0.45,0.19,685.0,686.1,683.3,2.7,,,无
2013-10-17,52645.0,青海,野牛沟,38.41666666666666,99.58333333333331,3314.0,2013,10,17,0.0,无,-1.9,10.7,-10.8,0.53,0.18,685.9,687.6,682.9,3.2,,,无
2013-10-18,52645.0,青海,野牛沟,38.41666666666666,99.58333333333331,3314.0,2013,10,18,0.0,无,-2.1,7.9,-10.0,0.54,0.16,686.5,688.0,684.5,2.6,,,无
2013-10-19,52645.0,青海,野牛沟,38.41666666666666,99.58333333333331,3314.0,2013,10,19,3.0,normal,-4.3,6.3,-10.5,0.72,0.33,686.1,688.1,682.9,1.6,,-5.945645948219309,Snow
2013-10-20,52645.0,青海,野牛沟,38.41666666666666,99.58333333333331,3314.0,2013,10,20,6.5,normal,-8.3,0.4,-15.0,0.76,0.47,685.6,687.0,684.1,1.3,,-9.445511813961073,Snow
2013-10-21,52645.0,青海,野牛沟,38.41666666666666,99.58333333333331,3314.0,2013,10,21,0.0,无,-9.5,3.3,-17.3,0.65,0.27,683.6,685.3,681.8,2.5,,,无
2013-10-22,52645.0,青海,野牛沟,38.41666666666666,99.58333333333331,3314.0,2013,10,22,0.0,无,-7.8,4.9,-15.0,0.55,0.14,686.4,688.0,683.4,2.3,,,无
2013-10-23,52645.0,青海,野牛沟,38.41666666666666,99.58333333333331,3314.0,2013,10,23,0.0,无,-6.2,6.6,-15.2,0.54,0.14,686.8,688.5,684.7,2.6,,,无
2013-10-24,52645.0,青海,野牛沟,38.41666666666666,99.58333333333331,3314.0,2013,10,24,0.0,无,-5.5,7.5,-14.1,0.56,0.11,685.0,686.3,683.0,2.5,,,无
2013-10-25,52645.0,青海,野牛沟,38.41666666666666,99.58333333333331,3314.0,2013,10,25,0.0,无,-4.2,7.5,-12.3,0.55,0.22,684.4,686.1,681.9,2.3,,,无
2013-10-26,52645.0,青海,野牛沟,38.41666666666666,99.58333333333331,3314.0,2013,10,26,0.0,无,-4.5,5.5,-12.7,0.52,0.15,683.0,684.7,680.2,2.0,,,无
2013-10-27,52645.0,青海,野牛沟,38.41666666666666,99.58333333333331,3314.0,2013,10,27,0.0,无,-5.6,3.9,-13.5,0.52,0.12,681.4,683.3,678.9,2.8,,,无
2013-10-28,52645.0,青海,野牛沟,38.41666666666666,99.58333333333331,3314.0,2013,10,28,0.0,无,-6.2,5.4,-14.4,0.55,0.11,681.8,683.2,679.9,1.9,,,无
2013-10-29,52645.0,青海,野牛沟,38.41666666666666,99.58333333333331,3314.0,2013,10,29,0.0,无,-5.6,5.7,-13.8,0.57,0.17,682.3,684.3,679.9,2.2,,,无
2013-10-30,52645.0,青海,野牛沟,38.41666666666666,99.58333333333331,3314.0,2013,10,30,0.0,无,-4.0,2.4,-8.8,0.56,0.32,681.7,682.6,680.7,1.5,,,无
2013-10-31,52645.0,青海,野牛沟,38.41666666666666,99.58333333333331,3314.0,2013,10,31,1.9,normal,-6.0,-0.6,-7.4,0.74,0.42,682.7,683.7,681.8,1.6,,-7.4061558400489735,Snow
2013-11-01,52645.0,青海,野牛沟,38.41666666666666,99.58333333333331,3314.0,2013,11,1,0.0,无,-9.7,2.9,-17.3,0.61,0.18,683.3,685.0,681.6,1.6,,,无
2013-11-02,52645.0,青海,野牛沟,38.41666666666666,99.58333333333331,3314.0,2013,11,2,0.0,无,-9.2,2.8,-16.9,0.57,0.11,684.6,686.1,682.7,2.0,,,无
2013-11-03,52645.0,青海,野牛沟,38.41666666666666,99.58333333333331,3314.0,2013,11,3,0.0,无,-8.5,2.2,-17.8,0.55,0.26,684.1,686.2,681.5,1.3,,,无
2013-11-04,52645.0,青海,野牛沟,38.41666666666666,99.58333333333331,3314.0,2013,11,4,0.1,normal,-4.8,1.5,-8.4,0.54,0.18,683.3,684.6,681.6,2.5,,-7.480785118495885,Snow
2013-11-05,52645.0,青海,野牛沟,38.41666666666666,99.58333333333331,3314.0,2013,11,5,0.0,无,-7.9,2.6,-16.7,0.52,0.14,683.1,684.9,680.3,2.4,,,无
2013-11-06,52645.0,青海,野牛沟,38.41666666666666,99.58333333333331,3314.0,2013,11,6,0.0,无,-9.6,2.1,-17.1,0.54,0.14,684.0,686.1,681.7,2.4,,,无
2013-11-07,52645.0,青海,野牛沟,38.41666666666666,99.58333333333331,3314.0,2013,11,7,0.0,无,-8.9,5.5,-16.9,0.54,0.17,679.8,682.8,676.8,1.5,,,无
2013-11-08,52645.0,青海,野牛沟,38.41666666666666,99.58333333333331,3314.0,2013,11,8,1.0,normal,-8.5,1.3,-15.5,0.65,0.29,676.9,678.7,673.9,1.9,,-10.176581632015541,Snow
2013-11-09,52645.0,青海,野牛沟,38.41666666666666,99.58333333333331,3314.0,2013,11,9,3.0,normal,-8.8,-3.8,-11.8,0.82,0.6,682.2,683.2,678.8,2.1,,-9.636037727141705,Snow
2013-11-10,52645.0,青海,野牛沟,38.41666666666666,99.58333333333331,3314.0,2013,11,10,0.3,normal,-8.8,-2.5,-13.4,0.8,0.66,682.0,683.6,680.3,1.6,,-9.730106824341235,Snow
2013-11-11,52645.0,青海,野牛沟,38.41666666666666,99.58333333333331,3314.0,2013,11,11,0.0,无,-11.3,-1.8,-17.0,0.72,0.5,682.8,685.1,680.4,1.6,,,无
2013-11-12,52645.0,青海,野牛沟,38.41666666666666,99.58333333333331,3314.0,2013,11,12,0.0,无,-9.1,-2.0,-16.4,0.64,0.44,679.9,681.9,678.0,1.8,,,无
2013-11-13,52645.0,青海,野牛沟,38.41666666666666,99.58333333333331,3314.0,2013,11,13,0.3,normal,-8.5,-3.8,-11.6,0.67,0.28,680.6,681.9,678.9,1.8,,-10.073327468808518,Snow
2013-11-14,52645.0,青海,野牛沟,38.41666666666666,99.58333333333331,3314.0,2013,11,14,0.0,无,-14.6,-3.7,-22.3,0.53,0.17,683.0,684.7,681.5,2.0,,,无
2013-11-15,52645.0,青海,野牛沟,38.41666666666666,99.58333333333331,3314.0,2013,11,15,0.0,无,-14.1,-1.1,-21.6,0.51,0.14,683.6,684.8,682.1,1.9,,,无
2013-11-16,52645.0,青海,野牛沟,38.41666666666666,99.58333333333331,3314.0,2013,11,16,0.0,无,-12.1,-0.9,-20.3,0.5,0.16,685.2,687.1,683.6,2.1,,,无
2013-11-17,52645.0,青海,野牛沟,38.41666666666666,99.58333333333331,3314.0,2013,11,17,0.0,无,-13.4,-0.4,-21.7,0.51,0.13,685.0,686.4,683.5,1.8,,,无
2013-11-18,52645.0,青海,野牛沟,38.41666666666666,99.58333333333331,3314.0,2013,11,18,0.0,无,-13.2,0.3,-21.8,0.53,0.13,685.8,687.5,683.7,2.0,,,无
2013-11-19,52645.0,青海,野牛沟,38.41666666666666,99.58333333333331,3314.0,2013,11,19,0.0,无,-12.2,0.9,-20.4,0.48,0.13,683.5,685.6,681.4,1.9,,,无
2013-11-20,52645.0,青海,野牛沟,38.41666666666666,99.58333333333331,3314.0,2013,11,20,0.0,无,-13.0,-0.2,-21.1,0.49,0.15,681.4,684.0,679.1,2.0,,,无
2013-11-21,52645.0,青海,野牛沟,38.41666666666666,99.58333333333331,3314.0,2013,11,21,0.0,无,-12.6,1.7,-21.9,0.48,0.13,679.1,680.3,677.0,1.5,,,无
2013-11-22,52645.0,青海,野牛沟,38.41666666666666,99.58333333333331,3314.0,2013,11,22,0.4,normal,-11.5,-2.0,-18.1,0.6,0.24,680.1,681.2,677.6,1.0,,-13.112030385942951,Snow
2013-11-23,52645.0,青海,野牛沟,38.41666666666666,99.58333333333331,3314.0,2013,11,23,1.8,normal,-13.3,-8.9,-17.8,0.68,0.34,681.2,683.7,680.0,1.3,,-14.450991370586227,Snow
2013-11-24,52645.0,青海,野牛沟,38.41666666666666,99.58333333333331,3314.0,2013,11,24,0.0,无,-15.7,-5.7,-21.7,0.61,0.25,680.0,684.1,677.6,1.5,,,无
2013-11-25,52645.0,青海,野牛沟,38.41666666666666,99.58333333333331,3314.0,2013,11,25,0.0,无,-15.4,-2.1,-24.2,0.52,0.17,678.1,679.5,676.7,1.5,,,无
2013-11-26,52645.0,青海,野牛沟,38.41666666666666,99.58333333333331,3314.0,2013,11,26,0.0,无,-15.1,-4.2,-22.5,0.51,0.16,678.8,681.4,677.0,1.9,,,无
2013-11-27,52645.0,青海,野牛沟,38.41666666666666,99.58333333333331,3314.0,2013,11,27,0.0,无,-17.7,-5.8,-25.6,0.52,0.16,683.3,684.8,681.3,1.3,,,无
2013-11-28,52645.0,青海,野牛沟,38.41666666666666,99.58333333333331,3314.0,2013,11,28,0.0,无,-18.0,-5.8,-26.0,0.52,0.21,684.7,686.3,682.6,1.5,,,无
2013-11-29,52645.0,青海,野牛沟,38.41666666666666,99.58333333333331,3314.0,2013,11,29,0.0,无,-15.2,-1.8,-24.3,0.49,0.18,682.3,684.5,680.0,1.7,,,无
2013-11-30,52645.0,青海,野牛沟,38.41666666666666,99.58333333333331,3314.0,2013,11,30,0.0,无,-14.1,-2.3,-22.2,0.55,0.23,683.3,684.6,681.3,1.8,,,无
2013-12-01,52645.0,青海,野牛沟,38.41666666666666,99.58333333333331,3314.0,2013,12,1,0.0,无,-12.5,0.3,-21.6,0.51,0.22,683.5,685.7,681.0,1.6,,,无
2013-12-02,52645.0,青海,野牛沟,38.41666666666666,99.58333333333331,3314.0,2013,12,2,0.0,无,-12.1,1.2,-20.6,0.48,0.14,682.2,683.5,681.0,1.9,,,无
2013-12-03,52645.0,青海,野牛沟,38.41666666666666,99.58333333333331,3314.0,2013,12,3,0.0,无,-14.5,2.0,-24.1,0.53,0.13,682.0,684.8,678.4,1.5,,,无
2013-12-04,52645.0,青海,野牛沟,38.41666666666666,99.58333333333331,3314.0,2013,12,4,0.0,无,-12.5,2.1,-20.4,0.49,0.15,680.3,682.0,678.8,1.6,,,无
2013-12-05,52645.0,青海,野牛沟,38.41666666666666,99.58333333333331,3314.0,2013,12,5,0.0,无,-14.0,-0.5,-22.3,0.53,0.22,681.9,684.1,679.5,1.9,,,无
2013-12-06,52645.0,青海,野牛沟,38.41666666666666,99.58333333333331,3314.0,2013,12,6,0.0,无,-15.2,-2.0,-22.9,0.55,0.2,679.7,681.6,678.2,1.5,,,无
2013-12-07,52645.0,青海,野牛沟,38.41666666666666,99.58333333333331,3314.0,2013,12,7,0.0,无,-14.2,3.0,-23.1,0.51,0.12,676.7,679.8,673.2,1.5,,,无
2013-12-08,52645.0,青海,野牛沟,38.41666666666666,99.58333333333331,3314.0,2013,12,8,0.0,无,-12.3,-5.0,-15.8,0.42,0.09,679.0,681.5,674.9,2.2,,,无
2013-12-09,52645.0,青海,野牛沟,38.41666666666666,99.58333333333331,3314.0,2013,12,9,0.0,无,-17.7,-5.2,-27.2,0.42,0.13,678.5,682.3,674.3,1.2,,,无
2013-12-10,52645.0,青海,野牛沟,38.41666666666666,99.58333333333331,3314.0,2013,12,10,0.0,无,-14.5,-3.0,-22.1,0.41,0.13,677.5,679.2,676.0,1.5,,,无
2013-12-11,52645.0,青海,野牛沟,38.41666666666666,99.58333333333331,3314.0,2013,12,11,0.0,无,-14.4,-3.1,-23.8,0.5,0.21,676.2,678.2,673.7,1.8,,,无
2013-12-12,52645.0,青海,野牛沟,38.41666666666666,99.58333333333331,3314.0,2013,12,12,0.0,无,-16.3,-4.5,-23.9,0.55,0.22,676.8,678.3,675.5,1.5,,,无
2013-12-13,52645.0,青海,野牛沟,38.41666666666666,99.58333333333331,3314.0,2013,12,13,0.0,无,-16.6,-4.3,-25.4,0.52,0.17,677.8,679.3,676.5,1.4,,,无
2013-12-14,52645.0,青海,野牛沟,38.41666666666666,99.58333333333331,3314.0,2013,12,14,0.0,无,-16.0,-6.5,-23.5,0.55,0.26,681.0,682.7,678.9,1.1,,,无
2013-12-15,52645.0,青海,野牛沟,38.41666666666666,99.58333333333331,3314.0,2013,12,15,0.0,无,-17.3,-7.1,-25.0,0.52,0.18,681.9,683.3,680.7,1.3,,,无
2013-12-16,52645.0,青海,野牛沟,38.41666666666666,99.58333333333331,3314.0,2013,12,16,0.0,无,-18.5,-4.8,-26.7,0.49,0.13,680.6,682.7,678.1,1.7,,,无
2013-12-17,52645.0,青海,野牛沟,38.41666666666666,99.58333333333331,3314.0,2013,12,17,0.0,无,-17.3,-1.5,-26.3,0.4,0.1,678.5,679.3,677.0,1.5,,,无
2013-12-18,52645.0,青海,野牛沟,38.41666666666666,99.58333333333331,3314.0,2013,12,18,0.0,无,-18.4,-3.7,-27.4,0.45,0.1,679.3,681.1,677.0,1.6,,,无
2013-12-19,52645.0,青海,野牛沟,38.41666666666666,99.58333333333331,3314.0,2013,12,19,0.0,无,-19.8,-2.8,-29.3,0.41,0.09,676.7,678.6,674.3,1.2,,,无
2013-12-20,52645.0,青海,野牛沟,38.41666666666666,99.58333333333331,3314.0,2013,12,20,0.0,无,-20.3,-9.6,-27.5,0.48,0.23,679.4,681.3,676.4,1.1,,,无
2013-12-21,52645.0,青海,野牛沟,38.41666666666666,99.58333333333331,3314.0,2013,12,21,0.0,无,-20.2,-6.9,-27.7,0.5,0.21,678.7,680.4,676.8,1.2,,,无
2013-12-22,52645.0,青海,野牛沟,38.41666666666666,99.58333333333331,3314.0,2013,12,22,0.0,无,-20.2,-6.8,-28.8,0.49,0.2,677.5,679.2,674.9,1.2,,,无
2013-12-23,52645.0,青海,野牛沟,38.41666666666666,99.58333333333331,3314.0,2013,12,23,0.0,无,-16.9,-5.5,-27.4,0.42,0.14,677.6,679.8,675.0,1.3,,,无
2013-12-24,52645.0,青海,野牛沟,38.41666666666666,99.58333333333331,3314.0,2013,12,24,0.0,无,-16.8,-5.9,-25.8,0.44,0.16,679.2,681.1,676.5,1.9,,,无
2013-12-25,52645.0,青海,野牛沟,38.41666666666666,99.58333333333331,3314.0,2013,12,25,0.0,无,-19.4,-5.9,-27.7,0.46,0.13,680.0,681.3,678.6,1.2,,,无
2013-12-26,52645.0,青海,野牛沟,38.41666666666666,99.58333333333331,3314.0,2013,12,26,0.0,无,-19.7,-9.0,-28.1,0.49,0.19,680.3,682.3,677.7,1.0,,,无
2013-12-27,52645.0,青海,野牛沟,38.41666666666666,99.58333333333331,3314.0,2013,12,27,0.0,无,-19.6,-5.5,-28.0,0.44,0.12,678.4,680.2,676.4,1.1,,,无
2013-12-28,52645.0,青海,野牛沟,38.41666666666666,99.58333333333331,3314.0,2013,12,28,0.0,无,-20.3,-7.2,-28.0,0.41,0.12,677.8,679.6,675.2,1.2,,,无
2013-12-29,52645.0,青海,野牛沟,38.41666666666666,99.58333333333331,3314.0,2013,12,29,0.0,无,-20.7,-8.0,-29.7,0.4,0.13,677.4,678.5,675.9,1.2,,,无
2013-12-30,52645.0,青海,野牛沟,38.41666666666666,99.58333333333331,3314.0,2013,12,30,0.0,无,-20.5,-5.7,-29.3,0.41,0.11,679.4,680.9,677.5,1.4,,,无
2013-12-31,52645.0,青海,野牛沟,38.41666666666666,99.58333333333331,3314.0,2013,12,31,0.0,无,-19.8,-5.7,-29.4,0.36,0.09,680.0,682.1,677.6,1.4,,,无
2014-01-01,52645.0,青海,野牛沟,38.41666666666666,99.58333333333331,3314.0,2014,1,1,0.0,无,-17.7,-5.7,-27.7,0.39,0.12,675.8,679.4,672.7,1.3,,,无
2014-01-02,52645.0,青海,野牛沟,38.41666666666666,99.58333333333331,3314.0,2014,1,2,0.2,normal,-15.7,-7.8,-20.0,0.68,0.17,677.4,680.1,674.0,1.2,,-16.691527228919846,Snow
2014-01-03,52645.0,青海,野牛沟,38.41666666666666,99.58333333333331,3314.0,2014,1,3,0.0,无,-20.6,-7.7,-28.5,0.53,0.19,680.3,681.8,678.1,1.1,,,无
2014-01-04,52645.0,青海,野牛沟,38.41666666666666,99.58333333333331,3314.0,2014,1,4,0.0,无,-20.3,-8.5,-28.5,0.59,0.25,677.6,680.9,674.7,1.2,,,无
2014-01-05,52645.0,青海,野牛沟,38.41666666666666,99.58333333333331,3314.0,2014,1,5,0.0,无,-18.3,-5.8,-26.9,0.53,0.23,673.2,676.3,670.0,1.4,,,无
2014-01-06,52645.0,青海,野牛沟,38.41666666666666,99.58333333333331,3314.0,2014,1,6,0.2,normal,-14.6,-6.2,-22.3,0.58,0.2,671.7,673.6,669.8,1.5,,-16.010653354198283,Snow
2014-01-07,52645.0,青海,野牛沟,38.41666666666666,99.58333333333331,3314.0,2014,1,7,0.3,normal,-17.4,-12.4,-24.5,0.73,0.6,675.5,677.0,673.6,1.0,,-18.147397507056503,Snow
2014-01-08,52645.0,青海,野牛沟,38.41666666666666,99.58333333333331,3314.0,2014,1,8,0.0,无,-21.1,-10.9,-28.2,0.58,0.22,677.1,679.1,675.7,1.0,,,无
2014-01-09,52645.0,青海,野牛沟,38.41666666666666,99.58333333333331,3314.0,2014,1,9,0.0,无,-20.9,-8.0,-30.5,0.48,0.17,674.7,676.6,672.3,1.1,,,无
2014-01-10,52645.0,青海,野牛沟,38.41666666666666,99.58333333333331,3314.0,2014,1,10,0.0,无,-16.1,-7.4,-22.2,0.49,0.26,675.5,676.8,674.4,1.1,,,无
2014-01-11,52645.0,青海,野牛沟,38.41666666666666,99.58333333333331,3314.0,2014,1,11,0.0,无,-19.0,-7.4,-27.5,0.56,0.21,679.8,681.9,676.8,1.2,,,无
2014-01-12,52645.0,青海,野牛沟,38.41666666666666,99.58333333333331,3314.0,2014,1,12,0.0,无,-20.3,-8.4,-28.8,0.48,0.17,681.2,683.4,679.8,1.3,,,无
2014-01-13,52645.0,青海,野牛沟,38.41666666666666,99.58333333333331,3314.0,2014,1,13,0.0,无,-19.0,-4.9,-28.4,0.42,0.12,678.1,680.6,675.6,1.5,,,无
2014-01-14,52645.0,青海,野牛沟,38.41666666666666,99.58333333333331,3314.0,2014,1,14,0.0,无,-18.7,-3.6,-28.1,0.43,0.12,678.0,680.1,676.1,1.1,,,无
2014-01-15,52645.0,青海,野牛沟,38.41666666666666,99.58333333333331,3314.0,2014,1,15,0.0,无,-16.6,-3.2,-25.8,0.44,0.14,677.8,679.4,676.2,1.9,,,无
2014-01-16,52645.0,青海,野牛沟,38.41666666666666,99.58333333333331,3314.0,2014,1,16,0.0,无,-16.9,-3.4,-26.5,0.43,0.16,680.4,681.8,678.1,1.6,,,无
2014-01-17,52645.0,青海,野牛沟,38.41666666666666,99.58333333333331,3314.0,2014,1,17,0.0,无,-17.4,-3.3,-26.4,0.49,0.17,681.9,684.0,679.8,1.6,,,无
2014-01-18,52645.0,青海,野牛沟,38.41666666666666,99.58333333333331,3314.0,2014,1,18,0.0,无,-14.0,0.5,-22.8,0.41,0.12,679.4,681.8,676.6,1.9,,,无
2014-01-19,52645.0,青海,野牛沟,38.41666666666666,99.58333333333331,3314.0,2014,1,19,0.0,无,-15.7,-4.9,-24.7,0.28,0.08,683.6,685.4,678.5,2.2,,,无
2014-01-20,52645.0,青海,野牛沟,38.41666666666666,99.58333333333331,3314.0,2014,1,20,0.0,无,-17.9,-3.8,-28.9,0.35,0.07,683.9,685.9,681.3,1.6,,,无
2014-01-21,52645.0,青海,野牛沟,38.41666666666666,99.58333333333331,3314.0,2014,1,21,0.0,无,-17.1,-3.1,-27.5,0.38,0.11,681.8,683.8,679.2,1.9,,,无
2014-01-22,52645.0,青海,野牛沟,38.41666666666666,99.58333333333331,3314.0,2014,1,22,0.0,无,-14.1,2.5,-24.6,0.37,0.1,678.4,680.7,675.3,1.7,,,无
2014-01-23,52645.0,青海,野牛沟,38.41666666666666,99.58333333333331,3314.0,2014,1,23,0.0,无,-10.3,1.5,-19.4,0.41,0.15,674.7,677.9,669.7,1.9,,,无
2014-01-24,52645.0,青海,野牛沟,38.41666666666666,99.58333333333331,3314.0,2014,1,24,0.5,normal,-8.5,-3.0,-11.1,0.61,0.27,676.0,677.8,673.3,1.7,,-10.373994156448965,Snow
2014-01-25,52645.0,青海,野牛沟,38.41666666666666,99.58333333333331,3314.0,2014,1,25,0.0,无,-14.2,-2.0,-23.3,0.53,0.19,679.1,680.4,677.8,2.1,,,无
2014-01-26,52645.0,青海,野牛沟,38.41666666666666,99.58333333333331,3314.0,2014,1,26,0.0,无,-15.6,-2.2,-25.4,0.5,0.18,678.5,680.5,675.7,1.7,,,无
2014-01-27,52645.0,青海,野牛沟,38.41666666666666,99.58333333333331,3314.0,2014,1,27,0.0,无,-13.9,-0.8,-23.4,0.45,0.16,679.5,680.6,677.1,2.0,,,无
2014-01-28,52645.0,青海,野牛沟,38.41666666666666,99.58333333333331,3314.0,2014,1,28,0.0,无,-14.8,-1.5,-25.7,0.44,0.11,678.9,681.2,676.4,1.8,,,无
2014-01-29,52645.0,青海,野牛沟,38.41666666666666,99.58333333333331,3314.0,2014,1,29,0.0,无,-6.0,1.5,-15.2,0.22,0.1,676.6,678.6,675.3,3.8,,,无
2014-01-30,52645.0,青海,野牛沟,38.41666666666666,99.58333333333331,3314.0,2014,1,30,0.0,无,-8.7,6.6,-20.5,0.33,0.05,676.1,678.8,672.8,2.5,,,无
2014-01-31,52645.0,青海,野牛沟,38.41666666666666,99.58333333333331,3314.0,2014,1,31,0.0,无,-9.5,4.7,-20.4,0.3,0.07,676.6,678.3,674.0,2.6,,,无
2014-02-01,52645.0,青海,野牛沟,38.41666666666666,99.58333333333331,3314.0,2014,2,1,0.0,无,-8.9,4.0,-21.6,0.33,0.06,678.1,680.0,676.6,2.4,,,无
2014-02-02,52645.0,青海,野牛沟,38.41666666666666,99.58333333333331,3314.0,2014,2,2,0.0,无,-10.0,5.1,-22.0,0.33,0.05,677.3,679.7,674.7,2.9,,,无
2014-02-03,52645.0,青海,野牛沟,38.41666666666666,99.58333333333331,3314.0,2014,2,3,0.0,无,-9.8,5.7,-21.2,0.35,0.05,675.3,678.2,671.6,2.5,,,无
2014-02-04,52645.0,青海,野牛沟,38.41666666666666,99.58333333333331,3314.0,2014,2,4,0.0,无,-6.0,4.2,-13.1,0.29,0.13,666.4,672.2,663.4,2.8,,,无
2014-02-05,52645.0,青海,野牛沟,38.41666666666666,99.58333333333331,3314.0,2014,2,5,0.0,无,-7.6,1.9,-15.9,0.43,0.18,667.4,668.7,666.0,2.4,,,无
2014-02-06,52645.0,青海,野牛沟,38.41666666666666,99.58333333333331,3314.0,2014,2,6,0.3,normal,-10.2,-2.9,-14.3,0.5,0.24,668.5,672.8,665.4,1.8,,-12.411397084577288,Snow
2014-02-07,52645.0,青海,野牛沟,38.41666666666666,99.58333333333331,3314.0,2014,2,7,0.0,无,-15.1,-1.0,-23.6,0.63,0.19,670.3,673.8,667.2,1.4,,,无
2014-02-08,52645.0,青海,野牛沟,38.41666666666666,99.58333333333331,3314.0,2014,2,8,0.0,无,-12.8,-5.0,-19.0,0.57,0.3,668.3,669.9,666.7,1.5,,,无
2014-02-09,52645.0,青海,野牛沟,38.41666666666666,99.58333333333331,3314.0,2014,2,9,0.3,normal,-12.3,-5.4,-18.2,0.7,0.42,670.9,672.6,669.4,1.4,,-13.458973953670426,Snow
2014-02-10,52645.0,青海,野牛沟,38.41666666666666,99.58333333333331,3314.0,2014,2,10,0.0,无,-12.0,-3.4,-20.3,0.55,0.14,672.5,674.1,670.3,2.0,,,无
2014-02-11,52645.0,青海,野牛沟,38.41666666666666,99.58333333333331,3314.0,2014,2,11,0.0,无,-15.2,-5.5,-24.1,0.5,0.21,670.5,672.9,667.3,1.5,,,无
2014-02-12,52645.0,青海,野牛沟,38.41666666666666,99.58333333333331,3314.0,2014,2,12,0.1,normal,-12.3,-6.7,-19.4,0.56,0.33,671.6,672.9,669.4,1.7,,-14.007755584056788,Snow
2014-02-13,52645.0,青海,野牛沟,38.41666666666666,99.58333333333331,3314.0,2014,2,13,0.6,normal,-14.7,-6.3,-24.5,0.57,0.14,673.6,674.9,671.7,1.6,,-16.132366815364755,Snow
2014-02-14,52645.0,青海,野牛沟,38.41666666666666,99.58333333333331,3314.0,2014,2,14,0.0,无,-14.5,-3.0,-25.2,0.37,0.11,671.9,674.1,668.8,2.6,,,无
2014-02-15,52645.0,青海,野牛沟,38.41666666666666,99.58333333333331,3314.0,2014,2,15,0.0,无,-14.3,-3.2,-23.1,0.43,0.19,670.7,672.6,668.4,1.9,,,无
2014-02-16,52645.0,青海,野牛沟,38.41666666666666,99.58333333333331,3314.0,2014,2,16,0.3,normal,-12.8,-8.2,-15.8,0.62,0.34,671.1,672.4,669.7,1.2,,-14.228055451329617,Snow
2014-02-17,52645.0,青海,野牛沟,38.41666666666666,99.58333333333331,3314.0,2014,2,17,0.4,normal,-14.1,-7.0,-23.3,0.52,0.16,675.1,676.3,671.8,1.9,,-15.761355558287718,Snow
2014-02-18,52645.0,青海,野牛沟,38.41666666666666,99.58333333333331,3314.0,2014,2,18,0.0,无,-14.7,-7.5,-21.4,0.41,0.12,677.1,678.2,675.7,2.6,,,无
2014-02-19,52645.0,青海,野牛沟,38.41666666666666,99.58333333333331,3314.0,2014,2,19,0.0,无,-15.0,-0.8,-24.5,0.4,0.13,676.4,678.4,674.4,2.3,,,无
2014-02-20,52645.0,青海,野牛沟,38.41666666666666,99.58333333333331,3314.0,2014,2,20,0.0,无,-11.6,1.4,-22.5,0.4,0.14,675.8,677.7,673.3,2.2,,,无
2014-02-21,52645.0,青海,野牛沟,38.41666666666666,99.58333333333331,3314.0,2014,2,21,0.0,无,-10.4,1.6,-21.7,0.42,0.16,676.3,677.9,673.7,2.3,,,无
2014-02-22,52645.0,青海,野牛沟,38.41666666666666,99.58333333333331,3314.0,2014,2,22,0.0,无,-10.4,1.3,-22.1,0.38,0.13,678.4,680.2,675.9,2.5,,,无
2014-02-23,52645.0,青海,野牛沟,38.41666666666666,99.58333333333331,3314.0,2014,2,23,0.0,无,-8.9,3.3,-20.8,0.35,0.09,677.6,679.5,674.9,3.0,,,无
2014-02-24,52645.0,青海,野牛沟,38.41666666666666,99.58333333333331,3314.0,2014,2,24,0.0,无,-7.8,4.4,-18.7,0.32,0.07,677.4,679.0,675.6,3.1,,,无
2014-02-25,52645.0,青海,野牛沟,38.41666666666666,99.58333333333331,3314.0,2014,2,25,0.0,无,-7.5,3.1,-16.9,0.36,0.11,676.9,678.7,673.5,2.7,,,无
2014-02-26,52645.0,青海,野牛沟,38.41666666666666,99.58333333333331,3314.0,2014,2,26,0.0,无,-7.1,1.3,-11.0,0.43,0.13,677.0,679.1,674.1,3.0,,,无
2014-02-27,52645.0,青海,野牛沟,38.41666666666666,99.58333333333331,3314.0,2014,2,27,0.0,无,-9.6,0.9,-18.6,0.48,0.22,674.9,677.6,670.3,2.3,,,无
2014-02-28,52645.0,青海,野牛沟,38.41666666666666,99.58333333333331,3314.0,2014,2,28,0.0,无,-12.1,-4.4,-18.1,0.53,0.29,674.8,676.0,672.0,2.0,,,无
2014-03-01,52645.0,青海,野牛沟,38.41666666666666,99.58333333333331,3314.0,2014,3,1,0.0,无,-11.6,0.0,-20.7,0.46,0.09,675.4,677.4,672.0,3.2,,,无
2014-03-02,52645.0,青海,野牛沟,38.41666666666666,99.58333333333331,3314.0,2014,3,2,0.0,无,-11.5,0.6,-22.7,0.33,0.05,674.0,676.6,670.4,3.0,,,无
2014-03-03,52645.0,青海,野牛沟,38.41666666666666,99.58333333333331,3314.0,2014,3,3,0.0,无,-11.9,1.8,-21.9,0.31,0.05,673.7,675.6,670.8,3.4,,,无
2014-03-04,52645.0,青海,野牛沟,38.41666666666666,99.58333333333331,3314.0,2014,3,4,0.0,无,-11.9,0.6,-22.9,0.34,0.08,675.8,677.9,672.4,3.8,,,无
2014-03-05,52645.0,青海,野牛沟,38.41666666666666,99.58333333333331,3314.0,2014,3,5,0.0,无,-11.7,0.7,-20.8,0.3,0.09,675.5,677.4,672.6,3.2,,,无
2014-03-06,52645.0,青海,野牛沟,38.41666666666666,99.58333333333331,3314.0,2014,3,6,0.0,无,-11.7,0.9,-22.4,0.28,0.06,675.2,677.4,671.8,3.2,,,无
2014-03-07,52645.0,青海,野牛沟,38.41666666666666,99.58333333333331,3314.0,2014,3,7,0.5,normal,-9.1,-2.6,-13.7,0.5,0.14,675.7,676.7,673.7,2.0,,-11.437860955785283,Snow
2014-03-08,52645.0,青海,野牛沟,38.41666666666666,99.58333333333331,3314.0,2014,3,8,0.0,无,-11.6,0.8,-20.8,0.41,0.07,677.8,679.5,676.2,3.1,,,无
2014-03-09,52645.0,青海,野牛沟,38.41666666666666,99.58333333333331,3314.0,2014,3,9,0.0,无,-8.3,2.4,-19.8,0.28,0.09,678.1,679.9,675.4,3.3,,,无
2014-03-10,52645.0,青海,野牛沟,38.41666666666666,99.58333333333331,3314.0,2014,3,10,0.0,无,-7.3,7.7,-19.7,0.31,0.06,675.6,678.4,672.4,3.1,,,无
2014-03-11,52645.0,青海,野牛沟,38.41666666666666,99.58333333333331,3314.0,2014,3,11,0.0,无,-8.7,0.2,-13.7,0.37,0.14,676.2,678.4,673.0,2.5,,,无
2014-03-12,52645.0,青海,野牛沟,38.41666666666666,99.58333333333331,3314.0,2014,3,12,1.4,normal,-9.2,0.5,-15.6,0.62,0.11,679.4,681.0,677.0,2.3,,-10.949315675990704,Snow
2014-03-13,52645.0,青海,野牛沟,38.41666666666666,99.58333333333331,3314.0,2014,3,13,0.0,无,-9.9,2.9,-20.4,0.38,0.07,682.4,684.7,678.7,2.7,,,无
2014-03-14,52645.0,青海,野牛沟,38.41666666666666,99.58333333333331,3314.0,2014,3,14,0.0,无,-6.3,6.0,-19.1,0.28,0.07,680.7,682.2,677.8,3.3,,,无
2014-03-15,52645.0,青海,野牛沟,38.41666666666666,99.58333333333331,3314.0,2014,3,15,0.0,无,-5.4,11.8,-17.8,0.29,0.06,681.2,683.3,678.1,3.7,,,无
2014-03-16,52645.0,青海,野牛沟,38.41666666666666,99.58333333333331,3314.0,2014,3,16,0.0,无,-1.7,13.8,-14.1,0.29,0.07,680.1,681.7,676.3,4.3,,,无
2014-03-17,52645.0,青海,野牛沟,38.41666666666666,99.58333333333331,3314.0,2014,3,17,0.0,无,-0.6,10.4,-10.7,0.31,0.09,679.8,682.4,676.4,4.3,,,无
2014-03-18,52645.0,青海,野牛沟,38.41666666666666,99.58333333333331,3314.0,2014,3,18,0.0,无,-0.4,12.9,-11.8,0.35,0.06,678.4,680.1,675.5,6.7,,,无
2014-03-19,52645.0,青海,野牛沟,38.41666666666666,99.58333333333331,3314.0,2014,3,19,0.0,无,-2.7,8.6,-12.2,0.31,0.05,681.2,682.7,678.3,4.3,,,无
2014-03-20,52645.0,青海,野牛沟,38.41666666666666,99.58333333333331,3314.0,2014,3,20,0.0,无,-3.2,10.2,-15.3,0.33,0.07,681.5,684.1,677.7,4.3,,,无
2014-03-21,52645.0,青海,野牛沟,38.41666666666666,99.58333333333331,3314.0,2014,3,21,0.0,无,-1.6,9.4,-13.8,0.31,0.06,677.9,680.2,673.8,4.2,,,无
2014-03-22,52645.0,青海,野牛沟,38.41666666666666,99.58333333333331,3314.0,2014,3,22,0.0,无,-1.4,7.1,-7.4,0.47,0.14,677.8,679.3,675.4,3.9,,,无
2014-03-23,52645.0,青海,野牛沟,38.41666666666666,99.58333333333331,3314.0,2014,3,23,4.4,normal,-3.3,3.5,-7.3,0.8,0.37,680.1,681.0,677.6,1.4,,-4.5311810948458175,Snow
2014-03-24,52645.0,青海,野牛沟,38.41666666666666,99.58333333333331,3314.0,2014,3,24,2.5,normal,-5.8,2.4,-15.0,0.69,0.34,680.3,681.8,678.6,3.6,,-7.503340829202023,Snow
2014-03-25,52645.0,青海,野牛沟,38.41666666666666,99.58333333333331,3314.0,2014,3,25,0.0,无,-4.1,8.2,-13.4,0.54,0.13,678.5,680.5,675.7,3.6,,,无
2014-03-26,52645.0,青海,野牛沟,38.41666666666666,99.58333333333331,3314.0,2014,3,26,0.0,无,-2.4,10.0,-12.3,0.44,0.13,676.0,677.4,672.5,4.2,,,无
2014-03-27,52645.0,青海,野牛沟,38.41666666666666,99.58333333333331,3314.0,2014,3,27,0.1,normal,-1.4,5.7,-7.5,0.68,0.26,677.4,678.4,674.7,3.2,,-3.577624493225291,Snow
2014-03-28,52645.0,青海,野牛沟,38.41666666666666,99.58333333333331,3314.0,2014,3,28,0.0,无,-1.5,7.7,-8.8,0.56,0.12,678.1,679.6,675.5,3.4,,,无
2014-03-29,52645.0,青海,野牛沟,38.41666666666666,99.58333333333331,3314.0,2014,3,29,0.0,无,-1.8,7.7,-8.5,0.5,0.21,678.1,679.2,675.6,4.0,,,无
2014-03-30,52645.0,青海,野牛沟,38.41666666666666,99.58333333333331,3314.0,2014,3,30,3.4,normal,-3.2,2.6,-7.3,0.74,0.38,680.0,681.3,678.3,3.5,,-4.816496859735477,Snow
2014-03-31,52645.0,青海,野牛沟,38.41666666666666,99.58333333333331,3314.0,2014,3,31,0.0,无,-3.5,4.2,-10.4,0.55,0.27,681.4,682.9,679.6,3.2,,,无
2014-04-01,52645.0,青海,野牛沟,38.41666666666666,99.58333333333331,3314.0,2014,4,1,2.2,normal,-6.1,-0.3,-9.3,0.77,0.32,679.0,681.2,677.1,1.3,,-7.339225848239255,Snow
2014-04-02,52645.0,青海,野牛沟,38.41666666666666,99.58333333333331,3314.0,2014,4,2,0.5,normal,-6.2,1.1,-11.2,0.71,0.29,679.4,680.9,677.7,3.2,,-7.76032925137081,Snow
2014-04-03,52645.0,青海,野牛沟,38.41666666666666,99.58333333333331,3314.0,2014,4,3,0.3,normal,-4.4,1.5,-9.4,0.7,0.36,682.3,683.3,680.6,2.4,,-6.163225641477683,Snow
2014-04-04,52645.0,青海,野牛沟,38.41666666666666,99.58333333333331,3314.0,2014,4,4,0.0,无,-2.5,5.0,-9.3,0.56,0.17,681.8,682.9,680.1,3.6,,,无
2014-04-05,52645.0,青海,野牛沟,38.41666666666666,99.58333333333331,3314.0,2014,4,5,0.0,无,-0.9,5.5,-4.4,0.53,0.21,680.8,681.6,679.3,3.7,,,无
2014-04-06,52645.0,青海,野牛沟,38.41666666666666,99.58333333333331,3314.0,2014,4,6,1.6,normal,-3.1,8.0,-11.6,0.56,0.14,680.8,682.1,679.1,4.7,,-5.8899306953207775,Snow
2014-04-07,52645.0,青海,野牛沟,38.41666666666666,99.58333333333331,3314.0,2014,4,7,0.0,无,0.3,11.6,-10.9,0.44,0.13,680.6,682.2,677.9,4.7,,,无
2014-04-08,52645.0,青海,野牛沟,38.41666666666666,99.58333333333331,3314.0,2014,4,8,0.0,无,3.5,13.6,-6.9,0.37,0.12,678.8,680.8,675.5,7.1,,,无
2014-04-09,52645.0,青海,野牛沟,38.41666666666666,99.58333333333331,3314.0,2014,4,9,0.1,normal,3.5,10.0,-1.5,0.55,0.24,678.4,679.3,676.5,5.6,,-0.3221507188276229,Snow
2014-04-10,52645.0,青海,野牛沟,38.41666666666666,99.58333333333331,3314.0,2014,4,10,0.7,normal,0.4,5.1,-3.8,0.77,0.46,681.3,682.1,678.6,1.9,,-1.2711288695529488,Snow
2014-04-11,52645.0,青海,野牛沟,38.41666666666666,99.58333333333331,3314.0,2014,4,11,1.0,normal,-2.4,2.2,-7.5,0.79,0.54,681.2,683.1,679.6,2.0,,-3.7474614702354048,Snow
2014-04-12,52645.0,青海,野牛沟,38.41666666666666,99.58333333333331,3314.0,2014,4,12,0.2,normal,0.0,6.7,-5.1,0.59,0.18,680.5,681.8,679.1,4.8,,-2.989097868664232,Snow
2014-04-13,52645.0,青海,野牛沟,38.41666666666666,99.58333333333331,3314.0,2014,4,13,0.0,无,1.3,12.6,-8.8,0.49,0.17,679.5,681.7,676.4,5.4,,,无
2014-04-14,52645.0,青海,野牛沟,38.41666666666666,99.58333333333331,3314.0,2014,4,14,0.0,无,5.5,14.0,-0.6,0.64,0.18,677.5,678.9,675.2,6.9,,,无
2014-04-15,52645.0,青海,野牛沟,38.41666666666666,99.58333333333331,3314.0,2014,4,15,0.9,normal,2.2,11.5,-2.5,0.76,0.31,677.5,678.7,674.5,2.5,,0.31590145648775714,Snow
2014-04-16,52645.0,青海,野牛沟,38.41666666666666,99.58333333333331,3314.0,2014,4,16,0.4,normal,1.6,10.0,-3.8,0.66,0.13,677.8,680.2,674.6,4.2,,-1.0371966575800018,Snow
2014-04-17,52645.0,青海,野牛沟,38.41666666666666,99.58333333333331,3314.0,2014,4,17,2.4,normal,0.1,5.4,-2.4,0.79,0.43,677.2,679.2,675.0,1.7,,-1.4081273495582858,Snow
2014-04-18,52645.0,青海,野牛沟,38.41666666666666,99.58333333333331,3314.0,2014,4,18,2.0,normal,-1.5,6.0,-6.8,0.75,0.36,680.6,682.4,678.4,3.3,,-3.1776372455928525,Snow
2014-04-19,52645.0,青海,野牛沟,38.41666666666666,99.58333333333331,3314.0,2014,4,19,0.2,normal,-2.2,6.9,-7.9,0.69,0.34,681.3,683.7,677.3,2.6,,-4.225814362569564,Snow
2014-04-20,52645.0,青海,野牛沟,38.41666666666666,99.58333333333331,3314.0,2014,4,20,1.0,normal,-2.9,0.0,-4.2,0.76,0.59,680.2,681.6,679.1,1.0,,-4.41029229566245,Snow
2014-04-21,52645.0,青海,野牛沟,38.41666666666666,99.58333333333331,3314.0,2014,4,21,0.0,无,-1.3,5.4,-6.7,0.59,0.21,681.5,683.1,680.2,3.7,,,无
2014-04-22,52645.0,青海,野牛沟,38.41666666666666,99.58333333333331,3314.0,2014,4,22,0.0,无,-0.3,9.8,-8.8,0.53,0.14,679.4,681.6,676.7,5.1,,,无
2014-04-23,52645.0,青海,野牛沟,38.41666666666666,99.58333333333331,3314.0,2014,4,23,0.0,无,1.6,10.5,-7.8,0.44,0.13,677.7,680.1,675.0,4.7,,,无
2014-04-24,52645.0,青海,野牛沟,38.41666666666666,99.58333333333331,3314.0,2014,4,24,0.0,无,3.4,8.5,-0.2,0.3,0.1,676.6,677.5,675.0,6.6,,,无
2014-04-25,52645.0,青海,野牛沟,38.41666666666666,99.58333333333331,3314.0,2014,4,25,0.0,无,-1.8,8.1,-10.6,0.25,0.06,681.2,682.2,677.2,6.6,,,无
2014-04-26,52645.0,青海,野牛沟,38.41666666666666,99.58333333333331,3314.0,2014,4,26,0.0,无,-1.6,8.3,-9.9,0.35,0.07,682.3,683.1,680.8,5.9,,,无
2014-04-27,52645.0,青海,野牛沟,38.41666666666666,99.58333333333331,3314.0,2014,4,27,0.0,无,-0.3,9.1,-9.3,0.36,0.1,683.9,684.6,682.1,5.5,,,无
2014-04-28,52645.0,青海,野牛沟,38.41666666666666,99.58333333333331,3314.0,2014,4,28,0.0,无,0.3,11.6,-9.4,0.35,0.09,685.0,686.6,681.9,6.7,,,无
2014-04-29,52645.0,青海,野牛沟,38.41666666666666,99.58333333333331,3314.0,2014,4,29,0.0,无,2.4,13.5,-8.5,0.34,0.07,682.5,685.3,678.9,5.8,,,无
2014-04-30,52645.0,青海,野牛沟,38.41666666666666,99.58333333333331,3314.0,2014,4,30,0.0,无,3.3,13.7,-6.5,0.4,0.13,679.1,680.4,676.6,5.7,,,无
2014-05-01,52645.0,青海,野牛沟,38.41666666666666,99.58333333333331,3314.0,2014,5,1,0.0,无,-1.2,5.1,-5.3,0.39,0.07,682.7,683.8,679.8,7.5,,,无
2014-05-02,52645.0,青海,野牛沟,38.41666666666666,99.58333333333331,3314.0,2014,5,2,0.0,无,-1.6,9.9,-12.1,0.41,0.06,682.8,684.8,679.0,6.6,,,无
2014-05-03,52645.0,青海,野牛沟,38.41666666666666,99.58333333333331,3314.0,2014,5,3,0.0,无,0.2,8.2,-7.3,0.32,0.11,683.4,684.7,681.1,6.9,,,无
2014-05-04,52645.0,青海,野牛沟,38.41666666666666,99.58333333333331,3314.0,2014,5,4,0.0,无,-1.1,8.9,-10.5,0.37,0.12,683.9,685.5,681.3,5.4,,,无
2014-05-05,52645.0,青海,野牛沟,38.41666666666666,99.58333333333331,3314.0,2014,5,5,0.0,无,0.1,9.5,-9.8,0.32,0.1,682.9,684.4,680.8,6.4,,,无
2014-05-06,52645.0,青海,野牛沟,38.41666666666666,99.58333333333331,3314.0,2014,5,6,0.0,无,2.1,10.2,-7.6,0.32,0.16,683.1,684.6,681.7,6.0,,,无
2014-05-07,52645.0,青海,野牛沟,38.41666666666666,99.58333333333331,3314.0,2014,5,7,0.0,无,2.1,10.9,-7.5,0.38,0.12,681.0,683.2,678.4,5.4,,,无
2014-05-08,52645.0,青海,野牛沟,38.41666666666666,99.58333333333331,3314.0,2014,5,8,0.0,无,2.1,14.3,-7.2,0.39,0.12,675.2,679.4,670.9,5.8,,,无
2014-05-09,52645.0,青海,野牛沟,38.41666666666666,99.58333333333331,3314.0,2014,5,9,1.0,normal,0.8,9.3,-5.6,0.56,0.14,675.2,677.2,672.1,5.0,,-2.5464956107979075,Snow
2014-05-10,52645.0,青海,野牛沟,38.41666666666666,99.58333333333331,3314.0,2014,5,10,5.3,normal,-3.8,0.1,-7.1,0.74,0.4,679.3,681.2,675.5,3.9,,-5.372165297657969,Snow
2014-05-11,52645.0,青海,野牛沟,38.41666666666666,99.58333333333331,3314.0,2014,5,11,0.0,无,-0.6,11.1,-8.9,0.59,0.14,679.0,681.9,675.6,5.8,,,无
2014-05-12,52645.0,青海,野牛沟,38.41666666666666,99.58333333333331,3314.0,2014,5,12,0.0,无,3.1,14.1,-6.5,0.48,0.17,677.0,678.4,673.5,6.4,,,无
2014-05-13,52645.0,青海,野牛沟,38.41666666666666,99.58333333333331,3314.0,2014,5,13,0.3,normal,0.7,9.6,-3.6,0.7,0.3,678.5,680.0,676.2,3.6,,-1.5296825326496721,Snow
2014-05-14,52645.0,青海,野牛沟,38.41666666666666,99.58333333333331,3314.0,2014,5,14,4.8,normal,-2.3,4.4,-6.8,0.65,0.19,681.6,683.9,679.0,4.3,,-4.5845580869653135,Snow
2014-05-15,52645.0,青海,野牛沟,38.41666666666666,99.58333333333331,3314.0,2014,5,15,0.0,无,0.0,6.6,-4.5,0.61,0.28,678.2,680.2,676.1,2.5,,,无
2014-05-16,52645.0,青海,野牛沟,38.41666666666666,99.58333333333331,3314.0,2014,5,16,0.7,normal,2.0,9.1,-3.8,0.63,0.28,678.8,680.0,677.4,5.4,,-0.9260371208602924,Snow
2014-05-17,52645.0,青海,野牛沟,38.41666666666666,99.58333333333331,3314.0,2014,5,17,0.0,无,4.1,12.0,-2.1,0.57,0.15,680.6,681.7,678.4,5.9,,,无
2014-05-18,52645.0,青海,野牛沟,38.41666666666666,99.58333333333331,3314.0,2014,5,18,4.3,normal,-0.2,4.3,-2.5,0.85,0.62,683.0,684.5,681.3,2.2,,-1.2521404447468099,Snow
2014-05-19,52645.0,青海,野牛沟,38.41666666666666,99.58333333333331,3314.0,2014,5,19,0.0,无,3.6,12.6,-4.9,0.55,0.14,682.9,685.6,679.6,5.3,,,无
2014-05-20,52645.0,青海,野牛沟,38.41666666666666,99.58333333333331,3314.0,2014,5,20,0.0,无,6.5,16.9,-3.6,0.47,0.15,679.3,681.1,676.6,8.0,,,无
2014-05-21,52645.0,青海,野牛沟,38.41666666666666,99.58333333333331,3314.0,2014,5,21,0.0,无,8.0,18.3,-1.8,0.41,0.14,677.8,678.8,675.7,8.0,,,无
2014-05-22,52645.0,青海,野牛沟,38.41666666666666,99.58333333333331,3314.0,2014,5,22,6.8,normal,4.1,11.6,2.0,0.73,0.19,676.7,679.5,673.3,3.6,,1.8087664287177452,Rain
2014-05-23,52645.0,青海,野牛沟,38.41666666666666,99.58333333333331,3314.0,2014,5,23,0.6,normal,6.7,14.9,1.2,0.64,0.23,679.3,680.4,676.3,5.1,,3.3006039526709197,Rain
2014-05-24,52645.0,青海,野牛沟,38.41666666666666,99.58333333333331,3314.0,2014,5,24,9.2,normal,2.2,9.8,-1.6,0.72,0.2,683.7,684.9,680.1,6.3,,0.0008094523755408645,Snow
2014-05-25,52645.0,青海,野牛沟,38.41666666666666,99.58333333333331,3314.0,2014,5,25,0.0,无,3.1,11.1,-3.1,0.53,0.15,686.8,688.3,684.5,5.3,,,无
2014-05-26,52645.0,青海,野牛沟,38.41666666666666,99.58333333333331,3314.0,2014,5,26,0.0,无,5.0,12.3,-1.7,0.45,0.15,686.6,687.6,684.6,7.4,,,无
2014-05-27,52645.0,青海,野牛沟,38.41666666666666,99.58333333333331,3314.0,2014,5,27,0.0,无,4.7,14.3,-3.9,0.54,0.22,684.5,687.3,681.1,5.9,,,无
2014-05-28,52645.0,青海,野牛沟,38.41666666666666,99.58333333333331,3314.0,2014,5,28,0.0,无,7.5,14.4,-0.9,0.49,0.22,683.5,684.8,682.2,6.7,,,无
2014-05-29,52645.0,青海,野牛沟,38.41666666666666,99.58333333333331,3314.0,2014,5,29,1.5,normal,5.1,14.7,-2.8,0.6,0.21,683.2,684.5,680.8,3.1,,1.5240082186781256,Rain
2014-05-30,52645.0,青海,野牛沟,38.41666666666666,99.58333333333331,3314.0,2014,5,30,0.0,无,7.3,16.3,1.0,0.64,0.12,681.9,684.3,678.7,6.5,,,无
2014-05-31,52645.0,青海,野牛沟,38.41666666666666,99.58333333333331,3314.0,2014,5,31,0.0,无,9.8,21.1,-0.9,0.52,0.1,679.7,682.4,677.3,8.3,,,无
2014-06-01,52645.0,青海,野牛沟,38.41666666666666,99.58333333333331,3314.0,2014,6,1,0.0,无,9.4,20.5,1.9,0.51,0.18,680.4,681.4,677.6,7.7,,,无
2014-06-02,52645.0,青海,野牛沟,38.41666666666666,99.58333333333331,3314.0,2014,6,2,2.0,normal,10.3,20.8,2.3,0.62,0.24,680.4,683.0,677.3,8.2,,6.238315264604064,Rain
2014-06-03,52645.0,青海,野牛沟,38.41666666666666,99.58333333333331,3314.0,2014,6,3,17.0,normal,7.7,16.4,2.4,0.69,0.36,680.8,682.2,678.9,7.8,,4.698004598813674,Rain
2014-06-04,52645.0,青海,野牛沟,38.41666666666666,99.58333333333331,3314.0,2014,6,4,1.1,normal,8.3,16.7,0.9,0.65,0.28,682.4,684.3,679.1,5.4,,4.820274142658216,Rain
2014-06-05,52645.0,青海,野牛沟,38.41666666666666,99.58333333333331,3314.0,2014,6,5,27.5,normal,4.3,9.2,0.5,0.84,0.58,682.4,684.0,680.8,5.1,,2.958463970572862,Snow
2014-06-06,52645.0,青海,野牛沟,38.41666666666666,99.58333333333331,3314.0,2014,6,6,0.1,normal,6.7,15.8,1.1,0.64,0.2,682.6,684.5,679.6,6.5,,3.3079848230877884,Rain
2014-06-07,52645.0,青海,野牛沟,38.41666666666666,99.58333333333331,3314.0,2014,6,7,0.0,无,7.1,14.1,0.5,0.56,0.3,680.9,682.4,678.8,7.8,,,无
2014-06-08,52645.0,青海,野牛沟,38.41666666666666,99.58333333333331,3314.0,2014,6,8,0.0,无,7.7,16.4,-1.0,0.55,0.22,680.5,682.4,678.4,6.9,,,无
2014-06-09,52645.0,青海,野牛沟,38.41666666666666,99.58333333333331,3314.0,2014,6,9,4.6,normal,7.1,14.8,0.5,0.67,0.33,681.6,682.4,679.9,4.9,,3.9603611622572332,Rain
2014-06-10,52645.0,青海,野牛沟,38.41666666666666,99.58333333333331,3314.0,2014,6,10,1.0,normal,9.1,15.0,3.2,0.65,0.38,682.0,683.2,680.4,5.1,,5.525619522780949,Rain
2014-06-11,52645.0,青海,野牛沟,38.41666666666666,99.58333333333331,3314.0,2014,6,11,15.8,normal,6.2,12.1,4.1,0.86,0.45,682.3,682.9,680.6,3.5,,4.948300149736258,Rain
2014-06-12,52645.0,青海,野牛沟,38.41666666666666,99.58333333333331,3314.0,2014,6,12,5.5,normal,4.4,7.5,1.7,0.86,0.68,682.6,684.5,681.1,1.8,,3.2253485476001442,Snow
2014-06-13,52645.0,青海,野牛沟,38.41666666666666,99.58333333333331,3314.0,2014,6,13,3.1,normal,6.2,10.7,3.9,0.79,0.51,681.6,682.5,680.2,3.1,,4.300939272170647,Rain
2014-06-14,52645.0,青海,野牛沟,38.41666666666666,99.58333333333331,3314.0,2014,6,14,1.6,normal,6.9,14.5,1.1,0.68,0.26,682.5,683.4,680.8,4.7,,3.883423729514699,Rain
2014-06-15,52645.0,青海,野牛沟,38.41666666666666,99.58333333333331,3314.0,2014,6,15,3.2,normal,5.7,13.9,0.4,0.76,0.28,683.4,684.5,681.1,4.5,,3.559955390427807,Rain
2014-06-16,52645.0,青海,野牛沟,38.41666666666666,99.58333333333331,3314.0,2014,6,16,0.2,normal,6.4,13.5,0.9,0.71,0.35,683.0,684.6,681.1,5.7,,3.727694756968538,Rain
2014-06-17,52645.0,青海,野牛沟,38.41666666666666,99.58333333333331,3314.0,2014,6,17,1.4,normal,7.5,16.9,0.1,0.69,0.3,680.1,682.8,677.2,5.1,,4.517035718360538,Rain
2014-06-18,52645.0,青海,野牛沟,38.41666666666666,99.58333333333331,3314.0,2014,6,18,15.0,normal,5.5,11.0,2.7,0.8,0.54,679.6,681.2,677.8,5.0,,3.7356498757483125,Rain
2014-06-19,52645.0,青海,野牛沟,38.41666666666666,99.58333333333331,3314.0,2014,6,19,0.8,normal,5.7,12.3,0.3,0.69,0.33,681.7,682.8,680.0,5.5,,2.9026039507966095,Rain
2014-06-20,52645.0,青海,野牛沟,38.41666666666666,99.58333333333331,3314.0,2014,6,20,0.4,normal,6.7,11.2,2.0,0.69,0.41,682.0,682.6,680.6,4.6,,3.801894636958436,Rain
2014-06-21,52645.0,青海,野牛沟,38.41666666666666,99.58333333333331,3314.0,2014,6,21,0.0,无,7.9,16.0,-0.7,0.64,0.26,682.3,683.5,680.4,6.5,,,无
2014-06-22,52645.0,青海,野牛沟,38.41666666666666,99.58333333333331,3314.0,2014,6,22,6.7,normal,7.9,15.2,2.0,0.74,0.32,682.2,683.0,680.8,4.2,,5.389248029943938,Rain
2014-06-23,52645.0,青海,野牛沟,38.41666666666666,99.58333333333331,3314.0,2014,6,23,11.3,normal,8.9,15.4,2.3,0.71,0.45,680.4,683.1,678.4,6.6,,5.9873123583387455,Rain
2014-06-24,52645.0,青海,野牛沟,38.41666666666666,99.58333333333331,3314.0,2014,6,24,4.2,normal,7.7,11.8,6.0,0.79,0.53,679.8,680.6,678.9,2.3,,5.69977873064119,Rain
2014-06-25,52645.0,青海,野牛沟,38.41666666666666,99.58333333333331,3314.0,2014,6,25,0.0,无,8.3,14.0,1.5,0.68,0.44,680.9,681.5,679.8,4.7,,,无
2014-06-26,52645.0,青海,野牛沟,38.41666666666666,99.58333333333331,3314.0,2014,6,26,10.9,normal,8.8,12.0,7.7,0.77,0.52,683.1,684.5,681.1,2.9,,6.525958825155418,Rain
2014-06-27,52645.0,青海,野牛沟,38.41666666666666,99.58333333333331,3314.0,2014,6,27,0.9,normal,8.3,12.4,5.1,0.78,0.53,685.2,685.9,684.4,2.5,,6.166139247919404,Rain
2014-06-28,52645.0,青海,野牛沟,38.41666666666666,99.58333333333331,3314.0,2014,6,28,5.2,normal,9.2,15.5,5.1,0.66,0.32,684.5,685.8,682.4,6.7,,5.728124114552364,Rain
2014-06-29,52645.0,青海,野牛沟,38.41666666666666,99.58333333333331,3314.0,2014,6,29,2.8,normal,8.1,15.8,2.0,0.73,0.3,684.2,685.9,681.1,4.7,,5.473936412860385,Rain
2014-06-30,52645.0,青海,野牛沟,38.41666666666666,99.58333333333331,3314.0,2014,6,30,3.1,normal,7.0,13.9,2.4,0.73,0.33,684.7,685.9,682.5,4.4,,4.470526161461605,Rain
2014-07-01,52645.0,青海,野牛沟,38.41666666666666,99.58333333333331,3314.0,2014,7,1,1.4,normal,8.0,15.5,2.9,0.73,0.34,684.3,685.6,682.2,5.4,,5.3828117843553125,Rain
2014-07-02,52645.0,青海,野牛沟,38.41666666666666,99.58333333333331,3314.0,2014,7,2,4.7,normal,7.2,12.6,3.0,0.74,0.39,683.5,684.8,681.2,2.9,,4.749697481510018,Rain
2014-07-03,52645.0,青海,野牛沟,38.41666666666666,99.58333333333331,3314.0,2014,7,3,2.7,normal,8.6,17.6,1.2,0.7,0.24,681.9,684.5,679.4,6.2,,5.613531614938991,Rain
2014-07-04,52645.0,青海,野牛沟,38.41666666666666,99.58333333333331,3314.0,2014,7,4,0.0,无,11.5,19.8,2.0,0.63,0.27,680.0,681.0,678.5,6.9,,,无
2014-07-05,52645.0,青海,野牛沟,38.41666666666666,99.58333333333331,3314.0,2014,7,5,0.2,normal,11.4,17.8,4.9,0.68,0.41,680.6,681.5,679.4,4.8,,7.904157366943827,Rain
2014-07-06,52645.0,青海,野牛沟,38.41666666666666,99.58333333333331,3314.0,2014,7,6,23.7,normal,10.9,15.8,8.9,0.84,0.59,682.4,683.4,680.3,4.5,,9.234022159813403,Rain
2014-07-07,52645.0,青海,野牛沟,38.41666666666666,99.58333333333331,3314.0,2014,7,7,20.9,normal,9.5,15.0,6.9,0.84,0.64,682.6,684.2,680.3,4.9,,7.902833710951236,Rain
2014-07-08,52645.0,青海,野牛沟,38.41666666666666,99.58333333333331,3314.0,2014,7,8,9.8,normal,8.2,12.1,4.9,0.72,0.49,682.4,683.9,681.1,2.5,,5.459822898990825,Rain
2014-07-09,52645.0,青海,野牛沟,38.41666666666666,99.58333333333331,3314.0,2014,7,9,0.0,无,10.1,15.5,6.5,0.6,0.34,682.3,683.0,681.2,4.9,,,无
2014-07-10,52645.0,青海,野牛沟,38.41666666666666,99.58333333333331,3314.0,2014,7,10,3.8,normal,9.0,16.1,3.3,0.76,0.41,683.6,684.6,681.8,5.0,,6.608222542678628,Rain
2014-07-11,52645.0,青海,野牛沟,38.41666666666666,99.58333333333331,3314.0,2014,7,11,3.6,normal,8.7,14.1,6.6,0.74,0.45,684.2,685.1,683.1,4.5,,6.125458159473252,Rain
2014-07-12,52645.0,青海,野牛沟,38.41666666666666,99.58333333333331,3314.0,2014,7,12,0.0,无,8.2,15.5,2.1,0.65,0.31,684.9,685.8,683.0,6.2,,,无
2014-07-13,52645.0,青海,野牛沟,38.41666666666666,99.58333333333331,3314.0,2014,7,13,0.0,无,8.4,16.8,0.4,0.63,0.23,684.6,685.8,682.7,7.8,,,无
2014-07-14,52645.0,青海,野牛沟,38.41666666666666,99.58333333333331,3314.0,2014,7,14,0.0,无,9.9,19.0,0.8,0.58,0.16,683.3,684.4,681.4,7.0,,,无
2014-07-15,52645.0,青海,野牛沟,38.41666666666666,99.58333333333331,3314.0,2014,7,15,0.0,无,11.0,18.4,1.8,0.58,0.28,682.3,683.5,681.0,7.5,,,无
2014-07-16,52645.0,青海,野牛沟,38.41666666666666,99.58333333333331,3314.0,2014,7,16,0.0,无,11.3,20.3,1.8,0.59,0.25,681.8,683.3,680.1,7.5,,,无
2014-07-17,52645.0,青海,野牛沟,38.41666666666666,99.58333333333331,3314.0,2014,7,17,0.0,无,12.5,22.2,2.4,0.6,0.3,680.7,681.9,679.0,8.5,,,无
2014-07-18,52645.0,青海,野牛沟,38.41666666666666,99.58333333333331,3314.0,2014,7,18,0.1,normal,14.0,21.1,6.1,0.59,0.37,679.0,681.2,677.2,6.8,,9.06265980653734,Rain
2014-07-19,52645.0,青海,野牛沟,38.41666666666666,99.58333333333331,3314.0,2014,7,19,0.0,无,12.8,18.4,8.4,0.63,0.49,679.8,680.6,678.4,6.0,,,无
2014-07-20,52645.0,青海,野牛沟,38.41666666666666,99.58333333333331,3314.0,2014,7,20,8.4,normal,8.4,13.4,7.5,0.86,0.63,681.9,682.5,680.7,1.6,,7.053956469225597,Rain
2014-07-21,52645.0,青海,野牛沟,38.41666666666666,99.58333333333331,3314.0,2014,7,21,3.2,normal,9.1,11.4,7.4,0.89,0.76,682.0,682.6,681.1,1.3,,8.024763918201106,Rain
2014-07-22,52645.0,青海,野牛沟,38.41666666666666,99.58333333333331,3314.0,2014,7,22,5.9,normal,9.3,11.3,7.4,0.83,0.68,684.3,685.3,682.4,1.4,,7.612007153672189,Rain
2014-07-23,52645.0,青海,野牛沟,38.41666666666666,99.58333333333331,3314.0,2014,7,23,0.3,normal,10.2,15.8,4.6,0.66,0.36,686.1,687.4,684.6,6.0,,6.617971837789889,Rain
2014-07-24,52645.0,青海,野牛沟,38.41666666666666,99.58333333333331,3314.0,2014,7,24,0.0,无,10.7,21.0,1.6,0.68,0.19,684.0,685.8,681.1,6.8,,,无
2014-07-25,52645.0,青海,野牛沟,38.41666666666666,99.58333333333331,3314.0,2014,7,25,0.0,无,12.7,20.3,4.5,0.59,0.23,683.6,684.1,681.4,7.5,,,无
2014-07-26,52645.0,青海,野牛沟,38.41666666666666,99.58333333333331,3314.0,2014,7,26,5.1,normal,11.4,19.3,8.1,0.72,0.28,685.7,686.8,683.7,6.0,,8.374740382134572,Rain
2014-07-27,52645.0,青海,野牛沟,38.41666666666666,99.58333333333331,3314.0,2014,7,27,0.1,normal,11.5,21.2,3.4,0.61,0.23,685.2,688.0,682.2,6.9,,7.174726361553065,Rain
2014-07-28,52645.0,青海,野牛沟,38.41666666666666,99.58333333333331,3314.0,2014,7,28,1.6,normal,11.6,17.7,5.8,0.7,0.35,682.5,684.2,680.7,4.1,,8.31998322568587,Rain
2014-07-29,52645.0,青海,野牛沟,38.41666666666666,99.58333333333331,3314.0,2014,7,29,0.0,无,12.1,22.7,3.2,0.64,0.24,681.3,682.3,679.5,7.5,,,无
2014-07-30,52645.0,青海,野牛沟,38.41666666666666,99.58333333333331,3314.0,2014,7,30,0.0,无,11.9,23.3,3.1,0.64,0.18,682.6,683.5,680.1,7.5,,,无
2014-07-31,52645.0,青海,野牛沟,38.41666666666666,99.58333333333331,3314.0,2014,7,31,2.1,normal,12.7,21.8,3.7,0.67,0.28,683.7,685.1,681.7,7.3,,8.951379422754137,Rain
2014-08-01,52645.0,青海,野牛沟,38.41666666666666,99.58333333333331,3314.0,2014,8,1,8.0,normal,10.4,18.0,4.8,0.74,0.36,683.8,686.3,681.9,4.7,,7.6827765333682985,Rain
2014-08-02,52645.0,青海,野牛沟,38.41666666666666,99.58333333333331,3314.0,2014,8,2,17.0,normal,8.3,10.7,5.7,0.89,0.7,682.9,686.0,680.9,1.6,,7.25178292270543,Rain
2014-08-03,52645.0,青海,野牛沟,38.41666666666666,99.58333333333331,3314.0,2014,8,3,16.8,normal,8.8,11.1,7.2,0.87,0.68,681.9,682.8,680.9,2.0,,7.53648081973068,Rain
2014-08-04,52645.0,青海,野牛沟,38.41666666666666,99.58333333333331,3314.0,2014,8,4,4.0,normal,10.5,16.6,5.2,0.82,0.56,681.8,683.7,679.7,4.5,,8.640069835720944,Rain
2014-08-05,52645.0,青海,野牛沟,38.41666666666666,99.58333333333331,3314.0,2014,8,5,11.4,normal,10.4,13.9,7.5,0.82,0.61,682.2,683.0,681.3,2.5,,8.546037491073776,Rain
2014-08-06,52645.0,青海,野牛沟,38.41666666666666,99.58333333333331,3314.0,2014,8,6,0.4,normal,10.0,14.6,7.1,0.83,0.58,683.2,683.8,681.9,2.2,,8.274267233670155,Rain
2014-08-07,52645.0,青海,野牛沟,38.41666666666666,99.58333333333331,3314.0,2014,8,7,1.8,normal,9.0,12.5,6.5,0.83,0.64,683.5,684.6,682.2,1.6,,7.326987169255399,Rain
2014-08-08,52645.0,青海,野牛沟,38.41666666666666,99.58333333333331,3314.0,2014,8,8,0.8,normal,9.2,15.9,5.3,0.8,0.44,682.4,683.9,680.5,3.6,,7.20733886284997,Rain
2014-08-09,52645.0,青海,野牛沟,38.41666666666666,99.58333333333331,3314.0,2014,8,9,0.5,normal,10.5,19.4,5.3,0.74,0.3,682.7,684.2,680.7,5.5,,7.772744405593808,Rain
2014-08-10,52645.0,青海,野牛沟,38.41666666666666,99.58333333333331,3314.0,2014,8,10,13.6,normal,6.8,14.1,4.4,0.83,0.53,683.6,684.1,681.2,1.1,,5.242679440365472,Rain
2014-08-11,52645.0,青海,野牛沟,38.41666666666666,99.58333333333331,3314.0,2014,8,11,1.2,normal,6.2,11.0,1.9,0.79,0.57,683.6,685.0,682.1,2.4,,4.303354143258917,Rain
2014-08-12,52645.0,青海,野牛沟,38.41666666666666,99.58333333333331,3314.0,2014,8,12,0.9,normal,6.0,12.5,2.3,0.74,0.33,684.2,685.3,682.2,4.4,,3.650762687214555,Rain
2014-08-13,52645.0,青海,野牛沟,38.41666666666666,99.58333333333331,3314.0,2014,8,13,0.0,无,5.7,13.5,-1.3,0.66,0.28,684.3,685.4,682.5,5.1,,,无
2014-08-14,52645.0,青海,野牛沟,38.41666666666666,99.58333333333331,3314.0,2014,8,14,0.0,无,6.0,14.2,-0.9,0.69,0.33,684.0,685.0,682.4,5.0,,,无
2014-08-15,52645.0,青海,野牛沟,38.41666666666666,99.58333333333331,3314.0,2014,8,15,3.3,normal,6.3,16.3,-0.2,0.77,0.25,683.0,684.1,680.2,4.2,,4.208104269502537,Rain
2014-08-16,52645.0,青海,野牛沟,38.41666666666666,99.58333333333331,3314.0,2014,8,16,1.6,normal,8.2,16.7,1.2,0.73,0.3,682.1,684.3,680.1,6.1,,5.561853866262161,Rain
2014-08-17,52645.0,青海,野牛沟,38.41666666666666,99.58333333333331,3314.0,2014,8,17,0.0,无,9.0,17.6,1.5,0.72,0.32,682.7,683.4,680.6,6.0,,,无
2014-08-18,52645.0,青海,野牛沟,38.41666666666666,99.58333333333331,3314.0,2014,8,18,0.0,无,10.3,20.5,1.1,0.66,0.28,685.0,686.3,683.4,6.4,,,无
2014-08-19,52645.0,青海,野牛沟,38.41666666666666,99.58333333333331,3314.0,2014,8,19,4.0,normal,10.6,19.2,3.7,0.69,0.37,685.6,686.8,683.1,5.4,,7.311349081521938,Rain
2014-08-20,52645.0,青海,野牛沟,38.41666666666666,99.58333333333331,3314.0,2014,8,20,12.7,normal,9.7,14.5,7.1,0.77,0.53,685.1,686.9,683.4,4.2,,7.362982245021752,Rain
2014-08-21,52645.0,青海,野牛沟,38.41666666666666,99.58333333333331,3314.0,2014,8,21,7.9,normal,7.0,13.7,2.2,0.74,0.39,684.5,685.8,682.4,4.2,,4.567916471281319,Rain
2014-08-22,52645.0,青海,野牛沟,38.41666666666666,99.58333333333331,3314.0,2014,8,22,2.2,normal,5.7,11.4,1.3,0.79,0.4,684.6,685.9,683.0,2.2,,3.837488722111586,Rain
2014-08-23,52645.0,青海,野牛沟,38.41666666666666,99.58333333333331,3314.0,2014,8,23,8.2,normal,6.5,14.5,1.9,0.73,0.31,685.4,686.6,683.5,5.5,,4.01510520583884,Rain
2014-08-24,52645.0,青海,野牛沟,38.41666666666666,99.58333333333331,3314.0,2014,8,24,0.1,normal,7.1,14.0,2.4,0.7,0.34,685.0,685.6,683.4,4.2,,4.26624695763723,Rain
2014-08-25,52645.0,青海,野牛沟,38.41666666666666,99.58333333333331,3314.0,2014,8,25,1.3,normal,7.6,14.7,3.6,0.68,0.31,685.6,686.6,683.4,4.3,,4.51569707004611,Rain
2014-08-26,52645.0,青海,野牛沟,38.41666666666666,99.58333333333331,3314.0,2014,8,26,0.7,normal,6.3,15.4,-1.0,0.68,0.25,685.3,686.8,682.7,4.1,,3.351928693211481,Rain
2014-08-27,52645.0,青海,野牛沟,38.41666666666666,99.58333333333331,3314.0,2014,8,27,0.2,normal,6.9,15.0,-0.1,0.72,0.38,685.3,686.3,683.7,3.7,,4.282562227224482,Rain
2014-08-28,52645.0,青海,野牛沟,38.41666666666666,99.58333333333331,3314.0,2014,8,28,0.0,无,8.6,19.0,0.4,0.65,0.28,684.9,686.1,682.9,5.7,,,无
2014-08-29,52645.0,青海,野牛沟,38.41666666666666,99.58333333333331,3314.0,2014,8,29,4.5,normal,7.8,12.5,5.8,0.8,0.42,684.6,686.3,682.7,2.5,,5.897504611737294,Rain
2014-08-30,52645.0,青海,野牛沟,38.41666666666666,99.58333333333331,3314.0,2014,8,30,0.1,normal,6.9,16.6,-1.5,0.69,0.21,685.8,687.2,683.4,5.5,,3.988708133845562,Rain
2014-08-31,52645.0,青海,野牛沟,38.41666666666666,99.58333333333331,3314.0,2014,8,31,6.2,normal,5.7,13.4,0.6,0.82,0.5,684.8,685.8,683.2,2.4,,4.111040672383157,Rain
2014-09-01,52645.0,青海,野牛沟,38.41666666666666,99.58333333333331,3314.0,2014,9,1,0.0,无,5.7,13.6,-1.3,0.66,0.32,686.7,687.5,685.5,5.8,,,无
2014-09-02,52645.0,青海,野牛沟,38.41666666666666,99.58333333333331,3314.0,2014,9,2,0.0,无,5.8,17.2,-3.7,0.62,0.2,686.9,688.8,684.2,5.3,,,无
2014-09-03,52645.0,青海,野牛沟,38.41666666666666,99.58333333333331,3314.0,2014,9,3,0.0,无,9.2,18.2,0.6,0.52,0.25,684.1,685.6,681.6,6.2,,,无
2014-09-04,52645.0,青海,野牛沟,38.41666666666666,99.58333333333331,3314.0,2014,9,4,0.0,无,7.7,18.2,-0.6,0.69,0.34,682.0,683.9,679.3,4.8,,,无
2014-09-05,52645.0,青海,野牛沟,38.41666666666666,99.58333333333331,3314.0,2014,9,5,1.4,normal,8.9,13.3,4.3,0.8,0.53,680.3,681.3,679.3,2.2,,6.923707788658819,Rain
2014-09-06,52645.0,青海,野牛沟,38.41666666666666,99.58333333333331,3314.0,2014,9,6,7.2,normal,6.8,8.9,5.3,0.84,0.71,682.5,683.9,680.1,0.9,,5.335653558554978,Rain
2014-09-07,52645.0,青海,野牛沟,38.41666666666666,99.58333333333331,3314.0,2014,9,7,0.0,无,8.8,16.2,3.2,0.76,0.49,683.1,684.5,681.3,4.4,,,无
2014-09-08,52645.0,青海,野牛沟,38.41666666666666,99.58333333333331,3314.0,2014,9,8,2.1,normal,9.7,15.5,7.1,0.71,0.39,684.1,685.2,682.2,4.1,,6.7181305939550695,Rain
2014-09-09,52645.0,青海,野牛沟,38.41666666666666,99.58333333333331,3314.0,2014,9,9,0.0,无,7.5,14.2,3.2,0.76,0.47,682.9,684.2,681.6,3.1,,,无
2014-09-10,52645.0,青海,野牛沟,38.41666666666666,99.58333333333331,3314.0,2014,9,10,6.9,normal,7.7,11.1,6.4,0.83,0.58,682.6,684.1,681.0,1.2,,6.094418075419292,Rain
2014-09-11,52645.0,青海,野牛沟,38.41666666666666,99.58333333333331,3314.0,2014,9,11,8.6,normal,6.8,15.6,1.7,0.76,0.31,683.1,684.5,680.9,4.7,,4.575683826512589,Rain
2014-09-12,52645.0,青海,野牛沟,38.41666666666666,99.58333333333331,3314.0,2014,9,12,0.0,无,7.0,15.6,0.4,0.78,0.39,682.9,683.9,680.2,4.1,,,无
2014-09-13,52645.0,青海,野牛沟,38.41666666666666,99.58333333333331,3314.0,2014,9,13,7.7,normal,6.2,12.4,2.9,0.78,0.56,684.0,685.2,681.6,2.9,,4.2104222583708095,Rain
2014-09-14,52645.0,青海,野牛沟,38.41666666666666,99.58333333333331,3314.0,2014,9,14,0.9,normal,5.6,10.3,3.1,0.76,0.42,684.3,685.6,682.8,2.9,,3.468819570644226,Rain
2014-09-15,52645.0,青海,野牛沟,38.41666666666666,99.58333333333331,3314.0,2014,9,15,2.1,normal,5.3,12.7,2.4,0.8,0.42,683.5,684.9,680.9,3.7,,3.5525895916838257,Rain
2014-09-16,52645.0,青海,野牛沟,38.41666666666666,99.58333333333331,3314.0,2014,9,16,5.9,normal,3.0,9.6,0.3,0.84,0.45,683.9,684.9,683.0,2.4,,1.723306935301614,Snow
2014-09-17,52645.0,青海,野牛沟,38.41666666666666,99.58333333333331,3314.0,2014,9,17,0.0,无,4.8,13.3,-0.8,0.7,0.29,686.3,688.1,683.8,4.2,,,无
2014-09-18,52645.0,青海,野牛沟,38.41666666666666,99.58333333333331,3314.0,2014,9,18,0.0,无,6.1,14.6,-2.0,0.59,0.23,686.9,688.0,684.9,4.6,,,无
2014-09-19,52645.0,青海,野牛沟,38.41666666666666,99.58333333333331,3314.0,2014,9,19,0.0,无,5.0,15.1,-3.2,0.62,0.21,685.7,687.7,682.8,4.7,,,无
2014-09-20,52645.0,青海,野牛沟,38.41666666666666,99.58333333333331,3314.0,2014,9,20,0.0,无,4.9,15.1,-2.8,0.66,0.33,683.0,684.0,680.9,3.4,,,无
2014-09-21,52645.0,青海,野牛沟,38.41666666666666,99.58333333333331,3314.0,2014,9,21,8.3,normal,5.5,9.6,0.7,0.78,0.47,683.1,684.4,681.2,1.9,,3.5577554580119974,Rain
2014-09-22,52645.0,青海,野牛沟,38.41666666666666,99.58333333333331,3314.0,2014,9,22,3.8,normal,3.5,7.7,0.0,0.8,0.55,685.0,685.8,683.6,2.0,,1.8661384374880141,Snow
2014-09-23,52645.0,青海,野牛沟,38.41666666666666,99.58333333333331,3314.0,2014,9,23,0.0,无,3.1,11.0,-2.6,0.73,0.23,685.9,687.3,683.3,3.8,,,无
2014-09-24,52645.0,青海,野牛沟,38.41666666666666,99.58333333333331,3314.0,2014,9,24,0.0,无,4.7,12.1,-2.5,0.59,0.24,683.8,686.0,681.0,3.5,,,无
2014-09-25,52645.0,青海,野牛沟,38.41666666666666,99.58333333333331,3314.0,2014,9,25,0.0,无,3.8,13.9,-4.1,0.63,0.18,681.3,683.7,679.2,4.5,,,无
2014-09-26,52645.0,青海,野牛沟,38.41666666666666,99.58333333333331,3314.0,2014,9,26,0.0,无,3.1,13.6,-4.5,0.63,0.24,682.6,683.7,680.0,3.1,,,无
2014-09-27,52645.0,青海,野牛沟,38.41666666666666,99.58333333333331,3314.0,2014,9,27,0.0,无,1.6,6.9,-2.3,0.81,0.51,684.1,685.1,682.5,1.2,,,无
2014-09-28,52645.0,青海,野牛沟,38.41666666666666,99.58333333333331,3314.0,2014,9,28,0.0,无,3.5,12.1,-3.6,0.67,0.27,684.8,686.2,683.3,3.6,,,无
2014-09-29,52645.0,青海,野牛沟,38.41666666666666,99.58333333333331,3314.0,2014,9,29,0.0,无,4.3,12.9,-3.7,0.6,0.2,684.1,685.2,682.6,3.6,,,无
2014-09-30,52645.0,青海,野牛沟,38.41666666666666,99.58333333333331,3314.0,2014,9,30,1.8,normal,3.3,10.1,0.7,0.76,0.38,684.1,685.2,682.2,1.5,,1.3425758606989602,Snow
2014-10-01,52645.0,青海,野牛沟,38.41666666666666,99.58333333333331,3314.0,2014,10,1,1.2,normal,2.6,11.3,-5.3,0.64,0.21,685.2,686.6,683.6,4.3,,-0.2995001432699018,Snow
2014-10-02,52645.0,青海,野牛沟,38.41666666666666,99.58333333333331,3314.0,2014,10,2,0.0,无,1.6,12.2,-5.7,0.64,0.2,684.4,686.2,681.7,2.6,,,无
2014-10-03,52645.0,青海,野牛沟,38.41666666666666,99.58333333333331,3314.0,2014,10,3,0.0,无,1.5,9.8,-3.3,0.74,0.3,683.0,685.1,681.4,2.6,,,无
2014-10-04,52645.0,青海,野牛沟,38.41666666666666,99.58333333333331,3314.0,2014,10,4,2.1,normal,0.9,9.0,-3.7,0.76,0.28,687.6,688.8,685.2,2.9,,-0.8740296508861567,Snow
2014-10-05,52645.0,青海,野牛沟,38.41666666666666,99.58333333333331,3314.0,2014,10,5,0.0,无,1.7,13.1,-7.1,0.61,0.21,688.2,690.0,685.5,3.6,,,无
2014-10-06,52645.0,青海,野牛沟,38.41666666666666,99.58333333333331,3314.0,2014,10,6,0.0,无,2.5,12.6,-5.9,0.63,0.23,686.6,687.9,684.0,2.6,,,无
2014-10-07,52645.0,青海,野牛沟,38.41666666666666,99.58333333333331,3314.0,2014,10,7,0.8,normal,3.3,10.7,-0.7,0.76,0.23,685.6,687.1,682.9,3.0,,1.3446368728375768,Snow
2014-10-08,52645.0,青海,野牛沟,38.41666666666666,99.58333333333331,3314.0,2014,10,8,0.0,无,4.6,12.8,-3.4,0.63,0.25,683.9,685.9,680.5,3.5,,,无
2014-10-09,52645.0,青海,野牛沟,38.41666666666666,99.58333333333331,3314.0,2014,10,9,2.3,normal,5.0,15.7,-2.5,0.61,0.21,681.3,682.8,677.4,3.9,,1.5271380910615528,Rain
2014-10-10,52645.0,青海,野牛沟,38.41666666666666,99.58333333333331,3314.0,2014,10,10,7.5,normal,1.2,4.8,-2.5,0.87,0.71,683.0,684.6,681.3,0.7,,0.236206145761666,Snow
2014-10-11,52645.0,青海,野牛沟,38.41666666666666,99.58333333333331,3314.0,2014,10,11,5.1,normal,-3.3,0.5,-6.7,0.83,0.6,686.7,687.6,684.5,2.2,,-4.338064393594334,Snow
2014-10-12,52645.0,青海,野牛沟,38.41666666666666,99.58333333333331,3314.0,2014,10,12,0.3,normal,-1.0,4.5,-4.0,0.74,0.48,687.0,688.1,685.4,1.9,,-2.776444083204459,Snow
2014-10-13,52645.0,青海,野牛沟,38.41666666666666,99.58333333333331,3314.0,2014,10,13,0.0,无,-0.6,5.9,-3.6,0.68,0.28,686.1,687.4,684.6,2.7,,,无
2014-10-14,52645.0,青海,野牛沟,38.41666666666666,99.58333333333331,3314.0,2014,10,14,0.0,无,-1.6,8.8,-8.1,0.62,0.18,686.0,687.6,684.8,2.8,,,无
2014-10-15,52645.0,青海,野牛沟,38.41666666666666,99.58333333333331,3314.0,2014,10,15,0.0,无,-1.0,7.4,-7.9,0.57,0.13,684.9,686.6,682.9,1.8,,,无
2014-10-16,52645.0,青海,野牛沟,38.41666666666666,99.58333333333331,3314.0,2014,10,16,0.0,无,0.2,7.4,-5.2,0.73,0.4,684.8,686.3,683.4,1.5,,,无
2014-10-17,52645.0,青海,野牛沟,38.41666666666666,99.58333333333331,3314.0,2014,10,17,0.0,无,0.5,8.9,-6.1,0.68,0.32,684.7,686.7,681.9,2.3,,,无
2014-10-18,52645.0,青海,野牛沟,38.41666666666666,99.58333333333331,3314.0,2014,10,18,4.1,normal,0.0,4.7,-2.5,0.78,0.46,681.8,683.3,680.4,3.1,,-1.5694202648728028,Snow
2014-10-19,52645.0,青海,野牛沟,38.41666666666666,99.58333333333331,3314.0,2014,10,19,0.0,无,-4.3,1.9,-10.2,0.78,0.57,683.4,684.8,682.0,2.2,,,无
2014-10-20,52645.0,青海,野牛沟,38.41666666666666,99.58333333333331,3314.0,2014,10,20,0.0,无,-4.2,4.7,-10.2,0.64,0.24,684.4,685.2,683.3,2.7,,,无
2014-10-21,52645.0,青海,野牛沟,38.41666666666666,99.58333333333331,3314.0,2014,10,21,0.0,无,-3.8,6.6,-10.2,0.61,0.19,686.7,688.1,685.1,2.6,,,无
2014-10-22,52645.0,青海,野牛沟,38.41666666666666,99.58333333333331,3314.0,2014,10,22,0.0,无,-2.8,5.9,-8.2,0.66,0.26,687.7,689.2,686.1,2.6,,,无
2014-10-23,52645.0,青海,野牛沟,38.41666666666666,99.58333333333331,3314.0,2014,10,23,0.0,无,-3.5,6.9,-10.2,0.6,0.21,685.4,687.6,683.3,2.8,,,无
2014-10-24,52645.0,青海,野牛沟,38.41666666666666,99.58333333333331,3314.0,2014,10,24,0.0,无,-3.1,8.0,-10.0,0.61,0.19,684.1,685.3,682.3,2.4,,,无
2014-10-25,52645.0,青海,野牛沟,38.41666666666666,99.58333333333331,3314.0,2014,10,25,0.0,无,-2.4,8.4,-9.5,0.6,0.22,683.9,685.1,682.3,2.9,,,无
2014-10-26,52645.0,青海,野牛沟,38.41666666666666,99.58333333333331,3314.0,2014,10,26,0.0,无,-2.6,9.6,-10.2,0.65,0.24,685.2,687.1,683.3,2.0,,,无
2014-10-27,52645.0,青海,野牛沟,38.41666666666666,99.58333333333331,3314.0,2014,10,27,0.0,无,-1.6,9.4,-8.0,0.7,0.33,682.9,684.7,679.6,2.4,,,无
2014-10-28,52645.0,青海,野牛沟,38.41666666666666,99.58333333333331,3314.0,2014,10,28,0.8,normal,-3.3,1.8,-7.3,0.81,0.58,681.8,683.1,680.5,2.5,,-4.466948745924255,Snow
2014-10-29,52645.0,青海,野牛沟,38.41666666666666,99.58333333333331,3314.0,2014,10,29,0.0,无,-6.7,3.1,-12.7,0.71,0.38,681.7,683.5,679.8,2.5,,,无
2014-10-30,52645.0,青海,野牛沟,38.41666666666666,99.58333333333331,3314.0,2014,10,30,4.5,normal,-5.6,-1.6,-8.8,0.77,0.61,679.6,682.1,677.4,2.3,,-6.870219780688385,Snow
2014-10-31,52645.0,青海,野牛沟,38.41666666666666,99.58333333333331,3314.0,2014,10,31,0.0,无,-10.6,-4.1,-17.7,0.74,0.6,682.4,683.6,680.9,1.5,,,无
2014-11-01,52645.0,青海,野牛沟,38.41666666666666,99.58333333333331,3314.0,2014,11,1,2.3,normal,-10.6,-4.9,-16.2,0.72,0.41,685.5,687.2,682.5,1.9,,-11.77710455993498,Snow
2014-11-02,52645.0,青海,野牛沟,38.41666666666666,99.58333333333331,3314.0,2014,11,2,0.0,无,-15.6,-6.7,-21.6,0.67,0.5,686.4,688.1,684.2,1.9,,,无
2014-11-03,52645.0,青海,野牛沟,38.41666666666666,99.58333333333331,3314.0,2014,11,3,0.0,无,-14.6,-4.4,-21.0,0.65,0.42,682.2,685.1,679.7,1.7,,,无
2014-11-04,52645.0,青海,野牛沟,38.41666666666666,99.58333333333331,3314.0,2014,11,4,0.0,无,-11.4,-1.8,-18.5,0.64,0.39,680.5,682.1,679.4,2.0,,,无
2014-11-05,52645.0,青海,野牛沟,38.41666666666666,99.58333333333331,3314.0,2014,11,5,0.0,无,-12.2,-2.7,-19.2,0.64,0.44,683.2,685.0,681.3,1.8,,,无
2014-11-06,52645.0,青海,野牛沟,38.41666666666666,99.58333333333331,3314.0,2014,11,6,0.0,无,-11.6,-2.2,-18.7,0.65,0.42,682.5,683.6,680.6,2.0,,,无
2014-11-07,52645.0,青海,野牛沟,38.41666666666666,99.58333333333331,3314.0,2014,11,7,0.0,无,-12.5,-2.9,-19.2,0.67,0.43,682.0,683.5,679.8,1.7,,,无
2014-11-08,52645.0,青海,野牛沟,38.41666666666666,99.58333333333331,3314.0,2014,11,8,0.0,无,-13.3,-2.1,-20.3,0.65,0.35,679.8,681.3,677.8,2.0,,,无
2014-11-09,52645.0,青海,野牛沟,38.41666666666666,99.58333333333331,3314.0,2014,11,9,0.0,无,-9.4,0.6,-15.8,0.62,0.32,680.1,681.5,678.0,0.9,,,无
2014-11-10,52645.0,青海,野牛沟,38.41666666666666,99.58333333333331,3314.0,2014,11,10,2.1,normal,-7.7,-2.2,-10.4,0.81,0.58,682.5,684.4,680.9,1.4,,-8.636612701886609,Snow
2014-11-11,52645.0,青海,野牛沟,38.41666666666666,99.58333333333331,3314.0,2014,11,11,0.0,无,-13.0,-6.8,-18.2,0.83,0.61,682.6,684.6,681.3,0.9,,,无
2014-11-12,52645.0,青海,野牛沟,38.41666666666666,99.58333333333331,3314.0,2014,11,12,0.0,无,-13.0,-7.9,-17.9,0.79,0.59,683.5,684.8,682.3,1.0,,,无
2014-11-13,52645.0,青海,野牛沟,38.41666666666666,99.58333333333331,3314.0,2014,11,13,0.0,无,-15.7,-5.5,-22.7,0.68,0.46,681.6,683.8,679.8,0.6,,,无
2014-11-14,52645.0,青海,野牛沟,38.41666666666666,99.58333333333331,3314.0,2014,11,14,0.0,无,-13.5,-4.4,-20.5,0.62,0.39,679.3,680.8,677.6,1.3,,,无
2014-11-15,52645.0,青海,野牛沟,38.41666666666666,99.58333333333331,3314.0,2014,11,15,0.0,无,-16.6,-6.5,-23.9,0.61,0.25,682.4,683.6,680.8,1.3,,,无
2014-11-16,52645.0,青海,野牛沟,38.41666666666666,99.58333333333331,3314.0,2014,11,16,0.0,无,-17.2,-6.1,-24.4,0.59,0.3,683.8,685.3,682.2,1.6,,,无
2014-11-17,52645.0,青海,野牛沟,38.41666666666666,99.58333333333331,3314.0,2014,11,17,0.0,无,-16.5,-6.4,-24.0,0.62,0.37,683.8,685.2,682.0,1.4,,,无
2014-11-18,52645.0,青海,野牛沟,38.41666666666666,99.58333333333331,3314.0,2014,11,18,0.0,无,-16.0,-4.4,-23.2,0.65,0.44,683.0,684.0,681.3,1.3,,,无
2014-11-19,52645.0,青海,野牛沟,38.41666666666666,99.58333333333331,3314.0,2014,11,19,0.0,无,-15.9,-5.5,-22.5,0.6,0.35,681.3,684.0,678.2,1.2,,,无
2014-11-20,52645.0,青海,野牛沟,38.41666666666666,99.58333333333331,3314.0,2014,11,20,0.0,无,-12.8,-0.5,-20.7,0.64,0.34,678.3,680.4,676.4,1.9,,,无
2014-11-21,52645.0,青海,野牛沟,38.41666666666666,99.58333333333331,3314.0,2014,11,21,0.0,无,-12.7,-2.2,-19.9,0.66,0.44,678.3,679.7,676.9,1.3,,,无
2014-11-22,52645.0,青海,野牛沟,38.41666666666666,99.58333333333331,3314.0,2014,11,22,0.0,无,-12.9,-4.0,-19.9,0.72,0.49,678.8,679.6,677.5,1.3,,,无
2014-11-23,52645.0,青海,野牛沟,38.41666666666666,99.58333333333331,3314.0,2014,11,23,0.0,无,-16.2,-6.5,-23.0,0.68,0.45,680.2,681.6,679.0,1.1,,,无
2014-11-24,52645.0,青海,野牛沟,38.41666666666666,99.58333333333331,3314.0,2014,11,24,0.0,无,-13.0,-2.0,-18.1,0.6,0.22,679.4,681.6,678.0,1.4,,,无
2014-11-25,52645.0,青海,野牛沟,38.41666666666666,99.58333333333331,3314.0,2014,11,25,0.0,无,-15.5,-4.8,-23.0,0.6,0.37,676.7,679.4,673.4,1.5,,,无
2014-11-26,52645.0,青海,野牛沟,38.41666666666666,99.58333333333331,3314.0,2014,11,26,0.0,无,-12.4,-2.4,-20.3,0.6,0.33,673.4,674.8,671.1,1.3,,,无
2014-11-27,52645.0,青海,野牛沟,38.41666666666666,99.58333333333331,3314.0,2014,11,27,1.9,normal,-13.1,-8.4,-19.0,0.79,0.56,675.2,676.9,672.9,0.8,,-13.866697329242562,Snow
2014-11-28,52645.0,青海,野牛沟,38.41666666666666,99.58333333333331,3314.0,2014,11,28,0.0,无,-20.0,-10.5,-29.0,0.65,0.44,674.8,676.7,672.3,1.0,,,无
2014-11-29,52645.0,青海,野牛沟,38.41666666666666,99.58333333333331,3314.0,2014,11,29,0.0,无,-11.2,-2.7,-20.9,0.52,0.26,673.5,675.5,671.2,1.7,,,无
2014-11-30,52645.0,青海,野牛沟,38.41666666666666,99.58333333333331,3314.0,2014,11,30,0.0,无,-16.3,-4.9,-24.1,0.47,0.2,680.2,681.6,675.3,2.0,,,无
2014-12-01,52645.0,青海,野牛沟,38.41666666666666,99.58333333333331,3314.0,2014,12,1,0.0,无,-18.6,-5.2,-26.0,0.56,0.33,679.5,681.4,677.8,1.1,,,无
2014-12-02,52645.0,青海,野牛沟,38.41666666666666,99.58333333333331,3314.0,2014,12,2,0.0,无,-15.4,-5.1,-24.4,0.57,0.35,677.3,679.4,674.4,1.6,,,无
2014-12-03,52645.0,青海,野牛沟,38.41666666666666,99.58333333333331,3314.0,2014,12,3,0.0,无,-14.6,-6.3,-22.0,0.53,0.2,680.9,682.6,677.2,2.0,,,无
2014-12-04,52645.0,青海,野牛沟,38.41666666666666,99.58333333333331,3314.0,2014,12,4,0.0,无,-18.2,-6.4,-25.7,0.53,0.27,681.9,683.1,679.8,1.4,,,无
2014-12-05,52645.0,青海,野牛沟,38.41666666666666,99.58333333333331,3314.0,2014,12,5,0.0,无,-16.0,-6.1,-23.8,0.59,0.34,680.4,683.0,678.2,1.2,,,无
2014-12-06,52645.0,青海,野牛沟,38.41666666666666,99.58333333333331,3314.0,2014,12,6,0.0,无,-15.5,-4.2,-22.0,0.57,0.26,680.7,682.5,679.2,2.0,,,无
2014-12-07,52645.0,青海,野牛沟,38.41666666666666,99.58333333333331,3314.0,2014,12,7,0.0,无,-19.2,-7.7,-27.3,0.55,0.3,680.5,683.1,677.9,1.3,,,无
2014-12-08,52645.0,青海,野牛沟,38.41666666666666,99.58333333333331,3314.0,2014,12,8,0.0,无,-16.4,-6.3,-24.5,0.58,0.3,675.2,678.1,673.4,1.1,,,无
2014-12-09,52645.0,青海,野牛沟,38.41666666666666,99.58333333333331,3314.0,2014,12,9,0.0,无,-14.3,-10.4,-18.1,0.61,0.44,679.2,681.0,674.3,0.8,,,无
2014-12-10,52645.0,青海,野牛沟,38.41666666666666,99.58333333333331,3314.0,2014,12,10,0.0,无,-20.5,-12.1,-27.7,0.62,0.36,680.1,682.0,677.2,0.9,,,无
2014-12-11,52645.0,青海,野牛沟,38.41666666666666,99.58333333333331,3314.0,2014,12,11,0.0,无,-22.0,-12.7,-29.4,0.54,0.28,679.0,680.2,676.8,1.0,,,无
2014-12-12,52645.0,青海,野牛沟,38.41666666666666,99.58333333333331,3314.0,2014,12,12,0.0,无,-22.3,-12.4,-30.6,0.51,0.3,681.5,683.1,679.3,1.0,,,无
2014-12-13,52645.0,青海,野牛沟,38.41666666666666,99.58333333333331,3314.0,2014,12,13,0.0,无,-20.8,-8.9,-29.1,0.53,0.23,679.7,681.3,677.7,1.1,,,无
2014-12-14,52645.0,青海,野牛沟,38.41666666666666,99.58333333333331,3314.0,2014,12,14,0.0,无,-16.9,-5.0,-24.7,0.49,0.19,676.3,679.9,673.4,1.5,,,无
2014-12-15,52645.0,青海,野牛沟,38.41666666666666,99.58333333333331,3314.0,2014,12,15,0.0,无,-20.5,-10.6,-28.2,0.49,0.15,681.7,685.1,677.3,1.3,,,无
2014-12-16,52645.0,青海,野牛沟,38.41666666666666,99.58333333333331,3314.0,2014,12,16,0.0,无,-21.8,-10.6,-29.5,0.5,0.23,686.1,688.2,684.2,1.2,,,无
2014-12-17,52645.0,青海,野牛沟,38.41666666666666,99.58333333333331,3314.0,2014,12,17,0.0,无,-21.4,-9.8,-29.9,0.52,0.25,682.5,685.5,679.7,1.0,,,无
2014-12-18,52645.0,青海,野牛沟,38.41666666666666,99.58333333333331,3314.0,2014,12,18,0.0,无,-17.7,-7.7,-26.4,0.54,0.23,680.3,682.2,678.9,1.5,,,无
2014-12-19,52645.0,青海,野牛沟,38.41666666666666,99.58333333333331,3314.0,2014,12,19,0.0,无,-16.3,-6.7,-23.3,0.65,0.4,678.5,680.4,676.1,1.3,,,无
2014-12-20,52645.0,青海,野牛沟,38.41666666666666,99.58333333333331,3314.0,2014,12,20,1.6,normal,-15.3,-8.4,-19.0,0.64,0.27,679.2,683.7,675.8,1.3,,-16.443978175822068,Snow
2014-12-21,52645.0,青海,野牛沟,38.41666666666666,99.58333333333331,3314.0,2014,12,21,0.0,无,-21.3,-10.4,-28.8,0.59,0.37,681.4,684.6,678.2,0.9,,,无
2014-12-22,52645.0,青海,野牛沟,38.41666666666666,99.58333333333331,3314.0,2014,12,22,0.0,无,-18.5,-7.0,-26.0,0.6,0.37,677.0,679.5,674.8,1.3,,,无
2014-12-23,52645.0,青海,野牛沟,38.41666666666666,99.58333333333331,3314.0,2014,12,23,0.0,无,-17.9,-6.6,-25.4,0.6,0.32,677.3,678.4,675.7,1.2,,,无
2014-12-24,52645.0,青海,野牛沟,38.41666666666666,99.58333333333331,3314.0,2014,12,24,0.0,无,-17.7,-6.7,-25.1,0.61,0.36,679.8,681.4,677.8,1.4,,,无
2014-12-25,52645.0,青海,野牛沟,38.41666666666666,99.58333333333331,3314.0,2014,12,25,0.0,无,-16.6,-6.8,-25.2,0.61,0.34,678.5,680.4,676.7,1.0,,,无
2014-12-26,52645.0,青海,野牛沟,38.41666666666666,99.58333333333331,3314.0,2014,12,26,0.0,无,-17.9,-7.2,-25.3,0.64,0.34,679.7,681.5,678.1,1.4,,,无
2014-12-27,52645.0,青海,野牛沟,38.41666666666666,99.58333333333331,3314.0,2014,12,27,0.0,无,-17.8,-6.4,-25.4,0.55,0.26,684.9,686.3,681.5,1.3,,,无
2014-12-28,52645.0,青海,野牛沟,38.41666666666666,99.58333333333331,3314.0,2014,12,28,0.0,无,-18.2,-7.1,-26.2,0.56,0.23,684.5,687.2,681.5,1.5,,,无
2014-12-29,52645.0,青海,野牛沟,38.41666666666666,99.58333333333331,3314.0,2014,12,29,0.0,无,-19.2,-7.0,-27.2,0.56,0.28,678.5,682.1,675.6,1.3,,,无
2014-12-30,52645.0,青海,野牛沟,38.41666666666666,99.58333333333331,3314.0,2014,12,30,0.0,无,-18.6,-5.2,-26.0,0.51,0.17,680.1,682.2,677.5,1.5,,,无
2014-12-31,52645.0,青海,野牛沟,38.41666666666666,99.58333333333331,3314.0,2014,12,31,0.0,无,-18.4,-5.7,-26.5,0.51,0.25,683.1,684.8,681.9,1.3,,,无
2015-01-01,52645.0,青海,野牛沟,38.41666666666666,99.58333333333331,3314.0,2015,1,1,0.0,无,-16.9,-6.2,-25.4,0.55,0.27,682.0,684.2,679.8,1.5,,,无
2015-01-02,52645.0,青海,野牛沟,38.41666666666666,99.58333333333331,3314.0,2015,1,2,0.0,无,-14.4,-0.1,-24.0,0.54,0.18,680.4,682.6,678.6,1.7,,,无
2015-01-03,52645.0,青海,野牛沟,38.41666666666666,99.58333333333331,3314.0,2015,1,3,0.0,无,-15.6,-2.5,-24.5,0.54,0.22,677.0,680.3,674.0,1.7,,,无
2015-01-04,52645.0,青海,野牛沟,38.41666666666666,99.58333333333331,3314.0,2015,1,4,0.0,无,-9.3,-1.4,-16.3,0.66,0.49,673.7,675.0,672.5,1.0,,,无
2015-01-05,52645.0,青海,野牛沟,38.41666666666666,99.58333333333331,3314.0,2015,1,5,0.0,无,-12.9,-6.0,-17.0,0.76,0.59,677.4,679.0,674.6,1.1,,,无
2015-01-06,52645.0,青海,野牛沟,38.41666666666666,99.58333333333331,3314.0,2015,1,6,0.3,normal,-13.6,-7.8,-19.3,0.76,0.48,677.3,678.2,676.3,0.8,,-14.448567111317242,Snow
2015-01-07,52645.0,青海,野牛沟,38.41666666666666,99.58333333333331,3314.0,2015,1,7,0.0,无,-21.3,-10.8,-27.8,0.63,0.39,680.5,682.6,678.2,1.2,,,无
2015-01-08,52645.0,青海,野牛沟,38.41666666666666,99.58333333333331,3314.0,2015,1,8,0.0,无,-22.7,-12.0,-29.9,0.6,0.4,683.6,685.3,682.0,1.0,,,无
2015-01-09,52645.0,青海,野牛沟,38.41666666666666,99.58333333333331,3314.0,2015,1,9,0.0,无,-22.1,-10.9,-29.7,0.59,0.3,683.1,684.9,682.1,1.3,,,无
2015-01-10,52645.0,青海,野牛沟,38.41666666666666,99.58333333333331,3314.0,2015,1,10,0.0,无,-21.3,-9.6,-28.2,0.54,0.29,682.9,684.2,681.5,1.2,,,无
2015-01-11,52645.0,青海,野牛沟,38.41666666666666,99.58333333333331,3314.0,2015,1,11,0.0,无,-20.8,-8.6,-28.0,0.55,0.27,682.9,684.6,681.1,1.4,,,无
2015-01-12,52645.0,青海,野牛沟,38.41666666666666,99.58333333333331,3314.0,2015,1,12,0.0,无,-19.6,-8.1,-27.6,0.56,0.31,680.9,682.9,678.8,1.4,,,无
2015-01-13,52645.0,青海,野牛沟,38.41666666666666,99.58333333333331,3314.0,2015,1,13,0.0,无,-17.8,-5.4,-24.5,0.58,0.31,679.3,680.4,677.9,1.5,,,无
2015-01-14,52645.0,青海,野牛沟,38.41666666666666,99.58333333333331,3314.0,2015,1,14,0.0,无,-17.4,-8.0,-27.0,0.56,0.35,679.8,681.7,676.7,1.2,,,无
2015-01-15,52645.0,青海,野牛沟,38.41666666666666,99.58333333333331,3314.0,2015,1,15,0.0,无,-19.3,-8.2,-27.1,0.61,0.28,680.9,682.7,679.1,1.4,,,无
2015-01-16,52645.0,青海,野牛沟,38.41666666666666,99.58333333333331,3314.0,2015,1,16,0.0,无,-19.4,-9.0,-28.3,0.53,0.27,681.1,682.6,679.3,1.2,,,无
2015-01-17,52645.0,青海,野牛沟,38.41666666666666,99.58333333333331,3314.0,2015,1,17,2.7,normal,-14.6,-11.6,-17.9,0.69,0.27,679.6,682.1,677.9,1.3,,-15.628745196104582,Snow
2015-01-18,52645.0,青海,野牛沟,38.41666666666666,99.58333333333331,3314.0,2015,1,18,0.0,无,-23.8,-14.1,-31.4,0.55,0.37,682.6,684.2,680.6,1.0,,,无
2015-01-19,52645.0,青海,野牛沟,38.41666666666666,99.58333333333331,3314.0,2015,1,19,0.0,无,-23.9,-12.0,-31.4,0.6,0.38,678.8,681.5,676.6,1.1,,,无
2015-01-20,52645.0,青海,野牛沟,38.41666666666666,99.58333333333331,3314.0,2015,1,20,0.0,无,-18.4,-7.0,-24.5,0.55,0.24,680.4,682.1,678.1,1.4,,,无
2015-01-21,52645.0,青海,野牛沟,38.41666666666666,99.58333333333331,3314.0,2015,1,21,0.0,无,-20.8,-7.4,-28.7,0.56,0.29,680.0,682.7,677.1,1.5,,,无
2015-01-22,52645.0,青海,野牛沟,38.41666666666666,99.58333333333331,3314.0,2015,1,22,0.0,无,-18.1,-5.5,-26.1,0.61,0.35,677.4,679.3,675.0,1.4,,,无
2015-01-23,52645.0,青海,野牛沟,38.41666666666666,99.58333333333331,3314.0,2015,1,23,0.0,无,-15.0,-4.8,-22.8,0.6,0.33,672.6,676.6,668.9,1.4,,,无
2015-01-24,52645.0,青海,野牛沟,38.41666666666666,99.58333333333331,3314.0,2015,1,24,0.0,无,-13.7,-3.8,-22.7,0.62,0.32,675.1,676.7,670.7,1.8,,,无
2015-01-25,52645.0,青海,野牛沟,38.41666666666666,99.58333333333331,3314.0,2015,1,25,0.0,无,-14.4,-6.0,-23.5,0.61,0.4,676.8,678.1,674.7,1.5,,,无
2015-01-26,52645.0,青海,野牛沟,38.41666666666666,99.58333333333331,3314.0,2015,1,26,0.0,无,-13.7,-2.1,-20.9,0.57,0.25,676.0,677.2,673.8,1.6,,,无
2015-01-27,52645.0,青海,野牛沟,38.41666666666666,99.58333333333331,3314.0,2015,1,27,0.0,无,-11.2,-5.3,-18.1,0.58,0.39,673.5,676.9,670.4,1.5,,,无
2015-01-28,52645.0,青海,野牛沟,38.41666666666666,99.58333333333331,3314.0,2015,1,28,0.0,无,-12.0,-7.9,-17.1,0.71,0.43,672.5,675.3,670.0,0.9,,,无
2015-01-29,52645.0,青海,野牛沟,38.41666666666666,99.58333333333331,3314.0,2015,1,29,0.5,normal,-17.3,-10.5,-24.7,0.74,0.58,676.4,678.0,675.2,1.2,,-18.023719907004057,Snow
2015-01-30,52645.0,青海,野牛沟,38.41666666666666,99.58333333333331,3314.0,2015,1,30,0.0,无,-18.8,-8.7,-25.5,0.66,0.43,676.2,677.1,674.5,1.1,,,无
2015-01-31,52645.0,青海,野牛沟,38.41666666666666,99.58333333333331,3314.0,2015,1,31,0.0,无,-16.0,-7.1,-20.9,0.65,0.43,675.6,676.9,673.9,1.2,,,无
2015-02-01,52645.0,青海,野牛沟,38.41666666666666,99.58333333333331,3314.0,2015,2,1,0.0,无,-15.4,-4.2,-27.3,0.55,0.24,673.6,676.2,670.1,0.9,,,无
2015-02-02,52645.0,青海,野牛沟,38.41666666666666,99.58333333333331,3314.0,2015,2,2,0.3,normal,-15.3,-4.2,-25.4,0.55,0.26,676.6,678.6,671.1,1.9,,-16.73768194109406,Snow
2015-02-03,52645.0,青海,野牛沟,38.41666666666666,99.58333333333331,3314.0,2015,2,3,0.0,无,-14.4,-6.0,-23.7,0.62,0.4,681.2,682.8,678.6,1.5,,,无
2015-02-04,52645.0,青海,野牛沟,38.41666666666666,99.58333333333331,3314.0,2015,2,4,0.0,无,-17.2,-7.9,-24.1,0.62,0.4,680.4,682.8,678.1,1.5,,,无
2015-02-05,52645.0,青海,野牛沟,38.41666666666666,99.58333333333331,3314.0,2015,2,5,0.0,无,-17.3,-6.9,-24.9,0.6,0.42,679.1,681.0,676.4,1.0,,,无
2015-02-06,52645.0,青海,野牛沟,38.41666666666666,99.58333333333331,3314.0,2015,2,6,0.2,normal,-13.1,-8.6,-15.1,0.62,0.4,675.9,678.6,673.8,1.0,,-14.494654564965138,Snow
2015-02-07,52645.0,青海,野牛沟,38.41666666666666,99.58333333333331,3314.0,2015,2,7,0.0,无,-20.1,-10.9,-28.0,0.58,0.34,680.2,682.0,678.5,1.1,,,无
2015-02-08,52645.0,青海,野牛沟,38.41666666666666,99.58333333333331,3314.0,2015,2,8,0.0,无,-19.9,-7.3,-28.7,0.53,0.27,677.6,679.6,675.7,2.0,,,无
2015-02-09,52645.0,青海,野牛沟,38.41666666666666,99.58333333333331,3314.0,2015,2,9,0.0,无,-17.8,-5.0,-27.6,0.5,0.24,678.6,679.9,676.7,1.9,,,无
2015-02-10,52645.0,青海,野牛沟,38.41666666666666,99.58333333333331,3314.0,2015,2,10,0.0,无,-14.2,-3.3,-23.0,0.47,0.14,679.5,680.2,677.8,2.8,,,无
2015-02-11,52645.0,青海,野牛沟,38.41666666666666,99.58333333333331,3314.0,2015,2,11,0.0,无,-14.7,-2.0,-25.4,0.45,0.17,679.1,681.2,676.5,2.2,,,无
2015-02-12,52645.0,青海,野牛沟,38.41666666666666,99.58333333333331,3314.0,2015,2,12,0.0,无,-13.3,-1.5,-23.1,0.47,0.16,678.4,680.4,676.1,2.6,,,无
2015-02-13,52645.0,青海,野牛沟,38.41666666666666,99.58333333333331,3314.0,2015,2,13,0.0,无,-14.4,-0.9,-23.5,0.46,0.2,675.2,678.0,672.2,1.8,,,无
2015-02-14,52645.0,青海,野牛沟,38.41666666666666,99.58333333333331,3314.0,2015,2,14,0.0,无,-14.2,-2.6,-23.0,0.51,0.24,673.7,674.4,671.8,1.7,,,无
2015-02-15,52645.0,青海,野牛沟,38.41666666666666,99.58333333333331,3314.0,2015,2,15,0.0,无,-14.1,-5.2,-22.4,0.42,0.12,679.0,681.1,674.5,2.3,,,无
2015-02-16,52645.0,青海,野牛沟,38.41666666666666,99.58333333333331,3314.0,2015,2,16,0.0,无,-15.2,-2.1,-25.4,0.42,0.15,678.0,680.7,675.7,2.3,,,无
2015-02-17,52645.0,青海,野牛沟,38.41666666666666,99.58333333333331,3314.0,2015,2,17,0.0,无,-10.9,2.4,-21.1,0.45,0.17,675.9,677.0,674.1,2.3,,,无
2015-02-18,52645.0,青海,野牛沟,38.41666666666666,99.58333333333331,3314.0,2015,2,18,0.0,无,-7.3,2.1,-15.7,0.45,0.18,674.7,676.3,672.4,2.5,,,无
2015-02-19,52645.0,青海,野牛沟,38.41666666666666,99.58333333333331,3314.0,2015,2,19,0.0,无,-9.1,4.4,-19.9,0.5,0.16,673.6,676.5,669.2,2.4,,,无
2015-02-20,52645.0,青海,野牛沟,38.41666666666666,99.58333333333331,3314.0,2015,2,20,0.5,normal,-9.7,-3.2,-18.2,0.67,0.32,674.6,675.9,670.9,2.4,,-11.180279056894907,Snow
2015-02-21,52645.0,青海,野牛沟,38.41666666666666,99.58333333333331,3314.0,2015,2,21,0.0,无,-12.8,-2.6,-21.9,0.44,0.15,676.2,677.4,674.5,3.0,,,无
2015-02-22,52645.0,青海,野牛沟,38.41666666666666,99.58333333333331,3314.0,2015,2,22,0.0,无,-13.2,-2.3,-23.4,0.52,0.24,674.7,677.3,671.6,2.6,,,无
2015-02-23,52645.0,青海,野牛沟,38.41666666666666,99.58333333333331,3314.0,2015,2,23,0.0,无,-10.6,-2.1,-20.8,0.59,0.36,674.8,676.6,672.8,2.1,,,无
2015-02-24,52645.0,青海,野牛沟,38.41666666666666,99.58333333333331,3314.0,2015,2,24,0.6,normal,-6.9,-1.9,-9.4,0.54,0.19,672.9,674.1,671.7,3.9,,-9.327860558013295,Snow
2015-02-25,52645.0,青海,野牛沟,38.41666666666666,99.58333333333331,3314.0,2015,2,25,0.0,无,-11.8,-0.2,-21.0,0.4,0.09,673.9,675.1,672.9,3.6,,,无
2015-02-26,52645.0,青海,野牛沟,38.41666666666666,99.58333333333331,3314.0,2015,2,26,0.0,无,-11.2,-0.7,-20.2,0.43,0.2,670.2,674.5,667.8,1.8,,,无
2015-02-27,52645.0,青海,野牛沟,38.41666666666666,99.58333333333331,3314.0,2015,2,27,3.7,normal,-7.2,-2.3,-10.3,0.49,0.32,671.8,673.8,668.3,2.3,,-9.860142299823874,Snow
2015-02-28,52645.0,青海,野牛沟,38.41666666666666,99.58333333333331,3314.0,2015,2,28,0.9,normal,-16.5,-6.1,-25.6,0.65,0.33,679.1,681.5,673.8,2.0,,-17.527220914924364,Snow
2015-03-01,52645.0,青海,野牛沟,38.41666666666666,99.58333333333331,3314.0,2015,3,1,0.0,无,-14.3,-3.2,-25.4,0.54,0.26,677.6,680.0,674.6,2.1,,,无
2015-03-02,52645.0,青海,野牛沟,38.41666666666666,99.58333333333331,3314.0,2015,3,2,0.0,无,-11.8,-1.3,-20.1,0.49,0.13,674.0,676.1,672.5,3.9,,,无
2015-03-03,52645.0,青海,野牛沟,38.41666666666666,99.58333333333331,3314.0,2015,3,3,0.0,无,-12.0,1.9,-23.2,0.38,0.1,672.6,676.9,668.1,2.5,,,无
2015-03-04,52645.0,青海,野牛沟,38.41666666666666,99.58333333333331,3314.0,2015,3,4,0.0,无,-8.3,-4.2,-12.0,0.48,0.21,671.3,672.7,669.8,2.0,,,无
2015-03-05,52645.0,青海,野牛沟,38.41666666666666,99.58333333333331,3314.0,2015,3,5,0.2,normal,-10.0,-2.3,-18.6,0.61,0.35,673.9,675.2,672.7,1.7,,-11.7260804737592,Snow
2015-03-06,52645.0,青海,野牛沟,38.41666666666666,99.58333333333331,3314.0,2015,3,6,0.0,无,-9.9,0.5,-19.2,0.53,0.16,674.7,676.1,672.5,2.8,,,无
2015-03-07,52645.0,青海,野牛沟,38.41666666666666,99.58333333333331,3314.0,2015,3,7,0.0,无,-9.9,-0.6,-18.6,0.57,0.19,675.4,676.9,673.1,2.4,,,无
2015-03-08,52645.0,青海,野牛沟,38.41666666666666,99.58333333333331,3314.0,2015,3,8,0.0,无,-10.1,0.3,-18.3,0.48,0.09,678.7,679.7,676.8,3.8,,,无
2015-03-09,52645.0,青海,野牛沟,38.41666666666666,99.58333333333331,3314.0,2015,3,9,0.0,无,-9.1,2.5,-19.7,0.38,0.1,680.6,682.7,678.6,3.0,,,无
2015-03-10,52645.0,青海,野牛沟,38.41666666666666,99.58333333333331,3314.0,2015,3,10,0.0,无,-7.7,2.2,-16.6,0.4,0.11,681.3,682.4,679.4,3.0,,,无
2015-03-11,52645.0,青海,野牛沟,38.41666666666666,99.58333333333331,3314.0,2015,3,11,0.0,无,-6.9,3.0,-17.4,0.34,0.08,681.0,683.1,677.9,3.9,,,无
2015-03-12,52645.0,青海,野牛沟,38.41666666666666,99.58333333333331,3314.0,2015,3,12,0.0,无,-5.6,5.5,-14.9,0.39,0.08,678.9,681.1,676.3,4.5,,,无
2015-03-13,52645.0,青海,野牛沟,38.41666666666666,99.58333333333331,3314.0,2015,3,13,0.0,无,-5.2,3.1,-13.1,0.34,0.08,678.2,679.3,675.9,3.6,,,无
2015-03-14,52645.0,青海,野牛沟,38.41666666666666,99.58333333333331,3314.0,2015,3,14,0.0,无,-7.1,3.0,-17.0,0.32,0.09,678.5,681.0,675.2,4.3,,,无
2015-03-15,52645.0,青海,野牛沟,38.41666666666666,99.58333333333331,3314.0,2015,3,15,0.0,无,-5.0,7.2,-15.7,0.36,0.08,676.9,678.3,674.4,4.7,,,无
2015-03-16,52645.0,青海,野牛沟,38.41666666666666,99.58333333333331,3314.0,2015,3,16,0.0,无,-3.1,6.4,-11.8,0.37,0.1,675.9,677.4,673.6,3.3,,,无
2015-03-17,52645.0,青海,野牛沟,38.41666666666666,99.58333333333331,3314.0,2015,3,17,0.0,无,-2.9,5.7,-9.6,0.35,0.17,676.5,678.0,674.4,3.4,,,无
2015-03-18,52645.0,青海,野牛沟,38.41666666666666,99.58333333333331,3314.0,2015,3,18,0.0,无,-6.5,1.0,-12.2,0.55,0.27,676.3,678.0,673.8,2.2,,,无
2015-03-19,52645.0,青海,野牛沟,38.41666666666666,99.58333333333331,3314.0,2015,3,19,0.3,normal,-5.4,3.9,-12.3,0.53,0.12,678.3,680.4,675.8,3.2,,-8.07092798619195,Snow
2015-03-20,52645.0,青海,野牛沟,38.41666666666666,99.58333333333331,3314.0,2015,3,20,0.0,无,-6.7,2.8,-14.7,0.39,0.08,681.7,683.4,678.3,3.5,,,无
2015-03-21,52645.0,青海,野牛沟,38.41666666666666,99.58333333333331,3314.0,2015,3,21,0.0,无,-6.4,2.9,-14.4,0.39,0.12,680.3,681.5,678.6,3.2,,,无
2015-03-22,52645.0,青海,野牛沟,38.41666666666666,99.58333333333331,3314.0,2015,3,22,0.5,normal,-6.9,2.7,-12.7,0.53,0.16,682.3,684.7,680.3,1.6,,-9.359906583732588,Snow
2015-03-23,52645.0,青海,野牛沟,38.41666666666666,99.58333333333331,3314.0,2015,3,23,0.0,无,-8.7,-1.6,-14.7,0.74,0.31,684.8,685.9,683.3,1.5,,,无
2015-03-24,52645.0,青海,野牛沟,38.41666666666666,99.58333333333331,3314.0,2015,3,24,0.3,normal,-8.5,5.6,-18.9,0.55,0.18,684.2,687.0,680.1,2.6,,-10.651971905607528,Snow
2015-03-25,52645.0,青海,野牛沟,38.41666666666666,99.58333333333331,3314.0,2015,3,25,0.0,无,-0.9,13.6,-11.6,0.4,0.06,682.1,683.5,680.1,5.7,,,无
2015-03-26,52645.0,青海,野牛沟,38.41666666666666,99.58333333333331,3314.0,2015,3,26,0.0,无,-1.2,9.4,-9.1,0.46,0.16,684.3,685.8,682.1,4.5,,,无
2015-03-27,52645.0,青海,野牛沟,38.41666666666666,99.58333333333331,3314.0,2015,3,27,0.0,无,-2.4,7.2,-9.8,0.53,0.2,685.3,687.2,683.3,3.4,,,无
2015-03-28,52645.0,青海,野牛沟,38.41666666666666,99.58333333333331,3314.0,2015,3,28,0.0,无,0.4,10.4,-6.8,0.43,0.08,680.7,684.4,677.1,4.5,,,无
2015-03-29,52645.0,青海,野牛沟,38.41666666666666,99.58333333333331,3314.0,2015,3,29,0.0,无,1.5,16.7,-8.3,0.35,0.06,675.8,678.6,671.4,6.0,,,无
2015-03-30,52645.0,青海,野牛沟,38.41666666666666,99.58333333333331,3314.0,2015,3,30,0.0,无,2.0,13.8,-7.2,0.38,0.14,673.5,675.1,671.3,4.7,,,无
2015-03-31,52645.0,青海,野牛沟,38.41666666666666,99.58333333333331,3314.0,2015,3,31,0.0,无,3.4,13.9,-4.7,0.46,0.17,671.7,674.8,666.9,4.9,,,无
2015-04-01,52645.0,青海,野牛沟,38.41666666666666,99.58333333333331,3314.0,2015,4,1,3.3,normal,4.5,11.9,-0.8,0.53,0.11,672.1,673.9,667.9,5.6,,0.31673994238782033,Snow
2015-04-02,52645.0,青海,野牛沟,38.41666666666666,99.58333333333331,3314.0,2015,4,2,0.0,无,3.1,14.1,-6.4,0.44,0.11,669.8,674.9,665.7,4.7,,,无
2015-04-03,52645.0,青海,野牛沟,38.41666666666666,99.58333333333331,3314.0,2015,4,3,2.8,normal,0.0,6.6,-4.2,0.64,0.29,669.9,672.1,666.4,3.6,,-2.632511746819026,Snow
2015-04-04,52645.0,青海,野牛沟,38.41666666666666,99.58333333333331,3314.0,2015,4,4,7.5,normal,-2.4,2.4,-5.5,0.71,0.47,673.0,675.9,669.2,2.9,,-4.28741705416233,Snow
2015-04-05,52645.0,青海,野牛沟,38.41666666666666,99.58333333333331,3314.0,2015,4,5,0.0,无,-4.1,1.8,-9.9,0.63,0.37,677.8,679.3,675.9,2.0,,,无
2015-04-06,52645.0,青海,野牛沟,38.41666666666666,99.58333333333331,3314.0,2015,4,6,0.5,normal,-3.3,3.4,-5.5,0.65,0.24,679.7,680.6,677.7,3.4,,-5.483188780782986,Snow
2015-04-07,52645.0,青海,野牛沟,38.41666666666666,99.58333333333331,3314.0,2015,4,7,1.9,normal,-5.3,2.3,-12.1,0.67,0.27,680.8,682.4,678.5,2.8,,-7.1615273487117515,Snow
2015-04-08,52645.0,青海,野牛沟,38.41666666666666,99.58333333333331,3314.0,2015,4,8,0.0,无,-3.0,5.2,-8.6,0.57,0.16,679.7,681.0,677.2,4.5,,,无
2015-04-09,52645.0,青海,野牛沟,38.41666666666666,99.58333333333331,3314.0,2015,4,9,0.0,无,-2.6,5.8,-9.4,0.56,0.14,681.5,682.5,678.9,4.0,,,无
2015-04-10,52645.0,青海,野牛沟,38.41666666666666,99.58333333333331,3314.0,2015,4,10,0.0,无,-2.2,4.2,-6.6,0.61,0.18,682.9,684.1,680.9,3.3,,,无
2015-04-11,52645.0,青海,野牛沟,38.41666666666666,99.58333333333331,3314.0,2015,4,11,0.0,无,-3.0,4.0,-8.4,0.53,0.18,687.2,688.5,684.1,4.3,,,无
2015-04-12,52645.0,青海,野牛沟,38.41666666666666,99.58333333333331,3314.0,2015,4,12,0.0,无,-0.9,8.4,-9.6,0.45,0.14,689.6,690.9,687.8,6.2,,,无
2015-04-13,52645.0,青海,野牛沟,38.41666666666666,99.58333333333331,3314.0,2015,4,13,0.0,无,1.0,11.6,-8.7,0.43,0.09,686.4,689.8,681.8,5.2,,,无
2015-04-14,52645.0,青海,野牛沟,38.41666666666666,99.58333333333331,3314.0,2015,4,14,0.6,normal,2.9,11.2,-3.2,0.45,0.11,682.1,684.3,679.2,6.7,,-1.7088107011064624,Snow
2015-04-15,52645.0,青海,野牛沟,38.41666666666666,99.58333333333331,3314.0,2015,4,15,0.0,无,3.7,15.4,-4.0,0.45,0.1,680.8,681.9,678.9,7.1,,,无
2015-04-16,52645.0,青海,野牛沟,38.41666666666666,99.58333333333331,3314.0,2015,4,16,0.0,无,4.9,15.5,-5.1,0.47,0.13,678.2,682.5,674.2,5.3,,,无
2015-04-17,52645.0,青海,野牛沟,38.41666666666666,99.58333333333331,3314.0,2015,4,17,4.8,normal,0.5,9.7,-3.4,0.66,0.28,676.4,677.5,674.7,3.9,,-2.0213114593631376,Snow
2015-04-18,52645.0,青海,野牛沟,38.41666666666666,99.58333333333331,3314.0,2015,4,18,6.5,normal,-2.9,4.0,-9.1,0.84,0.42,679.0,680.2,676.9,4.2,,-3.900778379030796,Snow
2015-04-19,52645.0,青海,野牛沟,38.41666666666666,99.58333333333331,3314.0,2015,4,19,3.2,normal,-4.1,1.3,-8.6,0.77,0.48,681.1,682.2,678.7,2.9,,-5.465449183845981,Snow
2015-04-20,52645.0,青海,野牛沟,38.41666666666666,99.58333333333331,3314.0,2015,4,20,4.7,normal,-4.1,-0.6,-4.8,0.77,0.48,681.1,682.6,679.0,3.0,,-5.465449183845981,Snow
2015-04-21,52645.0,青海,野牛沟,38.41666666666666,99.58333333333331,3314.0,2015,4,21,0.0,无,-3.4,6.2,-11.6,0.54,0.08,683.9,685.8,682.2,3.3,,,无
2015-04-22,52645.0,青海,野牛沟,38.41666666666666,99.58333333333331,3314.0,2015,4,22,0.0,无,1.5,7.9,-5.1,0.49,0.24,682.9,683.9,681.5,4.7,,,无
2015-04-23,52645.0,青海,野牛沟,38.41666666666666,99.58333333333331,3314.0,2015,4,23,0.0,无,0.3,3.5,-2.7,0.63,0.32,686.6,687.7,682.9,2.7,,,无
2015-04-24,52645.0,青海,野牛沟,38.41666666666666,99.58333333333331,3314.0,2015,4,24,0.0,无,1.6,8.4,-4.4,0.57,0.15,687.3,689.1,685.1,4.7,,,无
2015-04-25,52645.0,青海,野牛沟,38.41666666666666,99.58333333333331,3314.0,2015,4,25,0.0,无,-0.5,7.3,-4.6,0.76,0.23,685.9,687.0,683.2,2.6,,,无
2015-04-26,52645.0,青海,野牛沟,38.41666666666666,99.58333333333331,3314.0,2015,4,26,0.0,无,1.6,10.8,-5.8,0.59,0.2,684.7,686.0,682.9,5.3,,,无
2015-04-27,52645.0,青海,野牛沟,38.41666666666666,99.58333333333331,3314.0,2015,4,27,0.0,无,3.7,14.1,-5.9,0.5,0.11,683.1,684.6,681.0,5.5,,,无
2015-04-28,52645.0,青海,野牛沟,38.41666666666666,99.58333333333331,3314.0,2015,4,28,0.0,无,5.4,16.2,-4.5,0.45,0.12,682.8,684.2,680.9,6.9,,,无
2015-04-29,52645.0,青海,野牛沟,38.41666666666666,99.58333333333331,3314.0,2015,4,29,0.0,无,5.0,14.0,-3.6,0.5,0.22,680.4,683.5,677.1,6.7,,,无
2015-04-30,52645.0,青海,野牛沟,38.41666666666666,99.58333333333331,3314.0,2015,4,30,5.1,normal,1.8,7.8,-1.7,0.66,0.41,680.6,682.2,677.9,4.7,,-0.8533046695231272,Snow
2015-05-01,52645.0,青海,野牛沟,38.41666666666666,99.58333333333331,3314.0,2015,5,1,0.0,无,1.3,10.0,-3.3,0.67,0.25,681.3,684.1,677.9,3.9,,,无
2015-05-02,52645.0,青海,野牛沟,38.41666666666666,99.58333333333331,3314.0,2015,5,2,3.4,normal,1.0,3.9,-1.8,0.71,0.41,681.3,682.5,679.9,3.5,,-1.1753516773416228,Snow
2015-05-03,52645.0,青海,野牛沟,38.41666666666666,99.58333333333331,3314.0,2015,5,3,0.0,无,0.1,6.0,-4.9,0.62,0.27,684.3,685.6,682.5,3.3,,,无
2015-05-04,52645.0,青海,野牛沟,38.41666666666666,99.58333333333331,3314.0,2015,5,4,0.0,无,1.9,9.5,-5.5,0.58,0.17,682.4,684.6,679.2,4.5,,,无
2015-05-05,52645.0,青海,野牛沟,38.41666666666666,99.58333333333331,3314.0,2015,5,5,0.0,无,0.8,6.2,-1.3,0.64,0.23,679.9,681.6,678.0,3.5,,,无
2015-05-06,52645.0,青海,野牛沟,38.41666666666666,99.58333333333331,3314.0,2015,5,6,2.8,normal,-0.3,7.8,-7.9,0.68,0.25,678.1,679.9,677.0,5.2,,-2.5846676152601633,Snow
2015-05-07,52645.0,青海,野牛沟,38.41666666666666,99.58333333333331,3314.0,2015,5,7,6.0,normal,1.2,8.2,-3.2,0.65,0.2,681.2,683.5,678.9,5.0,,-1.4663444514322643,Snow
2015-05-08,52645.0,青海,野牛沟,38.41666666666666,99.58333333333331,3314.0,2015,5,8,0.8,normal,2.9,10.7,-0.8,0.6,0.22,680.3,682.5,677.4,4.2,,-0.38982581971688024,Snow
2015-05-09,52645.0,青海,野牛沟,38.41666666666666,99.58333333333331,3314.0,2015,5,9,0.0,无,2.6,13.0,-4.6,0.67,0.22,677.7,681.8,673.9,4.0,,,无
2015-05-10,52645.0,青海,野牛沟,38.41666666666666,99.58333333333331,3314.0,2015,5,10,2.9,normal,-1.2,5.4,-5.9,0.59,0.29,681.6,684.4,675.7,4.8,,-4.030924013650705,Snow
2015-05-11,52645.0,青海,野牛沟,38.41666666666666,99.58333333333331,3314.0,2015,5,11,0.0,无,3.5,14.7,-8.1,0.39,0.09,683.1,685.7,680.0,6.6,,,无
2015-05-12,52645.0,青海,野牛沟,38.41666666666666,99.58333333333331,3314.0,2015,5,12,0.0,无,6.3,17.5,-4.7,0.41,0.13,679.7,681.6,676.6,8.1,,,无
2015-05-13,52645.0,青海,野牛沟,38.41666666666666,99.58333333333331,3314.0,2015,5,13,0.0,无,6.6,16.3,-1.8,0.49,0.2,678.9,679.9,677.0,6.6,,,无
2015-05-14,52645.0,青海,野牛沟,38.41666666666666,99.58333333333331,3314.0,2015,5,14,0.0,无,7.1,13.1,3.4,0.53,0.22,683.0,684.2,679.9,6.6,,,无
2015-05-15,52645.0,青海,野牛沟,38.41666666666666,99.58333333333331,3314.0,2015,5,15,0.7,normal,5.9,11.6,2.2,0.63,0.36,685.5,686.8,683.9,4.6,,2.513772600004871,Rain
2015-05-16,52645.0,青海,野牛沟,38.41666666666666,99.58333333333331,3314.0,2015,5,16,0.0,无,6.2,12.5,0.8,0.59,0.29,682.8,685.7,679.4,6.0,,,无
2015-05-17,52645.0,青海,野牛沟,38.41666666666666,99.58333333333331,3314.0,2015,5,17,0.0,无,6.6,16.0,-1.9,0.58,0.15,680.6,682.3,678.1,6.9,,,无
2015-05-18,52645.0,青海,野牛沟,38.41666666666666,99.58333333333331,3314.0,2015,5,18,0.0,无,7.3,18.7,-3.4,0.53,0.15,680.1,682.2,677.0,7.1,,,无
2015-05-19,52645.0,青海,野牛沟,38.41666666666666,99.58333333333331,3314.0,2015,5,19,0.0,无,7.3,15.9,1.6,0.6,0.29,681.3,682.7,679.1,5.2,,,无
2015-05-20,52645.0,青海,野牛沟,38.41666666666666,99.58333333333331,3314.0,2015,5,20,5.4,normal,3.5,7.0,1.4,0.84,0.66,682.9,683.6,681.4,1.2,,2.1980402998017334,Snow
2015-05-21,52645.0,青海,野牛沟,38.41666666666666,99.58333333333331,3314.0,2015,5,21,0.0,无,4.4,11.5,-1.3,0.69,0.26,683.4,685.1,681.5,5.0,,,无
2015-05-22,52645.0,青海,野牛沟,38.41666666666666,99.58333333333331,3314.0,2015,5,22,0.0,无,6.6,13.4,2.2,0.57,0.2,682.7,684.7,680.4,6.2,,,无
2015-05-23,52645.0,青海,野牛沟,38.41666666666666,99.58333333333331,3314.0,2015,5,23,0.0,无,5.3,14.1,-2.8,0.62,0.25,681.2,683.2,678.7,4.7,,,无
2015-05-24,52645.0,青海,野牛沟,38.41666666666666,99.58333333333331,3314.0,2015,5,24,0.0,无,7.6,15.7,-1.3,0.57,0.19,680.3,681.5,677.8,6.7,,,无
2015-05-25,52645.0,青海,野牛沟,38.41666666666666,99.58333333333331,3314.0,2015,5,25,0.3,normal,8.1,14.4,3.1,0.62,0.35,679.9,681.0,678.5,5.1,,4.321342598715732,Rain
2015-05-26,52645.0,青海,野牛沟,38.41666666666666,99.58333333333331,3314.0,2015,5,26,3.4,normal,7.6,14.0,3.5,0.69,0.43,681.0,682.1,679.4,4.0,,4.608557677071654,Rain
2015-05-27,52645.0,青海,野牛沟,38.41666666666666,99.58333333333331,3314.0,2015,5,27,18.2,normal,2.8,8.1,0.3,0.91,0.58,681.1,682.7,679.8,0.8,,2.092341996884568,Snow
2015-05-28,52645.0,青海,野牛沟,38.41666666666666,99.58333333333331,3314.0,2015,5,28,4.0,normal,3.1,8.2,0.0,0.82,0.54,680.9,682.4,678.8,2.1,,1.6514319634945673,Snow
2015-05-29,52645.0,青海,野牛沟,38.41666666666666,99.58333333333331,3314.0,2015,5,29,2.0,normal,4.1,10.7,-2.3,0.68,0.25,682.7,684.1,681.0,3.0,,1.3765842486113256,Rain
2015-05-30,52645.0,青海,野牛沟,38.41666666666666,99.58333333333331,3314.0,2015,5,30,0.0,无,5.3,12.5,-2.2,0.59,0.22,682.1,683.8,679.6,6.6,,,无
2015-05-31,52645.0,青海,野牛沟,38.41666666666666,99.58333333333331,3314.0,2015,5,31,1.0,normal,5.6,13.1,0.9,0.66,0.29,679.7,681.1,677.4,3.9,,2.524584371879768,Rain
2015-06-01,52645.0,青海,野牛沟,38.41666666666666,99.58333333333331,3314.0,2015,6,1,0.8,normal,5.4,12.5,1.8,0.75,0.51,680.0,681.7,677.6,3.4,,3.1862492467303705,Rain
2015-06-02,52645.0,青海,野牛沟,38.41666666666666,99.58333333333331,3314.0,2015,6,2,6.4,normal,4.2,7.8,2.2,0.85,0.62,681.7,682.9,680.1,0.4,,2.9480687806724992,Snow
2015-06-03,52645.0,青海,野牛沟,38.41666666666666,99.58333333333331,3314.0,2015,6,3,2.1,normal,2.9,9.0,0.3,0.81,0.49,684.8,685.7,681.6,1.3,,1.3847803982779228,Snow
2015-06-04,52645.0,青海,野牛沟,38.41666666666666,99.58333333333331,3314.0,2015,6,4,0.8,normal,4.3,12.7,-4.5,0.53,0.14,685.6,688.1,682.4,7.1,,0.18990347631846927,Snow
2015-06-05,52645.0,青海,野牛沟,38.41666666666666,99.58333333333331,3314.0,2015,6,5,0.0,无,4.8,11.9,-1.8,0.6,0.26,682.2,683.7,680.3,4.1,,,无
2015-06-06,52645.0,青海,野牛沟,38.41666666666666,99.58333333333331,3314.0,2015,6,6,0.0,无,5.6,13.2,-1.3,0.63,0.25,681.3,682.5,678.9,4.9,,,无
2015-06-07,52645.0,青海,野牛沟,38.41666666666666,99.58333333333331,3314.0,2015,6,7,0.0,无,6.8,13.1,0.7,0.54,0.23,682.2,683.0,679.8,6.7,,,无
2015-06-08,52645.0,青海,野牛沟,38.41666666666666,99.58333333333331,3314.0,2015,6,8,0.0,无,6.6,16.3,-3.5,0.55,0.19,681.7,683.7,678.3,6.7,,,无
2015-06-09,52645.0,青海,野牛沟,38.41666666666666,99.58333333333331,3314.0,2015,6,9,0.0,无,7.2,15.0,0.1,0.64,0.27,680.2,682.1,678.0,7.1,,,无
2015-06-10,52645.0,青海,野牛沟,38.41666666666666,99.58333333333331,3314.0,2015,6,10,0.0,无,7.1,12.2,0.6,0.49,0.18,684.3,685.3,680.0,9.0,,,无
2015-06-11,52645.0,青海,野牛沟,38.41666666666666,99.58333333333331,3314.0,2015,6,11,0.0,无,6.2,16.4,-4.7,0.53,0.2,683.8,686.9,680.6,7.6,,,无
2015-06-12,52645.0,青海,野牛沟,38.41666666666666,99.58333333333331,3314.0,2015,6,12,0.0,无,6.7,15.5,-0.3,0.63,0.32,682.9,684.1,681.3,5.4,,,无
2015-06-13,52645.0,青海,野牛沟,38.41666666666666,99.58333333333331,3314.0,2015,6,13,4.4,normal,4.1,10.7,-0.2,0.86,0.41,681.9,683.5,680.8,2.4,,2.937572785921332,Snow
2015-06-14,52645.0,青海,野牛沟,38.41666666666666,99.58333333333331,3314.0,2015,6,14,4.9,normal,8.3,14.7,2.9,0.62,0.25,681.2,682.4,679.6,6.1,,4.498689226486392,Rain
2015-06-15,52645.0,青海,野牛沟,38.41666666666666,99.58333333333331,3314.0,2015,6,15,0.0,无,7.9,16.7,-0.2,0.64,0.28,680.4,681.9,678.2,6.9,,,无
2015-06-16,52645.0,青海,野牛沟,38.41666666666666,99.58333333333331,3314.0,2015,6,16,10.1,normal,5.9,11.9,3.3,0.88,0.51,680.8,681.6,679.4,0.4,,4.840352549662463,Rain
2015-06-17,52645.0,青海,野牛沟,38.41666666666666,99.58333333333331,3314.0,2015,6,17,0.8,normal,7.2,10.1,5.4,0.83,0.64,682.6,683.2,680.9,2.0,,5.620698496130028,Rain
2015-06-18,52645.0,青海,野牛沟,38.41666666666666,99.58333333333331,3314.0,2015,6,18,0.7,normal,7.8,11.2,2.7,0.76,0.56,683.1,684.3,682.2,2.3,,5.499283991540582,Rain
2015-06-19,52645.0,青海,野牛沟,38.41666666666666,99.58333333333331,3314.0,2015,6,19,3.1,normal,3.7,10.8,1.4,0.8,0.25,685.0,686.2,682.9,1.6,,2.0537596189025153,Snow
2015-06-20,52645.0,青海,野牛沟,38.41666666666666,99.58333333333331,3314.0,2015,6,20,1.3,normal,4.7,13.6,-1.7,0.75,0.31,684.3,685.8,681.7,4.7,,2.548089012199095,Rain
2015-06-21,52645.0,青海,野牛沟,38.41666666666666,99.58333333333331,3314.0,2015,6,21,0.8,normal,5.8,13.3,-1.2,0.77,0.39,681.4,684.3,679.2,4.2,,3.742332772169461,Rain
2015-06-22,52645.0,青海,野牛沟,38.41666666666666,99.58333333333331,3314.0,2015,6,22,0.3,normal,7.5,11.0,4.2,0.71,0.46,679.8,681.2,678.7,2.3,,4.718498743795769,Rain
2015-06-23,52645.0,青海,野牛沟,38.41666666666666,99.58333333333331,3314.0,2015,6,23,1.8,normal,8.4,12.7,4.6,0.74,0.49,680.1,680.7,679.1,3.4,,5.844232055036733,Rain
2015-06-24,52645.0,青海,野牛沟,38.41666666666666,99.58333333333331,3314.0,2015,6,24,6.4,normal,6.4,15.0,2.0,0.78,0.34,681.1,682.0,679.3,4.0,,4.392868349345362,Rain
2015-06-25,52645.0,青海,野牛沟,38.41666666666666,99.58333333333331,3314.0,2015,6,25,0.1,normal,8.6,19.5,0.4,0.73,0.28,679.4,682.3,675.8,5.9,,5.922639061439212,Rain
2015-06-26,52645.0,青海,野牛沟,38.41666666666666,99.58333333333331,3314.0,2015,6,26,0.0,无,12.4,20.7,4.4,0.67,0.32,675.9,676.7,674.3,6.1,,,无
2015-06-27,52645.0,青海,野牛沟,38.41666666666666,99.58333333333331,3314.0,2015,6,27,2.0,normal,11.9,16.1,10.5,0.82,0.5,678.3,678.8,676.5,2.7,,9.95888209253588,Rain
2015-06-28,52645.0,青海,野牛沟,38.41666666666666,99.58333333333331,3314.0,2015,6,28,1.5,normal,11.6,15.4,8.9,0.82,0.67,680.5,682.8,678.4,1.8,,9.677698703210961,Rain
2015-06-29,52645.0,青海,野牛沟,38.41666666666666,99.58333333333331,3314.0,2015,6,29,2.1,normal,9.1,12.8,7.0,0.85,0.56,683.8,684.4,682.7,1.1,,7.624741577822944,Rain
2015-06-30,52645.0,青海,野牛沟,38.41666666666666,99.58333333333331,3314.0,2015,6,30,0.5,normal,11.8,19.0,7.7,0.72,0.36,684.9,685.9,683.5,4.9,,8.737166976732965,Rain
2015-07-01,52645.0,青海,野牛沟,38.41666666666666,99.58333333333331,3314.0,2015,7,1,2.9,normal,10.0,15.5,7.2,0.79,0.48,683.7,685.5,681.8,3.0,,7.852689351900035,Rain
2015-07-02,52645.0,青海,野牛沟,38.41666666666666,99.58333333333331,3314.0,2015,7,2,12.0,normal,7.1,8.7,6.4,0.87,0.76,683.3,684.7,682.3,0.2,,5.904645970206457,Rain
2015-07-03,52645.0,青海,野牛沟,38.41666666666666,99.58333333333331,3314.0,2015,7,3,2.1,normal,8.7,13.6,5.8,0.81,0.54,682.6,683.7,681.2,3.8,,6.840225056115714,Rain
2015-07-04,52645.0,青海,野牛沟,38.41666666666666,99.58333333333331,3314.0,2015,7,4,11.1,normal,7.5,11.1,3.5,0.74,0.48,683.8,685.1,681.9,1.8,,5.025114314060688,Rain
2015-07-05,52645.0,青海,野牛沟,38.41666666666666,99.58333333333331,3314.0,2015,7,5,0.2,normal,9.0,16.5,1.4,0.63,0.28,684.2,685.7,681.9,7.4,,5.224822608966924,Rain
2015-07-06,52645.0,青海,野牛沟,38.41666666666666,99.58333333333331,3314.0,2015,7,6,0.0,无,9.2,18.7,0.5,0.62,0.22,683.0,683.7,681.5,6.1,,,无
2015-07-07,52645.0,青海,野牛沟,38.41666666666666,99.58333333333331,3314.0,2015,7,7,13.7,normal,7.2,11.2,3.7,0.79,0.54,683.5,684.3,682.6,3.4,,5.237269595412557,Rain
2015-07-08,52645.0,青海,野牛沟,38.41666666666666,99.58333333333331,3314.0,2015,7,8,16.5,normal,5.3,12.0,1.9,0.84,0.5,683.9,685.4,682.6,1.1,,3.910731143434325,Rain
2015-07-09,52645.0,青海,野牛沟,38.41666666666666,99.58333333333331,3314.0,2015,7,9,0.1,normal,7.5,16.6,-0.2,0.72,0.31,686.1,687.7,684.0,6.1,,4.829518554642536,Rain
2015-07-10,52645.0,青海,野牛沟,38.41666666666666,99.58333333333331,3314.0,2015,7,10,0.0,无,11.0,20.5,1.2,0.6,0.2,682.9,684.6,680.0,6.9,,,无
2015-07-11,52645.0,青海,野牛沟,38.41666666666666,99.58333333333331,3314.0,2015,7,11,0.2,normal,12.3,19.9,6.3,0.65,0.21,680.7,681.5,678.6,7.3,,8.347088693002455,Rain
2015-07-12,52645.0,青海,野牛沟,38.41666666666666,99.58333333333331,3314.0,2015,7,12,0.9,normal,11.8,19.1,8.5,0.72,0.19,682.1,683.0,681.0,6.4,,8.732522727440465,Rain
2015-07-13,52645.0,青海,野牛沟,38.41666666666666,99.58333333333331,3314.0,2015,7,13,0.0,无,9.1,17.4,0.9,0.67,0.24,682.1,684.2,679.7,6.0,,,无
2015-07-14,52645.0,青海,野牛沟,38.41666666666666,99.58333333333331,3314.0,2015,7,14,0.0,无,7.6,16.3,0.6,0.63,0.2,683.5,684.3,681.3,7.2,,,无
2015-07-15,52645.0,青海,野牛沟,38.41666666666666,99.58333333333331,3314.0,2015,7,15,1.8,normal,5.1,12.1,-0.7,0.76,0.37,684.0,685.4,682.7,4.0,,3.0064011699811877,Rain
2015-07-16,52645.0,青海,野牛沟,38.41666666666666,99.58333333333331,3314.0,2015,7,16,4.8,normal,5.8,11.9,1.7,0.7,0.34,682.7,684.9,681.0,5.1,,3.0890967151787896,Rain
2015-07-17,52645.0,青海,野牛沟,38.41666666666666,99.58333333333331,3314.0,2015,7,17,4.7,normal,4.3,12.6,-0.2,0.81,0.39,682.9,684.0,681.6,3.5,,2.7007129326858204,Snow
2015-07-18,52645.0,青海,野牛沟,38.41666666666666,99.58333333333331,3314.0,2015,7,18,1.3,normal,4.8,13.8,-0.3,0.79,0.37,683.5,684.3,682.3,3.7,,2.995313517507623,Snow
2015-07-19,52645.0,青海,野牛沟,38.41666666666666,99.58333333333331,3314.0,2015,7,19,0.0,无,7.6,15.3,-1.5,0.68,0.35,683.3,684.6,682.3,6.0,,,无
2015-07-20,52645.0,青海,野牛沟,38.41666666666666,99.58333333333331,3314.0,2015,7,20,0.3,normal,7.0,15.1,1.9,0.76,0.4,683.9,684.4,682.6,3.6,,4.761534127624976,Rain
2015-07-21,52645.0,青海,野牛沟,38.41666666666666,99.58333333333331,3314.0,2015,7,21,0.0,无,9.5,15.3,2.8,0.67,0.38,684.2,685.0,683.1,6.3,,,无
2015-07-22,52645.0,青海,野牛沟,38.41666666666666,99.58333333333331,3314.0,2015,7,22,0.7,normal,8.0,14.1,3.2,0.71,0.4,685.5,686.6,684.4,5.4,,5.18122507196948,Rain
2015-07-23,52645.0,青海,野牛沟,38.41666666666666,99.58333333333331,3314.0,2015,7,23,0.0,无,8.8,17.7,-1.1,0.55,0.19,687.3,688.5,685.8,7.4,,,无
2015-07-24,52645.0,青海,野牛沟,38.41666666666666,99.58333333333331,3314.0,2015,7,24,0.0,无,8.9,20.5,-2.9,0.52,0.13,686.8,688.5,684.3,7.0,,,无
2015-07-25,52645.0,青海,野牛沟,38.41666666666666,99.58333333333331,3314.0,2015,7,25,0.0,无,10.6,20.6,0.2,0.59,0.19,685.0,686.3,683.4,6.9,,,无
2015-07-26,52645.0,青海,野牛沟,38.41666666666666,99.58333333333331,3314.0,2015,7,26,0.0,无,12.1,23.4,1.8,0.6,0.23,684.2,685.4,682.0,7.6,,,无
2015-07-27,52645.0,青海,野牛沟,38.41666666666666,99.58333333333331,3314.0,2015,7,27,0.0,无,12.3,22.0,3.6,0.66,0.25,683.1,684.7,680.8,6.1,,,无
2015-07-28,52645.0,青海,野牛沟,38.41666666666666,99.58333333333331,3314.0,2015,7,28,6.4,normal,11.5,21.7,3.5,0.74,0.38,683.1,684.0,681.0,6.0,,8.689953349642398,Rain
2015-07-29,52645.0,青海,野牛沟,38.41666666666666,99.58333333333331,3314.0,2015,7,29,0.1,normal,14.2,23.0,5.9,0.71,0.33,682.3,684.6,680.2,7.4,,10.79125577206636,Rain
2015-07-30,52645.0,青海,野牛沟,38.41666666666666,99.58333333333331,3314.0,2015,7,30,0.0,无,14.6,24.0,6.4,0.66,0.34,683.0,683.8,680.7,5.6,,,无
2015-07-31,52645.0,青海,野牛沟,38.41666666666666,99.58333333333331,3314.0,2015,7,31,0.0,无,13.2,22.3,3.7,0.65,0.37,684.1,685.5,682.5,6.2,,,无
2015-08-01,52645.0,青海,野牛沟,38.41666666666666,99.58333333333331,3314.0,2015,8,1,27.6,normal,12.0,20.0,6.7,0.8,0.48,685.1,687.5,682.9,6.4,,9.835781083594469,Rain
2015-08-02,52645.0,青海,野牛沟,38.41666666666666,99.58333333333331,3314.0,2015,8,2,3.7,normal,10.2,17.1,6.0,0.91,0.58,684.2,686.2,682.3,2.2,,9.295003466058112,Rain
2015-08-03,52645.0,青海,野牛沟,38.41666666666666,99.58333333333331,3314.0,2015,8,3,0.6,normal,11.1,15.2,8.3,0.66,0.46,683.8,684.5,682.8,3.6,,7.410971941682649,Rain
2015-08-04,52645.0,青海,野牛沟,38.41666666666666,99.58333333333331,3314.0,2015,8,4,0.0,无,9.3,18.2,2.0,0.63,0.26,684.0,685.2,681.8,6.3,,,无
2015-08-05,52645.0,青海,野牛沟,38.41666666666666,99.58333333333331,3314.0,2015,8,5,0.0,无,10.3,15.8,5.3,0.64,0.38,683.3,684.1,682.2,6.2,,,无
2015-08-06,52645.0,青海,野牛沟,38.41666666666666,99.58333333333331,3314.0,2015,8,6,0.0,无,9.1,16.3,1.5,0.67,0.36,683.4,684.4,681.9,4.3,,,无
2015-08-07,52645.0,青海,野牛沟,38.41666666666666,99.58333333333331,3314.0,2015,8,7,7.7,normal,9.3,13.6,6.8,0.75,0.51,684.7,685.6,682.6,4.0,,6.781639184841652,Rain
2015-08-08,52645.0,青海,野牛沟,38.41666666666666,99.58333333333331,3314.0,2015,8,8,0.6,normal,9.9,15.4,4.7,0.69,0.39,684.9,686.1,684.2,4.9,,6.681448331230411,Rain
2015-08-09,52645.0,青海,野牛沟,38.41666666666666,99.58333333333331,3314.0,2015,8,9,0.0,无,10.0,17.4,3.2,0.66,0.27,683.9,686.0,682.1,5.4,,,无
2015-08-10,52645.0,青海,野牛沟,38.41666666666666,99.58333333333331,3314.0,2015,8,10,0.0,无,9.3,18.5,0.6,0.67,0.28,684.0,684.9,682.2,7.1,,,无
2015-08-11,52645.0,青海,野牛沟,38.41666666666666,99.58333333333331,3314.0,2015,8,11,0.0,无,11.4,21.9,1.8,0.69,0.32,683.6,685.0,681.4,6.6,,,无
2015-08-12,52645.0,青海,野牛沟,38.41666666666666,99.58333333333331,3314.0,2015,8,12,7.5,normal,9.7,18.0,3.9,0.78,0.43,684.8,685.8,682.0,4.7,,7.468384121446809,Rain
2015-08-13,52645.0,青海,野牛沟,38.41666666666666,99.58333333333331,3314.0,2015,8,13,14.0,normal,8.6,14.4,3.8,0.74,0.45,685.2,686.3,683.4,5.4,,6.0353497777717235,Rain
2015-08-14,52645.0,青海,野牛沟,38.41666666666666,99.58333333333331,3314.0,2015,8,14,0.0,无,9.4,20.0,0.9,0.62,0.16,683.7,685.5,681.5,6.6,,,无
2015-08-15,52645.0,青海,野牛沟,38.41666666666666,99.58333333333331,3314.0,2015,8,15,0.0,无,10.3,18.4,3.3,0.64,0.33,682.7,683.5,681.1,5.2,,,无
2015-08-16,52645.0,青海,野牛沟,38.41666666666666,99.58333333333331,3314.0,2015,8,16,3.9,normal,7.8,14.4,5.1,0.8,0.35,684.4,686.6,682.1,4.5,,5.897276083627365,Rain
2015-08-17,52645.0,青海,野牛沟,38.41666666666666,99.58333333333331,3314.0,2015,8,17,0.0,无,7.1,17.6,0.2,0.62,0.12,683.3,684.9,680.1,6.3,,,无
2015-08-18,52645.0,青海,野牛沟,38.41666666666666,99.58333333333331,3314.0,2015,8,18,0.0,无,5.7,14.3,-2.1,0.58,0.23,685.5,686.4,682.0,6.3,,,无
2015-08-19,52645.0,青海,野牛沟,38.41666666666666,99.58333333333331,3314.0,2015,8,19,0.0,无,4.6,11.6,-1.8,0.69,0.36,688.6,689.7,686.1,3.9,,,无
2015-08-20,52645.0,青海,野牛沟,38.41666666666666,99.58333333333331,3314.0,2015,8,20,0.0,无,6.1,13.1,-0.1,0.71,0.34,688.5,690.0,685.9,3.9,,,无
2015-08-21,52645.0,青海,野牛沟,38.41666666666666,99.58333333333331,3314.0,2015,8,21,0.0,无,4.6,13.9,-3.6,0.66,0.23,686.9,688.9,684.3,4.6,,,无
2015-08-22,52645.0,青海,野牛沟,38.41666666666666,99.58333333333331,3314.0,2015,8,22,0.5,normal,4.2,14.3,-3.2,0.7,0.27,684.4,686.2,682.0,4.0,,1.6473762130893066,Rain
2015-08-23,52645.0,青海,野牛沟,38.41666666666666,99.58333333333331,3314.0,2015,8,23,0.0,无,5.9,16.9,-3.8,0.63,0.21,682.1,684.2,680.0,5.5,,,无
2015-08-24,52645.0,青海,野牛沟,38.41666666666666,99.58333333333331,3314.0,2015,8,24,3.7,normal,6.1,16.7,-0.8,0.73,0.33,682.9,684.7,680.8,4.5,,3.645842164370605,Rain
2015-08-25,52645.0,青海,野牛沟,38.41666666666666,99.58333333333331,3314.0,2015,8,25,0.0,无,9.4,16.3,3.0,0.68,0.38,683.4,685.2,682.1,5.1,,,无
2015-08-26,52645.0,青海,野牛沟,38.41666666666666,99.58333333333331,3314.0,2015,8,26,0.0,无,8.3,16.4,0.6,0.73,0.36,683.4,684.3,681.3,4.0,,,无
2015-08-27,52645.0,青海,野牛沟,38.41666666666666,99.58333333333331,3314.0,2015,8,27,12.1,normal,6.9,10.5,4.4,0.81,0.62,686.6,687.5,683.6,2.1,,5.15116234270971,Rain
2015-08-28,52645.0,青海,野牛沟,38.41666666666666,99.58333333333331,3314.0,2015,8,28,0.0,无,7.3,16.2,1.0,0.77,0.3,685.3,688.1,682.6,4.8,,,无
2015-08-29,52645.0,青海,野牛沟,38.41666666666666,99.58333333333331,3314.0,2015,8,29,0.8,normal,7.8,17.4,3.6,0.78,0.38,684.4,685.9,682.8,3.6,,5.699866697865166,Rain
2015-08-30,52645.0,青海,野牛沟,38.41666666666666,99.58333333333331,3314.0,2015,8,30,0.5,normal,7.0,15.9,-0.4,0.72,0.4,685.4,686.5,683.7,4.8,,4.373671739449949,Rain
2015-08-31,52645.0,青海,野牛沟,38.41666666666666,99.58333333333331,3314.0,2015,8,31,0.5,normal,8.1,14.0,3.8,0.76,0.48,684.8,686.2,682.6,3.7,,5.778728269492404,Rain
2015-09-01,52645.0,青海,野牛沟,38.41666666666666,99.58333333333331,3314.0,2015,9,1,0.8,normal,8.3,16.9,2.4,0.77,0.41,682.9,684.1,680.8,4.9,,6.062172815581701,Rain
2015-09-02,52645.0,青海,野牛沟,38.41666666666666,99.58333333333331,3314.0,2015,9,2,8.0,normal,8.5,11.7,6.8,0.86,0.71,682.4,684.1,680.8,2.1,,7.1500746849607255,Rain
2015-09-03,52645.0,青海,野牛沟,38.41666666666666,99.58333333333331,3314.0,2015,9,3,6.5,normal,9.1,15.5,5.1,0.76,0.43,681.5,682.8,680.4,3.6,,6.69763186894532,Rain
2015-09-04,52645.0,青海,野牛沟,38.41666666666666,99.58333333333331,3314.0,2015,9,4,0.0,无,8.5,17.6,2.9,0.67,0.21,685.3,686.5,681.7,4.7,,,无
2015-09-05,52645.0,青海,野牛沟,38.41666666666666,99.58333333333331,3314.0,2015,9,5,0.0,无,8.9,17.5,2.8,0.68,0.28,686.6,688.1,684.0,4.6,,,无
2015-09-06,52645.0,青海,野牛沟,38.41666666666666,99.58333333333331,3314.0,2015,9,6,4.5,normal,7.9,16.0,1.2,0.75,0.42,684.9,686.5,681.9,3.1,,5.4939485056314785,Rain
2015-09-07,52645.0,青海,野牛沟,38.41666666666666,99.58333333333331,3314.0,2015,9,7,6.3,normal,7.1,9.2,5.4,0.85,0.71,682.5,684.7,681.4,1.4,,5.7155815809262345,Rain
2015-09-08,52645.0,青海,野牛沟,38.41666666666666,99.58333333333331,3314.0,2015,9,8,14.7,normal,4.4,8.0,0.6,0.86,0.65,684.4,685.2,682.1,1.6,,3.226743729279291,Snow
2015-09-09,52645.0,青海,野牛沟,38.41666666666666,99.58333333333331,3314.0,2015,9,9,3.7,normal,5.7,9.6,3.8,0.88,0.68,686.1,687.3,683.8,1.7,,4.651119911919133,Rain
2015-09-10,52645.0,青海,野牛沟,38.41666666666666,99.58333333333331,3314.0,2015,9,10,4.8,normal,4.7,9.1,2.7,0.8,0.62,688.4,689.3,685.6,2.8,,2.9955276258710173,Snow
2015-09-11,52645.0,青海,野牛沟,38.41666666666666,99.58333333333331,3314.0,2015,9,11,2.3,normal,2.7,6.7,0.8,0.78,0.52,690.1,690.9,688.5,2.7,,0.9588939711384681,Snow
2015-09-12,52645.0,青海,野牛沟,38.41666666666666,99.58333333333331,3314.0,2015,9,12,0.0,无,3.6,8.9,-1.3,0.61,0.25,688.2,691.4,685.8,4.3,,,无
2015-09-13,52645.0,青海,野牛沟,38.41666666666666,99.58333333333331,3314.0,2015,9,13,0.0,无,3.1,14.1,-5.2,0.63,0.23,686.3,688.5,683.5,4.4,,,无
2015-09-14,52645.0,青海,野牛沟,38.41666666666666,99.58333333333331,3314.0,2015,9,14,0.0,无,4.6,16.5,-4.3,0.6,0.16,684.0,685.3,681.5,4.9,,,无
2015-09-15,52645.0,青海,野牛沟,38.41666666666666,99.58333333333331,3314.0,2015,9,15,0.0,无,4.8,14.9,-3.4,0.69,0.31,684.1,685.2,681.5,3.4,,,无
2015-09-16,52645.0,青海,野牛沟,38.41666666666666,99.58333333333331,3314.0,2015,9,16,13.3,normal,4.7,12.0,1.8,0.81,0.37,684.9,685.7,682.4,4.5,,3.0793204253770012,Snow
2015-09-17,52645.0,青海,野牛沟,38.41666666666666,99.58333333333331,3314.0,2015,9,17,1.3,normal,4.9,11.2,1.2,0.75,0.39,686.7,687.7,685.0,3.3,,2.735718044207265,Rain
2015-09-18,52645.0,青海,野牛沟,38.41666666666666,99.58333333333331,3314.0,2015,9,18,0.0,无,5.9,13.7,-0.8,0.7,0.31,686.3,687.5,684.4,4.4,,,无
2015-09-19,52645.0,青海,野牛沟,38.41666666666666,99.58333333333331,3314.0,2015,9,19,0.0,无,4.8,13.6,-0.3,0.73,0.23,685.5,687.3,682.7,3.3,,,无
2015-09-20,52645.0,青海,野牛沟,38.41666666666666,99.58333333333331,3314.0,2015,9,20,0.0,无,5.2,15.7,-2.4,0.66,0.21,681.6,684.0,678.9,3.8,,,无
2015-09-21,52645.0,青海,野牛沟,38.41666666666666,99.58333333333331,3314.0,2015,9,21,4.6,normal,1.9,9.6,-2.5,0.8,0.41,680.8,682.4,679.3,2.0,,0.3599069082843842,Snow
2015-09-22,52645.0,青海,野牛沟,38.41666666666666,99.58333333333331,3314.0,2015,9,22,0.3,normal,2.8,10.7,-1.9,0.72,0.4,682.7,685.0,679.8,2.3,,0.5461758647054848,Snow
2015-09-23,52645.0,青海,野牛沟,38.41666666666666,99.58333333333331,3314.0,2015,9,23,0.0,无,2.6,7.2,-1.8,0.74,0.53,680.5,681.9,679.8,2.0,,,无
2015-09-24,52645.0,青海,野牛沟,38.41666666666666,99.58333333333331,3314.0,2015,9,24,0.0,无,2.8,9.8,-2.9,0.7,0.25,681.3,682.5,679.8,3.0,,,无
2015-09-25,52645.0,青海,野牛沟,38.41666666666666,99.58333333333331,3314.0,2015,9,25,0.0,无,1.6,10.9,-5.3,0.71,0.27,680.9,682.8,678.2,3.1,,,无
2015-09-26,52645.0,青海,野牛沟,38.41666666666666,99.58333333333331,3314.0,2015,9,26,0.0,无,2.7,10.7,-2.3,0.75,0.39,682.1,683.5,680.3,3.2,,,无
2015-09-27,52645.0,青海,野牛沟,38.41666666666666,99.58333333333331,3314.0,2015,9,27,4.2,normal,2.0,6.6,-0.5,0.83,0.55,682.6,683.4,681.3,1.8,,0.6922627727061537,Snow
2015-09-28,52645.0,青海,野牛沟,38.41666666666666,99.58333333333331,3314.0,2015,9,28,1.3,normal,3.9,6.8,1.0,0.85,0.67,682.6,684.7,680.8,1.1,,2.662537606212152,Snow
2015-09-29,52645.0,青海,野牛沟,38.41666666666666,99.58333333333331,3314.0,2015,9,29,0.3,normal,6.2,15.1,-1.3,0.72,0.3,683.9,685.9,681.2,3.9,,3.6435579785321925,Rain
2015-09-30,52645.0,青海,野牛沟,38.41666666666666,99.58333333333331,3314.0,2015,9,30,0.0,无,3.7,12.6,0.8,0.57,0.09,687.5,692.8,683.2,9.2,,,无
2015-10-01,52645.0,青海,野牛沟,38.41666666666666,99.58333333333331,3314.0,2015,10,1,0.0,无,-0.5,13.1,-10.0,0.5,0.1,689.3,694.1,684.3,4.4,,,无
2015-10-02,52645.0,青海,野牛沟,38.41666666666666,99.58333333333331,3314.0,2015,10,2,0.0,无,1.3,12.5,-7.2,0.52,0.18,685.2,686.4,682.6,4.1,,,无
2015-10-03,52645.0,青海,野牛沟,38.41666666666666,99.58333333333331,3314.0,2015,10,3,0.0,无,1.2,12.3,-6.4,0.53,0.13,686.2,687.4,683.3,3.8,,,无
2015-10-04,52645.0,青海,野牛沟,38.41666666666666,99.58333333333331,3314.0,2015,10,4,0.0,无,0.4,12.2,-8.5,0.52,0.1,688.4,690.3,686.2,4.2,,,无
2015-10-05,52645.0,青海,野牛沟,38.41666666666666,99.58333333333331,3314.0,2015,10,5,1.0,normal,0.0,13.9,-6.9,0.68,0.26,687.0,689.5,682.5,3.2,,-2.2982920066785217,Snow
2015-10-06,52645.0,青海,野牛沟,38.41666666666666,99.58333333333331,3314.0,2015,10,6,0.3,normal,2.6,10.4,-5.0,0.67,0.27,687.1,688.3,685.3,2.1,,-0.04392476982488791,Snow
2015-10-07,52645.0,青海,野牛沟,38.41666666666666,99.58333333333331,3314.0,2015,10,7,0.0,无,0.8,11.8,-6.9,0.59,0.21,687.0,688.0,684.1,4.2,,,无
2015-10-08,52645.0,青海,野牛沟,38.41666666666666,99.58333333333331,3314.0,2015,10,8,0.0,无,-0.8,9.2,-7.9,0.53,0.11,688.0,689.6,685.8,4.0,,,无
2015-10-09,52645.0,青海,野牛沟,38.41666666666666,99.58333333333331,3314.0,2015,10,9,0.0,无,-1.8,9.3,-9.8,0.49,0.09,686.7,688.1,683.8,4.0,,,无
2015-10-10,52645.0,青海,野牛沟,38.41666666666666,99.58333333333331,3314.0,2015,10,10,0.0,无,-2.0,8.1,-9.9,0.51,0.1,687.7,689.2,685.8,3.4,,,无
2015-10-11,52645.0,青海,野牛沟,38.41666666666666,99.58333333333331,3314.0,2015,10,11,2.4,normal,-1.5,8.0,-7.8,0.7,0.23,686.8,688.1,684.5,3.3,,-3.512819232942719,Snow
2015-10-12,52645.0,青海,野牛沟,38.41666666666666,99.58333333333331,3314.0,2015,10,12,5.4,normal,-4.1,4.9,-10.2,0.78,0.31,685.9,687.4,683.8,2.4,,-5.399638179687352,Snow
2015-10-13,52645.0,青海,野牛沟,38.41666666666666,99.58333333333331,3314.0,2015,10,13,0.0,无,-1.9,9.1,-10.1,0.56,0.13,686.5,687.7,684.9,3.2,,,无
2015-10-14,52645.0,青海,野牛沟,38.41666666666666,99.58333333333331,3314.0,2015,10,14,0.0,无,-1.2,12.6,-9.4,0.57,0.14,687.3,688.7,685.4,3.2,,,无
2015-10-15,52645.0,青海,野牛沟,38.41666666666666,99.58333333333331,3314.0,2015,10,15,0.0,无,1.2,15.6,-8.2,0.55,0.1,685.6,687.8,682.4,3.7,,,无
2015-10-16,52645.0,青海,野牛沟,38.41666666666666,99.58333333333331,3314.0,2015,10,16,0.0,无,1.5,9.6,-5.8,0.52,0.24,685.2,686.8,683.3,2.3,,,无
2015-10-17,52645.0,青海,野牛沟,38.41666666666666,99.58333333333331,3314.0,2015,10,17,0.0,无,1.8,12.1,-6.8,0.53,0.14,687.4,689.3,685.0,3.4,,,无
2015-10-18,52645.0,青海,野牛沟,38.41666666666666,99.58333333333331,3314.0,2015,10,18,0.0,无,1.0,13.0,-8.1,0.52,0.13,686.8,689.2,684.1,3.2,,,无
2015-10-19,52645.0,青海,野牛沟,38.41666666666666,99.58333333333331,3314.0,2015,10,19,0.0,无,2.0,14.1,-7.5,0.49,0.11,683.5,685.5,680.6,4.2,,,无
2015-10-20,52645.0,青海,野牛沟,38.41666666666666,99.58333333333331,3314.0,2015,10,20,0.0,无,1.4,16.4,-8.4,0.51,0.14,679.7,682.9,674.9,4.5,,,无
2015-10-21,52645.0,青海,野牛沟,38.41666666666666,99.58333333333331,3314.0,2015,10,21,0.0,无,-0.3,5.8,-4.9,0.68,0.38,681.0,682.6,676.5,2.7,,,无
2015-10-22,52645.0,青海,野牛沟,38.41666666666666,99.58333333333331,3314.0,2015,10,22,0.0,无,0.9,7.6,-4.3,0.7,0.37,682.6,684.1,680.4,2.3,,,无
2015-10-23,52645.0,青海,野牛沟,38.41666666666666,99.58333333333331,3314.0,2015,10,23,0.0,无,0.6,9.8,-7.1,0.64,0.21,681.9,683.4,679.5,2.2,,,无
2015-10-24,52645.0,青海,野牛沟,38.41666666666666,99.58333333333331,3314.0,2015,10,24,0.7,normal,0.5,7.7,-4.6,0.81,0.39,681.8,683.7,679.1,0.9,,-0.8795641262755494,Snow
2015-10-25,52645.0,青海,野牛沟,38.41666666666666,99.58333333333331,3314.0,2015,10,25,0.4,normal,-1.1,4.4,-5.7,0.81,0.61,682.5,683.4,680.4,1.4,,-2.388044717205795,Snow
2015-10-26,52645.0,青海,野牛沟,38.41666666666666,99.58333333333331,3314.0,2015,10,26,1.2,normal,-5.1,4.2,-12.2,0.65,0.18,685.6,688.1,683.5,2.2,,-7.088586329393638,Snow
2015-10-27,52645.0,青海,野牛沟,38.41666666666666,99.58333333333331,3314.0,2015,10,27,0.0,无,-4.6,7.0,-12.7,0.52,0.13,682.6,685.0,679.6,2.5,,,无
2015-10-28,52645.0,青海,野牛沟,38.41666666666666,99.58333333333331,3314.0,2015,10,28,0.0,无,-3.4,8.5,-11.5,0.57,0.12,681.1,682.5,678.5,2.7,,,无
2015-10-29,52645.0,青海,野牛沟,38.41666666666666,99.58333333333331,3314.0,2015,10,29,0.0,无,-4.3,4.0,-11.0,0.61,0.38,683.3,684.8,681.3,1.7,,,无
2015-10-30,52645.0,青海,野牛沟,38.41666666666666,99.58333333333331,3314.0,2015,10,30,1.8,normal,-5.6,-2.0,-8.4,0.74,0.47,684.8,688.4,681.5,1.5,,-7.0322344907710255,Snow
2015-10-31,52645.0,青海,野牛沟,38.41666666666666,99.58333333333331,3314.0,2015,10,31,0.3,normal,-13.6,-3.4,-21.6,0.59,0.29,690.2,691.2,688.5,2.1,,-15.037656468509958,Snow
2015-11-01,52645.0,青海,野牛沟,38.41666666666666,99.58333333333331,3314.0,2015,11,1,0.0,无,-7.8,5.0,-15.2,0.6,0.3,687.4,690.4,684.3,2.5,,,无
2015-11-02,52645.0,青海,野牛沟,38.41666666666666,99.58333333333331,3314.0,2015,11,2,0.0,无,-3.9,10.6,-12.9,0.61,0.23,681.7,685.6,677.9,2.5,,,无
2015-11-03,52645.0,青海,野牛沟,38.41666666666666,99.58333333333331,3314.0,2015,11,3,0.0,无,-1.7,8.2,-9.8,0.6,0.26,680.3,682.3,678.6,2.0,,,无
2015-11-04,52645.0,青海,野牛沟,38.41666666666666,99.58333333333331,3314.0,2015,11,4,0.0,无,-3.0,3.6,-7.1,0.76,0.39,680.1,681.3,678.6,1.3,,,无
2015-11-05,52645.0,青海,野牛沟,38.41666666666666,99.58333333333331,3314.0,2015,11,5,2.4,normal,-3.1,5.2,-7.3,0.78,0.5,676.2,679.4,674.0,1.0,,-4.4738612496638686,Snow
2015-11-06,52645.0,青海,野牛沟,38.41666666666666,99.58333333333331,3314.0,2015,11,6,0.0,无,-1.1,3.6,-5.1,0.73,0.49,677.6,679.2,675.8,1.6,,,无
2015-11-07,52645.0,青海,野牛沟,38.41666666666666,99.58333333333331,3314.0,2015,11,7,1.5,normal,-3.8,0.5,-5.8,0.81,0.59,680.6,682.0,679.2,1.4,,-4.941007741599868,Snow
2015-11-08,52645.0,青海,野牛沟,38.41666666666666,99.58333333333331,3314.0,2015,11,8,0.0,无,-7.0,3.2,-15.3,0.64,0.22,683.2,685.2,682.0,1.7,,,无
2015-11-09,52645.0,青海,野牛沟,38.41666666666666,99.58333333333331,3314.0,2015,11,9,0.0,无,-6.5,4.4,-13.4,0.59,0.23,683.3,684.9,681.3,2.0,,,无
2015-11-10,52645.0,青海,野牛沟,38.41666666666666,99.58333333333331,3314.0,2015,11,10,0.0,无,-6.4,4.0,-14.3,0.56,0.2,681.7,683.7,679.2,1.9,,,无
2015-11-11,52645.0,青海,野牛沟,38.41666666666666,99.58333333333331,3314.0,2015,11,11,0.0,无,-6.9,3.8,-12.8,0.58,0.18,682.0,683.2,680.5,1.6,,,无
2015-11-12,52645.0,青海,野牛沟,38.41666666666666,99.58333333333331,3314.0,2015,11,12,0.0,无,-7.2,3.8,-14.7,0.58,0.21,682.0,683.8,680.3,1.8,,,无
2015-11-13,52645.0,青海,野牛沟,38.41666666666666,99.58333333333331,3314.0,2015,11,13,0.0,无,-6.0,7.4,-15.1,0.54,0.12,679.1,682.1,675.5,2.1,,,无
2015-11-14,52645.0,青海,野牛沟,38.41666666666666,99.58333333333331,3314.0,2015,11,14,0.0,无,-4.7,5.9,-12.4,0.53,0.16,678.0,678.8,676.1,2.1,,,无
2015-11-15,52645.0,青海,野牛沟,38.41666666666666,99.58333333333331,3314.0,2015,11,15,0.0,无,-6.1,4.3,-13.0,0.51,0.14,678.5,679.9,676.4,2.8,,,无
2015-11-16,52645.0,青海,野牛沟,38.41666666666666,99.58333333333331,3314.0,2015,11,16,0.0,无,-7.9,3.1,-17.4,0.48,0.18,677.1,678.9,674.6,2.0,,,无
2015-11-17,52645.0,青海,野牛沟,38.41666666666666,99.58333333333331,3314.0,2015,11,17,0.0,无,-3.0,2.5,-8.7,0.42,0.12,678.3,679.9,676.7,2.8,,,无
2015-11-18,52645.0,青海,野牛沟,38.41666666666666,99.58333333333331,3314.0,2015,11,18,0.0,无,-2.4,3.0,-8.5,0.32,0.16,677.9,679.0,676.9,3.7,,,无
2015-11-19,52645.0,青海,野牛沟,38.41666666666666,99.58333333333331,3314.0,2015,11,19,0.0,无,-0.9,6.0,-8.3,0.33,0.18,679.3,680.7,678.2,4.1,,,无
2015-11-20,52645.0,青海,野牛沟,38.41666666666666,99.58333333333331,3314.0,2015,11,20,0.0,无,-3.0,7.1,-10.5,0.5,0.21,680.1,681.7,679.0,2.8,,,无
2015-11-21,52645.0,青海,野牛沟,38.41666666666666,99.58333333333331,3314.0,2015,11,21,0.0,无,-4.9,6.0,-13.2,0.58,0.24,680.4,681.6,678.3,1.7,,,无
2015-11-22,52645.0,青海,野牛沟,38.41666666666666,99.58333333333331,3314.0,2015,11,22,0.0,无,-4.6,5.4,-13.4,0.54,0.2,681.3,682.4,679.6,2.5,,,无
2015-11-23,52645.0,青海,野牛沟,38.41666666666666,99.58333333333331,3314.0,2015,11,23,0.0,无,-6.9,1.3,-13.2,0.58,0.34,681.0,682.3,678.9,1.7,,,无
2015-11-24,52645.0,青海,野牛沟,38.41666666666666,99.58333333333331,3314.0,2015,11,24,0.0,无,-8.8,-0.7,-15.8,0.56,0.14,683.9,685.6,682.2,3.3,,,无
2015-11-25,52645.0,青海,野牛沟,38.41666666666666,99.58333333333331,3314.0,2015,11,25,0.0,无,-7.1,1.8,-13.4,0.37,0.14,684.9,686.5,683.0,3.2,,,无
2015-11-26,52645.0,青海,野牛沟,38.41666666666666,99.58333333333331,3314.0,2015,11,26,0.0,无,-11.1,0.6,-19.5,0.45,0.14,682.6,685.7,679.5,2.2,,,无
2015-11-27,52645.0,青海,野牛沟,38.41666666666666,99.58333333333331,3314.0,2015,11,27,0.0,无,-11.5,0.5,-19.9,0.44,0.13,681.2,682.3,679.2,1.9,,,无
2015-11-28,52645.0,青海,野牛沟,38.41666666666666,99.58333333333331,3314.0,2015,11,28,0.0,无,-10.9,1.2,-19.6,0.44,0.15,682.3,683.8,680.8,1.9,,,无
2015-11-29,52645.0,青海,野牛沟,38.41666666666666,99.58333333333331,3314.0,2015,11,29,0.0,无,-10.6,2.6,-20.1,0.4,0.09,682.6,684.0,680.8,1.9,,,无
2015-11-30,52645.0,青海,野牛沟,38.41666666666666,99.58333333333331,3314.0,2015,11,30,0.0,无,-8.7,3.2,-19.1,0.41,0.13,680.3,682.9,676.6,2.7,,,无
2015-12-01,52645.0,青海,野牛沟,38.41666666666666,99.58333333333331,3314.0,2015,12,1,0.0,无,-8.9,-1.6,-14.9,0.38,0.14,680.8,683.2,679.2,3.9,,,无
2015-12-02,52645.0,青海,野牛沟,38.41666666666666,99.58333333333331,3314.0,2015,12,2,0.0,无,-12.1,-0.3,-21.1,0.34,0.06,683.5,684.9,681.4,2.7,,,无
2015-12-03,52645.0,青海,野牛沟,38.41666666666666,99.58333333333331,3314.0,2015,12,3,0.0,无,-13.4,-0.1,-21.8,0.4,0.12,682.6,683.8,680.4,1.8,,,无
2015-12-04,52645.0,青海,野牛沟,38.41666666666666,99.58333333333331,3314.0,2015,12,4,0.0,无,-12.0,-0.9,-20.4,0.44,0.17,680.6,683.0,678.0,1.3,,,无
2015-12-05,52645.0,青海,野牛沟,38.41666666666666,99.58333333333331,3314.0,2015,12,5,0.0,无,-11.7,-1.4,-19.0,0.49,0.18,680.6,682.1,679.2,1.5,,,无
2015-12-06,52645.0,青海,野牛沟,38.41666666666666,99.58333333333331,3314.0,2015,12,6,0.0,无,-9.8,2.2,-18.4,0.46,0.13,681.3,682.7,679.4,2.1,,,无
2015-12-07,52645.0,青海,野牛沟,38.41666666666666,99.58333333333331,3314.0,2015,12,7,0.0,无,-11.2,2.3,-20.0,0.48,0.18,682.1,684.2,679.5,1.6,,,无
2015-12-08,52645.0,青海,野牛沟,38.41666666666666,99.58333333333331,3314.0,2015,12,8,0.0,无,-8.9,2.1,-17.1,0.45,0.14,679.4,680.5,677.7,2.5,,,无
2015-12-09,52645.0,青海,野牛沟,38.41666666666666,99.58333333333331,3314.0,2015,12,9,0.0,无,-10.2,1.8,-18.0,0.44,0.17,678.7,679.7,677.3,2.1,,,无
2015-12-10,52645.0,青海,野牛沟,38.41666666666666,99.58333333333331,3314.0,2015,12,10,0.0,无,-11.9,1.4,-20.6,0.48,0.15,677.1,679.9,674.6,1.6,,,无
2015-12-11,52645.0,青海,野牛沟,38.41666666666666,99.58333333333331,3314.0,2015,12,11,0.0,无,-10.8,2.3,-20.8,0.45,0.16,673.8,676.2,671.1,1.6,,,无
2015-12-12,52645.0,青海,野牛沟,38.41666666666666,99.58333333333331,3314.0,2015,12,12,0.0,无,-10.4,-4.9,-14.8,0.59,0.3,674.3,677.2,672.4,1.6,,,无
2015-12-13,52645.0,青海,野牛沟,38.41666666666666,99.58333333333331,3314.0,2015,12,13,0.4,normal,-14.0,-8.9,-18.7,0.67,0.37,678.1,679.2,676.2,1.0,,-15.140256473161905,Snow
2015-12-14,52645.0,青海,野牛沟,38.41666666666666,99.58333333333331,3314.0,2015,12,14,0.0,无,-19.8,-9.8,-26.7,0.55,0.2,681.1,682.9,678.4,1.3,,,无
2015-12-15,52645.0,青海,野牛沟,38.41666666666666,99.58333333333331,3314.0,2015,12,15,0.0,无,-20.1,-8.3,-27.5,0.51,0.18,682.9,684.5,681.5,1.2,,,无
2015-12-16,52645.0,青海,野牛沟,38.41666666666666,99.58333333333331,3314.0,2015,12,16,0.0,无,-21.0,-7.9,-28.7,0.54,0.23,681.3,684.2,678.4,1.2,,,无
2015-12-17,52645.0,青海,野牛沟,38.41666666666666,99.58333333333331,3314.0,2015,12,17,0.0,无,-18.5,-8.1,-27.8,0.49,0.19,678.4,679.6,676.7,1.3,,,无
2015-12-18,52645.0,青海,野牛沟,38.41666666666666,99.58333333333331,3314.0,2015,12,18,0.0,无,-19.9,-7.9,-27.9,0.52,0.22,678.6,680.3,675.8,1.3,,,无
2015-12-19,52645.0,青海,野牛沟,38.41666666666666,99.58333333333331,3314.0,2015,12,19,0.0,无,-20.3,-8.3,-28.4,0.48,0.17,677.6,679.1,675.7,1.0,,,无
2015-12-20,52645.0,青海,野牛沟,38.41666666666666,99.58333333333331,3314.0,2015,12,20,0.0,无,-18.9,-5.4,-27.5,0.45,0.16,674.5,677.3,671.3,1.4,,,无
2015-12-21,52645.0,青海,野牛沟,38.41666666666666,99.58333333333331,3314.0,2015,12,21,0.0,无,-15.5,-3.4,-25.5,0.46,0.14,675.3,677.4,673.4,1.4,,,无
2015-12-22,52645.0,青海,野牛沟,38.41666666666666,99.58333333333331,3314.0,2015,12,22,0.0,无,-14.9,-2.7,-23.8,0.46,0.13,676.0,677.7,674.3,1.6,,,无
2015-12-23,52645.0,青海,野牛沟,38.41666666666666,99.58333333333331,3314.0,2015,12,23,0.0,无,-14.6,-4.1,-21.2,0.44,0.15,677.4,679.1,675.8,1.7,,,无
2015-12-24,52645.0,青海,野牛沟,38.41666666666666,99.58333333333331,3314.0,2015,12,24,0.0,无,-17.7,-6.9,-25.3,0.47,0.13,682.1,684.1,679.1,1.5,,,无
2015-12-25,52645.0,青海,野牛沟,38.41666666666666,99.58333333333331,3314.0,2015,12,25,0.0,无,-18.6,-5.5,-27.1,0.41,0.12,681.2,683.4,678.5,1.5,,,无
2015-12-26,52645.0,青海,野牛沟,38.41666666666666,99.58333333333331,3314.0,2015,12,26,0.0,无,-18.5,-4.4,-27.3,0.39,0.1,679.4,681.0,678.2,2.0,,,无
2015-12-27,52645.0,青海,野牛沟,38.41666666666666,99.58333333333331,3314.0,2015,12,27,0.0,无,-17.6,-3.4,-26.7,0.39,0.11,682.0,683.5,679.8,1.3,,,无
2015-12-28,52645.0,青海,野牛沟,38.41666666666666,99.58333333333331,3314.0,2015,12,28,0.0,无,-15.5,-3.0,-23.8,0.43,0.16,683.9,685.3,682.1,1.8,,,无
2015-12-29,52645.0,青海,野牛沟,38.41666666666666,99.58333333333331,3314.0,2015,12,29,0.0,无,-16.4,-3.8,-25.4,0.46,0.16,684.8,686.8,682.5,1.2,,,无
2015-12-30,52645.0,青海,野牛沟,38.41666666666666,99.58333333333331,3314.0,2015,12,30,0.0,无,-17.3,-2.2,-26.4,0.42,0.12,684.2,686.2,681.6,1.4,,,无
2015-12-31,52645.0,青海,野牛沟,38.41666666666666,99.58333333333331,3314.0,2015,12,31,0.0,无,-17.3,-2.3,-26.4,0.39,0.09,683.1,684.7,681.6,1.5,,,无
2016-01-01,52645.0,青海,野牛沟,38.41666666666666,99.58333333333331,3314.0,2016,1,1,0.0,无,-16.0,-0.2,-26.2,0.39,0.1,682.7,684.8,680.0,1.8,,,无
2016-01-02,52645.0,青海,野牛沟,38.41666666666666,99.58333333333331,3314.0,2016,1,2,0.0,无,-12.7,-1.6,-23.0,0.36,0.14,680.6,682.3,677.6,1.8,,,无
2016-01-03,52645.0,青海,野牛沟,38.41666666666666,99.58333333333331,3314.0,2016,1,3,0.0,无,-11.4,-2.1,-21.8,0.38,0.18,679.6,681.6,676.9,1.9,,,无
2016-01-04,52645.0,青海,野牛沟,38.41666666666666,99.58333333333331,3314.0,2016,1,4,0.0,无,-14.7,-2.9,-22.7,0.52,0.16,677.9,679.5,675.3,1.8,,,无
2016-01-05,52645.0,青海,野牛沟,38.41666666666666,99.58333333333331,3314.0,2016,1,5,0.0,无,-15.9,-2.6,-24.5,0.47,0.15,676.5,677.6,674.2,2.1,,,无
2016-01-06,52645.0,青海,野牛沟,38.41666666666666,99.58333333333331,3314.0,2016,1,6,0.0,无,-16.1,-5.8,-24.3,0.49,0.27,680.1,682.1,676.8,1.1,,,无
2016-01-07,52645.0,青海,野牛沟,38.41666666666666,99.58333333333331,3314.0,2016,1,7,0.0,无,-16.0,-1.6,-25.1,0.47,0.11,680.6,682.2,678.4,1.6,,,无
2016-01-08,52645.0,青海,野牛沟,38.41666666666666,99.58333333333331,3314.0,2016,1,8,0.0,无,-16.9,-2.5,-26.5,0.37,0.09,677.8,680.2,675.0,1.4,,,无
2016-01-09,52645.0,青海,野牛沟,38.41666666666666,99.58333333333331,3314.0,2016,1,9,0.0,无,-16.0,-1.9,-25.9,0.38,0.1,677.1,678.8,675.2,1.6,,,无
2016-01-10,52645.0,青海,野牛沟,38.41666666666666,99.58333333333331,3314.0,2016,1,10,0.0,无,-16.4,-8.3,-24.7,0.43,0.24,677.6,679.3,676.1,1.1,,,无
2016-01-11,52645.0,青海,野牛沟,38.41666666666666,99.58333333333331,3314.0,2016,1,11,1.3,normal,-17.2,-9.2,-25.1,0.71,0.31,674.6,677.0,672.3,1.2,,-18.01495300648898,Snow
2016-01-12,52645.0,青海,野牛沟,38.41666666666666,99.58333333333331,3314.0,2016,1,12,0.0,无,-21.5,-11.1,-29.9,0.68,0.37,677.0,678.5,675.6,0.8,,,无
2016-01-13,52645.0,青海,野牛沟,38.41666666666666,99.58333333333331,3314.0,2016,1,13,0.0,无,-21.6,-7.6,-30.0,0.56,0.25,676.8,678.3,674.7,1.2,,,无
2016-01-14,52645.0,青海,野牛沟,38.41666666666666,99.58333333333331,3314.0,2016,1,14,0.0,无,-21.1,-7.4,-30.6,0.48,0.16,676.6,678.7,674.7,1.2,,,无
2016-01-15,52645.0,青海,野牛沟,38.41666666666666,99.58333333333331,3314.0,2016,1,15,0.0,无,-17.0,-3.9,-26.2,0.48,0.22,671.6,675.0,668.5,1.8,,,无
2016-01-16,52645.0,青海,野牛沟,38.41666666666666,99.58333333333331,3314.0,2016,1,16,0.0,无,-16.2,-5.5,-26.4,0.5,0.16,672.7,674.0,670.6,1.8,,,无
2016-01-17,52645.0,青海,野牛沟,38.41666666666666,99.58333333333331,3314.0,2016,1,17,0.0,无,-12.4,-4.3,-18.5,0.47,0.19,673.5,675.0,671.8,2.7,,,无
2016-01-18,52645.0,青海,野牛沟,38.41666666666666,99.58333333333331,3314.0,2016,1,18,0.0,无,-14.7,-3.0,-23.8,0.49,0.23,674.7,676.5,672.7,1.4,,,无
2016-01-19,52645.0,青海,野牛沟,38.41666666666666,99.58333333333331,3314.0,2016,1,19,0.5,normal,-15.0,-7.3,-22.6,0.58,0.34,673.6,676.0,671.4,1.0,,-16.37178723270224,Snow
2016-01-20,52645.0,青海,野牛沟,38.41666666666666,99.58333333333331,3314.0,2016,1,20,0.7,normal,-15.9,-9.1,-20.6,0.6,0.19,675.1,676.6,673.8,1.4,,-17.12891101225255,Snow
2016-01-21,52645.0,青海,野牛沟,38.41666666666666,99.58333333333331,3314.0,2016,1,21,0.0,无,-16.9,-9.3,-24.9,0.5,0.3,672.6,675.4,670.0,1.0,,,无
2016-01-22,52645.0,青海,野牛沟,38.41666666666666,99.58333333333331,3314.0,2016,1,22,0.4,normal,-21.1,-14.9,-25.1,0.45,0.21,678.8,681.0,674.5,1.2,,-22.27054400294471,Snow
2016-01-23,52645.0,青海,野牛沟,38.41666666666666,99.58333333333331,3314.0,2016,1,23,0.0,无,-23.0,-14.3,-29.5,0.5,0.26,681.7,683.5,680.5,1.2,,,无
2016-01-24,52645.0,青海,野牛沟,38.41666666666666,99.58333333333331,3314.0,2016,1,24,0.0,无,-23.9,-11.7,-31.5,0.54,0.19,682.2,684.3,679.7,0.9,,,无
2016-01-25,52645.0,青海,野牛沟,38.41666666666666,99.58333333333331,3314.0,2016,1,25,0.0,无,-23.2,-9.6,-31.9,0.44,0.11,678.1,680.5,675.4,1.4,,,无
2016-01-26,52645.0,青海,野牛沟,38.41666666666666,99.58333333333331,3314.0,2016,1,26,0.0,无,-21.9,-6.9,-31.9,0.39,0.11,673.6,676.7,670.3,1.4,,,无
2016-01-27,52645.0,青海,野牛沟,38.41666666666666,99.58333333333331,3314.0,2016,1,27,0.0,无,-17.5,-4.9,-26.4,0.35,0.09,671.1,672.1,670.0,1.9,,,无
2016-01-28,52645.0,青海,野牛沟,38.41666666666666,99.58333333333331,3314.0,2016,1,28,0.0,无,-16.5,-4.7,-25.5,0.36,0.14,674.3,676.4,671.8,1.4,,,无
2016-01-29,52645.0,青海,野牛沟,38.41666666666666,99.58333333333331,3314.0,2016,1,29,0.0,无,-15.7,-3.5,-24.7,0.43,0.1,674.2,675.9,672.0,2.0,,,无
2016-01-30,52645.0,青海,野牛沟,38.41666666666666,99.58333333333331,3314.0,2016,1,30,0.0,无,-14.9,-5.6,-23.1,0.46,0.21,674.3,677.3,672.7,1.5,,,无
2016-01-31,52645.0,青海,野牛沟,38.41666666666666,99.58333333333331,3314.0,2016,1,31,0.0,无,-13.3,-4.4,-19.2,0.43,0.14,678.6,680.0,677.3,1.5,,,无
2016-02-01,52645.0,青海,野牛沟,38.41666666666666,99.58333333333331,3314.0,2016,2,1,0.0,无,-11.6,-3.3,-19.0,0.38,0.11,678.8,680.9,677.0,2.0,,,无
2016-02-02,52645.0,青海,野牛沟,38.41666666666666,99.58333333333331,3314.0,2016,2,2,0.0,无,-15.4,-2.2,-25.4,0.39,0.1,676.7,679.3,673.2,1.9,,,无
2016-02-03,52645.0,青海,野牛沟,38.41666666666666,99.58333333333331,3314.0,2016,2,3,0.0,无,-13.8,-3.7,-23.0,0.35,0.13,675.8,677.6,673.4,1.7,,,无
2016-02-04,52645.0,青海,野牛沟,38.41666666666666,99.58333333333331,3314.0,2016,2,4,0.0,无,-14.4,-3.9,-23.8,0.39,0.11,677.0,679.2,674.5,3.4,,,无
2016-02-05,52645.0,青海,野牛沟,38.41666666666666,99.58333333333331,3314.0,2016,2,5,0.0,无,-15.8,-3.6,-25.9,0.45,0.12,681.9,683.9,679.3,2.5,,,无
2016-02-06,52645.0,青海,野牛沟,38.41666666666666,99.58333333333331,3314.0,2016,2,6,0.0,无,-14.7,-3.7,-24.2,0.37,0.11,685.1,687.0,682.6,2.5,,,无
2016-02-07,52645.0,青海,野牛沟,38.41666666666666,99.58333333333331,3314.0,2016,2,7,0.0,无,-13.3,0.8,-24.3,0.28,0.06,683.7,686.7,680.2,2.5,,,无
2016-02-08,52645.0,青海,野牛沟,38.41666666666666,99.58333333333331,3314.0,2016,2,8,0.0,无,-13.8,3.0,-25.6,0.26,0.05,679.8,682.0,676.5,2.0,,,无
2016-02-09,52645.0,青海,野牛沟,38.41666666666666,99.58333333333331,3314.0,2016,2,9,0.0,无,-12.5,4.2,-24.1,0.28,0.07,676.7,679.4,672.5,2.0,,,无
2016-02-10,52645.0,青海,野牛沟,38.41666666666666,99.58333333333331,3314.0,2016,2,10,0.0,无,-11.4,3.7,-23.3,0.3,0.07,672.4,674.6,669.3,2.5,,,无
2016-02-11,52645.0,青海,野牛沟,38.41666666666666,99.58333333333331,3314.0,2016,2,11,0.0,无,-9.4,3.5,-20.0,0.31,0.13,669.6,672.7,665.7,2.3,,,无
2016-02-12,52645.0,青海,野牛沟,38.41666666666666,99.58333333333331,3314.0,2016,2,12,0.0,无,-13.2,-1.9,-16.7,0.61,0.22,672.1,673.8,667.8,2.0,,,无
2016-02-13,52645.0,青海,野牛沟,38.41666666666666,99.58333333333331,3314.0,2016,2,13,0.6,normal,-16.7,-11.1,-20.0,0.68,0.37,676.4,677.9,673.8,1.4,,-17.62885086711021,Snow
2016-02-14,52645.0,青海,野牛沟,38.41666666666666,99.58333333333331,3314.0,2016,2,14,0.0,无,-20.8,-9.7,-29.7,0.56,0.26,679.4,681.4,677.5,1.5,,,无
2016-02-15,52645.0,青海,野牛沟,38.41666666666666,99.58333333333331,3314.0,2016,2,15,0.0,无,-18.5,-4.9,-28.1,0.48,0.11,679.8,681.2,677.9,1.6,,,无
2016-02-16,52645.0,青海,野牛沟,38.41666666666666,99.58333333333331,3314.0,2016,2,16,0.0,无,-16.2,-3.3,-27.5,0.43,0.15,679.9,681.8,677.0,1.9,,,无
2016-02-17,52645.0,青海,野牛沟,38.41666666666666,99.58333333333331,3314.0,2016,2,17,0.0,无,-13.0,-1.4,-24.1,0.39,0.07,678.9,680.6,677.4,3.4,,,无
2016-02-18,52645.0,青海,野牛沟,38.41666666666666,99.58333333333331,3314.0,2016,2,18,0.0,无,-13.6,-3.3,-22.5,0.36,0.07,676.3,678.8,673.6,3.5,,,无
2016-02-19,52645.0,青海,野牛沟,38.41666666666666,99.58333333333331,3314.0,2016,2,19,0.0,无,-16.6,-5.9,-26.7,0.33,0.07,682.2,684.6,677.6,3.6,,,无
2016-02-20,52645.0,青海,野牛沟,38.41666666666666,99.58333333333331,3314.0,2016,2,20,0.0,无,-14.2,1.2,-26.9,0.29,0.11,678.3,685.1,672.7,3.1,,,无
2016-02-21,52645.0,青海,野牛沟,38.41666666666666,99.58333333333331,3314.0,2016,2,21,0.0,无,-9.4,-1.1,-14.5,0.32,0.14,675.0,676.4,673.0,2.2,,,无
2016-02-22,52645.0,青海,野牛沟,38.41666666666666,99.58333333333331,3314.0,2016,2,22,0.0,无,-11.7,-2.3,-18.6,0.43,0.15,678.5,681.2,675.6,3.0,,,无
2016-02-23,52645.0,青海,野牛沟,38.41666666666666,99.58333333333331,3314.0,2016,2,23,0.0,无,-14.1,-3.0,-22.8,0.45,0.09,682.8,684.2,680.5,3.1,,,无
2016-02-24,52645.0,青海,野牛沟,38.41666666666666,99.58333333333331,3314.0,2016,2,24,0.0,无,-13.8,-3.2,-23.4,0.44,0.09,683.8,685.5,681.1,3.0,,,无
2016-02-25,52645.0,青海,野牛沟,38.41666666666666,99.58333333333331,3314.0,2016,2,25,0.0,无,-12.8,-1.1,-22.6,0.37,0.09,685.9,687.7,683.2,,,,无
2016-02-26,52645.0,青海,野牛沟,38.41666666666666,99.58333333333331,3314.0,2016,2,26,0.0,无,-10.2,2.0,-21.7,0.31,0.06,683.7,686.3,680.6,3.6,,,无
2016-02-27,52645.0,青海,野牛沟,38.41666666666666,99.58333333333331,3314.0,2016,2,27,0.0,无,-8.5,3.6,-18.6,0.28,0.12,684.0,685.4,682.2,4.2,,,无
2016-02-28,52645.0,青海,野牛沟,38.41666666666666,99.58333333333331,3314.0,2016,2,28,0.0,无,-6.9,5.6,-16.5,0.29,0.08,687.5,689.6,684.9,3.6,,,无
2016-02-29,52645.0,青海,野牛沟,38.41666666666666,99.58333333333331,3314.0,2016,2,29,0.0,无,-7.8,5.7,-19.8,0.3,0.08,684.2,687.4,680.3,3.3,,,无
2016-03-01,52645.0,青海,野牛沟,38.41666666666666,99.58333333333331,3314.0,2016,3,1,0.0,无,-9.0,-0.1,-16.5,0.42,0.17,682.9,683.8,681.1,2.7,,,无
2016-03-02,52645.0,青海,野牛沟,38.41666666666666,99.58333333333331,3314.0,2016,3,2,0.0,无,-9.5,4.7,-20.8,0.42,0.05,682.3,685.1,678.4,2.8,,,无
2016-03-03,52645.0,青海,野牛沟,38.41666666666666,99.58333333333331,3314.0,2016,3,3,0.0,无,-7.7,5.4,-18.7,0.26,0.08,678.6,680.4,675.1,3.7,,,无
2016-03-04,52645.0,青海,野牛沟,38.41666666666666,99.58333333333331,3314.0,2016,3,4,0.0,无,-4.2,0.5,-8.7,0.32,0.12,677.8,679.4,676.0,5.0,,,无
2016-03-05,52645.0,青海,野牛沟,38.41666666666666,99.58333333333331,3314.0,2016,3,5,0.0,无,-5.1,1.9,-10.8,0.44,0.22,676.7,679.7,674.8,5.0,,,无
2016-03-06,52645.0,青海,野牛沟,38.41666666666666,99.58333333333331,3314.0,2016,3,6,0.0,无,-6.4,5.7,-17.0,0.38,0.07,675.8,677.2,673.3,6.2,,,无
2016-03-07,52645.0,青海,野牛沟,38.41666666666666,99.58333333333331,3314.0,2016,3,7,0.0,无,-6.8,6.3,-18.7,0.29,0.04,676.3,678.3,673.0,5.0,,,无
2016-03-08,52645.0,青海,野牛沟,38.41666666666666,99.58333333333331,3314.0,2016,3,8,0.0,无,-8.6,4.8,-18.5,0.39,0.08,676.2,677.9,672.2,4.0,,,无
2016-03-09,52645.0,青海,野牛沟,38.41666666666666,99.58333333333331,3314.0,2016,3,9,0.0,无,-8.7,0.4,-13.8,0.46,0.12,677.3,679.1,675.1,3.3,,,无
2016-03-10,52645.0,青海,野牛沟,38.41666666666666,99.58333333333331,3314.0,2016,3,10,0.0,无,-11.4,0.3,-21.9,0.47,0.17,679.0,680.9,675.8,3.4,,,无
2016-03-11,52645.0,青海,野牛沟,38.41666666666666,99.58333333333331,3314.0,2016,3,11,0.0,无,-7.1,5.1,-18.1,0.44,0.09,675.2,679.4,671.2,4.8,,,无
2016-03-12,52645.0,青海,野牛沟,38.41666666666666,99.58333333333331,3314.0,2016,3,12,0.0,无,-7.3,3.9,-15.2,0.43,0.1,673.0,675.6,670.4,5.3,,,无
2016-03-13,52645.0,青海,野牛沟,38.41666666666666,99.58333333333331,3314.0,2016,3,13,0.0,无,-8.1,7.4,-20.3,0.43,0.06,677.9,680.4,674.8,3.1,,,无
2016-03-14,52645.0,青海,野牛沟,38.41666666666666,99.58333333333331,3314.0,2016,3,14,0.0,无,-6.0,4.0,-15.0,0.4,0.16,675.8,676.9,674.0,2.3,,,无
2016-03-15,52645.0,青海,野牛沟,38.41666666666666,99.58333333333331,3314.0,2016,3,15,0.0,无,-3.8,8.3,-14.4,0.57,0.21,674.1,676.8,669.6,3.7,,,无
2016-03-16,52645.0,青海,野牛沟,38.41666666666666,99.58333333333331,3314.0,2016,3,16,4.8,normal,-3.4,2.1,-6.1,0.76,0.36,675.7,677.4,672.4,1.7,,-4.881089634765021,Snow
2016-03-17,52645.0,青海,野牛沟,38.41666666666666,99.58333333333331,3314.0,2016,3,17,1.8,normal,-6.5,4.9,-15.3,0.68,0.27,677.5,679.8,675.0,2.9,,-8.201687130913506,Snow
2016-03-18,52645.0,青海,野牛沟,38.41666666666666,99.58333333333331,3314.0,2016,3,18,0.0,无,-3.8,8.8,-15.3,0.48,0.12,675.9,678.4,673.0,3.4,,,无
2016-03-19,52645.0,青海,野牛沟,38.41666666666666,99.58333333333331,3314.0,2016,3,19,0.0,无,0.8,10.4,-7.0,0.4,0.17,674.6,676.0,672.6,5.1,,,无
2016-03-20,52645.0,青海,野牛沟,38.41666666666666,99.58333333333331,3314.0,2016,3,20,0.0,无,-2.6,5.3,-7.6,0.61,0.32,677.0,677.8,675.6,1.9,,,无
2016-03-21,52645.0,青海,野牛沟,38.41666666666666,99.58333333333331,3314.0,2016,3,21,0.0,无,-2.7,6.5,-8.8,0.74,0.42,677.5,679.0,675.6,2.3,,,无
2016-03-22,52645.0,青海,野牛沟,38.41666666666666,99.58333333333331,3314.0,2016,3,22,0.0,无,-4.0,0.2,-5.5,0.69,0.44,682.4,684.1,679.0,1.6,,,无
2016-03-23,52645.0,青海,野牛沟,38.41666666666666,99.58333333333331,3314.0,2016,3,23,0.2,normal,-6.6,-3.1,-10.3,0.7,0.51,685.9,686.8,684.1,1.6,,-8.172640380853903,Snow
2016-03-24,52645.0,青海,野牛沟,38.41666666666666,99.58333333333331,3314.0,2016,3,24,0.0,无,-7.6,1.4,-16.4,0.54,0.16,685.7,687.0,683.4,3.1,,,无
2016-03-25,52645.0,青海,野牛沟,38.41666666666666,99.58333333333331,3314.0,2016,3,25,0.0,无,-5.8,3.9,-12.8,0.47,0.13,683.8,685.3,681.9,5.1,,,无
2016-03-26,52645.0,青海,野牛沟,38.41666666666666,99.58333333333331,3314.0,2016,3,26,0.0,无,-4.5,9.1,-16.0,0.37,0.05,684.5,686.9,681.3,4.6,,,无
2016-03-27,52645.0,青海,野牛沟,38.41666666666666,99.58333333333331,3314.0,2016,3,27,0.0,无,-1.0,9.7,-8.1,0.34,0.12,680.4,682.2,677.6,5.0,,,无
2016-03-28,52645.0,青海,野牛沟,38.41666666666666,99.58333333333331,3314.0,2016,3,28,1.1,normal,-2.2,3.1,-5.9,0.72,0.3,682.0,683.5,680.2,3.4,,-4.023609905708869,Snow
2016-03-29,52645.0,青海,野牛沟,38.41666666666666,99.58333333333331,3314.0,2016,3,29,0.0,无,-2.8,3.4,-8.4,0.7,0.42,680.8,683.4,678.6,2.0,,,无
2016-03-30,52645.0,青海,野牛沟,38.41666666666666,99.58333333333331,3314.0,2016,3,30,0.0,无,-1.8,7.7,-10.4,0.55,0.16,680.0,681.5,677.6,3.3,,,无
2016-03-31,52645.0,青海,野牛沟,38.41666666666666,99.58333333333331,3314.0,2016,3,31,0.0,无,0.3,11.9,-10.1,0.46,0.1,677.8,680.3,674.8,4.6,,,无
2016-04-01,52645.0,青海,野牛沟,38.41666666666666,99.58333333333331,3314.0,2016,4,1,0.0,无,-0.1,11.0,-9.1,0.47,0.14,678.4,679.3,675.8,4.9,,,无
2016-04-02,52645.0,青海,野牛沟,38.41666666666666,99.58333333333331,3314.0,2016,4,2,0.0,无,3.9,12.5,-2.4,0.37,0.13,678.0,680.0,676.3,6.4,,,无
2016-04-03,52645.0,青海,野牛沟,38.41666666666666,99.58333333333331,3314.0,2016,4,3,0.0,无,1.1,12.1,-9.3,0.47,0.12,679.4,681.2,676.5,5.2,,,无
2016-04-04,52645.0,青海,野牛沟,38.41666666666666,99.58333333333331,3314.0,2016,4,4,0.0,无,1.1,11.2,-7.0,0.51,0.22,677.5,679.3,675.1,4.4,,,无
2016-04-05,52645.0,青海,野牛沟,38.41666666666666,99.58333333333331,3314.0,2016,4,5,6.8,normal,0.7,6.6,-1.3,0.71,0.39,678.4,679.6,676.2,1.4,,-1.4530554585785316,Snow
2016-04-06,52645.0,青海,野牛沟,38.41666666666666,99.58333333333331,3314.0,2016,4,6,0.3,normal,-0.7,4.5,-4.2,0.73,0.4,680.1,681.7,677.8,3.5,,-2.581442174909472,Snow
2016-04-07,52645.0,青海,野牛沟,38.41666666666666,99.58333333333331,3314.0,2016,4,7,0.0,无,-1.3,8.5,-8.5,0.55,0.09,681.7,682.6,679.6,5.0,,,无
2016-04-08,52645.0,青海,野牛沟,38.41666666666666,99.58333333333331,3314.0,2016,4,8,0.0,无,-0.5,9.4,-8.5,0.5,0.13,681.7,684.0,678.7,4.3,,,无
2016-04-09,52645.0,青海,野牛沟,38.41666666666666,99.58333333333331,3314.0,2016,4,9,0.0,无,0.5,11.4,-7.9,0.45,0.17,679.4,680.9,676.8,4.9,,,无
2016-04-10,52645.0,青海,野牛沟,38.41666666666666,99.58333333333331,3314.0,2016,4,10,0.0,无,3.4,11.0,-4.4,0.45,0.15,679.2,680.8,677.0,6.4,,,无
2016-04-11,52645.0,青海,野牛沟,38.41666666666666,99.58333333333331,3314.0,2016,4,11,0.0,无,2.5,9.8,-1.5,0.4,0.09,678.4,680.3,675.2,5.9,,,无
2016-04-12,52645.0,青海,野牛沟,38.41666666666666,99.58333333333331,3314.0,2016,4,12,0.0,无,-0.7,8.7,-7.5,0.47,0.08,677.8,679.4,675.0,5.6,,,无
2016-04-13,52645.0,青海,野牛沟,38.41666666666666,99.58333333333331,3314.0,2016,4,13,0.0,无,-0.5,10.2,-9.5,0.47,0.1,676.7,678.3,673.6,4.9,,,无
2016-04-14,52645.0,青海,野牛沟,38.41666666666666,99.58333333333331,3314.0,2016,4,14,0.1,normal,-1.0,7.8,-6.9,0.67,0.25,677.7,679.1,675.2,2.2,,-3.2878687011435437,Snow
2016-04-15,52645.0,青海,野牛沟,38.41666666666666,99.58333333333331,3314.0,2016,4,15,3.1,normal,-2.3,3.9,-7.4,0.71,0.33,679.6,681.0,677.1,3.8,,-4.185616266017429,Snow
2016-04-16,52645.0,青海,野牛沟,38.41666666666666,99.58333333333331,3314.0,2016,4,16,1.9,normal,-6.0,-0.1,-8.7,0.81,0.46,679.9,683.8,677.0,1.8,,-7.0252470206529205,Snow
2016-04-17,52645.0,青海,野牛沟,38.41666666666666,99.58333333333331,3314.0,2016,4,17,0.5,normal,-7.4,4.9,-17.4,0.47,0.13,681.9,686.3,677.8,4.3,,-10.111179727891294,Snow
2016-04-18,52645.0,青海,野牛沟,38.41666666666666,99.58333333333331,3314.0,2016,4,18,0.0,无,-0.9,11.4,-10.5,0.49,0.13,676.5,678.7,672.8,6.9,,,无
2016-04-19,52645.0,青海,野牛沟,38.41666666666666,99.58333333333331,3314.0,2016,4,19,0.0,无,0.5,8.9,-6.2,0.52,0.2,680.4,683.0,675.0,4.5,,,无
2016-04-20,52645.0,青海,野牛沟,38.41666666666666,99.58333333333331,3314.0,2016,4,20,0.3,normal,-0.5,4.9,-4.4,0.69,0.43,682.5,684.5,681.1,2.6,,-2.684054265844904,Snow
2016-04-21,52645.0,青海,野牛沟,38.41666666666666,99.58333333333331,3314.0,2016,4,21,0.0,无,-0.1,6.9,-6.8,0.58,0.31,681.7,683.5,679.4,4.1,,,无
2016-04-22,52645.0,青海,野牛沟,38.41666666666666,99.58333333333331,3314.0,2016,4,22,1.2,normal,-1.6,3.2,-3.7,0.8,0.34,680.2,681.8,678.9,1.9,,-2.930092642400699,Snow
2016-04-23,52645.0,青海,野牛沟,38.41666666666666,99.58333333333331,3314.0,2016,4,23,1.0,normal,-1.8,6.5,-8.4,0.74,0.36,679.1,680.8,677.4,3.6,,-3.5252409117951933,Snow
2016-04-24,52645.0,青海,野牛沟,38.41666666666666,99.58333333333331,3314.0,2016,4,24,0.0,无,1.0,10.6,-7.7,0.57,0.19,678.3,679.7,675.8,5.2,,,无
2016-04-25,52645.0,青海,野牛沟,38.41666666666666,99.58333333333331,3314.0,2016,4,25,1.5,normal,0.1,5.7,-2.6,0.64,0.23,679.5,681.3,677.0,2.3,,-2.5236683148429995,Snow
2016-04-26,52645.0,青海,野牛沟,38.41666666666666,99.58333333333331,3314.0,2016,4,26,0.5,normal,-1.6,5.3,-7.8,0.64,0.2,683.2,684.7,681.3,4.8,,-4.025681577146059,Snow
2016-04-27,52645.0,青海,野牛沟,38.41666666666666,99.58333333333331,3314.0,2016,4,27,0.0,无,0.4,9.8,-8.2,0.49,0.06,682.4,683.7,680.8,5.2,,,无
2016-04-28,52645.0,青海,野牛沟,38.41666666666666,99.58333333333331,3314.0,2016,4,28,0.0,无,2.0,12.8,-6.6,0.48,0.1,682.5,683.6,680.5,6.3,,,无
2016-04-29,52645.0,青海,野牛沟,38.41666666666666,99.58333333333331,3314.0,2016,4,29,0.0,无,2.3,13.2,-6.0,0.55,0.19,682.6,684.0,679.9,4.9,,,无
2016-04-30,52645.0,青海,野牛沟,38.41666666666666,99.58333333333331,3314.0,2016,4,30,0.2,normal,5.2,14.0,-2.1,0.53,0.13,679.8,682.5,676.5,7.4,,0.9266363797861521,Rain
2016-05-01,52645.0,青海,野牛沟,38.41666666666666,99.58333333333331,3314.0,2016,5,1,0.1,normal,2.8,9.6,-2.5,0.54,0.25,676.1,679.0,674.1,4.1,,-1.0103492111811763,Snow
2016-05-02,52645.0,青海,野牛沟,38.41666666666666,99.58333333333331,3314.0,2016,5,2,4.1,normal,-2.1,10.9,-10.8,0.67,0.23,681.4,683.3,678.5,5.0,,-4.2703103657873465,Snow
2016-05-03,52645.0,青海,野牛沟,38.41666666666666,99.58333333333331,3314.0,2016,5,3,0.0,无,6.5,17.3,-3.8,0.48,0.11,679.2,681.6,676.2,7.9,,,无
2016-05-04,52645.0,青海,野牛沟,38.41666666666666,99.58333333333331,3314.0,2016,5,4,0.0,无,5.9,16.8,-3.6,0.51,0.15,678.3,679.2,675.1,7.2,,,无
2016-05-05,52645.0,青海,野牛沟,38.41666666666666,99.58333333333331,3314.0,2016,5,5,0.0,无,4.8,15.5,-3.3,0.62,0.25,680.1,681.7,677.4,5.2,,,无
2016-05-06,52645.0,青海,野牛沟,38.41666666666666,99.58333333333331,3314.0,2016,5,6,3.3,normal,4.2,9.7,0.3,0.8,0.44,681.5,682.1,679.9,3.1,,2.5187807945653296,Snow
2016-05-07,52645.0,青海,野牛沟,38.41666666666666,99.58333333333331,3314.0,2016,5,7,0.0,无,5.3,14.8,-1.3,0.66,0.22,682.6,683.5,679.5,5.7,,,无
2016-05-08,52645.0,青海,野牛沟,38.41666666666666,99.58333333333331,3314.0,2016,5,8,0.0,无,3.9,13.6,-2.9,0.66,0.19,682.6,684.3,679.5,5.2,,,无
2016-05-09,52645.0,青海,野牛沟,38.41666666666666,99.58333333333331,3314.0,2016,5,9,0.0,无,4.7,13.8,-4.6,0.55,0.12,683.4,685.2,680.5,6.7,,,无
2016-05-10,52645.0,青海,野牛沟,38.41666666666666,99.58333333333331,3314.0,2016,5,10,0.0,无,6.9,18.2,-4.6,0.45,0.12,681.6,683.3,678.7,7.3,,,无
2016-05-11,52645.0,青海,野牛沟,38.41666666666666,99.58333333333331,3314.0,2016,5,11,0.0,无,5.7,20.6,-3.4,0.5,0.11,678.5,681.4,673.0,8.2,,,无
2016-05-12,52645.0,青海,野牛沟,38.41666666666666,99.58333333333331,3314.0,2016,5,12,0.0,无,4.8,16.1,-2.2,0.48,0.14,679.9,682.3,676.2,6.5,,,无
2016-05-13,52645.0,青海,野牛沟,38.41666666666666,99.58333333333331,3314.0,2016,5,13,0.0,无,3.1,10.2,0.0,0.59,0.21,679.5,681.5,677.8,5.2,,,无
2016-05-14,52645.0,青海,野牛沟,38.41666666666666,99.58333333333331,3314.0,2016,5,14,0.0,无,0.8,7.0,-5.6,0.4,0.04,685.9,687.0,681.5,7.7,,,无
2016-05-15,52645.0,青海,野牛沟,38.41666666666666,99.58333333333331,3314.0,2016,5,15,0.0,无,0.6,10.5,-10.7,0.39,0.07,684.9,688.2,681.8,4.7,,,无
2016-05-16,52645.0,青海,野牛沟,38.41666666666666,99.58333333333331,3314.0,2016,5,16,0.0,无,3.2,14.9,-6.5,0.53,0.18,681.6,683.6,677.3,6.7,,,无
2016-05-17,52645.0,青海,野牛沟,38.41666666666666,99.58333333333331,3314.0,2016,5,17,1.1,normal,5.5,13.6,-0.2,0.61,0.2,679.5,681.3,677.5,5.8,,1.9573193048048632,Rain
2016-05-18,52645.0,青海,野牛沟,38.41666666666666,99.58333333333331,3314.0,2016,5,18,0.0,无,2.7,10.7,-2.8,0.7,0.32,680.8,681.7,678.6,3.3,,,无
2016-05-19,52645.0,青海,野牛沟,38.41666666666666,99.58333333333331,3314.0,2016,5,19,1.7,normal,5.8,16.0,-3.3,0.64,0.23,680.7,682.6,677.5,5.3,,2.511802958852196,Rain
2016-05-20,52645.0,青海,野牛沟,38.41666666666666,99.58333333333331,3314.0,2016,5,20,9.1,normal,2.9,7.5,0.1,0.83,0.51,681.1,682.1,679.5,3.7,,1.5442832158403919,Snow
2016-05-21,52645.0,青海,野牛沟,38.41666666666666,99.58333333333331,3314.0,2016,5,21,15.4,normal,0.8,7.3,-1.1,0.88,0.58,682.4,683.8,680.6,2.2,,-0.07477931782173375,Snow
2016-05-22,52645.0,青海,野牛沟,38.41666666666666,99.58333333333331,3314.0,2016,5,22,2.8,normal,-0.8,1.8,-2.1,0.86,0.68,683.6,684.9,682.6,1.1,,-1.7558181101341885,Snow
2016-05-23,52645.0,青海,野牛沟,38.41666666666666,99.58333333333331,3314.0,2016,5,23,2.6,normal,0.4,6.9,-4.7,0.73,0.43,682.3,685.7,678.9,3.5,,-1.5690157768509794,Snow
2016-05-24,52645.0,青海,野牛沟,38.41666666666666,99.58333333333331,3314.0,2016,5,24,0.0,无,2.5,10.5,-3.5,0.71,0.38,677.6,679.9,675.7,4.2,,,无
2016-05-25,52645.0,青海,野牛沟,38.41666666666666,99.58333333333331,3314.0,2016,5,25,1.0,normal,0.7,4.7,-2.9,0.61,0.37,681.4,682.4,677.8,3.5,,-2.2220585874861642,Snow
2016-05-26,52645.0,青海,野牛沟,38.41666666666666,99.58333333333331,3314.0,2016,5,26,0.0,无,4.2,9.8,-1.4,0.52,0.38,680.3,683.6,678.0,5.4,,,无
2016-05-27,52645.0,青海,野牛沟,38.41666666666666,99.58333333333331,3314.0,2016,5,27,0.0,无,7.0,12.7,0.6,0.55,0.32,680.2,681.2,678.2,6.0,,,无
2016-05-28,52645.0,青海,野牛沟,38.41666666666666,99.58333333333331,3314.0,2016,5,28,0.0,无,8.0,14.8,-0.3,0.52,0.19,682.2,683.6,679.8,7.9,,,无
2016-05-29,52645.0,青海,野牛沟,38.41666666666666,99.58333333333331,3314.0,2016,5,29,0.0,无,8.4,16.6,-0.5,0.56,0.18,681.3,684.1,677.7,6.8,,,无
2016-05-30,52645.0,青海,野牛沟,38.41666666666666,99.58333333333331,3314.0,2016,5,30,3.4,normal,4.6,12.6,0.5,0.72,0.29,679.6,680.5,678.0,2.0,,2.180527336957785,Rain
2016-05-31,52645.0,青海,野牛沟,38.41666666666666,99.58333333333331,3314.0,2016,5,31,4.0,normal,5.6,12.8,0.9,0.79,0.39,680.6,681.3,679.2,4.1,,3.7392468281033553,Rain
2016-06-01,52645.0,青海,野牛沟,38.41666666666666,99.58333333333331,3314.0,2016,6,1,8.4,normal,6.1,9.3,4.5,0.83,0.6,681.1,682.0,679.2,3.2,,4.577052337525438,Rain
2016-06-02,52645.0,青海,野牛沟,38.41666666666666,99.58333333333331,3314.0,2016,6,2,1.9,normal,4.5,10.6,-1.7,0.69,0.34,682.2,684.0,679.7,4.6,,1.8244046339296327,Rain
2016-06-03,52645.0,青海,野牛沟,38.41666666666666,99.58333333333331,3314.0,2016,6,3,0.0,无,4.9,12.7,-2.4,0.66,0.29,682.3,682.9,680.5,5.7,,,无
2016-06-04,52645.0,青海,野牛沟,38.41666666666666,99.58333333333331,3314.0,2016,6,4,1.7,normal,7.2,15.5,0.2,0.59,0.18,685.1,686.4,682.6,5.9,,3.241188659131171,Rain
2016-06-05,52645.0,青海,野牛沟,38.41666666666666,99.58333333333331,3314.0,2016,6,5,1.1,normal,6.9,16.8,-1.1,0.65,0.19,685.5,686.5,683.2,5.6,,3.5905901346554936,Rain
2016-06-06,52645.0,青海,野牛沟,38.41666666666666,99.58333333333331,3314.0,2016,6,6,0.2,normal,7.6,13.3,3.3,0.67,0.37,686.4,687.6,685.4,4.6,,4.415460529214861,Rain
2016-06-07,52645.0,青海,野牛沟,38.41666666666666,99.58333333333331,3314.0,2016,6,7,1.1,normal,6.6,16.3,-1.7,0.67,0.25,686.0,687.4,683.0,5.9,,3.523701450626988,Rain
2016-06-08,52645.0,青海,野牛沟,38.41666666666666,99.58333333333331,3314.0,2016,6,8,3.4,normal,7.4,13.3,1.5,0.74,0.41,684.8,686.5,683.1,4.5,,4.9349956282305785,Rain
2016-06-09,52645.0,青海,野牛沟,38.41666666666666,99.58333333333331,3314.0,2016,6,9,0.0,无,8.1,15.6,1.6,0.63,0.25,684.4,685.7,682.7,7.4,,,无
2016-06-10,52645.0,青海,野牛沟,38.41666666666666,99.58333333333331,3314.0,2016,6,10,3.0,normal,6.8,13.6,-0.2,0.72,0.39,684.4,685.6,682.5,3.4,,4.190119535944734,Rain
2016-06-11,52645.0,青海,野牛沟,38.41666666666666,99.58333333333331,3314.0,2016,6,11,0.2,normal,7.5,13.3,2.6,0.64,0.27,684.8,685.8,683.0,5.4,,4.0164881206567715,Rain
2016-06-12,52645.0,青海,野牛沟,38.41666666666666,99.58333333333331,3314.0,2016,6,12,0.0,无,6.6,17.3,-1.3,0.68,0.19,683.3,685.0,680.3,7.2,,,无
2016-06-13,52645.0,青海,野牛沟,38.41666666666666,99.58333333333331,3314.0,2016,6,13,0.1,normal,8.5,17.0,-0.6,0.58,0.21,681.6,683.5,679.7,7.8,,4.240022251529916,Rain
2016-06-14,52645.0,青海,野牛沟,38.41666666666666,99.58333333333331,3314.0,2016,6,14,0.0,无,6.8,13.0,0.0,0.59,0.29,683.4,684.0,681.0,5.4,,,无
2016-06-15,52645.0,青海,野牛沟,38.41666666666666,99.58333333333331,3314.0,2016,6,15,0.0,无,6.7,16.9,-4.2,0.48,0.13,683.9,685.2,682.0,8.3,,,无
2016-06-16,52645.0,青海,野牛沟,38.41666666666666,99.58333333333331,3314.0,2016,6,16,0.0,无,9.6,22.4,-3.7,0.44,0.12,680.0,683.0,676.3,8.3,,,无
2016-06-17,52645.0,青海,野牛沟,38.41666666666666,99.58333333333331,3314.0,2016,6,17,0.0,无,12.7,20.7,2.8,0.39,0.17,679.0,680.0,676.9,9.9,,,无
2016-06-18,52645.0,青海,野牛沟,38.41666666666666,99.58333333333331,3314.0,2016,6,18,7.2,normal,10.0,16.5,6.6,0.64,0.23,682.0,684.0,679.0,3.3,,6.207422127965656,Rain
2016-06-19,52645.0,青海,野牛沟,38.41666666666666,99.58333333333331,3314.0,2016,6,19,1.1,normal,9.6,19.5,0.9,0.69,0.26,684.0,685.3,681.7,6.0,,6.41036473173537,Rain
2016-06-20,52645.0,青海,野牛沟,38.41666666666666,99.58333333333331,3314.0,2016,6,20,4.5,normal,9.9,17.5,3.8,0.69,0.32,683.6,685.3,680.8,6.1,,6.679006240712284,Rain
2016-06-21,52645.0,青海,野牛沟,38.41666666666666,99.58333333333331,3314.0,2016,6,21,7.0,normal,9.7,17.3,4.3,0.67,0.27,682.5,684.9,679.8,7.2,,6.277660491054582,Rain
2016-06-22,52645.0,青海,野牛沟,38.41666666666666,99.58333333333331,3314.0,2016,6,22,1.2,normal,9.2,17.2,3.1,0.72,0.39,682.2,683.5,680.6,3.1,,6.368653586077833,Rain
2016-06-23,52645.0,青海,野牛沟,38.41666666666666,99.58333333333331,3314.0,2016,6,23,6.7,normal,9.1,16.3,3.2,0.74,0.44,683.2,684.4,681.2,6.5,,6.490485903238361,Rain
2016-06-24,52645.0,青海,野牛沟,38.41666666666666,99.58333333333331,3314.0,2016,6,24,4.1,normal,10.3,14.2,7.4,0.7,0.5,683.7,684.7,682.1,3.9,,7.1497710147275795,Rain
2016-06-25,52645.0,青海,野牛沟,38.41666666666666,99.58333333333331,3314.0,2016,6,25,8.8,normal,8.7,12.1,7.6,0.84,0.58,683.8,685.0,682.7,2.7,,7.143242782154231,Rain
2016-06-26,52645.0,青海,野牛沟,38.41666666666666,99.58333333333331,3314.0,2016,6,26,1.2,normal,8.6,15.6,3.9,0.72,0.37,684.1,686.5,681.4,4.9,,5.826337396353005,Rain
2016-06-27,52645.0,青海,野牛沟,38.41666666666666,99.58333333333331,3314.0,2016,6,27,0.0,无,8.5,17.1,0.3,0.6,0.14,683.0,684.7,680.7,8.6,,,无
2016-06-28,52645.0,青海,野牛沟,38.41666666666666,99.58333333333331,3314.0,2016,6,28,0.0,无,9.1,19.0,-1.2,0.52,0.17,683.8,685.0,682.0,7.7,,,无
2016-06-29,52645.0,青海,野牛沟,38.41666666666666,99.58333333333331,3314.0,2016,6,29,0.0,无,9.8,17.9,1.3,0.56,0.26,684.2,684.8,682.8,5.6,,,无
2016-06-30,52645.0,青海,野牛沟,38.41666666666666,99.58333333333331,3314.0,2016,6,30,0.0,无,9.4,18.4,0.8,0.6,0.22,684.8,685.9,682.5,6.6,,,无
2016-07-01,52645.0,青海,野牛沟,38.41666666666666,99.58333333333331,3314.0,2016,7,1,0.2,normal,10.4,17.2,0.9,0.55,0.21,683.5,686.0,681.1,7.7,,5.51521971565331,Rain
2016-07-02,52645.0,青海,野牛沟,38.41666666666666,99.58333333333331,3314.0,2016,7,2,0.0,无,9.5,20.5,0.0,0.58,0.19,681.1,682.4,678.7,6.3,,,无
2016-07-03,52645.0,青海,野牛沟,38.41666666666666,99.58333333333331,3314.0,2016,7,3,0.0,无,12.8,22.1,2.1,0.47,0.17,680.2,681.6,678.2,9.9,,,无
2016-07-04,52645.0,青海,野牛沟,38.41666666666666,99.58333333333331,3314.0,2016,7,4,0.0,无,12.7,23.6,1.6,0.54,0.18,679.9,681.2,677.9,8.0,,,无
2016-07-05,52645.0,青海,野牛沟,38.41666666666666,99.58333333333331,3314.0,2016,7,5,3.2,normal,13.0,21.9,6.5,0.64,0.32,680.1,681.2,678.1,6.1,,8.839099623417773,Rain
2016-07-06,52645.0,青海,野牛沟,38.41666666666666,99.58333333333331,3314.0,2016,7,6,2.2,normal,13.2,21.8,5.5,0.79,0.41,680.8,681.7,679.0,7.0,,10.839400578379138,Rain
2016-07-07,52645.0,青海,野牛沟,38.41666666666666,99.58333333333331,3314.0,2016,7,7,19.2,normal,13.9,21.2,10.3,0.82,0.52,680.5,682.3,678.8,4.4,,11.851021934363025,Rain
2016-07-08,52645.0,青海,野牛沟,38.41666666666666,99.58333333333331,3314.0,2016,7,8,41.7,normal,12.2,16.9,11.2,0.93,0.69,681.0,682.0,679.7,3.1,,11.45659744109603,Rain
2016-07-09,52645.0,青海,野牛沟,38.41666666666666,99.58333333333331,3314.0,2016,7,9,20.2,normal,12.4,16.0,11.6,0.92,0.77,681.3,681.8,680.2,3.6,,11.544138984424123,Rain
2016-07-10,52645.0,青海,野牛沟,38.41666666666666,99.58333333333331,3314.0,2016,7,10,8.9,normal,10.8,14.8,7.8,0.82,0.56,682.2,683.8,681.1,2.5,,8.923795986284148,Rain
2016-07-11,52645.0,青海,野牛沟,38.41666666666666,99.58333333333331,3314.0,2016,7,11,2.4,normal,10.1,15.6,6.6,0.74,0.5,683.8,685.3,682.9,4.2,,7.407832618812038,Rain
2016-07-12,52645.0,青海,野牛沟,38.41666666666666,99.58333333333331,3314.0,2016,7,12,11.9,normal,10.3,15.3,8.4,0.81,0.59,683.8,684.9,681.9,4.2,,8.346903161732037,Rain
2016-07-13,52645.0,青海,野牛沟,38.41666666666666,99.58333333333331,3314.0,2016,7,13,9.6,normal,9.6,17.1,2.6,0.69,0.28,684.2,685.4,681.9,7.4,,6.410740595162268,Rain
2016-07-14,52645.0,青海,野牛沟,38.41666666666666,99.58333333333331,3314.0,2016,7,14,0.4,normal,10.2,17.6,2.7,0.65,0.24,683.7,685.6,681.2,7.8,,6.500179686971452,Rain
2016-07-15,52645.0,青海,野牛沟,38.41666666666666,99.58333333333331,3314.0,2016,7,15,0.0,无,10.0,18.2,1.0,0.6,0.23,682.0,683.0,680.1,7.8,,,无
2016-07-16,52645.0,青海,野牛沟,38.41666666666666,99.58333333333331,3314.0,2016,7,16,0.0,无,10.8,20.0,1.4,0.66,0.2,682.8,683.9,681.0,6.6,,,无
2016-07-17,52645.0,青海,野牛沟,38.41666666666666,99.58333333333331,3314.0,2016,7,17,9.8,normal,10.3,16.6,9.1,0.81,0.47,681.8,683.0,680.3,2.4,,8.344754965173141,Rain
2016-07-18,52645.0,青海,野牛沟,38.41666666666666,99.58333333333331,3314.0,2016,7,18,6.6,normal,10.6,15.9,6.2,0.71,0.45,681.7,682.6,680.8,5.1,,7.528895614018123,Rain
2016-07-19,52645.0,青海,野牛沟,38.41666666666666,99.58333333333331,3314.0,2016,7,19,0.0,无,11.7,21.3,2.5,0.65,0.23,681.2,682.7,679.0,7.9,,,无
2016-07-20,52645.0,青海,野牛沟,38.41666666666666,99.58333333333331,3314.0,2016,7,20,0.0,无,12.6,19.2,8.1,0.59,0.36,680.6,681.6,679.1,7.4,,,无
2016-07-21,52645.0,青海,野牛沟,38.41666666666666,99.58333333333331,3314.0,2016,7,21,12.3,normal,10.9,15.9,8.2,0.78,0.57,682.1,683.1,680.0,5.1,,8.58178181194322,Rain
2016-07-22,52645.0,青海,野牛沟,38.41666666666666,99.58333333333331,3314.0,2016,7,22,0.2,normal,12.3,19.9,5.9,0.66,0.33,682.4,684.2,679.9,6.9,,8.47190882084394,Rain
2016-07-23,52645.0,青海,野牛沟,38.41666666666666,99.58333333333331,3314.0,2016,7,23,10.7,normal,9.8,16.3,7.4,0.83,0.51,681.1,682.5,679.5,2.1,,8.082742511945021,Rain
2016-07-24,52645.0,青海,野牛沟,38.41666666666666,99.58333333333331,3314.0,2016,7,24,0.3,normal,11.6,18.4,5.5,0.74,0.4,683.1,683.5,682.1,5.5,,8.78162373326576,Rain
2016-07-25,52645.0,青海,野牛沟,38.41666666666666,99.58333333333331,3314.0,2016,7,25,3.6,normal,11.4,18.7,6.1,0.68,0.31,686.0,686.9,683.5,7.7,,7.914673892035338,Rain
2016-07-26,52645.0,青海,野牛沟,38.41666666666666,99.58333333333331,3314.0,2016,7,26,1.1,normal,10.5,19.3,2.8,0.69,0.25,686.7,688.1,684.7,6.2,,7.223609413245824,Rain
2016-07-27,52645.0,青海,野牛沟,38.41666666666666,99.58333333333331,3314.0,2016,7,27,0.0,无,11.3,19.4,2.7,0.61,0.26,686.3,687.6,684.5,7.7,,,无
2016-07-28,52645.0,青海,野牛沟,38.41666666666666,99.58333333333331,3314.0,2016,7,28,0.0,无,11.7,21.3,2.6,0.63,0.14,684.7,686.4,681.6,7.0,,,无
2016-07-29,52645.0,青海,野牛沟,38.41666666666666,99.58333333333331,3314.0,2016,7,29,3.2,normal,12.2,23.1,2.5,0.62,0.26,683.4,686.1,681.6,8.6,,7.899535556486357,Rain
2016-07-30,52645.0,青海,野牛沟,38.41666666666666,99.58333333333331,3314.0,2016,7,30,0.0,无,13.6,23.6,3.4,0.58,0.21,683.5,684.6,682.1,8.0,,,无
2016-07-31,52645.0,青海,野牛沟,38.41666666666666,99.58333333333331,3314.0,2016,7,31,0.0,无,13.8,24.4,3.6,0.61,0.2,684.0,685.5,682.2,8.0,,,无
2016-08-01,52645.0,青海,野牛沟,38.41666666666666,99.58333333333331,3314.0,2016,8,1,0.0,无,14.2,23.8,4.7,0.6,0.25,683.0,684.2,681.1,7.9,,,无
2016-08-02,52645.0,青海,野牛沟,38.41666666666666,99.58333333333331,3314.0,2016,8,2,10.7,normal,11.1,20.9,3.6,0.68,0.31,683.4,685.0,681.5,7.5,,7.641341729001172,Rain
2016-08-03,52645.0,青海,野牛沟,38.41666666666666,99.58333333333331,3314.0,2016,8,3,26.2,normal,10.4,21.4,4.1,0.8,0.36,684.1,685.6,681.6,,,8.33427620421299,Rain
2016-08-04,52645.0,青海,野牛沟,38.41666666666666,99.58333333333331,3314.0,2016,8,4,0.5,normal,10.6,18.6,5.0,0.8,0.49,685.7,686.9,684.3,4.4,,8.523608415343787,Rain
2016-08-05,52645.0,青海,野牛沟,38.41666666666666,99.58333333333331,3314.0,2016,8,5,0.0,无,12.6,21.8,4.0,0.73,0.36,687.0,688.1,685.5,6.4,,,无
2016-08-06,52645.0,青海,野牛沟,38.41666666666666,99.58333333333331,3314.0,2016,8,6,0.0,无,13.7,23.4,5.0,0.68,0.3,686.6,688.1,684.6,7.5,,,无
2016-08-07,52645.0,青海,野牛沟,38.41666666666666,99.58333333333331,3314.0,2016,8,7,0.0,无,13.5,23.9,4.6,0.65,0.32,684.8,686.1,682.7,7.6,,,无
2016-08-08,52645.0,青海,野牛沟,38.41666666666666,99.58333333333331,3314.0,2016,8,8,0.0,无,14.9,25.5,4.8,0.6,0.15,683.1,684.7,680.8,8.5,,,无
2016-08-09,52645.0,青海,野牛沟,38.41666666666666,99.58333333333331,3314.0,2016,8,9,0.0,无,14.3,24.4,5.8,0.65,0.31,682.1,683.3,678.9,8.5,,,无
2016-08-10,52645.0,青海,野牛沟,38.41666666666666,99.58333333333331,3314.0,2016,8,10,3.8,normal,11.0,16.0,9.8,0.84,0.6,683.4,684.6,681.7,3.6,,9.330017464391872,Rain
2016-08-11,52645.0,青海,野牛沟,38.41666666666666,99.58333333333331,3314.0,2016,8,11,6.5,normal,9.5,12.8,8.1,0.9,0.72,683.9,684.8,683.2,0.9,,8.513313297440636,Rain
2016-08-12,52645.0,青海,野牛沟,38.41666666666666,99.58333333333331,3314.0,2016,8,12,3.4,normal,11.3,14.7,9.1,0.88,0.7,684.2,685.1,683.0,2.3,,10.046949843529468,Rain
2016-08-13,52645.0,青海,野牛沟,38.41666666666666,99.58333333333331,3314.0,2016,8,13,11.1,normal,11.9,16.2,9.8,0.88,0.69,683.5,684.8,682.0,3.4,,10.624973026576448,Rain
2016-08-14,52645.0,青海,野牛沟,38.41666666666666,99.58333333333331,3314.0,2016,8,14,4.9,normal,11.2,13.8,9.2,0.89,0.64,684.0,684.7,682.9,1.4,,10.056776361905303,Rain
2016-08-15,52645.0,青海,野牛沟,38.41666666666666,99.58333333333331,3314.0,2016,8,15,0.3,normal,11.6,18.9,7.4,0.83,0.55,682.9,685.4,680.7,3.1,,9.790415921582362,Rain
2016-08-16,52645.0,青海,野牛沟,38.41666666666666,99.58333333333331,3314.0,2016,8,16,4.7,normal,14.4,22.8,9.3,0.81,0.51,679.7,682.2,676.8,7.8,,12.20256444621279,Rain
2016-08-17,52645.0,青海,野牛沟,38.41666666666666,99.58333333333331,3314.0,2016,8,17,30.2,normal,13.7,22.4,10.5,0.86,0.54,678.8,680.1,676.7,,,12.127374560011695,Rain
2016-08-18,52645.0,青海,野牛沟,38.41666666666666,99.58333333333331,3314.0,2016,8,18,26.3,normal,12.4,16.9,9.1,0.84,0.69,681.9,683.3,680.1,,,10.660461632756043,Rain
2016-08-19,52645.0,青海,野牛沟,38.41666666666666,99.58333333333331,3314.0,2016,8,19,6.3,normal,10.7,13.9,8.3,0.89,0.72,684.3,685.1,682.8,1.7,,9.573371798123183,Rain
2016-08-20,52645.0,青海,野牛沟,38.41666666666666,99.58333333333331,3314.0,2016,8,20,10.0,normal,13.3,19.8,9.4,0.86,0.57,684.5,686.0,682.3,4.6,,11.748364811676822,Rain
2016-08-21,52645.0,青海,野牛沟,38.41666666666666,99.58333333333331,3314.0,2016,8,21,3.5,normal,13.4,19.9,10.2,0.8,0.54,683.5,684.8,681.9,6.2,,11.147353177922682,Rain
2016-08-22,52645.0,青海,野牛沟,38.41666666666666,99.58333333333331,3314.0,2016,8,22,0.3,normal,14.1,19.6,11.8,0.83,0.55,684.1,684.5,683.0,5.1,,12.162165445560888,Rain
2016-08-23,52645.0,青海,野牛沟,38.41666666666666,99.58333333333331,3314.0,2016,8,23,0.3,normal,14.4,20.6,11.3,0.81,0.54,684.4,685.5,682.1,4.6,,12.207459196267298,Rain
2016-08-24,52645.0,青海,野牛沟,38.41666666666666,99.58333333333331,3314.0,2016,8,24,0.8,normal,11.5,15.4,9.0,0.86,0.66,685.1,686.5,683.1,1.8,,10.024581300756715,Rain
2016-08-25,52645.0,青海,野牛沟,38.41666666666666,99.58333333333331,3314.0,2016,8,25,0.0,无,11.2,18.2,6.6,0.75,0.52,687.3,688.6,685.4,5.0,,,无
2016-08-26,52645.0,青海,野牛沟,38.41666666666666,99.58333333333331,3314.0,2016,8,26,0.1,normal,12.6,20.0,8.4,0.78,0.45,687.6,688.8,685.6,5.5,,10.171303137822218,Rain
2016-08-27,52645.0,青海,野牛沟,38.41666666666666,99.58333333333331,3314.0,2016,8,27,0.0,无,12.0,20.8,4.2,0.75,0.25,687.6,689.3,685.0,5.5,,,无
2016-08-28,52645.0,青海,野牛沟,38.41666666666666,99.58333333333331,3314.0,2016,8,28,4.4,normal,12.3,19.0,8.3,0.76,0.47,684.3,686.6,681.2,4.5,,9.657505875923306,Rain
2016-08-29,52645.0,青海,野牛沟,38.41666666666666,99.58333333333331,3314.0,2016,8,29,10.2,normal,9.2,12.2,7.1,0.8,0.52,684.5,685.7,682.4,3.1,,7.209735220331361,Rain
2016-08-30,52645.0,青海,野牛沟,38.41666666666666,99.58333333333331,3314.0,2016,8,30,1.5,normal,8.1,12.2,6.3,0.77,0.54,684.7,686.2,682.8,2.7,,5.879169541687079,Rain
2016-08-31,52645.0,青海,野牛沟,38.41666666666666,99.58333333333331,3314.0,2016,8,31,0.5,normal,10.1,17.0,6.0,0.7,0.3,683.2,684.7,680.9,5.4,,6.96851641114129,Rain
2016-09-01,52645.0,青海,野牛沟,38.41666666666666,99.58333333333331,3314.0,2016,9,1,6.4,normal,8.0,12.1,6.4,0.84,0.57,682.9,683.8,682.0,1.5,,6.47689930419435,Rain
2016-09-02,52645.0,青海,野牛沟,38.41666666666666,99.58333333333331,3314.0,2016,9,2,0.1,normal,7.7,13.5,4.1,0.69,0.48,681.8,683.7,679.6,3.6,,4.699887752349965,Rain
2016-09-03,52645.0,青海,野牛沟,38.41666666666666,99.58333333333331,3314.0,2016,9,3,0.0,无,7.1,16.1,-0.2,0.68,0.14,682.9,683.9,680.7,5.5,,,无
2016-09-04,52645.0,青海,野牛沟,38.41666666666666,99.58333333333331,3314.0,2016,9,4,0.0,无,7.4,15.4,1.7,0.7,0.36,685.0,686.1,682.7,4.5,,,无
2016-09-05,52645.0,青海,野牛沟,38.41666666666666,99.58333333333331,3314.0,2016,9,5,6.1,normal,5.2,9.8,2.0,0.68,0.37,686.4,687.4,684.5,3.8,,2.3692142262436944,Rain
2016-09-06,52645.0,青海,野牛沟,38.41666666666666,99.58333333333331,3314.0,2016,9,6,0.0,无,4.4,14.2,-3.7,0.65,0.28,686.1,687.6,683.5,4.5,,,无
2016-09-07,52645.0,青海,野牛沟,38.41666666666666,99.58333333333331,3314.0,2016,9,7,0.0,无,5.8,12.6,0.1,0.67,0.4,684.5,685.4,683.6,4.7,,,无
2016-09-08,52645.0,青海,野牛沟,38.41666666666666,99.58333333333331,3314.0,2016,9,8,8.1,normal,2.4,8.6,0.4,0.9,0.5,684.8,685.6,683.3,1.5,,1.6266127367295136,Snow
2016-09-09,52645.0,青海,野牛沟,38.41666666666666,99.58333333333331,3314.0,2016,9,9,0.0,无,4.5,12.3,-0.5,0.72,0.29,687.3,688.2,685.6,4.7,,,无
2016-09-10,52645.0,青海,野牛沟,38.41666666666666,99.58333333333331,3314.0,2016,9,10,0.0,无,4.3,13.2,-2.4,0.7,0.34,687.8,689.0,686.2,4.4,,,无
2016-09-11,52645.0,青海,野牛沟,38.41666666666666,99.58333333333331,3314.0,2016,9,11,5.2,normal,3.4,13.0,-2.2,0.8,0.4,685.7,687.3,682.9,2.9,,1.773111186689733,Snow
2016-09-12,52645.0,青海,野牛沟,38.41666666666666,99.58333333333331,3314.0,2016,9,12,0.1,normal,5.3,12.2,1.9,0.72,0.42,686.8,687.8,685.3,3.4,,2.8295248600598155,Rain
2016-09-13,52645.0,青海,野牛沟,38.41666666666666,99.58333333333331,3314.0,2016,9,13,0.0,无,5.4,14.5,-2.4,0.72,0.31,685.6,687.1,683.3,4.0,,,无
2016-09-14,52645.0,青海,野牛沟,38.41666666666666,99.58333333333331,3314.0,2016,9,14,0.1,normal,6.6,16.0,-1.3,0.7,0.32,686.1,687.2,684.7,4.2,,3.81713307038106,Rain
2016-09-15,52645.0,青海,野牛沟,38.41666666666666,99.58333333333331,3314.0,2016,9,15,0.2,normal,7.9,16.2,0.2,0.73,0.33,685.8,687.8,683.2,4.2,,5.293924099290392,Rain
2016-09-16,52645.0,青海,野牛沟,38.41666666666666,99.58333333333331,3314.0,2016,9,16,8.0,normal,5.1,9.7,2.4,0.86,0.64,685.3,686.3,684.0,1.4,,3.8976077628280725,Rain
2016-09-17,52645.0,青海,野牛沟,38.41666666666666,99.58333333333331,3314.0,2016,9,17,0.4,normal,4.9,11.7,1.1,0.78,0.47,686.4,688.2,685.0,2.4,,3.0033805636728106,Rain
2016-09-18,52645.0,青海,野牛沟,38.41666666666666,99.58333333333331,3314.0,2016,9,18,0.0,无,4.6,11.7,-1.0,0.75,0.42,688.7,690.1,687.1,3.8,,,无
2016-09-19,52645.0,青海,野牛沟,38.41666666666666,99.58333333333331,3314.0,2016,9,19,2.2,normal,2.8,7.8,1.2,0.87,0.58,688.7,689.5,687.7,1.3,,1.7779541725536552,Snow
2016-09-20,52645.0,青海,野牛沟,38.41666666666666,99.58333333333331,3314.0,2016,9,20,0.0,无,3.1,11.7,-2.9,0.74,0.33,688.7,690.0,687.1,3.2,,,无
2016-09-21,52645.0,青海,野牛沟,38.41666666666666,99.58333333333331,3314.0,2016,9,21,0.0,无,3.4,12.5,-4.0,0.69,0.31,688.1,689.2,686.0,3.1,,,无
2016-09-22,52645.0,青海,野牛沟,38.41666666666666,99.58333333333331,3314.0,2016,9,22,0.5,normal,4.2,12.8,-0.8,0.72,0.29,687.3,689.0,685.2,3.2,,1.829042563741834,Rain
2016-09-23,52645.0,青海,野牛沟,38.41666666666666,99.58333333333331,3314.0,2016,9,23,0.0,无,5.3,12.3,-1.3,0.67,0.26,685.1,687.1,682.8,3.9,,,无
2016-09-24,52645.0,青海,野牛沟,38.41666666666666,99.58333333333331,3314.0,2016,9,24,2.2,normal,3.2,8.8,-1.6,0.8,0.5,682.5,684.9,680.2,1.9,,1.581860698183335,Snow
2016-09-25,52645.0,青海,野牛沟,38.41666666666666,99.58333333333331,3314.0,2016,9,25,3.2,normal,4.7,12.0,0.3,0.73,0.25,681.7,683.2,680.8,3.4,,2.3650504696326946,Rain
2016-09-26,52645.0,青海,野牛沟,38.41666666666666,99.58333333333331,3314.0,2016,9,26,1.7,normal,2.5,11.8,-3.2,0.77,0.31,684.8,686.2,681.9,2.3,,0.6848267002601771,Snow
2016-09-27,52645.0,青海,野牛沟,38.41666666666666,99.58333333333331,3314.0,2016,9,27,0.1,normal,4.7,12.1,-0.5,0.75,0.22,686.9,688.4,685.1,3.2,,2.551857971376781,Rain
2016-09-28,52645.0,青海,野牛沟,38.41666666666666,99.58333333333331,3314.0,2016,9,28,0.0,无,2.8,13.0,-4.1,0.7,0.2,686.3,687.8,683.5,3.1,,,无
2016-09-29,52645.0,青海,野牛沟,38.41666666666666,99.58333333333331,3314.0,2016,9,29,0.0,无,3.2,12.9,-4.6,0.65,0.22,685.2,686.5,682.9,3.9,,,无
2016-09-30,52645.0,青海,野牛沟,38.41666666666666,99.58333333333331,3314.0,2016,9,30,0.0,无,2.5,12.4,-4.2,0.71,0.27,685.0,685.8,682.9,2.5,,,无
2016-10-01,52645.0,青海,野牛沟,38.41666666666666,99.58333333333331,3314.0,2016,10,1,0.0,无,3.1,12.6,-3.7,0.7,0.23,686.3,687.6,684.7,2.7,,,无
2016-10-02,52645.0,青海,野牛沟,38.41666666666666,99.58333333333331,3314.0,2016,10,2,0.0,无,3.8,17.9,-5.6,0.6,0.12,685.7,688.3,682.2,4.3,,,无
2016-10-03,52645.0,青海,野牛沟,38.41666666666666,99.58333333333331,3314.0,2016,10,3,0.3,normal,5.0,15.8,-0.6,0.66,0.3,681.4,684.1,677.1,3.3,,1.9952618721297766,Rain
2016-10-04,52645.0,青海,野牛沟,38.41666666666666,99.58333333333331,3314.0,2016,10,4,2.8,normal,3.5,10.5,-1.1,0.59,0.13,684.5,686.4,682.5,4.1,,0.05235522801406933,Snow
2016-10-05,52645.0,青海,野牛沟,38.41666666666666,99.58333333333331,3314.0,2016,10,5,0.0,无,1.0,12.6,-6.9,0.63,0.12,682.4,684.4,679.0,3.9,,,无
2016-10-06,52645.0,青海,野牛沟,38.41666666666666,99.58333333333331,3314.0,2016,10,6,0.0,无,1.1,11.7,-4.3,0.61,0.09,681.2,682.3,679.7,3.5,,,无
2016-10-07,52645.0,青海,野牛沟,38.41666666666666,99.58333333333331,3314.0,2016,10,7,0.0,无,-1.4,9.5,-9.4,0.57,0.08,684.5,686.5,682.1,4.1,,,无
2016-10-08,52645.0,青海,野牛沟,38.41666666666666,99.58333333333331,3314.0,2016,10,8,0.0,无,-1.5,10.2,-10.0,0.53,0.15,684.1,685.8,680.7,3.1,,,无
2016-10-09,52645.0,青海,野牛沟,38.41666666666666,99.58333333333331,3314.0,2016,10,9,0.0,无,-0.5,9.8,-8.7,0.52,0.19,683.0,684.9,679.9,3.8,,,无
2016-10-10,52645.0,青海,野牛沟,38.41666666666666,99.58333333333331,3314.0,2016,10,10,0.0,无,-0.8,9.7,-8.9,0.59,0.2,682.4,683.7,679.9,2.8,,,无
2016-10-11,52645.0,青海,野牛沟,38.41666666666666,99.58333333333331,3314.0,2016,10,11,0.0,无,1.1,7.1,-2.9,0.67,0.36,684.3,685.7,682.1,2.4,,,无
2016-10-12,52645.0,青海,野牛沟,38.41666666666666,99.58333333333331,3314.0,2016,10,12,0.0,无,1.1,10.3,-3.3,0.64,0.17,685.5,687.6,683.2,3.4,,,无
2016-10-13,52645.0,青海,野牛沟,38.41666666666666,99.58333333333331,3314.0,2016,10,13,0.0,无,0.0,11.4,-9.2,0.56,0.17,683.6,685.4,680.5,4.0,,,无
2016-10-14,52645.0,青海,野牛沟,38.41666666666666,99.58333333333331,3314.0,2016,10,14,0.0,无,1.0,11.9,-7.3,0.6,0.11,681.7,683.3,679.2,3.1,,,无
2016-10-15,52645.0,青海,野牛沟,38.41666666666666,99.58333333333331,3314.0,2016,10,15,0.0,无,1.3,12.0,-6.9,0.5,0.1,684.2,686.2,680.7,4.1,,,无
2016-10-16,52645.0,青海,野牛沟,38.41666666666666,99.58333333333331,3314.0,2016,10,16,0.0,无,1.0,11.7,-5.0,0.67,0.13,687.3,689.4,684.6,3.3,,,无
2016-10-17,52645.0,青海,野牛沟,38.41666666666666,99.58333333333331,3314.0,2016,10,17,0.0,无,-0.2,12.5,-10.5,0.5,0.1,684.5,686.7,681.4,4.1,,,无
2016-10-18,52645.0,青海,野牛沟,38.41666666666666,99.58333333333331,3314.0,2016,10,18,0.0,无,1.6,11.2,-8.3,0.43,0.13,683.8,685.5,682.1,3.8,,,无
2016-10-19,52645.0,青海,野牛沟,38.41666666666666,99.58333333333331,3314.0,2016,10,19,0.0,无,-0.1,12.1,-9.6,0.54,0.16,681.1,684.7,677.1,3.9,,,无
2016-10-20,52645.0,青海,野牛沟,38.41666666666666,99.58333333333331,3314.0,2016,10,20,3.0,normal,-1.4,9.9,-7.6,0.73,0.31,678.8,680.9,675.5,1.8,,-3.2261919192997413,Snow
2016-10-21,52645.0,青海,野牛沟,38.41666666666666,99.58333333333331,3314.0,2016,10,21,3.4,normal,-3.1,0.6,-6.0,0.84,0.64,681.9,683.8,680.7,2.1,,-4.089222810257289,Snow
2016-10-22,52645.0,青海,野牛沟,38.41666666666666,99.58333333333331,3314.0,2016,10,22,2.7,normal,-2.7,0.9,-4.4,0.85,0.61,682.1,683.1,681.0,2.3,,-3.643583914785702,Snow
2016-10-23,52645.0,青海,野牛沟,38.41666666666666,99.58333333333331,3314.0,2016,10,23,0.0,无,-5.3,2.0,-12.8,0.71,0.53,680.6,683.1,677.6,2.1,,,无
2016-10-24,52645.0,青海,野牛沟,38.41666666666666,99.58333333333331,3314.0,2016,10,24,1.2,normal,-2.7,2.8,-5.1,0.78,0.43,679.0,681.9,676.4,2.3,,-4.09619756823504,Snow
2016-10-25,52645.0,青海,野牛沟,38.41666666666666,99.58333333333331,3314.0,2016,10,25,0.0,无,-4.5,5.3,-10.6,0.66,0.18,677.9,679.1,676.3,2.4,,,无
2016-10-26,52645.0,青海,野牛沟,38.41666666666666,99.58333333333331,3314.0,2016,10,26,0.0,无,-4.1,7.7,-12.8,0.58,0.16,679.3,681.8,677.2,2.3,,,无
2016-10-27,52645.0,青海,野牛沟,38.41666666666666,99.58333333333331,3314.0,2016,10,27,2.0,normal,-3.8,0.7,-5.7,0.75,0.47,683.5,685.4,678.4,2.0,,-5.304990549130202,Snow
2016-10-28,52645.0,青海,野牛沟,38.41666666666666,99.58333333333331,3314.0,2016,10,28,0.0,无,-7.6,-1.3,-13.0,0.65,0.24,684.2,686.4,682.0,1.7,,,无
2016-10-29,52645.0,青海,野牛沟,38.41666666666666,99.58333333333331,3314.0,2016,10,29,0.0,无,-6.5,0.6,-13.3,0.47,0.19,682.3,683.7,680.8,3.6,,,无
2016-10-30,52645.0,青海,野牛沟,38.41666666666666,99.58333333333331,3314.0,2016,10,30,0.0,无,-5.6,2.5,-14.6,0.48,0.22,682.1,684.5,680.5,2.9,,,无
2016-10-31,52645.0,青海,野牛沟,38.41666666666666,99.58333333333331,3314.0,2016,10,31,0.0,无,-6.1,3.4,-14.9,0.56,0.26,685.2,687.1,683.2,2.6,,,无
2016-11-01,52645.0,青海,野牛沟,38.41666666666666,99.58333333333331,3314.0,2016,11,1,0.0,无,-6.8,3.7,-13.9,0.6,0.19,687.2,688.6,684.3,2.4,,,无
2016-11-02,52645.0,青海,野牛沟,38.41666666666666,99.58333333333331,3314.0,2016,11,2,0.0,无,-7.0,4.7,-14.6,0.6,0.21,687.7,689.3,686.0,2.6,,,无
2016-11-03,52645.0,青海,野牛沟,38.41666666666666,99.58333333333331,3314.0,2016,11,3,0.0,无,-6.5,5.2,-14.3,0.56,0.15,685.9,687.9,683.5,2.3,,,无
2016-11-04,52645.0,青海,野牛沟,38.41666666666666,99.58333333333331,3314.0,2016,11,4,0.0,无,-6.7,5.3,-14.5,0.56,0.15,680.9,684.0,678.0,2.6,,,无
2016-11-05,52645.0,青海,野牛沟,38.41666666666666,99.58333333333331,3314.0,2016,11,5,0.0,无,-6.2,7.3,-15.0,0.55,0.11,679.0,681.1,676.4,2.2,,,无
2016-11-06,52645.0,青海,野牛沟,38.41666666666666,99.58333333333331,3314.0,2016,11,6,1.4,normal,-5.0,0.4,-8.8,0.73,0.41,682.2,684.9,677.8,2.2,,-6.5373085684256305,Snow
2016-11-07,52645.0,青海,野牛沟,38.41666666666666,99.58333333333331,3314.0,2016,11,7,0.0,无,-15.2,-8.4,-23.2,0.72,0.44,688.6,690.7,684.9,1.2,,,无
2016-11-08,52645.0,青海,野牛沟,38.41666666666666,99.58333333333331,3314.0,2016,11,8,0.0,无,-15.0,-5.5,-22.5,0.65,0.38,686.7,689.1,684.1,1.8,,,无
2016-11-09,52645.0,青海,野牛沟,38.41666666666666,99.58333333333331,3314.0,2016,11,9,0.0,无,-11.1,0.0,-20.2,0.56,0.16,683.8,686.7,679.7,2.0,,,无
2016-11-10,52645.0,青海,野牛沟,38.41666666666666,99.58333333333331,3314.0,2016,11,10,0.0,无,-8.6,3.4,-16.3,0.48,0.15,682.2,685.1,678.3,3.0,,,无
2016-11-11,52645.0,青海,野牛沟,38.41666666666666,99.58333333333331,3314.0,2016,11,11,0.0,无,-10.5,3.0,-19.4,0.52,0.09,679.0,680.7,676.9,2.5,,,无
2016-11-12,52645.0,青海,野牛沟,38.41666666666666,99.58333333333331,3314.0,2016,11,12,0.0,无,-9.7,3.3,-18.5,0.53,0.17,680.2,681.5,678.1,2.7,,,无
2016-11-13,52645.0,青海,野牛沟,38.41666666666666,99.58333333333331,3314.0,2016,11,13,0.0,无,-8.0,4.9,-17.7,0.46,0.11,681.2,682.6,679.0,2.7,,,无
2016-11-14,52645.0,青海,野牛沟,38.41666666666666,99.58333333333331,3314.0,2016,11,14,0.0,无,-8.7,4.2,-17.4,0.52,0.14,683.1,685.3,680.7,2.5,,,无
2016-11-15,52645.0,青海,野牛沟,38.41666666666666,99.58333333333331,3314.0,2016,11,15,0.0,无,-9.2,2.4,-18.5,0.51,0.18,680.4,682.0,678.6,2.2,,,无
2016-11-16,52645.0,青海,野牛沟,38.41666666666666,99.58333333333331,3314.0,2016,11,16,0.0,无,-10.2,3.2,-18.6,0.58,0.18,681.9,683.7,679.7,2.0,,,无
2016-11-17,52645.0,青海,野牛沟,38.41666666666666,99.58333333333331,3314.0,2016,11,17,0.0,无,-7.6,5.3,-18.9,0.47,0.09,680.6,682.6,678.3,2.4,,,无
2016-11-18,52645.0,青海,野牛沟,38.41666666666666,99.58333333333331,3314.0,2016,11,18,0.0,无,-4.5,5.1,-13.7,0.37,0.1,677.0,679.7,675.0,3.6,,,无
2016-11-19,52645.0,青海,野牛沟,38.41666666666666,99.58333333333331,3314.0,2016,11,19,0.0,无,-5.1,1.2,-13.5,0.44,0.18,678.3,679.8,676.9,2.6,,,无
2016-11-20,52645.0,青海,野牛沟,38.41666666666666,99.58333333333331,3314.0,2016,11,20,0.0,无,-3.1,4.8,-12.1,0.33,0.12,677.7,679.7,675.5,3.7,,,无
2016-11-21,52645.0,青海,野牛沟,38.41666666666666,99.58333333333331,3314.0,2016,11,21,0.0,无,-7.7,4.0,-15.9,0.5,0.18,677.2,678.9,675.9,2.5,,,无
2016-11-22,52645.0,青海,野牛沟,38.41666666666666,99.58333333333331,3314.0,2016,11,22,0.6,normal,-10.4,-1.2,-18.1,0.67,0.31,680.0,681.3,677.7,2.2,,-11.8144777434877,Snow
2016-11-23,52645.0,青海,野牛沟,38.41666666666666,99.58333333333331,3314.0,2016,11,23,2.0,normal,-11.1,-4.6,-15.0,0.8,0.58,681.1,682.8,678.7,1.5,,-11.91749938895168,Snow
2016-11-24,52645.0,青海,野牛沟,38.41666666666666,99.58333333333331,3314.0,2016,11,24,0.0,无,-12.2,-1.0,-19.3,0.73,0.36,677.9,680.2,675.9,1.5,,,无
2016-11-25,52645.0,青海,野牛沟,38.41666666666666,99.58333333333331,3314.0,2016,11,25,0.3,normal,-12.1,-5.6,-17.7,0.67,0.24,679.5,683.3,676.4,1.1,,-13.380148724955866,Snow
2016-11-26,52645.0,青海,野牛沟,38.41666666666666,99.58333333333331,3314.0,2016,11,26,0.0,无,-14.2,-3.7,-21.9,0.59,0.31,681.0,684.0,678.2,1.8,,,无
2016-11-27,52645.0,青海,野牛沟,38.41666666666666,99.58333333333331,3314.0,2016,11,27,0.0,无,-14.5,-2.1,-22.1,0.65,0.3,680.4,682.2,678.4,1.4,,,无
2016-11-28,52645.0,青海,野牛沟,38.41666666666666,99.58333333333331,3314.0,2016,11,28,0.3,normal,-12.8,-3.4,-19.8,0.68,0.29,681.2,682.3,678.4,1.3,,-13.987055826036428,Snow
2016-11-29,52645.0,青海,野牛沟,38.41666666666666,99.58333333333331,3314.0,2016,11,29,0.1,normal,-16.7,-5.7,-25.5,0.65,0.26,684.5,686.2,682.2,1.1,,-17.70730720983024,Snow
2016-11-30,52645.0,青海,野牛沟,38.41666666666666,99.58333333333331,3314.0,2016,11,30,0.0,无,-17.7,-6.4,-25.1,0.6,0.29,685.8,687.4,683.3,1.6,,,无
2016-12-01,52645.0,青海,野牛沟,38.41666666666666,99.58333333333331,3314.0,2016,12,1,0.0,无,-17.8,-4.9,-25.9,0.58,0.22,684.0,685.6,681.7,1.4,,,无
2016-12-02,52645.0,青海,野牛沟,38.41666666666666,99.58333333333331,3314.0,2016,12,2,0.0,无,-13.5,-1.9,-23.2,0.5,0.22,683.1,684.6,680.3,1.8,,,无
2016-12-03,52645.0,青海,野牛沟,38.41666666666666,99.58333333333331,3314.0,2016,12,3,0.0,无,-13.1,-4.0,-21.3,0.55,0.24,683.2,685.3,681.8,1.6,,,无
2016-12-04,52645.0,青海,野牛沟,38.41666666666666,99.58333333333331,3314.0,2016,12,4,0.0,无,-11.6,0.2,-19.7,0.56,0.23,680.9,682.6,678.6,2.2,,,无
2016-12-05,52645.0,青海,野牛沟,38.41666666666666,99.58333333333331,3314.0,2016,12,5,0.0,无,-9.4,1.4,-17.4,0.52,0.23,685.8,688.3,680.6,1.6,,,无
2016-12-06,52645.0,青海,野牛沟,38.41666666666666,99.58333333333331,3314.0,2016,12,6,0.0,无,-11.3,1.3,-18.9,0.59,0.26,684.9,686.4,683.0,2.0,,,无
2016-12-07,52645.0,青海,野牛沟,38.41666666666666,99.58333333333331,3314.0,2016,12,7,0.0,无,-10.4,0.8,-19.4,0.56,0.25,684.0,686.0,681.4,1.7,,,无
2016-12-08,52645.0,青海,野牛沟,38.41666666666666,99.58333333333331,3314.0,2016,12,8,0.0,无,-8.3,4.1,-17.0,0.55,0.2,680.3,682.8,678.0,1.9,,,无
2016-12-09,52645.0,青海,野牛沟,38.41666666666666,99.58333333333331,3314.0,2016,12,9,0.0,无,-9.2,3.9,-17.5,0.54,0.2,680.0,681.8,678.8,1.6,,,无
2016-12-10,52645.0,青海,野牛沟,38.41666666666666,99.58333333333331,3314.0,2016,12,10,0.0,无,-10.9,-0.1,-18.1,0.63,0.29,678.1,681.7,675.2,1.5,,,无
2016-12-11,52645.0,青海,野牛沟,38.41666666666666,99.58333333333331,3314.0,2016,12,11,0.0,无,-10.2,0.6,-18.7,0.56,0.23,675.5,677.4,673.4,1.7,,,无
2016-12-12,52645.0,青海,野牛沟,38.41666666666666,99.58333333333331,3314.0,2016,12,12,0.0,无,-8.9,5.5,-18.0,0.49,0.08,677.9,679.3,675.6,2.3,,,无
2016-12-13,52645.0,青海,野牛沟,38.41666666666666,99.58333333333331,3314.0,2016,12,13,0.0,无,-11.7,1.1,-20.1,0.46,0.12,680.7,683.2,678.4,1.7,,,无
2016-12-14,52645.0,青海,野牛沟,38.41666666666666,99.58333333333331,3314.0,2016,12,14,0.0,无,-14.6,-1.8,-22.4,0.56,0.2,684.1,685.5,681.9,1.7,,,无
2016-12-15,52645.0,青海,野牛沟,38.41666666666666,99.58333333333331,3314.0,2016,12,15,0.0,无,-14.6,-1.7,-22.6,0.53,0.16,685.1,687.2,683.5,1.5,,,无
2016-12-16,52645.0,青海,野牛沟,38.41666666666666,99.58333333333331,3314.0,2016,12,16,0.0,无,-15.6,-2.6,-23.2,0.53,0.2,681.1,684.4,678.6,1.6,,,无
2016-12-17,52645.0,青海,野牛沟,38.41666666666666,99.58333333333331,3314.0,2016,12,17,0.0,无,-14.7,-0.4,-23.4,0.5,0.15,679.5,681.4,677.0,1.7,,,无
2016-12-18,52645.0,青海,野牛沟,38.41666666666666,99.58333333333331,3314.0,2016,12,18,0.0,无,-14.4,-0.8,-22.7,0.51,0.18,679.3,680.2,677.0,2.2,,,无
2016-12-19,52645.0,青海,野牛沟,38.41666666666666,99.58333333333331,3314.0,2016,12,19,0.0,无,-12.8,2.7,-20.3,0.53,0.12,678.8,680.7,676.5,1.1,,,无
2016-12-20,52645.0,青海,野牛沟,38.41666666666666,99.58333333333331,3314.0,2016,12,20,0.0,无,-13.4,1.2,-22.2,0.48,0.14,678.7,679.8,676.9,1.7,,,无
2016-12-21,52645.0,青海,野牛沟,38.41666666666666,99.58333333333331,3314.0,2016,12,21,0.0,无,-11.9,-3.3,-18.2,0.49,0.12,682.7,684.3,679.8,1.9,,,无
2016-12-22,52645.0,青海,野牛沟,38.41666666666666,99.58333333333331,3314.0,2016,12,22,0.0,无,-14.6,-1.3,-23.4,0.46,0.13,680.7,683.7,677.8,1.7,,,无
2016-12-23,52645.0,青海,野牛沟,38.41666666666666,99.58333333333331,3314.0,2016,12,23,0.0,无,-15.6,-2.2,-22.5,0.53,0.19,677.7,680.5,675.2,1.2,,,无
2016-12-24,52645.0,青海,野牛沟,38.41666666666666,99.58333333333331,3314.0,2016,12,24,0.0,无,-13.2,-1.8,-22.5,0.46,0.14,674.4,677.6,672.4,1.5,,,无
2016-12-25,52645.0,青海,野牛沟,38.41666666666666,99.58333333333331,3314.0,2016,12,25,0.1,normal,-13.4,-7.5,-19.5,0.66,0.33,678.2,680.7,674.8,0.9,,-14.620106073111131,Snow
2016-12-26,52645.0,青海,野牛沟,38.41666666666666,99.58333333333331,3314.0,2016,12,26,0.2,normal,-17.1,-5.6,-25.0,0.55,0.09,682.2,684.1,680.7,1.7,,-18.36659552022583,Snow
2016-12-27,52645.0,青海,野牛沟,38.41666666666666,99.58333333333331,3314.0,2016,12,27,0.0,无,-20.3,-5.8,-29.3,0.46,0.15,680.8,684.9,676.6,1.2,,,无
2016-12-28,52645.0,青海,野牛沟,38.41666666666666,99.58333333333331,3314.0,2016,12,28,0.0,无,-17.8,-6.0,-24.4,0.57,0.32,680.6,682.7,677.5,1.3,,,无
2016-12-29,52645.0,青海,野牛沟,38.41666666666666,99.58333333333331,3314.0,2016,12,29,0.0,无,-17.6,-6.0,-25.1,0.56,0.22,679.7,682.5,676.4,0.9,,,无
2016-12-30,52645.0,青海,野牛沟,38.41666666666666,99.58333333333331,3314.0,2016,12,30,0.0,无,-17.6,-3.7,-26.8,0.49,0.15,679.7,681.0,677.8,1.7,,,无
2016-12-31,52645.0,青海,野牛沟,38.41666666666666,99.58333333333331,3314.0,2016,12,31,0.0,无,-13.1,1.1,-23.2,0.46,0.11,679.5,681.7,676.5,1.6,,,无
2017-01-01,52645.0,青海,野牛沟,38.41666666666666,99.58333333333331,3314.0,2017,1,1,0.0,无,-14.0,-1.1,-23.1,0.4,0.1,679.7,681.5,677.5,2.0,,,无
2017-01-02,52645.0,青海,野牛沟,38.41666666666666,99.58333333333331,3314.0,2017,1,2,0.0,无,-16.2,-4.8,-24.2,0.45,0.18,681.8,683.4,679.7,1.5,,,无
2017-01-03,52645.0,青海,野牛沟,38.41666666666666,99.58333333333331,3314.0,2017,1,3,0.0,无,-14.0,-2.9,-24.3,0.49,0.24,679.5,682.4,676.2,1.3,,,无
2017-01-04,52645.0,青海,野牛沟,38.41666666666666,99.58333333333331,3314.0,2017,1,4,0.0,无,-14.3,0.1,-23.8,0.54,0.14,677.7,679.5,675.6,1.7,,,无
2017-01-05,52645.0,青海,野牛沟,38.41666666666666,99.58333333333331,3314.0,2017,1,5,0.0,无,-13.5,1.7,-24.3,0.44,0.12,676.7,678.9,673.6,1.9,,,无
2017-01-06,52645.0,青海,野牛沟,38.41666666666666,99.58333333333331,3314.0,2017,1,6,0.0,无,-14.7,-1.6,-23.4,0.46,0.16,676.1,677.7,674.1,1.7,,,无
2017-01-07,52645.0,青海,野牛沟,38.41666666666666,99.58333333333331,3314.0,2017,1,7,0.0,无,-12.4,-1.0,-20.9,0.48,0.2,675.5,677.4,673.4,1.8,,,无
2017-01-08,52645.0,青海,野牛沟,38.41666666666666,99.58333333333331,3314.0,2017,1,8,0.0,无,-15.8,-4.5,-24.7,0.56,0.29,674.8,676.5,672.1,1.2,,,无
2017-01-09,52645.0,青海,野牛沟,38.41666666666666,99.58333333333331,3314.0,2017,1,9,0.0,无,-15.8,-7.1,-23.2,0.63,0.36,674.1,675.4,671.7,1.4,,,无
2017-01-10,52645.0,青海,野牛沟,38.41666666666666,99.58333333333331,3314.0,2017,1,10,0.3,normal,-17.7,-9.9,-23.9,0.71,0.47,676.4,678.1,674.1,0.8,,-18.485975972971936,Snow
2017-01-11,52645.0,青海,野牛沟,38.41666666666666,99.58333333333331,3314.0,2017,1,11,0.0,无,-20.0,-11.4,-26.6,0.68,0.36,678.8,680.3,677.2,1.0,,,无
2017-01-12,52645.0,青海,野牛沟,38.41666666666666,99.58333333333331,3314.0,2017,1,12,0.0,无,-22.1,-10.7,-29.7,0.59,0.29,678.4,680.6,675.8,1.1,,,无
2017-01-13,52645.0,青海,野牛沟,38.41666666666666,99.58333333333331,3314.0,2017,1,13,0.0,无,-19.8,-6.0,-28.5,0.55,0.2,674.9,677.2,672.6,1.5,,,无
2017-01-14,52645.0,青海,野牛沟,38.41666666666666,99.58333333333331,3314.0,2017,1,14,0.0,无,-19.0,-7.9,-28.2,0.52,0.24,675.1,676.2,673.2,1.3,,,无
2017-01-15,52645.0,青海,野牛沟,38.41666666666666,99.58333333333331,3314.0,2017,1,15,0.0,无,-17.4,-6.6,-26.0,0.5,0.18,676.4,678.1,673.9,1.4,,,无
2017-01-16,52645.0,青海,野牛沟,38.41666666666666,99.58333333333331,3314.0,2017,1,16,0.0,无,-20.3,-7.7,-28.9,0.43,0.11,676.0,677.7,674.5,1.7,,,无
2017-01-17,52645.0,青海,野牛沟,38.41666666666666,99.58333333333331,3314.0,2017,1,17,0.0,无,-20.6,-7.3,-29.7,0.44,0.13,674.8,676.4,672.4,1.5,,,无
2017-01-18,52645.0,青海,野牛沟,38.41666666666666,99.58333333333331,3314.0,2017,1,18,0.0,无,-19.0,-5.5,-28.4,0.42,0.09,676.4,678.8,674.4,1.8,,,无
2017-01-19,52645.0,青海,野牛沟,38.41666666666666,99.58333333333331,3314.0,2017,1,19,0.0,无,-18.8,-6.2,-28.5,0.4,0.1,680.3,682.3,678.4,1.7,,,无
2017-01-20,52645.0,青海,野牛沟,38.41666666666666,99.58333333333331,3314.0,2017,1,20,0.0,无,-18.4,-4.7,-26.9,0.42,0.11,679.9,681.5,678.1,1.3,,,无
2017-01-21,52645.0,青海,野牛沟,38.41666666666666,99.58333333333331,3314.0,2017,1,21,0.0,无,-17.9,-4.7,-26.8,0.49,0.12,681.9,682.9,679.7,1.7,,,无
2017-01-22,52645.0,青海,野牛沟,38.41666666666666,99.58333333333331,3314.0,2017,1,22,0.0,无,-17.4,-3.2,-27.3,0.4,0.09,683.3,685.3,681.3,1.7,,,无
2017-01-23,52645.0,青海,野牛沟,38.41666666666666,99.58333333333331,3314.0,2017,1,23,0.0,无,-17.0,-1.9,-26.6,0.41,0.11,681.7,683.3,679.4,1.5,,,无
2017-01-24,52645.0,青海,野牛沟,38.41666666666666,99.58333333333331,3314.0,2017,1,24,0.0,无,-15.0,1.1,-24.6,0.4,0.1,683.0,685.0,681.4,1.8,,,无
2017-01-25,52645.0,青海,野牛沟,38.41666666666666,99.58333333333331,3314.0,2017,1,25,0.0,无,-12.3,4.1,-23.1,0.41,0.1,680.6,682.8,677.6,1.7,,,无
2017-01-26,52645.0,青海,野牛沟,38.41666666666666,99.58333333333331,3314.0,2017,1,26,0.0,无,-11.3,-3.2,-18.0,0.48,0.26,681.5,683.5,679.3,1.4,,,无
2017-01-27,52645.0,青海,野牛沟,38.41666666666666,99.58333333333331,3314.0,2017,1,27,0.0,无,-7.8,7.3,-19.6,0.46,0.09,674.5,680.9,668.8,2.4,,,无
2017-01-28,52645.0,青海,野牛沟,38.41666666666666,99.58333333333331,3314.0,2017,1,28,0.0,无,-9.8,5.2,-17.1,0.52,0.12,672.8,674.4,670.2,2.0,,,无
2017-01-29,52645.0,青海,野牛沟,38.41666666666666,99.58333333333331,3314.0,2017,1,29,2.8,normal,-14.9,-7.8,-19.9,0.8,0.47,676.4,677.8,674.3,1.4,,-15.551268132316306,Snow
2017-01-30,52645.0,青海,野牛沟,38.41666666666666,99.58333333333331,3314.0,2017,1,30,0.0,无,-15.4,-7.1,-23.6,0.7,0.58,675.8,677.2,674.3,1.1,,,无
2017-01-31,52645.0,青海,野牛沟,38.41666666666666,99.58333333333331,3314.0,2017,1,31,0.0,无,-15.4,-4.1,-23.7,0.67,0.38,676.1,677.3,674.7,1.7,,,无
2017-02-01,52645.0,青海,野牛沟,38.41666666666666,99.58333333333331,3314.0,2017,2,1,0.0,无,-17.5,-6.4,-26.6,0.64,0.41,678.7,680.7,676.7,1.3,,,无
2017-02-02,52645.0,青海,野牛沟,38.41666666666666,99.58333333333331,3314.0,2017,2,2,0.0,无,-15.9,-5.4,-24.6,0.61,0.39,678.4,679.8,676.7,1.5,,,无
2017-02-03,52645.0,青海,野牛沟,38.41666666666666,99.58333333333331,3314.0,2017,2,3,0.0,无,-12.9,0.4,-22.4,0.56,0.18,677.1,679.0,675.2,2.3,,,无
2017-02-04,52645.0,青海,野牛沟,38.41666666666666,99.58333333333331,3314.0,2017,2,4,0.0,无,-10.4,2.7,-21.0,0.57,0.19,677.0,678.4,675.0,2.3,,,无
2017-02-05,52645.0,青海,野牛沟,38.41666666666666,99.58333333333331,3314.0,2017,2,5,0.0,无,-8.5,3.0,-16.4,0.54,0.19,675.7,677.7,672.9,1.5,,,无
2017-02-06,52645.0,青海,野牛沟,38.41666666666666,99.58333333333331,3314.0,2017,2,6,0.0,无,-7.1,-0.7,-9.8,0.54,0.31,672.3,674.4,669.3,2.1,,,无
2017-02-07,52645.0,青海,野牛沟,38.41666666666666,99.58333333333331,3314.0,2017,2,7,0.0,无,-13.0,-5.7,-19.3,0.67,0.44,677.9,679.9,673.5,1.4,,,无
2017-02-08,52645.0,青海,野牛沟,38.41666666666666,99.58333333333331,3314.0,2017,2,8,0.5,normal,-12.0,-4.9,-21.8,0.7,0.35,680.1,681.8,679.0,1.6,,-13.168688418396176,Snow
2017-02-09,52645.0,青海,野牛沟,38.41666666666666,99.58333333333331,3314.0,2017,2,9,0.0,无,-14.8,-3.0,-23.6,0.59,0.21,678.5,680.3,676.0,1.7,,,无
2017-02-10,52645.0,青海,野牛沟,38.41666666666666,99.58333333333331,3314.0,2017,2,10,0.0,无,-14.9,-5.1,-22.8,0.6,0.22,679.4,680.7,677.1,1.3,,,无
2017-02-11,52645.0,青海,野牛沟,38.41666666666666,99.58333333333331,3314.0,2017,2,11,0.0,无,-15.4,-1.1,-25.3,0.47,0.13,681.2,682.9,679.6,1.9,,,无
2017-02-12,52645.0,青海,野牛沟,38.41666666666666,99.58333333333331,3314.0,2017,2,12,0.0,无,-14.2,2.4,-25.2,0.45,0.09,681.1,682.8,679.0,2.2,,,无
2017-02-13,52645.0,青海,野牛沟,38.41666666666666,99.58333333333331,3314.0,2017,2,13,0.0,无,-9.6,2.9,-18.8,0.39,0.11,682.9,684.1,680.4,2.6,,,无
2017-02-14,52645.0,青海,野牛沟,38.41666666666666,99.58333333333331,3314.0,2017,2,14,0.0,无,-11.2,2.0,-22.8,0.41,0.09,684.5,686.6,681.6,2.0,,,无
2017-02-15,52645.0,青海,野牛沟,38.41666666666666,99.58333333333331,3314.0,2017,2,15,0.0,无,-9.6,5.2,-21.9,0.4,0.08,680.0,683.3,676.6,2.6,,,无
2017-02-16,52645.0,青海,野牛沟,38.41666666666666,99.58333333333331,3314.0,2017,2,16,0.0,无,-8.4,-0.2,-16.9,0.43,0.16,678.4,680.2,676.1,2.5,,,无
2017-02-17,52645.0,青海,野牛沟,38.41666666666666,99.58333333333331,3314.0,2017,2,17,0.0,无,-8.3,3.7,-17.8,0.45,0.08,681.3,683.2,679.6,4.0,,,无
2017-02-18,52645.0,青海,野牛沟,38.41666666666666,99.58333333333331,3314.0,2017,2,18,0.0,无,-6.3,9.4,-18.8,0.35,0.05,681.0,684.0,677.4,3.5,,,无
2017-02-19,52645.0,青海,野牛沟,38.41666666666666,99.58333333333331,3314.0,2017,2,19,0.0,无,-3.4,9.5,-15.0,0.34,0.11,674.1,677.8,671.3,2.9,,,无
2017-02-20,52645.0,青海,野牛沟,38.41666666666666,99.58333333333331,3314.0,2017,2,20,0.0,无,-2.1,5.3,-9.4,0.39,0.17,669.4,671.9,666.8,3.1,,,无
2017-02-21,52645.0,青海,野牛沟,38.41666666666666,99.58333333333331,3314.0,2017,2,21,2.9,normal,-12.1,-4.8,-20.2,0.72,0.5,677.0,679.2,669.6,1.3,,-13.186925115036118,Snow
2017-02-22,52645.0,青海,野牛沟,38.41666666666666,99.58333333333331,3314.0,2017,2,22,0.3,normal,-9.9,-4.0,-13.0,0.66,0.35,678.0,679.1,676.5,1.7,,-11.403493152392436,Snow
2017-02-23,52645.0,青海,野牛沟,38.41666666666666,99.58333333333331,3314.0,2017,2,23,0.0,无,-12.5,-3.6,-19.9,0.67,0.33,678.8,679.9,676.9,1.3,,,无
2017-02-24,52645.0,青海,野牛沟,38.41666666666666,99.58333333333331,3314.0,2017,2,24,0.0,无,-11.6,-2.3,-20.4,0.67,0.27,679.6,681.0,677.1,2.3,,,无
2017-02-25,52645.0,青海,野牛沟,38.41666666666666,99.58333333333331,3314.0,2017,2,25,0.4,normal,-13.9,-3.6,-22.6,0.59,0.17,678.7,681.1,675.8,1.5,,-15.328364689855917,Snow
2017-02-26,52645.0,青海,野牛沟,38.41666666666666,99.58333333333331,3314.0,2017,2,26,0.0,无,-14.8,-3.0,-24.9,0.47,0.13,679.5,681.2,677.5,2.1,,,无
2017-02-27,52645.0,青海,野牛沟,38.41666666666666,99.58333333333331,3314.0,2017,2,27,0.0,无,-13.1,-1.2,-23.6,0.47,0.12,679.1,680.8,675.8,2.2,,,无
2017-02-28,52645.0,青海,野牛沟,38.41666666666666,99.58333333333331,3314.0,2017,2,28,0.5,normal,-9.6,-3.0,-13.9,0.58,0.2,681.3,684.6,678.4,2.9,,-11.490394602006667,Snow
2017-03-01,52645.0,青海,野牛沟,38.41666666666666,99.58333333333331,3314.0,2017,3,1,0.0,无,-13.3,0.0,-23.9,0.46,0.11,683.3,686.7,678.9,2.2,,,无
2017-03-02,52645.0,青海,野牛沟,38.41666666666666,99.58333333333331,3314.0,2017,3,2,0.0,无,-11.0,2.3,-21.8,0.41,0.09,676.3,679.5,672.6,2.9,,,无
2017-03-03,52645.0,青海,野牛沟,38.41666666666666,99.58333333333331,3314.0,2017,3,3,0.0,无,-10.1,2.1,-21.0,0.44,0.08,674.6,676.3,671.5,2.6,,,无
2017-03-04,52645.0,青海,野牛沟,38.41666666666666,99.58333333333331,3314.0,2017,3,4,0.2,normal,-9.4,0.1,-16.8,0.52,0.22,674.6,676.6,672.2,3.6,,-11.606672032883264,Snow
2017-03-05,52645.0,青海,野牛沟,38.41666666666666,99.58333333333331,3314.0,2017,3,5,2.0,normal,-10.6,-4.4,-14.1,0.67,0.42,678.0,679.6,676.6,2.1,,-12.001055077905999,Snow
2017-03-06,52645.0,青海,野牛沟,38.41666666666666,99.58333333333331,3314.0,2017,3,6,0.3,normal,-9.6,-0.7,-16.2,0.7,0.29,677.1,678.2,674.5,2.7,,-10.9479202585649,Snow
2017-03-07,52645.0,青海,野牛沟,38.41666666666666,99.58333333333331,3314.0,2017,3,7,0.0,无,-12.2,-3.3,-20.7,0.59,0.18,678.6,679.6,676.2,2.3,,,无
2017-03-08,52645.0,青海,野牛沟,38.41666666666666,99.58333333333331,3314.0,2017,3,8,0.0,无,-11.2,0.6,-20.5,0.54,0.14,675.8,678.9,673.2,2.4,,,无
2017-03-09,52645.0,青海,野牛沟,38.41666666666666,99.58333333333331,3314.0,2017,3,9,0.0,无,-7.4,1.9,-14.0,0.46,0.2,672.4,674.8,669.3,2.3,,,无
2017-03-10,52645.0,青海,野牛沟,38.41666666666666,99.58333333333331,3314.0,2017,3,10,0.0,无,-6.4,-0.9,-10.0,0.53,0.34,673.1,674.7,670.4,2.6,,,无
2017-03-11,52645.0,青海,野牛沟,38.41666666666666,99.58333333333331,3314.0,2017,3,11,0.6,normal,-9.7,-2.2,-15.7,0.7,0.35,676.3,677.5,673.7,1.6,,-11.041411632539141,Snow
2017-03-12,52645.0,青海,野牛沟,38.41666666666666,99.58333333333331,3314.0,2017,3,12,0.1,normal,-9.4,-4.5,-13.3,0.71,0.55,674.7,676.6,672.6,1.9,,-10.720192581748403,Snow
2017-03-13,52645.0,青海,野牛沟,38.41666666666666,99.58333333333331,3314.0,2017,3,13,0.1,normal,-9.9,-2.0,-17.9,0.65,0.37,675.6,677.0,673.9,2.0,,-11.452223575054084,Snow
2017-03-14,52645.0,青海,野牛沟,38.41666666666666,99.58333333333331,3314.0,2017,3,14,0.0,无,-8.1,-0.5,-16.0,0.66,0.3,674.6,676.0,672.3,2.1,,,无
2017-03-15,52645.0,青海,野牛沟,38.41666666666666,99.58333333333331,3314.0,2017,3,15,0.2,normal,-8.1,1.4,-17.6,0.62,0.15,676.1,677.3,673.9,2.4,,-9.965198280069409,Snow
2017-03-16,52645.0,青海,野牛沟,38.41666666666666,99.58333333333331,3314.0,2017,3,16,0.0,无,-5.9,-0.5,-10.4,0.46,0.22,674.1,676.4,672.1,3.5,,,无
2017-03-17,52645.0,青海,野牛沟,38.41666666666666,99.58333333333331,3314.0,2017,3,17,0.0,无,-8.6,2.5,-18.4,0.49,0.12,676.6,678.2,674.3,3.0,,,无
2017-03-18,52645.0,青海,野牛沟,38.41666666666666,99.58333333333331,3314.0,2017,3,18,0.0,无,-7.2,3.1,-17.0,0.57,0.24,675.9,678.1,672.6,2.9,,,无
2017-03-19,52645.0,青海,野牛沟,38.41666666666666,99.58333333333331,3314.0,2017,3,19,0.4,normal,-4.1,2.8,-10.4,0.51,0.11,677.3,678.5,674.3,3.4,,-7.0806266327446865,Snow
2017-03-20,52645.0,青海,野牛沟,38.41666666666666,99.58333333333331,3314.0,2017,3,20,0.0,无,-5.9,1.0,-12.2,0.59,0.26,678.5,679.6,676.7,1.9,,,无
2017-03-21,52645.0,青海,野牛沟,38.41666666666666,99.58333333333331,3314.0,2017,3,21,1.5,normal,-9.2,1.1,-17.2,0.66,0.2,676.4,679.7,673.9,2.3,,-10.76661403298123,Snow
2017-03-22,52645.0,青海,野牛沟,38.41666666666666,99.58333333333331,3314.0,2017,3,22,0.0,无,-3.7,5.6,-10.4,0.59,0.2,672.2,675.1,670.2,4.0,,,无
2017-03-23,52645.0,青海,野牛沟,38.41666666666666,99.58333333333331,3314.0,2017,3,23,0.0,无,-4.8,0.0,-6.6,0.39,0.1,675.3,678.1,670.8,5.6,,,无
2017-03-24,52645.0,青海,野牛沟,38.41666666666666,99.58333333333331,3314.0,2017,3,24,0.0,无,-9.2,-0.8,-16.5,0.39,0.08,681.1,683.0,678.1,4.4,,,无
2017-03-25,52645.0,青海,野牛沟,38.41666666666666,99.58333333333331,3314.0,2017,3,25,0.0,无,-10.0,0.5,-18.7,0.4,0.06,682.3,683.8,680.9,4.3,,,无
2017-03-26,52645.0,青海,野牛沟,38.41666666666666,99.58333333333331,3314.0,2017,3,26,0.0,无,-7.4,5.4,-18.7,0.35,0.11,682.5,684.5,680.2,4.4,,,无
2017-03-27,52645.0,青海,野牛沟,38.41666666666666,99.58333333333331,3314.0,2017,3,27,0.0,无,-2.2,9.9,-11.8,0.41,0.1,680.0,682.4,677.0,5.8,,,无
2017-03-28,52645.0,青海,野牛沟,38.41666666666666,99.58333333333331,3314.0,2017,3,28,0.0,无,-1.0,9.3,-8.7,0.4,0.12,680.2,681.5,677.9,5.5,,,无
2017-03-29,52645.0,青海,野牛沟,38.41666666666666,99.58333333333331,3314.0,2017,3,29,2.2,normal,-4.0,1.8,-6.4,0.65,0.27,681.5,683.2,679.8,2.1,,-6.107487041865753,Snow
2017-03-30,52645.0,青海,野牛沟,38.41666666666666,99.58333333333331,3314.0,2017,3,30,0.1,normal,-5.5,3.1,-12.8,0.61,0.13,685.2,686.9,682.6,3.8,,-7.678460663438149,Snow
2017-03-31,52645.0,青海,野牛沟,38.41666666666666,99.58333333333331,3314.0,2017,3,31,0.0,无,-4.5,6.2,-14.2,0.42,0.05,685.5,686.8,683.8,5.7,,,无
2017-04-01,52645.0,青海,野牛沟,38.41666666666666,99.58333333333331,3314.0,2017,4,1,0.0,无,-2.8,10.5,-14.3,0.42,0.09,681.8,686.1,677.8,5.1,,,无
2017-04-02,52645.0,青海,野牛沟,38.41666666666666,99.58333333333331,3314.0,2017,4,2,0.0,无,-1.0,10.6,-9.6,0.51,0.15,679.8,681.5,676.4,4.8,,,无
2017-04-03,52645.0,青海,野牛沟,38.41666666666666,99.58333333333331,3314.0,2017,4,3,0.0,无,-2.1,6.9,-10.0,0.64,0.19,678.9,680.0,676.9,4.0,,,无
2017-04-04,52645.0,青海,野牛沟,38.41666666666666,99.58333333333331,3314.0,2017,4,4,0.0,无,-1.1,9.9,-10.1,0.51,0.11,678.0,679.6,675.9,4.0,,,无
2017-04-05,52645.0,青海,野牛沟,38.41666666666666,99.58333333333331,3314.0,2017,4,5,0.0,无,2.3,14.0,-9.2,0.44,0.06,676.2,678.7,672.2,6.6,,,无
2017-04-06,52645.0,青海,野牛沟,38.41666666666666,99.58333333333331,3314.0,2017,4,6,0.0,无,4.2,14.1,-3.1,0.36,0.15,674.2,675.2,673.0,7.7,,,无
2017-04-07,52645.0,青海,野牛沟,38.41666666666666,99.58333333333331,3314.0,2017,4,7,0.9,normal,0.1,7.3,-2.8,0.62,0.3,675.9,677.4,674.4,2.5,,-2.6835620113173198,Snow
2017-04-08,52645.0,青海,野牛沟,38.41666666666666,99.58333333333331,3314.0,2017,4,8,0.5,normal,1.5,9.6,-3.2,0.7,0.38,676.5,678.9,672.7,3.5,,-0.8084226113292425,Snow
2017-04-09,52645.0,青海,野牛沟,38.41666666666666,99.58333333333331,3314.0,2017,4,9,3.0,normal,-1.4,4.9,-4.5,0.77,0.49,677.5,678.7,674.3,3.3,,-2.95113337844771,Snow
2017-04-10,52645.0,青海,野牛沟,38.41666666666666,99.58333333333331,3314.0,2017,4,10,1.9,normal,-4.9,0.5,-9.4,0.76,0.48,679.3,680.1,677.8,2.4,,-6.273710044514167,Snow
2017-04-11,52645.0,青海,野牛沟,38.41666666666666,99.58333333333331,3314.0,2017,4,11,0.0,无,-2.9,2.3,-8.1,0.56,0.2,681.1,682.1,679.6,4.4,,,无
2017-04-12,52645.0,青海,野牛沟,38.41666666666666,99.58333333333331,3314.0,2017,4,12,0.0,无,-2.7,2.1,-7.0,0.58,0.14,681.2,682.3,679.7,5.0,,,无
2017-04-13,52645.0,青海,野牛沟,38.41666666666666,99.58333333333331,3314.0,2017,4,13,0.0,无,-1.6,6.4,-8.8,0.54,0.19,679.5,682.9,676.4,4.2,,,无
2017-04-14,52645.0,青海,野牛沟,38.41666666666666,99.58333333333331,3314.0,2017,4,14,0.0,无,-0.2,8.3,-6.2,0.63,0.26,678.6,679.8,676.8,4.0,,,无
2017-04-15,52645.0,青海,野牛沟,38.41666666666666,99.58333333333331,3314.0,2017,4,15,3.3,normal,-1.2,2.7,-4.4,0.77,0.47,681.1,682.4,679.8,5.0,,-2.7603536340558277,Snow
2017-04-16,52645.0,青海,野牛沟,38.41666666666666,99.58333333333331,3314.0,2017,4,16,0.4,normal,-2.7,5.5,-11.7,0.54,0.15,684.5,686.1,681.0,3.9,,-5.668791512444851,Snow
2017-04-17,52645.0,青海,野牛沟,38.41666666666666,99.58333333333331,3314.0,2017,4,17,0.0,无,1.6,13.4,-7.4,0.55,0.24,682.6,685.3,680.0,5.5,,,无
2017-04-18,52645.0,青海,野牛沟,38.41666666666666,99.58333333333331,3314.0,2017,4,18,0.0,无,3.5,14.5,-3.4,0.62,0.22,678.5,681.9,674.3,5.8,,,无
2017-04-19,52645.0,青海,野牛沟,38.41666666666666,99.58333333333331,3314.0,2017,4,19,5.5,normal,-2.1,4.6,-6.4,0.62,0.18,679.3,680.4,676.3,5.0,,-4.61535550518636,Snow
2017-04-20,52645.0,青海,野牛沟,38.41666666666666,99.58333333333331,3314.0,2017,4,20,0.0,无,-1.7,5.0,-9.6,0.41,0.13,681.7,683.2,680.0,4.9,,,无
2017-04-21,52645.0,青海,野牛沟,38.41666666666666,99.58333333333331,3314.0,2017,4,21,0.0,无,-0.5,6.2,-6.0,0.41,0.22,681.2,682.1,679.3,4.4,,,无
2017-04-22,52645.0,青海,野牛沟,38.41666666666666,99.58333333333331,3314.0,2017,4,22,0.0,无,0.6,9.0,-7.4,0.49,0.14,680.2,681.3,678.8,5.0,,,无
2017-04-23,52645.0,青海,野牛沟,38.41666666666666,99.58333333333331,3314.0,2017,4,23,0.0,无,0.8,11.2,-8.3,0.49,0.15,680.2,681.6,677.6,5.6,,,无
2017-04-24,52645.0,青海,野牛沟,38.41666666666666,99.58333333333331,3314.0,2017,4,24,1.5,normal,0.8,7.7,-2.6,0.68,0.31,681.4,682.6,679.7,5.9,,-1.5884829716939253,Snow
2017-04-25,52645.0,青海,野牛沟,38.41666666666666,99.58333333333331,3314.0,2017,4,25,0.0,无,-0.1,7.5,-6.2,0.63,0.21,683.4,685.0,680.8,4.5,,,无
2017-04-26,52645.0,青海,野牛沟,38.41666666666666,99.58333333333331,3314.0,2017,4,26,1.0,normal,0.6,6.9,-3.8,0.67,0.3,684.6,685.6,682.5,3.4,,-1.8391116810490926,Snow
2017-04-27,52645.0,青海,野牛沟,38.41666666666666,99.58333333333331,3314.0,2017,4,27,0.0,无,1.3,8.9,-4.7,0.71,0.27,684.4,685.9,682.1,5.0,,,无
2017-04-28,52645.0,青海,野牛沟,38.41666666666666,99.58333333333331,3314.0,2017,4,28,1.3,normal,-0.1,8.9,-6.5,0.74,0.22,683.5,685.4,680.8,3.2,,-1.952429425970661,Snow
2017-04-29,52645.0,青海,野牛沟,38.41666666666666,99.58333333333331,3314.0,2017,4,29,1.7,normal,1.7,9.2,-1.0,0.73,0.2,681.7,682.9,679.0,3.9,,-0.37883327536765155,Snow
2017-04-30,52645.0,青海,野牛沟,38.41666666666666,99.58333333333331,3314.0,2017,4,30,4.7,normal,1.2,8.4,-3.0,0.74,0.29,680.8,682.9,678.3,1.7,,-0.7603552980650763,Snow
2017-05-01,52645.0,青海,野牛沟,38.41666666666666,99.58333333333331,3180.0,2017,5,1,0.05,,2.05,9.8,-2.9,0.605,,678.7,,,,,-1.0902569518450145,Snow
2017-05-02,52645.0,青海,野牛沟,38.41666666666666,99.58333333333331,3180.0,2017,5,2,3.75,,-0.55,7.4,-6.300000000000001,0.69,,681.3499999999999,,,,,-2.7312881846270853,Snow
2017-05-03,52645.0,青海,野牛沟,38.41666666666666,99.58333333333331,3180.0,2017,5,3,0.0,,3.3,11.65,-4.35,0.55,,681.75,,,,,,无
2017-05-04,52645.0,青海,野牛沟,38.41666666666666,99.58333333333331,3180.0,2017,5,4,0.0,,3.9,13.15,-4.55,0.5449999999999999,,680.3499999999999,,,,,,无
2017-05-05,52645.0,青海,野牛沟,38.41666666666666,99.58333333333331,3180.0,2017,5,5,0.0,,2.8,10.85,-2.3,0.63,,680.0,,,,,,无
2017-05-06,52645.0,青海,野牛沟,38.41666666666666,99.58333333333331,3180.0,2017,5,6,3.05,,1.95,8.75,-3.8,0.74,,679.8,,,,,-0.07250055262070898,Snow
2017-05-07,52645.0,青海,野牛沟,38.41666666666666,99.58333333333331,3180.0,2017,5,7,3.0,,3.25,11.5,-2.25,0.655,,681.9000000000001,,,,,0.39730623282868915,Snow
2017-05-08,52645.0,青海,野牛沟,38.41666666666666,99.58333333333331,3180.0,2017,5,8,0.4,,3.4,12.15,-1.85,0.63,,681.45,,,,,0.31102977534762655,Snow
2017-05-09,52645.0,青海,野牛沟,38.41666666666666,99.58333333333331,3180.0,2017,5,9,0.0,,3.65,13.4,-4.6,0.6100000000000001,,680.55,,,,,,无
2017-05-10,52645.0,青海,野牛沟,38.41666666666666,99.58333333333331,3180.0,2017,5,10,1.45,,2.85,11.8,-5.25,0.52,,681.6,,,,,-1.1280891871558074,Snow
2017-05-11,52645.0,青海,野牛沟,38.41666666666666,99.58333333333331,3180.0,2017,5,11,0.0,,4.6,17.65,-5.75,0.445,,680.8,,,,,,无
2017-05-12,52645.0,青海,野牛沟,38.41666666666666,99.58333333333331,3180.0,2017,5,12,0.0,,5.55,16.8,-3.45,0.4449999999999999,,679.8,,,,,,无
2017-05-13,52645.0,青海,野牛沟,38.41666666666666,99.58333333333331,3180.0,2017,5,13,0.0,,4.85,13.25,-0.9,0.54,,679.2,,,,,,无
2017-05-14,52645.0,青海,野牛沟,38.41666666666666,99.58333333333331,3180.0,2017,5,14,0.0,,3.95,10.05,-1.1,0.465,,684.45,,,,,,无
2017-05-15,52645.0,青海,野牛沟,38.41666666666666,99.58333333333331,3180.0,2017,5,15,0.35,,3.25,11.05,-4.25,0.51,,685.2,,,,,-0.8719963446407375,Snow
2017-05-16,52645.0,青海,野牛沟,38.41666666666666,99.58333333333331,3180.0,2017,5,16,0.0,,4.7,13.7,-2.85,0.56,,682.2,,,,,,无
2017-05-17,52645.0,青海,野牛沟,38.41666666666666,99.58333333333331,3180.0,2017,5,17,0.55,,6.05,14.8,-1.05,0.595,,680.05,,,,,2.2883934775919146,Rain
2017-05-18,52645.0,青海,野牛沟,38.41666666666666,99.58333333333331,3180.0,2017,5,18,0.0,,5.0,14.7,-3.1,0.615,,680.45,,,,,,无
2017-05-19,52645.0,青海,野牛沟,38.41666666666666,99.58333333333331,3180.0,2017,5,19,0.85,,6.55,15.95,-0.8499999999999999,0.62,,681.0,,,,,2.9730754776142065,Rain
2017-05-20,52645.0,青海,野牛沟,38.41666666666666,99.58333333333331,3180.0,2017,5,20,7.25,,3.2,7.25,0.75,0.835,,682.0,,,,,1.870743553548242,Snow
2017-05-21,52645.0,青海,野牛沟,38.41666666666666,99.58333333333331,3180.0,2017,5,21,7.7,,2.6,9.4,-1.2000000000000002,0.7849999999999999,,682.9,,,,,0.8974862559271868,Snow
2017-05-22,52645.0,青海,野牛沟,38.41666666666666,99.58333333333331,3180.0,2017,5,22,1.4,,2.9,7.6,0.05,0.715,,683.1500000000001,,,,,0.5961443965159008,Snow
2017-05-23,52645.0,青海,野牛沟,38.41666666666666,99.58333333333331,3180.0,2017,5,23,1.3,,2.85,10.5,-3.75,0.675,,681.75,,,,,0.211485947230714,Snow
2017-05-24,52645.0,青海,野牛沟,38.41666666666666,99.58333333333331,3180.0,2017,5,24,0.0,,5.05,13.1,-2.4,0.6399999999999999,,678.95,,,,,,无
2017-05-25,52645.0,青海,野牛沟,38.41666666666666,99.58333333333331,3180.0,2017,5,25,0.65,,4.4,9.55,0.1,0.615,,680.65,,,,,1.0497406102795326,Rain
2017-05-26,52645.0,青海,野牛沟,38.41666666666666,99.58333333333331,3180.0,2017,5,26,1.7,,5.9,11.9,1.05,0.605,,680.65,,,,,2.258673920082459,Rain
2017-05-27,52645.0,青海,野牛沟,38.41666666666666,99.58333333333331,3180.0,2017,5,27,9.1,,4.9,10.4,0.4499999999999999,0.73,,680.6500000000001,,,,,2.546123917224672,Rain
2017-05-28,52645.0,青海,野牛沟,38.41666666666666,99.58333333333331,3180.0,2017,5,28,2.0,,5.55,11.5,-0.15,0.6699999999999999,,681.55,,,,,2.5788066974974955,Rain
2017-05-29,52645.0,青海,野牛沟,38.41666666666666,99.58333333333331,3180.0,2017,5,29,1.0,,6.25,13.65,-1.4,0.6200000000000001,,682.0,,,,,2.713819679903655,Rain
2017-05-30,52645.0,青海,野牛沟,38.41666666666666,99.58333333333331,3180.0,2017,5,30,1.7,,4.949999999999999,12.55,-0.8500000000000001,0.655,,680.85,,,,,1.9033077873673632,Rain
2017-05-31,52645.0,青海,野牛沟,38.41666666666666,99.58333333333331,3180.0,2017,5,31,2.5,,5.6,12.95,0.9,0.7250000000000001,,680.1500000000001,,,,,3.1381710811341756,Rain
2017-06-01,52645.0,青海,野牛沟,38.41666666666666,99.58333333333331,3180.0,2017,6,1,4.6000000000000005,,5.75,10.9,3.15,0.79,,680.55,,,,,3.8793128294550483,Rain
2017-06-02,52645.0,青海,野牛沟,38.41666666666666,99.58333333333331,3180.0,2017,6,2,4.15,,4.35,9.2,0.2500000000000001,0.77,,681.95,,,,,2.3981657081036944,Rain
2017-06-03,52645.0,青海,野牛沟,38.41666666666666,99.58333333333331,3180.0,2017,6,3,1.05,,3.9,10.85,-1.05,0.7350000000000001,,683.55,,,,,1.6802531938173848,Rain
2017-06-04,52645.0,青海,野牛沟,38.41666666666666,99.58333333333331,3180.0,2017,6,4,1.25,,5.75,14.1,-2.15,0.56,,685.35,,,,,1.7005244480849901,Rain
2017-06-05,52645.0,青海,野牛沟,38.41666666666666,99.58333333333331,3180.0,2017,6,5,0.55,,5.85,14.35,-1.4500000000000002,0.625,,683.85,,,,,2.4177509160209576,Rain
2017-06-06,52645.0,青海,野牛沟,38.41666666666666,99.58333333333331,3180.0,2017,6,6,0.1,,6.6,13.25,1.0,0.65,,683.8499999999999,,,,,3.321983744385144,Rain
2017-06-07,52645.0,青海,野牛沟,38.41666666666666,99.58333333333331,3180.0,2017,6,7,0.55,,6.699999999999999,14.7,-0.5,0.605,,684.1,,,,,2.9603149502908055,Rain
2017-06-08,52645.0,青海,野牛沟,38.41666666666666,99.58333333333331,3180.0,2017,6,8,1.7,,7.0,14.8,-1.0,0.645,,683.25,,,,,3.623741309660997,Rain
2017-06-09,52645.0,青海,野牛沟,38.41666666666666,99.58333333333331,3180.0,2017,6,9,0.0,,7.65,15.3,0.8500000000000001,0.635,,682.3,,,,,,无
2017-06-10,52645.0,青海,野牛沟,38.41666666666666,99.58333333333331,3180.0,2017,6,10,1.5,,6.949999999999999,12.9,0.1999999999999999,0.605,,684.3499999999999,,,,,3.17742882659378,Rain
2017-06-11,52645.0,青海,野牛沟,38.41666666666666,99.58333333333331,3180.0,2017,6,11,0.1,,6.85,14.85,-1.05,0.585,,684.3,,,,,2.8871393354299135,Rain
2017-06-12,52645.0,青海,野牛沟,38.41666666666666,99.58333333333331,3180.0,2017,6,12,0.0,,6.65,16.4,-0.8,0.655,,683.0999999999999,,,,,,无
2017-06-13,52645.0,青海,野牛沟,38.41666666666666,99.58333333333331,3180.0,2017,6,13,2.25,,6.3,13.85,-0.4,0.72,,681.75,,,,,3.730940585275655,Rain
2017-06-14,52645.0,青海,野牛沟,38.41666666666666,99.58333333333331,3180.0,2017,6,14,2.45,,7.550000000000001,13.85,1.45,0.605,,682.3,,,,,3.6917135256029487,Rain
2017-06-15,52645.0,青海,野牛沟,38.41666666666666,99.58333333333331,3180.0,2017,6,15,0.0,,7.300000000000001,16.799999999999997,-2.2,0.56,,682.15,,,,,,无
2017-06-16,52645.0,青海,野牛沟,38.41666666666666,99.58333333333331,3180.0,2017,6,16,5.05,,7.75,17.15,-0.2000000000000001,0.66,,680.4,,,,,4.433806654038448,Rain
2017-06-17,52645.0,青海,野牛沟,38.41666666666666,99.58333333333331,3180.0,2017,6,17,0.4,,9.95,15.4,4.1,0.61,,680.8,,,,,5.820798736752901,Rain
2017-06-18,52645.0,青海,野牛沟,38.41666666666666,99.58333333333331,3180.0,2017,6,18,3.95,,8.9,13.85,4.65,0.7,,682.55,,,,,5.885244368125471,Rain
2017-06-19,52645.0,青海,野牛沟,38.41666666666666,99.58333333333331,3180.0,2017,6,19,2.1,,6.65,15.15,1.15,0.745,,684.5,,,,,4.295213811511567,Rain
2017-06-20,52645.0,青海,野牛沟,38.41666666666666,99.58333333333331,3180.0,2017,6,20,2.9,,7.300000000000001,15.55,1.0499999999999998,0.72,,683.95,,,,,4.6440719013074405,Rain
2017-06-21,52645.0,青海,野牛沟,38.41666666666666,99.58333333333331,3180.0,2017,6,21,3.9,,7.75,15.3,1.5499999999999998,0.72,,681.95,,,,,5.049916861649613,Rain
2017-06-22,52645.0,青海,野牛沟,38.41666666666666,99.58333333333331,3180.0,2017,6,22,0.75,,8.35,14.1,3.65,0.715,,681.0,,,,,5.542143468594571,Rain
2017-06-23,52645.0,青海,野牛沟,38.41666666666666,99.58333333333331,3180.0,2017,6,23,4.25,,8.75,14.5,3.9,0.74,,681.6500000000001,,,,,6.167362694453655,Rain
2017-06-24,52645.0,青海,野牛沟,38.41666666666666,99.58333333333331,3180.0,2017,6,24,5.25,,8.350000000000001,14.6,4.7,0.74,,682.4000000000001,,,,,5.801950951709727,Rain
2017-06-25,52645.0,青海,野牛沟,38.41666666666666,99.58333333333331,3180.0,2017,6,25,4.45,,8.649999999999999,15.8,4.0,0.7849999999999999,,681.5999999999999,,,,,6.538280674323826,Rain
2017-06-26,52645.0,青海,野牛沟,38.41666666666666,99.58333333333331,3180.0,2017,6,26,0.6,,10.5,18.15,4.15,0.6950000000000001,,680.0,,,,,7.26727817220318,Rain
2017-06-27,52645.0,青海,野牛沟,38.41666666666666,99.58333333333331,3180.0,2017,6,27,1.0,,10.2,16.6,5.4,0.71,,680.65,,,,,7.164862408924164,Rain
2017-06-28,52645.0,青海,野牛沟,38.41666666666666,99.58333333333331,3180.0,2017,6,28,0.75,,10.35,17.2,3.85,0.6699999999999999,,682.15,,,,,6.855675539946744,Rain
2017-06-29,52645.0,青海,野牛沟,38.41666666666666,99.58333333333331,3180.0,2017,6,29,1.05,,9.45,15.35,4.15,0.7050000000000001,,684.0,,,,,6.437763100636613,Rain
2017-06-30,52645.0,青海,野牛沟,38.41666666666666,99.58333333333331,3180.0,2017,6,30,0.25,,10.6,18.7,4.25,0.6599999999999999,,684.8499999999999,,,,,6.969938072840471,Rain
2017-07-01,52645.0,青海,野牛沟,38.41666666666666,99.58333333333331,3314.0,2017,7,1,0.0,无,12.4,19.7,5.6,0.61,0.37,682.5645161290324,,,7.0,,,无
2017-07-02,52645.0,青海,野牛沟,38.41666666666666,99.58333333333331,3314.0,2017,7,2,20.2,normal,8.1,15.1,5.4,0.83,0.53,682.5645161290324,,,4.2,,6.473362446479576,Rain
2017-07-03,52645.0,青海,野牛沟,38.41666666666666,99.58333333333331,3314.0,2017,7,3,5.0,normal,9.9,15.9,6.9,0.71,0.38,682.5645161290324,,,5.1,,6.896553125316065,Rain
2017-07-04,52645.0,青海,野牛沟,38.41666666666666,99.58333333333331,3314.0,2017,7,4,4.3,normal,8.1,15.6,4.4,0.81,0.45,682.5645161290324,,,4.8,,6.275721754276868,Rain
2017-07-05,52645.0,青海,野牛沟,38.41666666666666,99.58333333333331,3180.0,2017,7,5,1.7000000000000002,,11.0,19.2,3.95,0.635,,682.1500000000001,,,,,7.027917079581614,Rain
2017-07-06,52645.0,青海,野牛沟,38.41666666666666,99.58333333333331,3314.0,2017,7,6,0.0,无,11.4,20.3,1.8,0.59,0.19,682.5645161290324,,,8.5,,,无
2017-07-07,52645.0,青海,野牛沟,38.41666666666666,99.58333333333331,3314.0,2017,7,7,0.7,normal,9.1,16.4,2.5,0.67,0.28,682.5645161290324,,,4.4,,5.743562167677365,Rain
2017-07-08,52645.0,青海,野牛沟,38.41666666666666,99.58333333333331,3314.0,2017,7,8,11.0,normal,11.0,17.0,5.1,0.57,0.2,682.5645161290324,,,8.7,,6.258392545351543,Rain
2017-07-09,52645.0,青海,野牛沟,38.41666666666666,99.58333333333331,3314.0,2017,7,9,2.0,normal,8.2,18.0,1.4,0.67,0.27,682.5645161290324,,,5.9,,4.94212189623521,Rain
2017-07-10,52645.0,青海,野牛沟,38.41666666666666,99.58333333333331,3314.0,2017,7,10,0.0,无,9.8,18.3,3.5,0.66,0.31,682.5645161290324,,,6.8,,,无
2017-07-11,52645.0,青海,野牛沟,38.41666666666666,99.58333333333331,3314.0,2017,7,11,0.0,无,11.4,21.9,1.6,0.6,0.17,682.5645161290324,,,7.6,,,无
2017-07-12,52645.0,青海,野牛沟,38.41666666666666,99.58333333333331,3314.0,2017,7,12,0.0,无,12.7,22.5,2.2,0.57,0.21,682.5645161290324,,,9.1,,,无
2017-07-13,52645.0,青海,野牛沟,38.41666666666666,99.58333333333331,3314.0,2017,7,13,0.8,normal,12.5,20.8,5.0,0.61,0.27,682.5645161290324,,,8.7,,8.034620091033101,Rain
2017-07-14,52645.0,青海,野牛沟,38.41666666666666,99.58333333333331,3314.0,2017,7,14,0.1,normal,12.2,22.8,2.4,0.64,0.27,682.5645161290324,,,7.9,,8.141617538219158,Rain
2017-07-15,52645.0,青海,野牛沟,38.41666666666666,99.58333333333331,3314.0,2017,7,15,0.0,无,14.6,22.5,7.3,0.61,0.34,682.5645161290324,,,8.1,,,无
2017-07-16,52645.0,青海,野牛沟,38.41666666666666,99.58333333333331,3314.0,2017,7,16,0.0,无,14.1,23.6,4.0,0.61,0.23,682.5645161290324,,,9.2,,,无
2017-07-17,52645.0,青海,野牛沟,38.41666666666666,99.58333333333331,3314.0,2017,7,17,0.0,无,14.0,23.3,4.3,0.6,0.27,682.5645161290324,,,9.2,,,无
2017-07-18,52645.0,青海,野牛沟,38.41666666666666,99.58333333333331,3314.0,2017,7,18,1.9,normal,13.6,22.5,5.8,0.67,0.37,682.5645161290324,,,8.0,,9.75081642305836,Rain
2017-07-19,52645.0,青海,野牛沟,38.41666666666666,99.58333333333331,3314.0,2017,7,19,8.7,normal,14.6,22.3,9.6,0.78,0.44,682.5645161290324,,,5.9,,12.028104324099726,Rain
2017-07-20,52645.0,青海,野牛沟,38.41666666666666,99.58333333333331,3314.0,2017,7,20,3.6,normal,13.6,19.5,10.8,0.79,0.63,682.5645161290324,,,5.2,,11.21545163748236,Rain
2017-07-21,52645.0,青海,野牛沟,38.41666666666666,99.58333333333331,3314.0,2017,7,21,2.1,normal,13.5,21.0,10.1,0.81,0.55,682.5645161290324,,,5.5,,11.35782256025745,Rain
2017-07-22,52645.0,青海,野牛沟,38.41666666666666,99.58333333333331,3314.0,2017,7,22,12.2,normal,12.0,17.7,10.1,0.86,0.65,682.5645161290324,,,4.5,,10.501538459787817,Rain
2017-07-23,52645.0,青海,野牛沟,38.41666666666666,99.58333333333331,3314.0,2017,7,23,11.7,normal,10.0,13.2,8.4,0.84,0.65,682.5645161290324,,,1.8,,8.37825545792667,Rain
2017-07-24,52645.0,青海,野牛沟,38.41666666666666,99.58333333333331,3314.0,2017,7,24,6.5,normal,8.9,10.4,7.2,0.85,0.64,682.5645161290324,,,1.5,,7.432892647399423,Rain
2017-07-25,52645.0,青海,野牛沟,38.41666666666666,99.58333333333331,3314.0,2017,7,25,0.1,normal,12.2,18.8,8.2,0.78,0.47,682.5645161290324,,,3.5,,9.792571103641766,Rain
2017-07-26,52645.0,青海,野牛沟,38.41666666666666,99.58333333333331,3314.0,2017,7,26,11.4,normal,7.7,14.0,5.6,0.84,0.61,682.5645161290324,,,2.4,,6.19137483036067,Rain
2017-07-27,52645.0,青海,野牛沟,38.41666666666666,99.58333333333331,3314.0,2017,7,27,0.4,normal,10.5,17.3,5.1,0.71,0.42,682.5645161290324,,,4.8,,7.439846880428189,Rain
2017-07-28,52645.0,青海,野牛沟,38.41666666666666,99.58333333333331,3314.0,2017,7,28,1.8,normal,10.0,18.0,2.6,0.74,0.37,682.5645161290324,,,5.3,,7.314294112209461,Rain
2017-07-29,52645.0,青海,野牛沟,38.41666666666666,99.58333333333331,3314.0,2017,7,29,0.0,无,12.4,18.8,7.0,0.64,0.21,682.5645161290324,,,7.5,,,无
2017-07-30,52645.0,青海,野牛沟,38.41666666666666,99.58333333333331,3314.0,2017,7,30,0.0,无,12.3,22.0,2.4,0.57,0.18,682.5645161290324,,,7.1,,,无
2017-07-31,52645.0,青海,野牛沟,38.41666666666666,99.58333333333331,3314.0,2017,7,31,10.5,normal,9.9,18.5,8.3,0.77,0.32,682.5645161290324,,,3.1,,7.545027979420165,Rain
2017-08-01,52645.0,青海,野牛沟,38.41666666666666,99.58333333333331,3314.0,2017,8,1,6.9,normal,9.5,13.3,5.7,0.78,0.54,684.1032258064515,,,,,7.28138591253551,Rain
2017-08-02,52645.0,青海,野牛沟,38.41666666666666,99.58333333333331,3314.0,2017,8,2,0.7,normal,10.3,19.0,3.4,0.72,0.29,684.1032258064515,,,,,7.371906303991289,Rain
2017-08-03,52645.0,青海,野牛沟,38.41666666666666,99.58333333333331,3314.0,2017,8,3,4.5,normal,10.4,16.6,7.4,0.77,0.38,684.1032258064515,,,,,8.010653518040712,Rain
2017-08-04,52645.0,青海,野牛沟,38.41666666666666,99.58333333333331,3314.0,2017,8,4,0.0,无,11.3,19.5,4.2,0.68,0.28,684.1032258064515,,,,,,无
2017-08-05,52645.0,青海,野牛沟,38.41666666666666,99.58333333333331,3314.0,2017,8,5,0.0,无,12.0,20.4,4.5,0.69,0.29,684.1032258064515,,,,,,无
2017-08-06,52645.0,青海,野牛沟,38.41666666666666,99.58333333333331,3314.0,2017,8,6,7.9,normal,10.5,15.5,8.6,0.81,0.54,684.1032258064515,,,,,8.535424790274767,Rain
2017-08-07,52645.0,青海,野牛沟,38.41666666666666,99.58333333333331,3314.0,2017,8,7,0.7,normal,10.2,16.3,5.7,0.71,0.41,684.1032258064515,,,,,7.170870882026592,Rain
2017-08-08,52645.0,青海,野牛沟,38.41666666666666,99.58333333333331,3314.0,2017,8,8,0.3,normal,8.1,15.7,1.6,0.67,0.31,684.1032258064515,,,,,4.856174530099406,Rain
2017-08-09,52645.0,青海,野牛沟,38.41666666666666,99.58333333333331,3314.0,2017,8,9,0.0,无,8.2,17.8,-0.2,0.67,0.3,684.1032258064515,,,,,,无
2017-08-10,52645.0,青海,野牛沟,38.41666666666666,99.58333333333331,3314.0,2017,8,10,3.4,normal,8.6,16.5,2.9,0.72,0.36,684.1032258064515,,,,,5.826342781823413,Rain
2017-08-11,52645.0,青海,野牛沟,38.41666666666666,99.58333333333331,3314.0,2017,8,11,0.9,normal,7.2,11.6,6.0,0.81,0.52,684.1032258064515,,,,,5.430701018270514,Rain
2017-08-12,52645.0,青海,野牛沟,38.41666666666666,99.58333333333331,3314.0,2017,8,12,0.0,无,8.0,18.6,-0.2,0.71,0.23,684.1032258064515,,,,,,无
2017-08-13,52645.0,青海,野牛沟,38.41666666666666,99.58333333333331,3314.0,2017,8,13,0.0,无,10.2,19.7,0.7,0.63,0.29,684.1032258064515,,,,,,无
2017-08-14,52645.0,青海,野牛沟,38.41666666666666,99.58333333333331,3314.0,2017,8,14,3.5,normal,11.8,18.6,7.9,0.67,0.39,684.1032258064515,,,,,8.150689193342956,Rain
2017-08-15,52645.0,青海,野牛沟,38.41666666666666,99.58333333333331,3314.0,2017,8,15,0.0,无,10.8,21.0,1.5,0.7,0.35,684.1032258064515,,,,,,无
2017-08-16,52645.0,青海,野牛沟,38.41666666666666,99.58333333333331,3314.0,2017,8,16,0.3,normal,11.5,20.9,4.7,0.76,0.42,684.1032258064515,,,,,8.918066826641017,Rain
2017-08-17,52645.0,青海,野牛沟,38.41666666666666,99.58333333333331,3314.0,2017,8,17,3.6,normal,12.8,18.3,9.2,0.79,0.54,684.1032258064515,,,,,10.469386530100714,Rain
2017-08-18,52645.0,青海,野牛沟,38.41666666666666,99.58333333333331,3314.0,2017,8,18,6.6,normal,12.0,19.4,8.8,0.84,0.46,684.1032258064515,,,,,10.281844968070658,Rain
2017-08-19,52645.0,青海,野牛沟,38.41666666666666,99.58333333333331,3314.0,2017,8,19,11.8,normal,10.5,13.0,9.9,0.88,0.65,684.1032258064515,,,,,9.275685928863876,Rain
2017-08-20,52645.0,青海,野牛沟,38.41666666666666,99.58333333333331,3314.0,2017,8,20,0.6,normal,10.7,18.1,7.1,0.8,0.5,684.1032258064515,,,,,8.615561882176777,Rain
2017-08-21,52645.0,青海,野牛沟,38.41666666666666,99.58333333333331,3314.0,2017,8,21,27.9,normal,8.9,11.9,6.2,0.86,0.65,684.1032258064515,,,,,7.534321009671445,Rain
2017-08-22,52645.0,青海,野牛沟,38.41666666666666,99.58333333333331,3314.0,2017,8,22,10.1,normal,8.6,13.5,5.3,0.8,0.53,684.1032258064515,,,,,6.64683877823165,Rain
2017-08-23,52645.0,青海,野牛沟,38.41666666666666,99.58333333333331,3314.0,2017,8,23,0.7,normal,9.5,17.6,5.5,0.77,0.37,684.1032258064515,,,,,7.176237916320116,Rain
2017-08-24,52645.0,青海,野牛沟,38.41666666666666,99.58333333333331,3314.0,2017,8,24,1.2,normal,9.8,14.4,6.1,0.75,0.57,684.1032258064515,,,,,7.240768759110927,Rain
2017-08-25,52645.0,青海,野牛沟,38.41666666666666,99.58333333333331,3314.0,2017,8,25,6.2,normal,8.0,12.1,6.6,0.85,0.66,684.1032258064515,,,,,6.57553145766236,Rain
2017-08-26,52645.0,青海,野牛沟,38.41666666666666,99.58333333333331,3314.0,2017,8,26,0.6,normal,8.9,15.8,4.3,0.81,0.51,684.1032258064515,,,,,7.030006728097047,Rain
2017-08-27,52645.0,青海,野牛沟,38.41666666666666,99.58333333333331,3314.0,2017,8,27,0.6,normal,8.6,12.1,6.3,0.77,0.56,684.1032258064515,,,,,6.341890741543419,Rain
2017-08-28,52645.0,青海,野牛沟,38.41666666666666,99.58333333333331,3314.0,2017,8,28,2.9,normal,7.7,9.9,6.5,0.81,0.68,684.1032258064515,,,,,5.901081861168662,Rain
2017-08-29,52645.0,青海,野牛沟,38.41666666666666,99.58333333333331,3314.0,2017,8,29,4.9,normal,8.4,14.9,4.4,0.79,0.5,684.1032258064515,,,,,6.358757025560133,Rain
2017-08-30,52645.0,青海,野牛沟,38.41666666666666,99.58333333333331,3314.0,2017,8,30,0.2,normal,8.8,14.8,4.8,0.7,0.38,684.1032258064515,,,,,5.797879067363474,Rain
2017-08-31,52645.0,青海,野牛沟,38.41666666666666,99.58333333333331,3314.0,2017,8,31,2.4,normal,6.7,14.8,0.6,0.8,0.45,684.1032258064515,,,,,4.865803656316037,Rain
2017-09-01,52645.0,青海,野牛沟,38.41666666666666,99.58333333333331,3314.0,2017,9,1,3.6,normal,6.7,15.4,1.9,0.76,0.31,685.6733333333335,,,4.8,,4.48691484956846,Rain
2017-09-02,52645.0,青海,野牛沟,38.41666666666666,99.58333333333331,3314.0,2017,9,2,1.7,normal,6.8,13.4,2.0,0.76,0.45,685.6733333333335,,,3.2,,4.579282784128718,Rain
2017-09-03,52645.0,青海,野牛沟,38.41666666666666,99.58333333333331,3314.0,2017,9,3,0.9,normal,7.3,13.0,4.5,0.76,0.46,685.6733333333335,,,3.4,,5.04109964528864,Rain
2017-09-04,52645.0,青海,野牛沟,38.41666666666666,99.58333333333331,3314.0,2017,9,4,18.2,normal,3.6,6.4,0.4,0.83,0.67,685.6733333333335,,,1.6,,2.2122321463400363,Snow
2017-09-05,52645.0,青海,野牛沟,38.41666666666666,99.58333333333331,3314.0,2017,9,5,0.5,normal,2.6,8.9,-1.4,0.81,0.45,685.6733333333335,,,1.9,,1.1031954011780032,Snow
2017-09-06,52645.0,青海,野牛沟,38.41666666666666,99.58333333333331,3314.0,2017,9,6,0.0,无,3.9,14.6,-4.0,0.68,0.18,685.6733333333335,,,4.4,,,无
2017-09-07,52645.0,青海,野牛沟,38.41666666666666,99.58333333333331,3314.0,2017,9,7,0.0,无,4.9,14.8,-2.2,0.68,0.28,685.6733333333335,,,3.5,,,无
2017-09-08,52645.0,青海,野牛沟,38.41666666666666,99.58333333333331,3314.0,2017,9,8,3.1,normal,4.8,11.5,0.4,0.8,0.49,685.6733333333335,,,0.4,,3.0862168262197764,Snow
2017-09-09,52645.0,青海,野牛沟,38.41666666666666,99.58333333333331,3314.0,2017,9,9,3.9,normal,5.7,12.8,2.6,0.79,0.26,685.6733333333335,,,3.2,,3.8387787303740284,Rain
2017-09-10,52645.0,青海,野牛沟,38.41666666666666,99.58333333333331,3314.0,2017,9,10,0.0,无,4.5,15.7,-3.9,0.66,0.18,685.6733333333335,,,4.6,,,无
2017-09-11,52645.0,青海,野牛沟,38.41666666666666,99.58333333333331,3314.0,2017,9,11,0.0,无,7.5,17.5,-2.0,0.63,0.21,685.6733333333335,,,5.1,,,无
2017-09-12,52645.0,青海,野牛沟,38.41666666666666,99.58333333333331,3314.0,2017,9,12,2.5,normal,7.9,15.1,0.9,0.74,0.43,685.6733333333335,,,2.6,,5.394574922662101,Rain
2017-09-13,52645.0,青海,野牛沟,38.41666666666666,99.58333333333331,3314.0,2017,9,13,2.7,normal,8.0,12.8,5.8,0.8,0.46,685.6733333333335,,,2.3,,6.086204387714589,Rain
2017-09-14,52645.0,青海,野牛沟,38.41666666666666,99.58333333333331,3314.0,2017,9,14,4.0,normal,6.4,14.2,2.6,0.74,0.39,685.6733333333335,,,3.2,,4.019719908993289,Rain
2017-09-15,52645.0,青海,野牛沟,38.41666666666666,99.58333333333331,3314.0,2017,9,15,7.3,normal,6.1,11.6,3.2,0.83,0.57,685.6733333333335,,,0.9,,4.581433277917584,Rain
2017-09-16,52645.0,青海,野牛沟,38.41666666666666,99.58333333333331,3314.0,2017,9,16,0.7,normal,6.4,13.2,1.4,0.78,0.45,685.6733333333335,,,2.8,,4.39867751179102,Rain
2017-09-17,52645.0,青海,野牛沟,38.41666666666666,99.58333333333331,3314.0,2017,9,17,1.5,normal,6.0,9.9,2.2,0.79,0.62,685.6733333333335,,,0.8,,4.1190271993691985,Rain
2017-09-18,52645.0,青海,野牛沟,38.41666666666666,99.58333333333331,3314.0,2017,9,18,0.5,normal,6.0,8.0,4.9,0.8,0.64,685.6733333333335,,,0.4,,4.211367201237617,Rain
2017-09-19,52645.0,青海,野牛沟,38.41666666666666,99.58333333333331,3314.0,2017,9,19,3.9,normal,5.0,10.3,2.2,0.81,0.5,685.6733333333335,,,0.2,,3.3624724552376906,Snow
2017-09-20,52645.0,青海,野牛沟,38.41666666666666,99.58333333333331,3314.0,2017,9,20,0.0,无,4.3,11.9,-0.8,0.74,0.34,685.6733333333335,,,3.4,,,无
2017-09-21,52645.0,青海,野牛沟,38.41666666666666,99.58333333333331,3314.0,2017,9,21,0.0,无,3.4,11.3,-2.9,0.65,0.22,685.6733333333335,,,3.8,,,无
2017-09-22,52645.0,青海,野牛沟,38.41666666666666,99.58333333333331,3314.0,2017,9,22,0.0,无,3.5,14.0,-4.1,0.65,0.2,685.6733333333335,,,3.9,,,无
2017-09-23,52645.0,青海,野牛沟,38.41666666666666,99.58333333333331,3314.0,2017,9,23,0.0,无,4.7,14.6,-3.5,0.67,0.32,685.6733333333335,,,3.4,,,无
2017-09-24,52645.0,青海,野牛沟,38.41666666666666,99.58333333333331,3314.0,2017,9,24,0.0,无,5.1,12.4,-1.2,0.75,0.47,685.6733333333335,,,3.0,,,无
2017-09-25,52645.0,青海,野牛沟,38.41666666666666,99.58333333333331,3314.0,2017,9,25,2.9,normal,4.2,9.2,0.5,0.86,0.58,685.6733333333335,,,1.1,,3.036239816236086,Snow
2017-09-26,52645.0,青海,野牛沟,38.41666666666666,99.58333333333331,3314.0,2017,9,26,2.0,normal,3.4,10.7,0.2,0.85,0.49,685.6733333333335,,,2.0,,2.187910038836409,Snow
2017-09-27,52645.0,青海,野牛沟,38.41666666666666,99.58333333333331,3314.0,2017,9,27,1.4,normal,3.4,11.7,-0.6,0.73,0.29,685.6733333333335,,,3.1,,1.1829578072470293,Snow
2017-09-28,52645.0,青海,野牛沟,38.41666666666666,99.58333333333331,3314.0,2017,9,28,0.0,无,3.5,13.7,-4.6,0.61,0.25,685.6733333333335,,,3.9,,,无
2017-09-29,52645.0,青海,野牛沟,38.41666666666666,99.58333333333331,3314.0,2017,9,29,0.0,无,4.0,14.9,-5.2,0.61,0.21,685.6733333333335,,,4.1,,,无
2017-09-30,52645.0,青海,野牛沟,38.41666666666666,99.58333333333331,3314.0,2017,9,30,0.0,无,6.4,16.4,-2.2,0.57,0.2,685.6733333333335,,,4.8,,,无
2017-10-01,52645.0,青海,野牛沟,38.41666666666666,99.58333333333331,3314.0,2017,10,1,0.0,无,5.6,15.5,-1.9,0.59,0.13,682.8516129032258,,,5.2,,,无
2017-10-02,52645.0,青海,野牛沟,38.41666666666666,99.58333333333331,3314.0,2017,10,2,3.7,normal,1.8,6.5,-1.3,0.77,0.32,682.8516129032258,,,2.0,,0.03212418127425121,Snow
2017-10-03,52645.0,青海,野牛沟,38.41666666666666,99.58333333333331,3314.0,2017,10,3,0.3,normal,3.3,10.4,-0.9,0.72,0.25,682.8516129032258,,,3.4,,1.002040846668737,Snow
2017-10-04,52645.0,青海,野牛沟,38.41666666666666,99.58333333333331,3314.0,2017,10,4,0.0,无,3.8,13.1,-4.5,0.59,0.17,682.8516129032258,,,4.0,,,无
2017-10-05,52645.0,青海,野牛沟,38.41666666666666,99.58333333333331,3314.0,2017,10,5,0.0,无,3.2,15.8,-6.1,0.54,0.11,682.8516129032258,,,4.1,,,无
2017-10-06,52645.0,青海,野牛沟,38.41666666666666,99.58333333333331,3314.0,2017,10,6,0.0,无,4.8,13.8,-3.3,0.54,0.18,682.8516129032258,,,3.5,,,无
2017-10-07,52645.0,青海,野牛沟,38.41666666666666,99.58333333333331,3314.0,2017,10,7,0.0,无,3.7,13.5,-3.8,0.71,0.26,682.8516129032258,,,3.4,,,无
2017-10-08,52645.0,青海,野牛沟,38.41666666666666,99.58333333333331,3314.0,2017,10,8,3.8,normal,1.9,8.1,-2.2,0.82,0.61,682.8516129032258,,,1.1,,0.5193612010366566,Snow
2017-10-09,52645.0,青海,野牛沟,38.41666666666666,99.58333333333331,3314.0,2017,10,9,3.5,normal,-1.6,1.3,-2.9,0.88,0.68,682.8516129032258,,,1.5,,-2.3902293909331673,Snow
2017-10-10,52645.0,青海,野牛沟,38.41666666666666,99.58333333333331,3314.0,2017,10,10,0.0,无,-1.1,9.2,-7.1,0.67,0.17,682.8516129032258,,,4.2,,,无
2017-10-11,52645.0,青海,野牛沟,38.41666666666666,99.58333333333331,3314.0,2017,10,11,0.0,无,-0.9,8.6,-8.4,0.62,0.25,682.8516129032258,,,3.4,,,无
2017-10-12,52645.0,青海,野牛沟,38.41666666666666,99.58333333333331,3314.0,2017,10,12,0.0,无,-1.9,10.1,-10.0,0.57,0.12,682.8516129032258,,,3.5,,,无
2017-10-13,52645.0,青海,野牛沟,38.41666666666666,99.58333333333331,3314.0,2017,10,13,0.0,无,-0.6,8.9,-7.3,0.53,0.15,682.8516129032258,,,3.0,,,无
2017-10-14,52645.0,青海,野牛沟,38.41666666666666,99.58333333333331,3314.0,2017,10,14,0.0,无,-1.1,8.0,-8.7,0.56,0.18,682.8516129032258,,,2.9,,,无
2017-10-15,52645.0,青海,野牛沟,38.41666666666666,99.58333333333331,3314.0,2017,10,15,0.0,无,0.6,8.7,-5.9,0.62,0.28,682.8516129032258,,,2.8,,,无
2017-10-16,52645.0,青海,野牛沟,38.41666666666666,99.58333333333331,3314.0,2017,10,16,0.0,无,2.2,7.1,-1.8,0.7,0.43,682.8516129032258,,,2.0,,,无
2017-10-17,52645.0,青海,野牛沟,38.41666666666666,99.58333333333331,3314.0,2017,10,17,1.5,normal,0.9,7.0,-0.8,0.84,0.4,682.8516129032258,,,2.0,,-0.2760843956331849,Snow
2017-10-18,52645.0,青海,野牛沟,38.41666666666666,99.58333333333331,3314.0,2017,10,18,0.0,无,-1.5,7.2,-5.7,0.75,0.26,682.8516129032258,,,2.0,,,无
2017-10-19,52645.0,青海,野牛沟,38.41666666666666,99.58333333333331,3314.0,2017,10,19,0.0,无,0.1,10.6,-8.8,0.53,0.09,682.8516129032258,,,3.8,,,无
2017-10-20,52645.0,青海,野牛沟,38.41666666666666,99.58333333333331,3314.0,2017,10,20,0.0,无,-0.9,10.2,-8.8,0.58,0.16,682.8516129032258,,,3.3,,,无
2017-10-21,52645.0,青海,野牛沟,38.41666666666666,99.58333333333331,3314.0,2017,10,21,1.8,normal,-1.6,5.7,-6.4,0.78,0.36,682.8516129032258,,,2.0,,-3.062806561960696,Snow
2017-10-22,52645.0,青海,野牛沟,38.41666666666666,99.58333333333331,3314.0,2017,10,22,0.0,无,-1.4,8.2,-8.0,0.66,0.23,682.8516129032258,,,2.1,,,无
2017-10-23,52645.0,青海,野牛沟,38.41666666666666,99.58333333333331,3314.0,2017,10,23,0.0,无,-1.7,9.5,-9.8,0.59,0.18,682.8516129032258,,,2.9,,,无
2017-10-24,52645.0,青海,野牛沟,38.41666666666666,99.58333333333331,3314.0,2017,10,24,0.9,normal,-1.7,3.0,-4.7,0.8,0.44,682.8516129032258,,,1.2,,-3.0213671586952318,Snow
2017-10-25,52645.0,青海,野牛沟,38.41666666666666,99.58333333333331,3314.0,2017,10,25,4.0,normal,-2.9,0.7,-4.8,0.76,0.53,682.8516129032258,,,1.9,,-4.406929523400014,Snow
2017-10-26,52645.0,青海,野牛沟,38.41666666666666,99.58333333333331,3314.0,2017,10,26,0.0,无,-5.2,4.6,-11.4,0.67,0.24,682.8516129032258,,,2.2,,,无
2017-10-27,52645.0,青海,野牛沟,38.41666666666666,99.58333333333331,3314.0,2017,10,27,0.0,无,-3.2,7.3,-11.4,0.58,0.16,682.8516129032258,,,2.5,,,无
2017-10-28,52645.0,青海,野牛沟,38.41666666666666,99.58333333333331,3314.0,2017,10,28,0.0,无,-4.6,5.0,-10.9,0.6,0.19,682.8516129032258,,,2.4,,,无
2017-10-29,52645.0,青海,野牛沟,38.41666666666666,99.58333333333331,3314.0,2017,10,29,0.0,无,-4.3,6.0,-12.0,0.53,0.15,682.8516129032258,,,2.3,,,无
2017-10-30,52645.0,青海,野牛沟,38.41666666666666,99.58333333333331,3314.0,2017,10,30,0.0,无,-4.0,5.9,-11.8,0.58,0.2,682.8516129032258,,,1.9,,,无
2017-10-31,52645.0,青海,野牛沟,38.41666666666666,99.58333333333331,3314.0,2017,10,31,0.0,无,-3.7,6.5,-11.4,0.54,0.17,682.8516129032258,,,2.3,,,无
2017-11-01,52645.0,青海,野牛沟,38.41666666666666,99.58333333333331,3314.0,2017,11,1,0.0,无,-4.2,5.6,-11.9,0.55,0.2,681.7400000000001,,,2.6,,,无
2017-11-02,52645.0,青海,野牛沟,38.41666666666666,99.58333333333331,3314.0,2017,11,2,0.0,无,-4.3,4.4,-11.1,0.58,0.2,681.7400000000001,,,2.2,,,无
2017-11-03,52645.0,青海,野牛沟,38.41666666666666,99.58333333333331,3314.0,2017,11,3,0.0,无,-5.0,5.4,-11.9,0.6,0.18,681.7400000000001,,,2.3,,,无
2017-11-04,52645.0,青海,野牛沟,38.41666666666666,99.58333333333331,3314.0,2017,11,4,0.0,无,-5.7,5.6,-12.9,0.59,0.21,681.7400000000001,,,2.1,,,无
2017-11-05,52645.0,青海,野牛沟,38.41666666666666,99.58333333333331,3314.0,2017,11,5,0.0,无,-5.1,5.4,-13.0,0.54,0.17,681.7400000000001,,,2.0,,,无
2017-11-06,52645.0,青海,野牛沟,38.41666666666666,99.58333333333331,3314.0,2017,11,6,0.0,无,-6.4,1.8,-10.9,0.58,0.2,681.7400000000001,,,2.2,,,无
2017-11-07,52645.0,青海,野牛沟,38.41666666666666,99.58333333333331,3314.0,2017,11,7,0.0,无,-5.9,5.0,-15.3,0.47,0.16,681.7400000000001,,,2.3,,,无
2017-11-08,52645.0,青海,野牛沟,38.41666666666666,99.58333333333331,3314.0,2017,11,8,0.0,无,-4.8,6.6,-13.5,0.5,0.13,681.7400000000001,,,2.8,,,无
2017-11-09,52645.0,青海,野牛沟,38.41666666666666,99.58333333333331,3314.0,2017,11,9,0.0,无,-5.1,1.3,-10.5,0.57,0.31,681.7400000000001,,,2.1,,,无
2017-11-10,52645.0,青海,野牛沟,38.41666666666666,99.58333333333331,3314.0,2017,11,10,0.0,无,-5.7,3.8,-15.3,0.51,0.17,681.7400000000001,,,2.3,,,无
2017-11-11,52645.0,青海,野牛沟,38.41666666666666,99.58333333333331,3314.0,2017,11,11,0.0,无,-5.9,3.3,-15.1,0.47,0.15,681.7400000000001,,,3.3,,,无
2017-11-12,52645.0,青海,野牛沟,38.41666666666666,99.58333333333331,3314.0,2017,11,12,0.0,无,-8.0,0.9,-14.9,0.44,0.12,681.7400000000001,,,3.2,,,无
2017-11-13,52645.0,青海,野牛沟,38.41666666666666,99.58333333333331,3314.0,2017,11,13,0.0,无,-9.3,2.2,-17.1,0.45,0.09,681.7400000000001,,,2.8,,,无
2017-11-14,52645.0,青海,野牛沟,38.41666666666666,99.58333333333331,3314.0,2017,11,14,0.0,无,-9.4,3.4,-18.3,0.39,0.08,681.7400000000001,,,2.8,,,无
2017-11-15,52645.0,青海,野牛沟,38.41666666666666,99.58333333333331,3314.0,2017,11,15,0.0,无,-8.4,3.2,-17.5,0.44,0.12,681.7400000000001,,,2.0,,,无
2017-11-16,52645.0,青海,野牛沟,38.41666666666666,99.58333333333331,3314.0,2017,11,16,0.0,无,-6.7,6.2,-15.1,0.46,0.15,681.7400000000001,,,1.9,,,无
2017-11-17,52645.0,青海,野牛沟,38.41666666666666,99.58333333333331,3314.0,2017,11,17,0.0,无,-7.2,2.3,-13.9,0.5,0.23,681.7400000000001,,,2.2,,,无
2017-11-18,52645.0,青海,野牛沟,38.41666666666666,99.58333333333331,3314.0,2017,11,18,0.0,无,-8.2,2.3,-14.8,0.53,0.26,681.7400000000001,,,2.1,,,无
2017-11-19,52645.0,青海,野牛沟,38.41666666666666,99.58333333333331,3314.0,2017,11,19,0.0,无,-11.6,-2.0,-18.6,0.54,0.16,681.7400000000001,,,1.8,,,无
2017-11-20,52645.0,青海,野牛沟,38.41666666666666,99.58333333333331,3314.0,2017,11,20,0.0,无,-12.8,-1.6,-20.6,0.51,0.12,681.7400000000001,,,1.3,,,无
2017-11-21,52645.0,青海,野牛沟,38.41666666666666,99.58333333333331,3314.0,2017,11,21,0.0,无,-13.4,-2.3,-21.3,0.51,0.11,681.7400000000001,,,2.3,,,无
2017-11-22,52645.0,青海,野牛沟,38.41666666666666,99.58333333333331,3314.0,2017,11,22,0.0,无,-15.2,-4.4,-23.2,0.45,0.1,681.7400000000001,,,2.3,,,无
2017-11-23,52645.0,青海,野牛沟,38.41666666666666,99.58333333333331,3314.0,2017,11,23,0.0,无,-16.0,-5.1,-24.2,0.36,0.1,681.7400000000001,,,1.9,,,无
2017-11-24,52645.0,青海,野牛沟,38.41666666666666,99.58333333333331,3314.0,2017,11,24,0.0,无,-16.5,-3.7,-24.4,0.36,0.09,681.7400000000001,,,1.9,,,无
2017-11-25,52645.0,青海,野牛沟,38.41666666666666,99.58333333333331,3314.0,2017,11,25,0.0,无,-15.4,-3.0,-23.5,0.41,0.14,681.7400000000001,,,1.5,,,无
2017-11-26,52645.0,青海,野牛沟,38.41666666666666,99.58333333333331,3314.0,2017,11,26,0.0,无,-14.2,-1.0,-24.2,0.39,0.09,681.7400000000001,,,1.6,,,无
2017-11-27,52645.0,青海,野牛沟,38.41666666666666,99.58333333333331,3314.0,2017,11,27,0.0,无,-11.7,1.8,-20.7,0.36,0.12,681.7400000000001,,,2.6,,,无
2017-11-28,52645.0,青海,野牛沟,38.41666666666666,99.58333333333331,3314.0,2017,11,28,0.0,无,-12.1,-1.1,-21.4,0.42,0.17,681.7400000000001,,,1.9,,,无
2017-11-29,52645.0,青海,野牛沟,38.41666666666666,99.58333333333331,3314.0,2017,11,29,0.0,无,-12.0,-1.9,-20.6,0.45,0.16,681.7400000000001,,,2.3,,,无
2017-11-30,52645.0,青海,野牛沟,38.41666666666666,99.58333333333331,3314.0,2017,11,30,0.0,无,-13.9,-2.8,-22.8,0.52,0.16,681.7400000000001,,,1.9,,,无
2017-12-01,52645.0,青海,野牛沟,38.41666666666666,99.58333333333331,3314.0,2017,12,1,0.0,无,-14.7,-3.0,-22.8,0.52,0.18,680.683870967742,,,1.8,,,无
2017-12-02,52645.0,青海,野牛沟,38.41666666666666,99.58333333333331,3314.0,2017,12,2,0.0,无,-13.4,-2.2,-22.2,0.51,0.17,680.683870967742,,,2.2,,,无
2017-12-03,52645.0,青海,野牛沟,38.41666666666666,99.58333333333331,3314.0,2017,12,3,0.0,无,-13.5,-1.6,-21.4,0.48,0.09,680.683870967742,,,2.4,,,无
2017-12-04,52645.0,青海,野牛沟,38.41666666666666,99.58333333333331,3314.0,2017,12,4,0.0,无,-14.7,-1.2,-23.4,0.4,0.11,680.683870967742,,,2.0,,,无
2017-12-05,52645.0,青海,野牛沟,38.41666666666666,99.58333333333331,3314.0,2017,12,5,0.0,无,-14.5,0.6,-23.6,0.41,0.14,680.683870967742,,,1.7,,,无
2017-12-06,52645.0,青海,野牛沟,38.41666666666666,99.58333333333331,3314.0,2017,12,6,0.0,无,-13.0,1.3,-21.3,0.42,0.13,680.683870967742,,,1.5,,,无
2017-12-07,52645.0,青海,野牛沟,38.41666666666666,99.58333333333331,3314.0,2017,12,7,0.0,无,-13.1,1.3,-22.9,0.41,0.09,680.683870967742,,,2.0,,,无
2017-12-08,52645.0,青海,野牛沟,38.41666666666666,99.58333333333331,3314.0,2017,12,8,0.0,无,-10.3,1.3,-21.2,0.33,0.05,680.683870967742,,,2.2,,,无
2017-12-09,52645.0,青海,野牛沟,38.41666666666666,99.58333333333331,3314.0,2017,12,9,0.0,无,-10.6,2.8,-20.3,0.31,0.05,680.683870967742,,,4.2,,,无
2017-12-10,52645.0,青海,野牛沟,38.41666666666666,99.58333333333331,3314.0,2017,12,10,0.0,无,-9.7,4.5,-18.2,0.44,0.15,680.683870967742,,,2.1,,,无
2017-12-11,52645.0,青海,野牛沟,38.41666666666666,99.58333333333331,3314.0,2017,12,11,0.0,无,-9.4,5.8,-18.3,0.45,0.13,680.683870967742,,,2.0,,,无
2017-12-12,52645.0,青海,野牛沟,38.41666666666666,99.58333333333331,3314.0,2017,12,12,0.0,无,-11.0,0.1,-18.0,0.43,0.18,680.683870967742,,,1.5,,,无
2017-12-13,52645.0,青海,野牛沟,38.41666666666666,99.58333333333331,3314.0,2017,12,13,0.0,无,-11.0,-1.9,-17.1,0.48,0.26,680.683870967742,,,1.6,,,无
2017-12-14,52645.0,青海,野牛沟,38.41666666666666,99.58333333333331,3314.0,2017,12,14,0.0,无,-12.9,-3.9,-20.5,0.57,0.35,680.683870967742,,,1.4,,,无
2017-12-15,52645.0,青海,野牛沟,38.41666666666666,99.58333333333331,3314.0,2017,12,15,0.0,无,-13.6,-6.1,-20.2,0.65,0.4,680.683870967742,,,1.4,,,无
2017-12-16,52645.0,青海,野牛沟,38.41666666666666,99.58333333333331,3314.0,2017,12,16,0.0,无,-14.9,-5.9,-21.4,0.61,0.29,680.683870967742,,,1.3,,,无
2017-12-17,52645.0,青海,野牛沟,38.41666666666666,99.58333333333331,3314.0,2017,12,17,0.0,无,-15.5,-4.6,-24.0,0.45,0.12,680.683870967742,,,1.7,,,无
2017-12-18,52645.0,青海,野牛沟,38.41666666666666,99.58333333333331,3314.0,2017,12,18,0.0,无,-13.8,-6.0,-21.1,0.51,0.24,680.683870967742,,,1.3,,,无
2017-12-19,52645.0,青海,野牛沟,38.41666666666666,99.58333333333331,3314.0,2017,12,19,0.0,无,-16.6,-5.0,-25.0,0.47,0.13,680.683870967742,,,1.6,,,无
2017-12-20,52645.0,青海,野牛沟,38.41666666666666,99.58333333333331,3314.0,2017,12,20,0.0,无,-16.5,-2.8,-25.7,0.42,0.13,680.683870967742,,,1.4,,,无
2017-12-21,52645.0,青海,野牛沟,38.41666666666666,99.58333333333331,3314.0,2017,12,21,0.0,无,-14.0,0.0,-22.9,0.43,0.15,680.683870967742,,,1.5,,,无
2017-12-22,52645.0,青海,野牛沟,38.41666666666666,99.58333333333331,3314.0,2017,12,22,0.0,无,-10.0,0.5,-20.1,0.42,0.18,680.683870967742,,,2.0,,,无
2017-12-23,52645.0,青海,野牛沟,38.41666666666666,99.58333333333331,3314.0,2017,12,23,0.0,无,-11.4,-4.8,-17.9,0.36,0.11,680.683870967742,,,2.7,,,无
2017-12-24,52645.0,青海,野牛沟,38.41666666666666,99.58333333333331,3314.0,2017,12,24,0.0,无,-16.3,-3.2,-25.5,0.37,0.11,680.683870967742,,,1.5,,,无
2017-12-25,52645.0,青海,野牛沟,38.41666666666666,99.58333333333331,3314.0,2017,12,25,0.0,无,-15.3,-1.2,-24.1,0.35,0.1,680.683870967742,,,2.3,,,无
2017-12-26,52645.0,青海,野牛沟,38.41666666666666,99.58333333333331,3314.0,2017,12,26,0.0,无,-16.4,-0.8,-26.2,0.35,0.08,680.683870967742,,,1.5,,,无
2017-12-27,52645.0,青海,野牛沟,38.41666666666666,99.58333333333331,3314.0,2017,12,27,0.0,无,-14.4,0.9,-24.5,0.34,0.11,680.683870967742,,,1.8,,,无
2017-12-28,52645.0,青海,野牛沟,38.41666666666666,99.58333333333331,3314.0,2017,12,28,0.7,normal,-13.0,-1.8,-21.6,0.55,0.17,680.683870967742,,,1.8,,-14.657346959072864,Snow
2017-12-29,52645.0,青海,野牛沟,38.41666666666666,99.58333333333331,3314.0,2017,12,29,0.4,normal,-15.2,-7.0,-22.0,0.67,0.18,680.683870967742,,,1.2,,-16.252885902703838,Snow
2017-12-30,52645.0,青海,野牛沟,38.41666666666666,99.58333333333331,3314.0,2017,12,30,0.0,无,-18.1,-6.8,-26.7,0.47,0.18,680.683870967742,,,1.3,,,无
2017-12-31,52645.0,青海,野牛沟,38.41666666666666,99.58333333333331,3314.0,2017,12,31,0.0,无,-18.6,-4.8,-27.5,0.5,0.14,680.683870967742,,,1.5,,,无
2018-01-01,52645.0,青海,野牛沟,38.41666666666666,99.58333333333331,3180.0,2018,1,1,0.0,,-15.633333333333333,-2.5,-24.899999999999995,0.4466666666666667,,681.4666666666667,,,,,,无
2018-01-02,52645.0,青海,野牛沟,38.41666666666666,99.58333333333331,3180.0,2018,1,2,0.0,,-14.433333333333332,-2.1666666666666665,-23.73333333333333,0.45,,680.9333333333333,,,,,,无
2018-01-03,52645.0,青海,野牛沟,38.41666666666666,99.58333333333331,3180.0,2018,1,3,0.0,,-13.666666666666666,-2.5,-23.53333333333333,0.47,,678.6999999999999,,,,,,无
2018-01-04,52645.0,青海,野牛沟,38.41666666666666,99.58333333333331,3180.0,2018,1,4,0.0,,-12.766666666666666,-1.4,-20.933333333333334,0.5733333333333334,,676.4333333333333,,,,,,无
2018-01-05,52645.0,青海,野牛沟,38.41666666666666,99.58333333333331,3180.0,2018,1,5,0.0,,-14.1,-2.3,-21.933333333333334,0.5566666666666666,,676.8666666666667,,,,,,无
2018-01-06,52645.0,青海,野牛沟,38.41666666666666,99.58333333333331,3180.0,2018,1,6,0.0999999999999999,,-14.800000000000002,-5.066666666666666,-22.33333333333333,0.57,,677.8333333333334,,,,,-16.2164528602341,Snow
2018-01-07,52645.0,青海,野牛沟,38.41666666666666,99.58333333333331,3180.0,2018,1,7,0.0,,-16.566666666666666,-4.466666666666667,-24.600000000000005,0.5266666666666667,,678.8666666666667,,,,,,无
2018-01-08,52645.0,青海,野牛沟,38.41666666666666,99.58333333333331,3180.0,2018,1,8,0.0,,-18.466666666666665,-6.333333333333333,-27.03333333333333,0.51,,678.7333333333333,,,,,,无
2018-01-09,52645.0,青海,野牛沟,38.41666666666666,99.58333333333331,3180.0,2018,1,9,0.0,,-17.96666666666667,-6.633333333333333,-26.266666666666666,0.5333333333333333,,678.1,,,,,,无
2018-01-10,52645.0,青海,野牛沟,38.41666666666666,99.58333333333331,3180.0,2018,1,10,0.0999999999999999,,-18.46666666666667,-9.266666666666666,-25.6,0.5599999999999999,,678.9666666666667,,,,,-19.597320041191985,Snow
2018-01-11,52645.0,青海,野牛沟,38.41666666666666,99.58333333333331,3180.0,2018,1,11,0.4333333333333333,,-19.33333333333333,-9.733333333333333,-26.566666666666663,0.6466666666666666,,678.7666666666667,,,,,-20.18614706490647,Snow
2018-01-12,52645.0,青海,野牛沟,38.41666666666666,99.58333333333331,3180.0,2018,1,12,0.0,,-21.066666666666663,-9.966666666666669,-29.066666666666663,0.61,,678.7666666666668,,,,,,无
2018-01-13,52645.0,青海,野牛沟,38.41666666666666,99.58333333333331,3180.0,2018,1,13,0.0,,-19.73333333333333,-6.333333333333333,-27.666666666666668,0.5633333333333334,,677.0,,,,,,无
2018-01-14,52645.0,青海,野牛沟,38.41666666666666,99.58333333333331,3180.0,2018,1,14,0.0,,-19.166666666666668,-7.766666666666667,-28.6,0.52,,677.1666666666666,,,,,,无
2018-01-15,52645.0,青海,野牛沟,38.41666666666666,99.58333333333331,3180.0,2018,1,15,0.0,,-17.9,-6.233333333333333,-26.433333333333334,0.5299999999999999,,676.3000000000001,,,,,,无
2018-01-16,52645.0,青海,野牛沟,38.41666666666666,99.58333333333331,3180.0,2018,1,16,0.0,,-18.63333333333333,-7.399999999999999,-27.866666666666664,0.4866666666666666,,676.6,,,,,,无
2018-01-17,52645.0,青海,野牛沟,38.41666666666666,99.58333333333331,3180.0,2018,1,17,0.9,,-15.866666666666667,-7.733333333333333,-22.03333333333333,0.5333333333333333,,675.9666666666666,,,,,-17.304614556786817,Snow
2018-01-18,52645.0,青海,野牛沟,38.41666666666666,99.58333333333331,3180.0,2018,1,18,0.0,,-19.166666666666668,-7.533333333333334,-27.866666666666664,0.4866666666666666,,677.9000000000001,,,,,,无
2018-01-19,52645.0,青海,野牛沟,38.41666666666666,99.58333333333331,3180.0,2018,1,19,0.1666666666666666,,-19.23333333333333,-8.5,-27.5,0.5266666666666667,,677.5666666666667,,,,,-20.38795774034793,Snow
2018-01-20,52645.0,青海,野牛沟,38.41666666666666,99.58333333333331,3180.0,2018,1,20,0.2333333333333333,,-17.566666666666666,-6.933333333333334,-24.0,0.5233333333333333,,678.4666666666667,,,,,-18.8724154860745,Snow
2018-01-21,52645.0,青海,野牛沟,38.41666666666666,99.58333333333331,3180.0,2018,1,21,0.0,,-18.53333333333333,-7.133333333333334,-26.8,0.5166666666666667,,678.1666666666666,,,,,,无
2018-01-22,52645.0,青海,野牛沟,38.41666666666666,99.58333333333331,3180.0,2018,1,22,0.1333333333333333,,-18.866666666666667,-7.866666666666666,-26.166666666666668,0.4866666666666666,,679.8333333333333,,,,,-20.149423147121908,Snow
2018-01-23,52645.0,青海,野牛沟,38.41666666666666,99.58333333333331,3180.0,2018,1,23,0.0,,-18.33333333333333,-7.0,-26.3,0.5033333333333333,,678.6666666666667,,,,,,无
2018-01-24,52645.0,青海,野牛沟,38.41666666666666,99.58333333333331,3180.0,2018,1,24,0.0,,-17.53333333333333,-4.8,-26.26666666666667,0.52,,680.1,,,,,,无
2018-01-25,52645.0,青海,野牛沟,38.41666666666666,99.58333333333331,3180.0,2018,1,25,0.0,,-16.633333333333336,-3.8333333333333335,-26.166666666666668,0.4866666666666666,,678.5,,,,,,无
2018-01-26,52645.0,青海,野牛沟,38.41666666666666,99.58333333333331,3180.0,2018,1,26,0.0,,-15.633333333333333,-4.066666666666666,-23.6,0.48,,677.0333333333333,,,,,,无
2018-01-27,52645.0,青海,野牛沟,38.41666666666666,99.58333333333331,3180.0,2018,1,27,0.0,,-12.166666666666666,-0.9666666666666665,-21.366666666666664,0.4633333333333333,,673.0333333333333,,,,,,无
2018-01-28,52645.0,青海,野牛沟,38.41666666666666,99.58333333333331,3180.0,2018,1,28,0.0,,-12.766666666666666,-2.4666666666666672,-19.9,0.5299999999999999,,673.1999999999999,,,,,,无
2018-01-29,52645.0,青海,野牛沟,38.41666666666666,99.58333333333331,3180.0,2018,1,29,1.1,,-15.966666666666669,-7.266666666666667,-23.1,0.6566666666666666,,675.6666666666666,,,,,-17.01464123099845,Snow
2018-01-30,52645.0,青海,野牛沟,38.41666666666666,99.58333333333331,3180.0,2018,1,30,0.0,,-16.366666666666667,-7.133333333333333,-24.066666666666663,0.6066666666666667,,675.4333333333333,,,,,,无
2018-01-31,52645.0,青海,野牛沟,38.41666666666666,99.58333333333331,3180.0,2018,1,31,0.0,,-14.9,-5.2,-21.266666666666666,0.5833333333333334,,676.7666666666668,,,,,,无
2018-02-01,52645.0,青海,野牛沟,38.41666666666666,99.58333333333331,3180.0,2018,2,1,0.0,,-14.833333333333334,-4.633333333333334,-24.3,0.5233333333333333,,677.0333333333334,,,,,,无
2018-02-02,52645.0,青海,野牛沟,38.41666666666666,99.58333333333331,3180.0,2018,2,2,0.0999999999999999,,-15.533333333333331,-3.9333333333333336,-25.133333333333336,0.5166666666666667,,677.2333333333335,,,,,-17.054305864255376,Snow
2018-02-03,52645.0,青海,野牛沟,38.41666666666666,99.58333333333331,3180.0,2018,2,3,0.0,,-13.7,-3.1,-23.03333333333333,0.51,,678.0333333333333,,,,,,无
2018-02-04,52645.0,青海,野牛沟,38.41666666666666,99.58333333333331,3180.0,2018,2,4,0.0,,-14.0,-3.0333333333333337,-22.96666666666667,0.5266666666666667,,678.1333333333333,,,,,,无
2018-02-05,52645.0,青海,野牛沟,38.41666666666666,99.58333333333331,3180.0,2018,2,5,0.0,,-13.866666666666667,-2.5,-22.399999999999995,0.53,,678.9,,,,,,无
2018-02-06,52645.0,青海,野牛沟,38.41666666666666,99.58333333333331,3180.0,2018,2,6,0.0666666666666666,,-11.633333333333333,-4.333333333333333,-16.366666666666664,0.51,,677.7666666666667,,,,,-13.604376972736599,Snow
2018-02-07,52645.0,青海,野牛沟,38.41666666666666,99.58333333333331,3180.0,2018,2,7,0.0,,-15.466666666666669,-5.266666666666667,-23.866666666666664,0.51,,680.6,,,,,,无
2018-02-08,52645.0,青海,野牛沟,38.41666666666666,99.58333333333331,3180.0,2018,2,8,0.1666666666666666,,-15.233333333333334,-3.0666666666666664,-25.366666666666664,0.4966666666666666,,679.1666666666666,,,,,-16.846143836062446,Snow
2018-02-09,52645.0,青海,野牛沟,38.41666666666666,99.58333333333331,3180.0,2018,2,9,0.0,,-15.033333333333331,-1.2666666666666666,-25.100000000000005,0.4566666666666667,,677.9333333333334,,,,,,无
2018-02-10,52645.0,青海,野牛沟,38.41666666666666,99.58333333333331,3180.0,2018,2,10,0.0,,-13.5,-1.5666666666666664,-23.03333333333333,0.4566666666666667,,677.1,,,,,,无
2018-02-11,52645.0,青海,野牛沟,38.41666666666666,99.58333333333331,3180.0,2018,2,11,0.0,,-13.166666666666666,0.1333333333333333,-23.566666666666663,0.41,,676.6333333333333,,,,,,无
2018-02-12,52645.0,青海,野牛沟,38.41666666666666,99.58333333333331,3180.0,2018,2,12,0.0,,-13.566666666666668,-0.3333333333333333,-21.666666666666668,0.51,,677.1999999999999,,,,,,无
2018-02-13,52645.0,青海,野牛沟,38.41666666666666,99.58333333333331,3180.0,2018,2,13,0.1999999999999999,,-13.566666666666668,-3.033333333333333,-20.766666666666666,0.5100000000000001,,678.1666666666666,,,,,-15.315603496874385,Snow
2018-02-14,52645.0,青海,野牛沟,38.41666666666666,99.58333333333331,3180.0,2018,2,14,0.0,,-15.4,-3.433333333333333,-25.166666666666668,0.4933333333333333,,679.1999999999999,,,,,,无
2018-02-15,52645.0,青海,野牛沟,38.41666666666666,99.58333333333331,3180.0,2018,2,15,0.0,,-14.066666666666668,-1.6333333333333335,-24.133333333333336,0.4333333333333333,,679.6,,,,,,无
2018-02-16,52645.0,青海,野牛沟,38.41666666666666,99.58333333333331,3180.0,2018,2,16,0.0,,-13.266666666666666,-1.866666666666667,-23.266666666666666,0.4266666666666667,,678.7666666666668,,,,,,无
2018-02-17,52645.0,青海,野牛沟,38.41666666666666,99.58333333333331,3180.0,2018,2,17,0.0,,-10.733333333333334,1.5666666666666669,-21.0,0.43,,678.6999999999999,,,,,,无
2018-02-18,52645.0,青海,野牛沟,38.41666666666666,99.58333333333331,3180.0,2018,2,18,0.0,,-9.066666666666666,2.733333333333334,-19.0,0.3866666666666667,,677.3333333333334,,,,,,无
2018-02-19,52645.0,青海,野牛沟,38.41666666666666,99.58333333333331,3180.0,2018,2,19,0.0,,-9.7,2.6666666666666665,-20.53333333333333,0.39,,676.6333333333333,,,,,,无
2018-02-20,52645.0,青海,野牛沟,38.41666666666666,99.58333333333331,3180.0,2018,2,20,0.1666666666666666,,-8.666666666666666,1.1,-18.166666666666664,0.45,,674.1,,,,,-11.313199956095609,Snow
2018-02-21,52645.0,青海,野牛沟,38.41666666666666,99.58333333333331,3180.0,2018,2,21,0.9666666666666668,,-11.433333333333335,-2.833333333333333,-18.866666666666664,0.4933333333333333,,676.0666666666667,,,,,-13.501174170992925,Snow
2018-02-22,52645.0,青海,野牛沟,38.41666666666666,99.58333333333331,3180.0,2018,2,22,0.0999999999999999,,-11.6,-2.8666666666666667,-18.33333333333333,0.5366666666666666,,677.0666666666667,,,,,-13.466872868768181,Snow
2018-02-23,52645.0,青海,野牛沟,38.41666666666666,99.58333333333331,3180.0,2018,2,23,0.0,,-12.4,-2.9,-21.166666666666668,0.57,,678.8,,,,,,无
2018-02-24,52645.0,青海,野牛沟,38.41666666666666,99.58333333333331,3180.0,2018,2,24,0.1999999999999999,,-10.766666666666667,-2.4666666666666663,-17.73333333333333,0.5499999999999999,,678.7666666666665,,,,,-12.667375099345627,Snow
2018-02-25,52645.0,青海,野牛沟,38.41666666666666,99.58333333333331,3180.0,2018,2,25,0.1333333333333333,,-12.833333333333334,-1.6333333333333335,-22.066666666666663,0.4533333333333333,,679.5,,,,,-14.877212526854148,Snow
2018-02-26,52645.0,青海,野牛沟,38.41666666666666,99.58333333333331,3180.0,2018,2,26,0.0,,-12.066666666666668,-0.5666666666666667,-22.266666666666666,0.4033333333333333,,677.8000000000001,,,,,,无
2018-02-27,52645.0,青海,野牛沟,38.41666666666666,99.58333333333331,3180.0,2018,2,27,1.2333333333333334,,-9.6,0.0333333333333334,-17.5,0.4133333333333333,,678.3000000000001,,,,,-12.270475759019867,Snow
2018-02-28,52645.0,青海,野牛沟,38.41666666666666,99.58333333333331,3180.0,2018,2,28,0.4666666666666666,,-11.0,-1.1666666666666667,-18.666666666666668,0.5066666666666667,,682.6333333333333,,,,,-13.050835694245158,Snow
2018-03-01,52645.0,青海,野牛沟,38.41666666666666,99.58333333333331,3180.0,2018,3,1,0.0,,-12.2,-1.1,-21.933333333333334,0.4733333333333333,,681.2666666666667,,,,,,无
2018-03-02,52645.0,青海,野牛沟,38.41666666666666,99.58333333333331,3180.0,2018,3,2,0.0,,-10.766666666666666,1.9,-20.9,0.4399999999999999,,677.5333333333333,,,,,,无
2018-03-03,52645.0,青海,野牛沟,38.41666666666666,99.58333333333331,3180.0,2018,3,3,0.0,,-9.933333333333332,3.1333333333333333,-20.966666666666665,0.36,,675.2666666666668,,,,,,无
2018-03-04,52645.0,青海,野牛沟,38.41666666666666,99.58333333333331,3180.0,2018,3,4,0.0666666666666666,,-7.3,-1.2,-12.5,0.44,,674.5666666666666,,,,,-10.206325529112409,Snow
2018-03-05,52645.0,青海,野牛沟,38.41666666666666,99.58333333333331,3180.0,2018,3,5,0.7333333333333334,,-8.566666666666666,-1.6000000000000003,-14.5,0.5733333333333334,,676.1999999999999,,,,,-10.613037961896495,Snow
2018-03-06,52645.0,青海,野牛沟,38.41666666666666,99.58333333333331,3180.0,2018,3,6,0.0999999999999999,,-8.633333333333333,1.8333333333333333,-17.46666666666667,0.5366666666666666,,675.8666666666667,,,,,-10.852533899892155,Snow
2018-03-07,52645.0,青海,野牛沟,38.41666666666666,99.58333333333331,3180.0,2018,3,7,0.0,,-9.633333333333333,0.8000000000000002,-19.33333333333333,0.4833333333333332,,676.7666666666665,,,,,,无
2018-03-08,52645.0,青海,野牛沟,38.41666666666666,99.58333333333331,3180.0,2018,3,8,0.0,,-9.966666666666669,1.9,-19.1,0.47,,676.9,,,,,,无
2018-03-09,52645.0,青海,野牛沟,38.41666666666666,99.58333333333331,3180.0,2018,3,9,0.0,,-8.399999999999999,1.6,-15.833333333333334,0.4333333333333333,,676.7666666666668,,,,,,无
2018-03-10,52645.0,青海,野牛沟,38.41666666666666,99.58333333333331,3180.0,2018,3,10,0.0,,-8.5,0.5333333333333333,-16.166666666666668,0.4666666666666666,,677.8000000000001,,,,,,无
2018-03-11,52645.0,青海,野牛沟,38.41666666666666,99.58333333333331,3180.0,2018,3,11,0.1999999999999999,,-7.899999999999999,1.9666666666666663,-17.066666666666666,0.4933333333333333,,677.5,,,,,-10.429305263431367,Snow
2018-03-12,52645.0,青海,野牛沟,38.41666666666666,99.58333333333331,3180.0,2018,3,12,0.0333333333333333,,-7.433333333333333,1.6333333333333335,-14.466666666666669,0.51,,675.5333333333334,,,,,-9.944853292528887,Snow
2018-03-13,52645.0,青海,野牛沟,38.41666666666666,99.58333333333331,3180.0,2018,3,13,0.0333333333333333,,-7.733333333333334,2.833333333333333,-17.099999999999998,0.4733333333333333,,677.2333333333332,,,,,-10.39044187358597,Snow
2018-03-14,52645.0,青海,野牛沟,38.41666666666666,99.58333333333331,3180.0,2018,3,14,0.0,,-7.066666666666666,2.1666666666666665,-16.0,0.4599999999999999,,676.3000000000001,,,,,,无
2018-03-15,52645.0,青海,野牛沟,38.41666666666666,99.58333333333331,3180.0,2018,3,15,0.0666666666666666,,-5.633333333333333,5.633333333333333,-15.9,0.5166666666666666,,675.6999999999999,,,,,-8.356464856770295,Snow
2018-03-16,52645.0,青海,野牛沟,38.41666666666666,99.58333333333331,3180.0,2018,3,16,1.6,,-4.133333333333334,2.6666666666666665,-9.433333333333332,0.5299999999999999,,675.2333333333332,,,,,-6.988313571173701,Snow
2018-03-17,52645.0,青海,野牛沟,38.41666666666666,99.58333333333331,3180.0,2018,3,17,0.6,,-6.0,4.366666666666667,-14.433333333333332,0.5066666666666667,,676.8666666666667,,,,,-8.725973281410585,Snow
2018-03-18,52645.0,青海,野牛沟,38.41666666666666,99.58333333333331,3180.0,2018,3,18,0.0,,-5.833333333333333,4.3,-14.833333333333334,0.5333333333333333,,676.0333333333333,,,,,,无
2018-03-19,52645.0,青海,野牛沟,38.41666666666666,99.58333333333331,3180.0,2018,3,19,0.2333333333333333,,-2.9,5.7,-9.9,0.48,,676.7333333333333,,,,,-6.264664927348922,Snow
2018-03-20,52645.0,青海,野牛沟,38.41666666666666,99.58333333333331,3180.0,2018,3,20,0.0,,-5.066666666666667,3.033333333333333,-11.5,0.5299999999999999,,679.0666666666667,,,,,,无
2018-03-21,52645.0,青海,野牛沟,38.41666666666666,99.58333333333331,3180.0,2018,3,21,0.5,,-6.1000000000000005,3.5,-13.466666666666669,0.5966666666666667,,678.0666666666666,,,,,-8.300954022713821,Snow
2018-03-22,52645.0,青海,野牛沟,38.41666666666666,99.58333333333331,3180.0,2018,3,22,0.1666666666666666,,-4.866666666666667,2.833333333333333,-9.533333333333331,0.6033333333333334,,678.9666666666666,,,,,-7.168669195635569,Snow
2018-03-23,52645.0,青海,野牛沟,38.41666666666666,99.58333333333331,3180.0,2018,3,23,0.0666666666666666,,-6.699999999999999,-1.5666666666666669,-10.533333333333331,0.61,,681.9999999999999,,,,,-8.753063676609557,Snow
2018-03-24,52645.0,青海,野牛沟,38.41666666666666,99.58333333333331,3180.0,2018,3,24,0.0999999999999999,,-8.433333333333334,2.066666666666667,-17.266666666666666,0.4933333333333333,,683.6666666666666,,,,,-10.874121620447706,Snow
2018-03-25,52645.0,青海,野牛沟,38.41666666666666,99.58333333333331,3180.0,2018,3,25,0.0,,-5.566666666666666,6.0,-14.366666666666664,0.4233333333333333,,682.7333333333332,,,,,,无
2018-03-26,52645.0,青海,野牛沟,38.41666666666666,99.58333333333331,3180.0,2018,3,26,0.0,,-4.366666666666667,7.966666666666666,-14.6,0.3933333333333333,,683.7666666666668,,,,,,无
2018-03-27,52645.0,青海,野牛沟,38.41666666666666,99.58333333333331,3180.0,2018,3,27,0.0,,-1.8666666666666665,8.933333333333332,-9.9,0.4266666666666667,,681.9,,,,,,无
2018-03-28,52645.0,青海,野牛沟,38.41666666666666,99.58333333333331,3180.0,2018,3,28,0.3666666666666667,,-0.9333333333333336,7.6,-7.133333333333333,0.5166666666666666,,680.9666666666667,,,,,-4.338319803579664,Snow
2018-03-29,52645.0,青海,野牛沟,38.41666666666666,99.58333333333331,3180.0,2018,3,29,0.7333333333333334,,-1.7666666666666666,7.3,-7.7,0.5666666666666665,,679.3666666666667,,,,,-4.694288525063626,Snow
2018-03-30,52645.0,青海,野牛沟,38.41666666666666,99.58333333333331,3180.0,2018,3,30,0.0333333333333333,,-1.7666666666666666,8.200000000000001,-10.133333333333336,0.5133333333333333,,679.5666666666667,,,,,-5.07104573361111,Snow
2018-03-31,52645.0,青海,野牛沟,38.41666666666666,99.58333333333331,3180.0,2018,3,31,0.0,,-0.2666666666666668,10.666666666666666,-9.666666666666666,0.4466666666666667,,678.3333333333334,,,,,,无
2018-04-01,52645.0,青海,野牛沟,38.41666666666666,99.58333333333331,3180.0,2018,4,1,1.1,,0.5333333333333335,11.133333333333333,-8.066666666666668,0.4733333333333333,,677.4333333333333,,,,,-3.458976599215302,Snow
2018-04-02,52645.0,青海,野牛沟,38.41666666666666,99.58333333333331,3180.0,2018,4,2,0.0,,2.0,12.4,-6.133333333333333,0.44,,675.8666666666667,,,,,,无
2018-04-03,52645.0,青海,野牛沟,38.41666666666666,99.58333333333331,3180.0,2018,4,3,0.9333333333333332,,-0.3333333333333333,8.533333333333333,-7.833333333333333,0.5833333333333334,,676.0666666666666,,,,,-3.3398135263619233,Snow
2018-04-04,52645.0,青海,野牛沟,38.41666666666666,99.58333333333331,3180.0,2018,4,4,2.5,,-0.7999999999999999,7.833333333333333,-7.533333333333334,0.5766666666666667,,676.1666666666666,,,,,-3.793695590447599,Snow
2018-04-05,52645.0,青海,野牛沟,38.41666666666666,99.58333333333331,3180.0,2018,4,5,2.2666666666666666,,-0.3666666666666665,7.466666666666666,-6.8,0.5933333333333333,,677.4666666666666,,,,,-3.290179519219474,Snow
2018-04-06,52645.0,青海,野牛沟,38.41666666666666,99.58333333333331,3180.0,2018,4,6,0.2666666666666666,,0.0666666666666667,7.333333333333333,-4.266666666666667,0.58,,678.0000000000001,,,,,-3.0138766571724007,Snow
2018-04-07,52645.0,青海,野牛沟,38.41666666666666,99.58333333333331,3180.0,2018,4,7,0.9333333333333332,,-2.1666666666666665,6.033333333333334,-7.800000000000001,0.6133333333333334,,679.4666666666667,,,,,-4.719496511835826,Snow
2018-04-08,52645.0,青海,野牛沟,38.41666666666666,99.58333333333331,3180.0,2018,4,8,0.1666666666666666,,-0.6666666666666666,8.066666666666668,-6.766666666666667,0.59,,679.3000000000001,,,,,-3.571825048410324,Snow
2018-04-09,52645.0,青海,野牛沟,38.41666666666666,99.58333333333331,3180.0,2018,4,9,1.0,,-1.1666666666666667,7.366666666666667,-7.266666666666667,0.5933333333333334,,679.4666666666667,,,,,-3.982861368147579,Snow
2018-04-10,52645.0,青海,野牛沟,38.41666666666666,99.58333333333331,3180.0,2018,4,10,0.6333333333333333,,-1.2333333333333336,5.233333333333333,-6.8,0.6066666666666667,,680.4666666666666,,,,,-3.943100932057688,Snow
2018-04-11,52645.0,青海,野牛沟,38.41666666666666,99.58333333333331,3180.0,2018,4,11,0.0,,-1.1333333333333333,5.366666666666667,-6.0,0.4966666666666667,,682.2333333333332,,,,,,无
2018-04-12,52645.0,青海,野牛沟,38.41666666666666,99.58333333333331,3180.0,2018,4,12,0.0,,-1.4333333333333336,6.400000000000001,-8.033333333333333,0.5,,682.8666666666668,,,,,,无
2018-04-13,52645.0,青海,野牛沟,38.41666666666666,99.58333333333331,3180.0,2018,4,13,0.0,,-0.3666666666666667,9.4,-9.0,0.48,,680.8666666666667,,,,,,无
2018-04-14,52645.0,青海,野牛沟,38.41666666666666,99.58333333333331,3180.0,2018,4,14,0.2333333333333333,,0.5666666666666667,9.1,-5.433333333333334,0.5833333333333334,,679.4666666666667,,,,,-2.5516387689528175,Snow
2018-04-15,52645.0,青海,野牛沟,38.41666666666666,99.58333333333331,3180.0,2018,4,15,2.1333333333333333,,0.0666666666666668,7.333333333333333,-5.266666666666667,0.6433333333333333,,680.5,,,,,-2.5259457771056892,Snow
2018-04-16,52645.0,青海,野牛沟,38.41666666666666,99.58333333333331,3180.0,2018,4,16,0.7666666666666666,,-1.2666666666666666,6.966666666666666,-8.5,0.6066666666666667,,680.8666666666667,,,,,-3.971451070146883,Snow
2018-04-17,52645.0,青海,野牛沟,38.41666666666666,99.58333333333331,3180.0,2018,4,17,1.7666666666666666,,-1.7666666666666668,9.333333333333334,-9.4,0.5599999999999999,,680.3000000000001,,,,,-4.738888846382339,Snow
2018-04-18,52645.0,青海,野牛沟,38.41666666666666,99.58333333333331,3180.0,2018,4,18,2.1666666666666665,,-0.0999999999999999,9.966666666666669,-7.666666666666667,0.65,,678.0,,,,,-2.6290382793397127,Snow
2018-04-19,52645.0,青海,野牛沟,38.41666666666666,99.58333333333331,3180.0,2018,4,19,2.9,,-1.9,4.933333333333334,-7.066666666666667,0.6366666666666667,,680.2666666666667,,,,,-4.32149171325817,Snow
2018-04-20,52645.0,青海,野牛沟,38.41666666666666,99.58333333333331,3180.0,2018,4,20,1.6666666666666667,,-2.1,3.1,-6.266666666666666,0.6233333333333333,,681.7666666666667,,,,,-4.5873176867591114,Snow
2018-04-21,52645.0,青海,野牛沟,38.41666666666666,99.58333333333331,3180.0,2018,4,21,0.0,,-1.3333333333333333,6.433333333333334,-8.133333333333333,0.51,,682.2666666666667,,,,,,无
2018-04-22,52645.0,青海,野牛沟,38.41666666666666,99.58333333333331,3180.0,2018,4,22,0.3999999999999999,,0.1666666666666666,6.7,-5.400000000000001,0.5933333333333334,,681.1,,,,,-2.8172486599031332,Snow
2018-04-23,52645.0,青海,野牛沟,38.41666666666666,99.58333333333331,3180.0,2018,4,23,0.3333333333333333,,-0.2333333333333333,7.066666666666666,-6.466666666666668,0.62,,681.9666666666667,,,,,-2.963389361010411,Snow
2018-04-24,52645.0,青海,野牛沟,38.41666666666666,99.58333333333331,3180.0,2018,4,24,0.5,,1.1333333333333335,8.9,-4.9,0.6066666666666666,,682.3333333333334,,,,,-1.867463893943726,Snow
2018-04-25,52645.0,青海,野牛沟,38.41666666666666,99.58333333333331,3180.0,2018,4,25,0.5,,-0.1666666666666666,6.833333333333333,-4.466666666666666,0.6766666666666666,,682.9333333333334,,,,,-2.480444847041192,Snow
2018-04-26,52645.0,青海,野牛沟,38.41666666666666,99.58333333333331,3180.0,2018,4,26,0.5,,0.1999999999999999,7.666666666666667,-5.8,0.6333333333333333,,684.1666666666666,,,,,-2.475877951309493,Snow
2018-04-27,52645.0,青海,野牛沟,38.41666666666666,99.58333333333331,3180.0,2018,4,27,0.0,,1.8,10.933333333333332,-6.266666666666667,0.5666666666666667,,683.3000000000001,,,,,,无
2018-04-28,52645.0,青海,野牛沟,38.41666666666666,99.58333333333331,3180.0,2018,4,28,0.4333333333333333,,2.4333333333333336,12.633333333333333,-5.866666666666667,0.5566666666666666,,682.9333333333334,,,,,-1.1576784709560295,Snow
2018-04-29,52645.0,青海,野牛沟,38.41666666666666,99.58333333333331,3180.0,2018,4,29,0.5666666666666667,,3.0,12.133333333333333,-3.533333333333333,0.5933333333333334,,681.5666666666667,,,,,-0.35791881354785726,Snow
2018-04-30,52645.0,青海,野牛沟,38.41666666666666,99.58333333333331,3180.0,2018,4,30,3.333333333333333,,2.733333333333333,10.066666666666668,-2.2666666666666666,0.6433333333333333,,680.4,,,,,-0.16373900002715214,Snow
2018-05-01,52645.0,青海,野牛沟,38.41666666666666,99.58333333333331,3180.0,2018,5,1,0.05,,2.05,9.8,-2.9,0.605,,678.7,,,,,-1.0902569518450145,Snow
2018-05-02,52645.0,青海,野牛沟,38.41666666666666,99.58333333333331,3180.0,2018,5,2,3.75,,-0.55,7.400000000000001,-6.300000000000001,0.69,,681.3499999999999,,,,,-2.7312881846270853,Snow
2018-05-03,52645.0,青海,野牛沟,38.41666666666666,99.58333333333331,3180.0,2018,5,3,0.0,,3.2999999999999994,11.65,-4.35,0.55,,681.75,,,,,,无
2018-05-04,52645.0,青海,野牛沟,38.41666666666666,99.58333333333331,3180.0,2018,5,4,0.0,,3.9,13.15,-4.55,0.5449999999999999,,680.3499999999999,,,,,,无
2018-05-05,52645.0,青海,野牛沟,38.41666666666666,99.58333333333331,3180.0,2018,5,5,0.0,,2.7999999999999994,10.85,-2.3,0.63,,680.0,,,,,,无
2018-05-06,52645.0,青海,野牛沟,38.41666666666666,99.58333333333331,3180.0,2018,5,6,3.0499999999999994,,1.95,8.75,-3.8,0.7399999999999999,,679.8,,,,,-0.07250055262070898,Snow
2018-05-07,52645.0,青海,野牛沟,38.41666666666666,99.58333333333331,3180.0,2018,5,7,3.0,,3.25,11.5,-2.25,0.655,,681.9000000000001,,,,,0.39730623282868915,Snow
2018-05-08,52645.0,青海,野牛沟,38.41666666666666,99.58333333333331,3180.0,2018,5,8,0.4000000000000001,,3.4,12.15,-1.8500000000000003,0.63,,681.45,,,,,0.31102977534762655,Snow
2018-05-09,52645.0,青海,野牛沟,38.41666666666666,99.58333333333331,3180.0,2018,5,9,0.0,,3.65,13.4,-4.6,0.6100000000000001,,680.55,,,,,,无
2018-05-10,52645.0,青海,野牛沟,38.41666666666666,99.58333333333331,3180.0,2018,5,10,1.45,,2.85,11.800000000000002,-5.25,0.52,,681.6,,,,,-1.1280891871558074,Snow
2018-05-11,52645.0,青海,野牛沟,38.41666666666666,99.58333333333331,3180.0,2018,5,11,0.0,,4.6,17.65,-5.75,0.445,,680.8,,,,,,无
2018-05-12,52645.0,青海,野牛沟,38.41666666666666,99.58333333333331,3180.0,2018,5,12,0.0,,5.55,16.8,-3.4500000000000006,0.445,,679.8,,,,,,无
2018-05-13,52645.0,青海,野牛沟,38.41666666666666,99.58333333333331,3180.0,2018,5,13,0.0,,4.85,13.25,-0.9,0.54,,679.2,,,,,,无
2018-05-14,52645.0,青海,野牛沟,38.41666666666666,99.58333333333331,3180.0,2018,5,14,0.0,,3.95,10.05,-1.1,0.465,,684.4500000000002,,,,,,无
2018-05-15,52645.0,青海,野牛沟,38.41666666666666,99.58333333333331,3180.0,2018,5,15,0.3499999999999999,,3.25,11.050000000000002,-4.25,0.51,,685.2000000000002,,,,,-0.8719963446407375,Snow
2018-05-16,52645.0,青海,野牛沟,38.41666666666666,99.58333333333331,3180.0,2018,5,16,0.0,,4.7,13.699999999999998,-2.85,0.56,,682.2,,,,,,无
2018-05-17,52645.0,青海,野牛沟,38.41666666666666,99.58333333333331,3180.0,2018,5,17,0.55,,6.05,14.800000000000002,-1.05,0.595,,680.05,,,,,2.2883934775919146,Rain
2018-05-18,52645.0,青海,野牛沟,38.41666666666666,99.58333333333331,3180.0,2018,5,18,0.0,,5.0,14.699999999999998,-3.1,0.615,,680.45,,,,,,无
2018-05-19,52645.0,青海,野牛沟,38.41666666666666,99.58333333333331,3180.0,2018,5,19,0.85,,6.55,15.949999999999998,-0.85,0.62,,681.0,,,,,2.9730754776142065,Rain
2018-05-20,52645.0,青海,野牛沟,38.41666666666666,99.58333333333331,3180.0,2018,5,20,7.25,,3.2000000000000006,7.25,0.75,0.835,,682.0,,,,,1.870743553548242,Snow
2018-05-21,52645.0,青海,野牛沟,38.41666666666666,99.58333333333331,3180.0,2018,5,21,7.7,,2.6,9.4,-1.2000000000000002,0.7849999999999998,,682.9,,,,,0.8974862559271868,Snow
2018-05-22,52645.0,青海,野牛沟,38.41666666666666,99.58333333333331,3180.0,2018,5,22,1.3999999999999997,,2.9,7.6,0.05,0.715,,683.1500000000001,,,,,0.5961443965159008,Snow
2018-05-23,52645.0,青海,野牛沟,38.41666666666666,99.58333333333331,3180.0,2018,5,23,1.3,,2.85,10.5,-3.75,0.6750000000000002,,681.75,,,,,0.211485947230714,Snow
2018-05-24,52645.0,青海,野牛沟,38.41666666666666,99.58333333333331,3180.0,2018,5,24,0.0,,5.05,13.1,-2.4,0.6399999999999999,,678.95,,,,,,无
2018-05-25,52645.0,青海,野牛沟,38.41666666666666,99.58333333333331,3180.0,2018,5,25,0.65,,4.4,9.55,0.1,0.615,,680.65,,,,,1.0497406102795326,Rain
2018-05-26,52645.0,青海,野牛沟,38.41666666666666,99.58333333333331,3180.0,2018,5,26,1.7,,5.900000000000001,11.9,1.05,0.605,,680.65,,,,,2.258673920082459,Rain
2018-05-27,52645.0,青海,野牛沟,38.41666666666666,99.58333333333331,3180.0,2018,5,27,9.1,,4.9,10.4,0.4499999999999999,0.73,,680.6500000000001,,,,,2.546123917224672,Rain
2018-05-28,52645.0,青海,野牛沟,38.41666666666666,99.58333333333331,3180.0,2018,5,28,2.0,,5.55,11.5,-0.15,0.6699999999999999,,681.55,,,,,2.5788066974974955,Rain
2018-05-29,52645.0,青海,野牛沟,38.41666666666666,99.58333333333331,3180.0,2018,5,29,1.0,,6.25,13.65,-1.3999999999999997,0.6200000000000001,,682.0,,,,,2.713819679903655,Rain
2018-05-30,52645.0,青海,野牛沟,38.41666666666666,99.58333333333331,3180.0,2018,5,30,1.7,,4.949999999999999,12.550000000000002,-0.8500000000000001,0.655,,680.85,,,,,1.9033077873673632,Rain
2018-05-31,52645.0,青海,野牛沟,38.41666666666666,99.58333333333331,3180.0,2018,5,31,2.5,,5.599999999999999,12.949999999999998,0.9,0.7250000000000001,,680.1500000000001,,,,,3.1381710811341756,Rain
2018-06-01,52645.0,青海,野牛沟,38.41666666666666,99.58333333333331,3180.0,2018,6,1,4.6000000000000005,,5.75,10.9,3.15,0.79,,680.55,,,,,3.8793128294550483,Rain
2018-06-02,52645.0,青海,野牛沟,38.41666666666666,99.58333333333331,3180.0,2018,6,2,4.15,,4.35,9.2,0.2500000000000001,0.77,,681.95,,,,,2.3981657081036944,Rain
2018-06-03,52645.0,青海,野牛沟,38.41666666666666,99.58333333333331,3180.0,2018,6,3,1.05,,3.9,10.85,-1.05,0.735,,683.5499999999998,,,,,1.6802531938173848,Rain
2018-06-04,52645.0,青海,野牛沟,38.41666666666666,99.58333333333331,3180.0,2018,6,4,1.25,,5.75,14.1,-2.15,0.56,,685.35,,,,,1.7005244480849901,Rain
2018-06-05,52645.0,青海,野牛沟,38.41666666666666,99.58333333333331,3180.0,2018,6,5,0.55,,5.849999999999999,14.35,-1.4500000000000002,0.625,,683.85,,,,,2.4177509160209576,Rain
2018-06-06,52645.0,青海,野牛沟,38.41666666666666,99.58333333333331,3180.0,2018,6,6,0.1,,6.599999999999999,13.25,1.0,0.65,,683.8499999999999,,,,,3.321983744385144,Rain
2018-06-07,52645.0,青海,野牛沟,38.41666666666666,99.58333333333331,3180.0,2018,6,7,0.55,,6.699999999999999,14.699999999999998,-0.5,0.605,,684.1,,,,,2.9603149502908055,Rain
2018-06-08,52645.0,青海,野牛沟,38.41666666666666,99.58333333333331,3180.0,2018,6,8,1.7,,7.0,14.800000000000002,-1.0,0.645,,683.25,,,,,3.623741309660997,Rain
2018-06-09,52645.0,青海,野牛沟,38.41666666666666,99.58333333333331,3180.0,2018,6,9,0.0,,7.650000000000001,15.300000000000002,0.8500000000000001,0.635,,682.3,,,,,,无
2018-06-10,52645.0,青海,野牛沟,38.41666666666666,99.58333333333331,3180.0,2018,6,10,1.5,,6.949999999999999,12.9,0.1999999999999999,0.605,,684.3499999999999,,,,,3.17742882659378,Rain
2018-06-11,52645.0,青海,野牛沟,38.41666666666666,99.58333333333331,3180.0,2018,6,11,0.1,,6.849999999999999,14.85,-1.05,0.585,,684.2999999999998,,,,,2.8871393354299135,Rain
2018-06-12,52645.0,青海,野牛沟,38.41666666666666,99.58333333333331,3180.0,2018,6,12,0.0,,6.650000000000001,16.4,-0.8000000000000002,0.655,,683.0999999999999,,,,,,无
2018-06-13,52645.0,青海,野牛沟,38.41666666666666,99.58333333333331,3180.0,2018,6,13,2.25,,6.3,13.85,-0.4000000000000001,0.7200000000000001,,681.75,,,,,3.730940585275655,Rain
2018-06-14,52645.0,青海,野牛沟,38.41666666666666,99.58333333333331,3180.0,2018,6,14,2.45,,7.550000000000001,13.85,1.45,0.605,,682.3,,,,,3.6917135256029487,Rain
2018-06-15,52645.0,青海,野牛沟,38.41666666666666,99.58333333333331,3180.0,2018,6,15,0.0,,7.300000000000001,16.799999999999997,-2.2,0.56,,682.15,,,,,,无
2018-06-16,52645.0,青海,野牛沟,38.41666666666666,99.58333333333331,3180.0,2018,6,16,5.05,,7.75,17.15,-0.2000000000000001,0.66,,680.4,,,,,4.433806654038448,Rain
2018-06-17,52645.0,青海,野牛沟,38.41666666666666,99.58333333333331,3180.0,2018,6,17,0.4000000000000001,,9.95,15.4,4.1,0.61,,680.8,,,,,5.820798736752901,Rain
2018-06-18,52645.0,青海,野牛沟,38.41666666666666,99.58333333333331,3180.0,2018,6,18,3.9500000000000006,,8.9,13.85,4.65,0.6999999999999998,,682.55,,,,,5.885244368125471,Rain
2018-06-19,52645.0,青海,野牛沟,38.41666666666666,99.58333333333331,3180.0,2018,6,19,2.1,,6.650000000000001,15.15,1.15,0.745,,684.5,,,,,4.295213811511567,Rain
2018-06-20,52645.0,青海,野牛沟,38.41666666666666,99.58333333333331,3180.0,2018,6,20,2.9,,7.300000000000001,15.550000000000002,1.0499999999999998,0.7200000000000001,,683.9500000000002,,,,,4.6440719013074405,Rain
2018-06-21,52645.0,青海,野牛沟,38.41666666666666,99.58333333333331,3180.0,2018,6,21,3.9,,7.75,15.300000000000002,1.5499999999999998,0.7200000000000001,,681.95,,,,,5.049916861649613,Rain
2018-06-22,52645.0,青海,野牛沟,38.41666666666666,99.58333333333331,3180.0,2018,6,22,0.75,,8.35,14.1,3.65,0.715,,681.0,,,,,5.542143468594571,Rain
2018-06-23,52645.0,青海,野牛沟,38.41666666666666,99.58333333333331,3180.0,2018,6,23,4.25,,8.75,14.5,3.9,0.7399999999999999,,681.6500000000001,,,,,6.167362694453655,Rain
2018-06-24,52645.0,青海,野牛沟,38.41666666666666,99.58333333333331,3180.0,2018,6,24,5.25,,8.350000000000001,14.6,4.7,0.7399999999999999,,682.4000000000001,,,,,5.801950951709727,Rain
2018-06-25,52645.0,青海,野牛沟,38.41666666666666,99.58333333333331,3180.0,2018,6,25,4.45,,8.649999999999999,15.800000000000002,4.0,0.7849999999999998,,681.5999999999999,,,,,6.538280674323826,Rain
2018-06-26,52645.0,青海,野牛沟,38.41666666666666,99.58333333333331,3180.0,2018,6,26,0.6,,10.5,18.15,4.15,0.695,,680.0,,,,,7.26727817220318,Rain
2018-06-27,52645.0,青海,野牛沟,38.41666666666666,99.58333333333331,3180.0,2018,6,27,1.0,,10.2,16.6,5.400000000000001,0.71,,680.65,,,,,7.164862408924164,Rain
2018-06-28,52645.0,青海,野牛沟,38.41666666666666,99.58333333333331,3180.0,2018,6,28,0.75,,10.35,17.2,3.85,0.6699999999999999,,682.15,,,,,6.855675539946744,Rain
2018-06-29,52645.0,青海,野牛沟,38.41666666666666,99.58333333333331,3180.0,2018,6,29,1.05,,9.45,15.35,4.15,0.7050000000000001,,684.0,,,,,6.437763100636613,Rain
2018-06-30,52645.0,青海,野牛沟,38.41666666666666,99.58333333333331,3180.0,2018,6,30,0.25,,10.6,18.7,4.25,0.6599999999999999,,684.8499999999999,,,,,6.969938072840471,Rain
2018-07-01,52645.0,青海,野牛沟,38.41666666666666,99.58333333333331,3180.0,2018,7,1,1.0333333333333334,,10.933333333333332,17.46666666666667,4.566666666666666,0.65,,683.2548387096775,,,,,7.146408517868275,Rain
2018-07-02,52645.0,青海,野牛沟,38.41666666666666,99.58333333333331,3180.0,2018,7,2,10.733333333333334,,8.233333333333334,14.766666666666666,3.9333333333333336,0.7599999999999999,,682.3215053763441,,,,,5.8983922083867,Rain
2018-07-03,52645.0,青海,野牛沟,38.41666666666666,99.58333333333331,3180.0,2018,7,3,2.3666666666666667,,10.466666666666669,17.2,4.933333333333334,0.6633333333333333,,681.7881720430108,,,,,6.883200824965852,Rain
2018-07-04,52645.0,青海,野牛沟,38.41666666666666,99.58333333333331,3180.0,2018,7,4,5.133333333333333,,9.433333333333332,16.76666666666667,3.1666666666666665,0.6966666666666667,,682.0881720430108,,,,,6.329307512638285,Rain
2018-07-05,52645.0,青海,野牛沟,38.41666666666666,99.58333333333331,3180.0,2018,7,5,1.7000000000000002,,11.0,19.2,3.9500000000000006,0.635,,682.1500000000001,,,,,7.027917079581614,Rain
2018-07-06,52645.0,青海,野牛沟,38.41666666666666,99.58333333333331,3180.0,2018,7,6,0.7333333333333334,,11.266666666666666,20.266666666666666,2.6,0.6666666666666666,,682.1215053763441,,,,,7.632978155596022,Rain
2018-07-07,52645.0,青海,野牛沟,38.41666666666666,99.58333333333331,3180.0,2018,7,7,11.2,,10.066666666666668,16.266666666666666,5.5,0.7599999999999999,,682.1881720430108,,,,,7.591385598317637,Rain
2018-07-08,52645.0,青海,野牛沟,38.41666666666666,99.58333333333331,3180.0,2018,7,8,23.066666666666663,,9.5,15.3,6.066666666666666,0.7799999999999999,,682.4881720430109,,,,,7.279337289020371,Rain
2018-07-09,52645.0,青海,野牛沟,38.41666666666666,99.58333333333331,3180.0,2018,7,9,7.433333333333334,,9.366666666666664,16.866666666666667,4.266666666666667,0.77,,683.3215053763442,,,,,7.051585619487555,Rain
2018-07-10,52645.0,青海,野牛沟,38.41666666666666,99.58333333333331,3180.0,2018,7,10,2.966666666666667,,10.533333333333331,17.866666666666664,4.166666666666667,0.6933333333333334,,682.5548387096775,,,,,7.283264763096446,Rain
2018-07-11,52645.0,青海,野牛沟,38.41666666666666,99.58333333333331,3180.0,2018,7,11,0.8666666666666667,,11.266666666666666,19.133333333333333,4.833333333333333,0.6633333333333334,,682.3548387096774,,,,,7.5946000570074945,Rain
2018-07-12,52645.0,青海,野牛沟,38.41666666666666,99.58333333333331,3180.0,2018,7,12,4.266666666666667,,11.6,18.96666666666667,6.366666666666666,0.7000000000000001,,682.8215053763442,,,,,8.32056291258796,Rain
2018-07-13,52645.0,青海,野牛沟,38.41666666666666,99.58333333333331,3180.0,2018,7,13,3.466666666666667,,10.4,18.433333333333334,2.833333333333333,0.6566666666666666,,682.9548387096775,,,,,6.750854558357333,Rain
2018-07-14,52645.0,青海,野牛沟,38.41666666666666,99.58333333333331,3180.0,2018,7,14,0.1666666666666666,,9.999999999999998,18.9,1.9,0.64,,683.2548387096775,,,,,6.210247167965499,Rain
2018-07-15,52645.0,青海,野牛沟,38.41666666666666,99.58333333333331,3180.0,2018,7,15,0.6,,9.9,17.599999999999998,2.533333333333333,0.6566666666666666,,682.8548387096774,,,,,6.308058963146492,Rain
2018-07-16,52645.0,青海,野牛沟,38.41666666666666,99.58333333333331,3180.0,2018,7,16,1.6,,10.233333333333334,18.5,2.3666666666666667,0.6566666666666666,,682.6881720430107,,,,,6.602761201675853,Rain
2018-07-17,52645.0,青海,野牛沟,38.41666666666666,99.58333333333331,3180.0,2018,7,17,4.833333333333333,,9.533333333333331,17.5,4.4,0.7400000000000001,,682.421505376344,,,,,6.88640321763073,Rain
2018-07-18,52645.0,青海,野牛沟,38.41666666666666,99.58333333333331,3180.0,2018,7,18,3.266666666666666,,9.666666666666666,17.400000000000002,3.9,0.7233333333333333,,682.5881720430108,,,,,6.829564437684383,Rain
2018-07-19,52645.0,青海,野牛沟,38.41666666666666,99.58333333333331,3180.0,2018,7,19,2.9,,11.3,19.633333333333336,3.533333333333333,0.7033333333333335,,682.3548387096774,,,,,8.087464324230073,Rain
2018-07-20,52645.0,青海,野牛沟,38.41666666666666,99.58333333333331,3180.0,2018,7,20,1.3,,11.066666666666668,17.933333333333334,6.933333333333334,0.7133333333333334,,682.3548387096774,,,,,7.990494760927009,Rain
2018-07-21,52645.0,青海,野牛沟,38.41666666666666,99.58333333333331,3180.0,2018,7,21,4.8,,11.3,17.400000000000002,7.033333333333334,0.7533333333333334,,682.9548387096775,,,,,8.656804430325767,Rain
2018-07-22,52645.0,青海,野牛沟,38.41666666666666,99.58333333333331,3180.0,2018,7,22,4.366666666666666,,10.766666666666666,17.233333333333334,6.400000000000001,0.7433333333333333,,683.4881720430109,,,,,8.055382260766986,Rain
2018-07-23,52645.0,青海,野牛沟,38.41666666666666,99.58333333333331,3180.0,2018,7,23,7.466666666666666,,9.533333333333331,15.733333333333334,4.9,0.7399999999999999,,683.6548387096776,,,,,6.888294909660435,Rain
2018-07-24,52645.0,青海,野牛沟,38.41666666666666,99.58333333333331,3180.0,2018,7,24,2.2666666666666666,,9.8,16.433333333333334,3.266666666666667,0.7033333333333333,,684.1548387096776,,,,,6.736117519454399,Rain
2018-07-25,52645.0,青海,野牛沟,38.41666666666666,99.58333333333331,3180.0,2018,7,25,1.2333333333333334,,11.4,19.366666666666664,4.833333333333333,0.6833333333333332,,684.5215053763441,,,,,7.950508237438929,Rain
2018-07-26,52645.0,青海,野牛沟,38.41666666666666,99.58333333333331,3180.0,2018,7,26,4.166666666666667,,10.1,18.9,3.4,0.71,,684.4881720430109,,,,,7.0809913058537655,Rain
2018-07-27,52645.0,青海,野牛沟,38.41666666666666,99.58333333333331,3180.0,2018,7,27,0.1333333333333333,,11.366666666666667,19.566666666666663,3.8,0.66,,683.9881720430109,,,,,7.647764316238823,Rain
2018-07-28,52645.0,青海,野牛沟,38.41666666666666,99.58333333333331,3180.0,2018,7,28,2.733333333333334,,11.066666666666668,20.33333333333333,2.9,0.7033333333333335,,683.4548387096775,,,,,7.878698052038966,Rain
2018-07-29,52645.0,青海,野牛沟,38.41666666666666,99.58333333333331,3180.0,2018,7,29,1.1,,12.933333333333332,21.633333333333336,5.133333333333334,0.6566666666666667,,682.7548387096773,,,,,8.993103029481869,Rain
2018-07-30,52645.0,青海,野牛沟,38.41666666666666,99.58333333333331,3180.0,2018,7,30,0.0,,13.5,23.2,4.066666666666667,0.6033333333333334,,683.0215053763441,,,,,,无
2018-07-31,52645.0,青海,野牛沟,38.41666666666666,99.58333333333331,3180.0,2018,7,31,3.5,,12.3,21.73333333333333,5.2,0.6766666666666667,,683.5548387096775,,,,,8.674897375158675,Rain
2018-08-01,52645.0,青海,野牛沟,38.41666666666666,99.58333333333331,3180.0,2018,8,1,11.5,,11.9,19.03333333333333,5.7,0.7266666666666666,,684.0677419354838,,,,,8.904077048013125,Rain
2018-08-02,52645.0,青海,野牛沟,38.41666666666666,99.58333333333331,3180.0,2018,8,2,5.033333333333332,,10.533333333333331,19.0,4.333333333333333,0.77,,683.9010752688172,,,,,8.134011390400634,Rain
2018-08-03,52645.0,青海,野牛沟,38.41666666666666,99.58333333333331,3180.0,2018,8,3,10.433333333333334,,10.633333333333333,17.73333333333333,6.6000000000000005,0.7433333333333333,,684.0010752688172,,,,,7.933788350554978,Rain
2018-08-04,52645.0,青海,野牛沟,38.41666666666666,99.58333333333331,3180.0,2018,8,4,0.1666666666666666,,10.4,18.766666666666666,3.733333333333333,0.7033333333333335,,684.6010752688171,,,,,7.278709216681585,Rain
2018-08-05,52645.0,青海,野牛沟,38.41666666666666,99.58333333333331,3180.0,2018,8,5,0.0,,11.633333333333333,19.33333333333333,4.6000000000000005,0.6866666666666666,,684.8010752688173,,,,,,无
2018-08-06,52645.0,青海,野牛沟,38.41666666666666,99.58333333333331,3180.0,2018,8,6,2.6333333333333333,,11.1,18.4,5.033333333333333,0.7200000000000001,,684.7010752688171,,,,,8.100289078815926,Rain
2018-08-07,52645.0,青海,野牛沟,38.41666666666666,99.58333333333331,3180.0,2018,8,7,2.8000000000000003,,11.0,17.933333333333334,5.699999999999999,0.7033333333333333,,684.5344086021505,,,,,7.820414135857763,Rain
2018-08-08,52645.0,青海,野牛沟,38.41666666666666,99.58333333333331,3180.0,2018,8,8,0.3,,10.966666666666669,18.866666666666664,3.7,0.6533333333333333,,684.0344086021505,,,,,7.216154303104623,Rain
2018-08-09,52645.0,青海,野牛沟,38.41666666666666,99.58333333333331,3180.0,2018,8,9,0.0,,10.833333333333334,19.866666666666664,2.9333333333333336,0.66,,683.3677419354839,,,,,,无
2018-08-10,52645.0,青海,野牛沟,38.41666666666666,99.58333333333331,3180.0,2018,8,10,2.4,,9.633333333333333,17.0,4.433333333333334,0.7433333333333333,,683.8344086021506,,,,,7.015865718116978,Rain
2018-08-11,52645.0,青海,野牛沟,38.41666666666666,99.58333333333331,3180.0,2018,8,11,2.466666666666667,,9.366666666666664,15.433333333333335,5.3,0.7999999999999999,,683.8677419354839,,,,,7.36525396468624,Rain
2018-08-12,52645.0,青海,野牛沟,38.41666666666666,99.58333333333331,3180.0,2018,8,12,3.633333333333333,,9.666666666666666,17.1,4.266666666666667,0.79,,684.3677419354839,,,,,7.542135587828267,Rain
2018-08-13,52645.0,青海,野牛沟,38.41666666666666,99.58333333333331,3180.0,2018,8,13,8.366666666666667,,10.233333333333333,16.766666666666666,4.766666666666667,0.75,,684.2677419354837,,,,,7.639696460237135,Rain
2018-08-14,52645.0,青海,野牛沟,38.41666666666666,99.58333333333331,3180.0,2018,8,14,2.8000000000000003,,10.800000000000002,17.466666666666665,6.0,0.7266666666666667,,683.9344086021505,,,,,7.900884520802802,Rain
2018-08-15,52645.0,青海,野牛沟,38.41666666666666,99.58333333333331,3180.0,2018,8,15,0.0999999999999999,,10.9,19.433333333333334,4.066666666666666,0.7233333333333333,,683.2344086021504,,,,,7.953483462222883,Rain
2018-08-16,52645.0,青海,野牛沟,38.41666666666666,99.58333333333331,3180.0,2018,8,16,2.966666666666667,,11.233333333333334,19.366666666666667,6.366666666666667,0.79,,682.7344086021504,,,,,9.003705227253246,Rain
2018-08-17,52645.0,青海,野牛沟,38.41666666666666,99.58333333333331,3180.0,2018,8,17,11.266666666666666,,11.199999999999998,19.433333333333334,6.633333333333333,0.7566666666666667,,682.0677419354838,,,,,8.600761327620297,Rain
2018-08-18,52645.0,青海,野牛沟,38.41666666666666,99.58333333333331,3180.0,2018,8,18,10.966666666666669,,10.033333333333331,16.866666666666664,5.266666666666667,0.7533333333333333,,683.8344086021506,,,,,7.491046224413327,Rain
2018-08-19,52645.0,青海,野牛沟,38.41666666666666,99.58333333333331,3180.0,2018,8,19,6.033333333333334,,8.6,12.833333333333334,5.466666666666668,0.82,,685.6677419354838,,,,,6.849934269308471,Rain
2018-08-20,52645.0,青海,野牛沟,38.41666666666666,99.58333333333331,3180.0,2018,8,20,3.533333333333333,,10.033333333333331,17.0,5.466666666666666,0.79,,685.7010752688171,,,,,7.886226610099443,Rain
2018-08-21,52645.0,青海,野牛沟,38.41666666666666,99.58333333333331,3180.0,2018,8,21,10.466666666666669,,8.966666666666667,15.233333333333333,4.266666666666667,0.7733333333333333,,684.8344086021506,,,,,6.717235097065539,Rain
2018-08-22,52645.0,青海,野牛沟,38.41666666666666,99.58333333333331,3180.0,2018,8,22,3.633333333333333,,8.966666666666667,15.800000000000002,4.633333333333334,0.7766666666666667,,684.2010752688171,,,,,6.75083155757545,Rain
2018-08-23,52645.0,青海,野牛沟,38.41666666666666,99.58333333333331,3180.0,2018,8,23,0.3333333333333333,,9.933333333333334,18.366666666666667,4.333333333333333,0.7366666666666667,,683.5344086021505,,,,,7.218617131741181,Rain
2018-08-24,52645.0,青海,野牛沟,38.41666666666666,99.58333333333331,3180.0,2018,8,24,1.9,,9.133333333333336,15.5,4.766666666666667,0.7799999999999999,,684.0344086021505,,,,,6.940095035410221,Rain
2018-08-25,52645.0,青海,野牛沟,38.41666666666666,99.58333333333331,3180.0,2018,8,25,2.066666666666667,,9.533333333333331,15.533333333333331,5.4,0.7600000000000001,,684.9344086021505,,,,,7.102644969483447,Rain
2018-08-26,52645.0,青海,野牛沟,38.41666666666666,99.58333333333331,3180.0,2018,8,26,0.2333333333333333,,9.933333333333332,17.400000000000002,4.433333333333334,0.7733333333333334,,685.0344086021505,,,,,7.614798463036716,Rain
2018-08-27,52645.0,青海,野牛沟,38.41666666666666,99.58333333333331,3180.0,2018,8,27,4.233333333333333,,9.166666666666666,14.466666666666669,4.966666666666668,0.7766666666666667,,686.1010752688171,,,,,6.939155000113364,Rain
2018-08-28,52645.0,青海,野牛沟,38.41666666666666,99.58333333333331,3180.0,2018,8,28,2.4333333333333336,,9.1,15.033333333333331,5.266666666666667,0.7799999999999999,,684.5677419354838,,,,,6.909753412568196,Rain
2018-08-29,52645.0,青海,野牛沟,38.41666666666666,99.58333333333331,3180.0,2018,8,29,5.3,,8.466666666666667,14.833333333333334,5.033333333333333,0.79,,684.3344086021506,,,,,6.421299893698698,Rain
2018-08-30,52645.0,青海,野牛沟,38.41666666666666,99.58333333333331,3180.0,2018,8,30,0.7333333333333334,,7.966666666666666,14.300000000000002,3.5666666666666664,0.73,,684.7344086021504,,,,,5.353078336329502,Rain
2018-08-31,52645.0,青海,野牛沟,38.41666666666666,99.58333333333331,3180.0,2018,8,31,1.1333333333333333,,8.299999999999999,15.266666666666666,3.466666666666667,0.7533333333333333,,684.0344086021505,,,,,5.894614022528324,Rain
2018-09-01,52645.0,青海,野牛沟,38.41666666666666,99.58333333333331,3180.0,2018,9,1,3.6,,7.666666666666667,14.8,3.566666666666667,0.79,,683.8244444444445,,,,,5.6735165938986265,Rain
2018-09-02,52645.0,青海,野牛沟,38.41666666666666,99.58333333333331,3180.0,2018,9,2,3.266666666666666,,7.666666666666667,12.866666666666667,4.3,0.7699999999999999,,683.2911111111111,,,,,5.475567553589138,Rain
2018-09-03,52645.0,青海,野牛沟,38.41666666666666,99.58333333333331,3180.0,2018,9,3,2.466666666666667,,7.833333333333333,14.866666666666667,3.133333333333333,0.7333333333333334,,683.3577777777779,,,,,5.262787999004623,Rain
2018-09-04,52645.0,青海,野牛沟,38.41666666666666,99.58333333333331,3180.0,2018,9,4,6.066666666666666,,6.5,13.133333333333333,1.6666666666666667,0.7333333333333334,,685.3244444444445,,,,,4.046976747806403,Rain
2018-09-05,52645.0,青海,野牛沟,38.41666666666666,99.58333333333331,3180.0,2018,9,5,2.2,,5.566666666666667,12.066666666666668,1.1333333333333333,0.7233333333333333,,686.2244444444445,,,,,3.102189170677341,Rain
2018-09-06,52645.0,青海,野牛沟,38.41666666666666,99.58333333333331,3180.0,2018,9,6,1.5,,5.4,14.933333333333332,-2.1666666666666665,0.6933333333333334,,685.5577777777779,,,,,2.6711289355225754,Rain
2018-09-07,52645.0,青海,野牛沟,38.41666666666666,99.58333333333331,3180.0,2018,9,7,2.1,,5.933333333333333,12.199999999999998,1.1,0.7333333333333334,,684.2244444444445,,,,,3.5270865427003217,Rain
2018-09-08,52645.0,青海,野牛沟,38.41666666666666,99.58333333333331,3180.0,2018,9,8,8.633333333333333,,3.866666666666667,9.366666666666667,0.4666666666666666,0.8533333333333334,,684.9577777777778,,,,,2.66065971441106,Snow
2018-09-09,52645.0,青海,野牛沟,38.41666666666666,99.58333333333331,3180.0,2018,9,9,2.533333333333333,,5.3,11.566666666666668,1.9666666666666668,0.7966666666666667,,686.3577777777779,,,,,3.5258936651984962,Rain
2018-09-10,52645.0,青海,野牛沟,38.41666666666666,99.58333333333331,3180.0,2018,9,10,1.6,,4.5,12.666666666666666,-1.2,0.7200000000000001,,687.2911111111111,,,,,2.1021732660020342,Rain
2018-09-11,52645.0,青海,野牛沟,38.41666666666666,99.58333333333331,3180.0,2018,9,11,2.5,,4.533333333333333,12.4,-1.1333333333333335,0.7366666666666667,,687.1577777777779,,,,,2.280615959122545,Rain
2018-09-12,52645.0,青海,野牛沟,38.41666666666666,99.58333333333331,3180.0,2018,9,12,0.8666666666666667,,5.6000000000000005,12.066666666666668,0.5,0.6900000000000001,,686.8911111111112,,,,,2.8223619846437265,Rain
2018-09-13,52645.0,青海,野牛沟,38.41666666666666,99.58333333333331,3180.0,2018,9,13,0.9,,5.5,13.800000000000002,-0.6,0.7166666666666668,,685.8577777777779,,,,,2.979040623373357,Rain
2018-09-14,52645.0,青海,野牛沟,38.41666666666666,99.58333333333331,3180.0,2018,9,14,1.3666666666666665,,5.866666666666667,15.566666666666668,-1.0,0.68,,685.2577777777778,,,,,2.963961008221312,Rain
2018-09-15,52645.0,青海,野牛沟,38.41666666666666,99.58333333333331,3180.0,2018,9,15,2.5,,6.266666666666666,14.233333333333334,1.480297366166875e-16,0.75,,685.1911111111112,,,,,3.9915054889195245,Rain
2018-09-16,52645.0,青海,野牛沟,38.41666666666666,99.58333333333331,3180.0,2018,9,16,7.333333333333333,,5.400000000000001,11.633333333333333,1.8666666666666665,0.8166666666666668,,685.2911111111111,,,,,3.798358264109125,Rain
2018-09-17,52645.0,青海,野牛沟,38.41666666666666,99.58333333333331,3180.0,2018,9,17,1.0666666666666669,,5.266666666666667,10.933333333333332,1.5,0.7733333333333334,,686.2577777777778,,,,,3.2843343345301745,Rain
2018-09-18,52645.0,青海,野牛沟,38.41666666666666,99.58333333333331,3180.0,2018,9,18,0.1666666666666666,,5.5,11.133333333333333,1.0333333333333334,0.75,,686.8911111111112,,,,,3.288355882030971,Rain
2018-09-19,52645.0,青海,野牛沟,38.41666666666666,99.58333333333331,3180.0,2018,9,19,2.033333333333333,,4.2,10.566666666666666,1.0333333333333334,0.8033333333333333,,686.6244444444445,,,,,2.5532833085115714,Snow
2018-09-20,52645.0,青海,野牛沟,38.41666666666666,99.58333333333331,3180.0,2018,9,20,0.0,,4.2,13.1,-2.033333333333333,0.7133333333333333,,685.3244444444446,,,,,,无
2018-09-21,52645.0,青海,野牛沟,38.41666666666666,99.58333333333331,3180.0,2018,9,21,1.5333333333333332,,2.9,11.133333333333336,-3.1333333333333333,0.7133333333333334,,684.8577777777779,,,,,0.5850142211446885,Snow
2018-09-22,52645.0,青海,野牛沟,38.41666666666666,99.58333333333331,3180.0,2018,9,22,0.2666666666666666,,3.5,12.5,-2.2666666666666666,0.6966666666666667,,685.2244444444445,,,,,0.9875189283208696,Snow
2018-09-23,52645.0,青海,野牛沟,38.41666666666666,99.58333333333331,3180.0,2018,9,23,0.0,,4.2,11.366666666666667,-2.2,0.6933333333333334,,683.7577777777778,,,,,,无
2018-09-24,52645.0,青海,野牛沟,38.41666666666666,99.58333333333331,3180.0,2018,9,24,0.7333333333333334,,3.7,10.333333333333334,-1.9,0.75,,683.1577777777778,,,,,1.6254563699570612,Rain
2018-09-25,52645.0,青海,野牛沟,38.41666666666666,99.58333333333331,3180.0,2018,9,25,2.033333333333333,,3.5,10.699999999999998,-1.5,0.7666666666666666,,682.7577777777778,,,,,1.5822544431938335,Rain
2018-09-26,52645.0,青海,野牛沟,38.41666666666666,99.58333333333331,3180.0,2018,9,26,1.2333333333333334,,2.8666666666666667,11.066666666666668,-1.7666666666666666,0.79,,684.1911111111112,,,,,1.189041352258493,Snow
2018-09-27,52645.0,青海,野牛沟,38.41666666666666,99.58333333333331,3180.0,2018,9,27,1.9,,3.3666666666666667,10.133333333333333,-0.5333333333333333,0.77,,685.0577777777779,,,,,1.489774657980667,Rain
2018-09-28,52645.0,青海,野牛沟,38.41666666666666,99.58333333333331,3180.0,2018,9,28,0.4333333333333333,,3.4,11.166666666666666,-2.5666666666666664,0.7199999999999999,,684.8577777777779,,,,,1.096420212911391,Snow
2018-09-29,52645.0,青海,野牛沟,38.41666666666666,99.58333333333331,3180.0,2018,9,29,0.0999999999999999,,4.466666666666667,14.3,-3.7,0.66,,684.9244444444445,,,,,1.5286398470355111,Rain
2018-09-30,52645.0,青海,野牛沟,38.41666666666666,99.58333333333331,3180.0,2018,9,30,0.0,,4.2,13.8,-1.866666666666667,0.6166666666666666,,686.0577777777779,,,,,,无
2018-10-01,52645.0,青海,野牛沟,38.41666666666666,99.58333333333331,3180.0,2018,10,1,0.0,,2.733333333333333,13.733333333333334,-5.2,0.5966666666666667,,686.1505376344086,,,,,,无
2018-10-02,52645.0,青海,野牛沟,38.41666666666666,99.58333333333331,3180.0,2018,10,2,1.2333333333333334,,2.3,12.3,-4.7,0.63,,684.583870967742,,,,,-0.6492018127537191,Snow
2018-10-03,52645.0,青海,野牛沟,38.41666666666666,99.58333333333331,3180.0,2018,10,3,0.1999999999999999,,3.1666666666666665,12.833333333333334,-2.6333333333333333,0.6366666666666666,,683.483870967742,,,,,0.16829387406020135,Snow
2018-10-04,52645.0,青海,野牛沟,38.41666666666666,99.58333333333331,3180.0,2018,10,4,0.9333333333333332,,2.5666666666666664,11.933333333333332,-4.7,0.5666666666666665,,685.2505376344087,,,,,-0.9518410178331171,Snow
2018-10-05,52645.0,青海,野牛沟,38.41666666666666,99.58333333333331,3180.0,2018,10,5,0.3333333333333333,,1.4,14.1,-6.633333333333333,0.6166666666666667,,684.083870967742,,,,,-1.5499889002191969,Snow
2018-10-06,52645.0,青海,野牛沟,38.41666666666666,99.58333333333331,3180.0,2018,10,6,0.0999999999999999,,2.833333333333333,11.966666666666669,-4.2,0.6066666666666667,,683.7172043010754,,,,,-0.3819838232340844,Snow
2018-10-07,52645.0,青海,野牛沟,38.41666666666666,99.58333333333331,3180.0,2018,10,7,0.0,,1.0333333333333334,11.6,-6.7,0.6233333333333333,,684.783870967742,,,,,,无
2018-10-08,52645.0,青海,野牛沟,38.41666666666666,99.58333333333331,3180.0,2018,10,8,1.2666666666666666,,-0.1333333333333333,9.166666666666666,-6.699999999999999,0.6266666666666666,,684.983870967742,,,,,-2.818832743450721,Snow
2018-10-09,52645.0,青海,野牛沟,38.41666666666666,99.58333333333331,3180.0,2018,10,9,1.1666666666666667,,-1.3,6.800000000000001,-7.133333333333333,0.63,,684.1838709677419,,,,,-3.8276580121583814,Snow
2018-10-10,52645.0,青海,野牛沟,38.41666666666666,99.58333333333331,3180.0,2018,10,10,0.0,,-1.3,8.999999999999998,-8.633333333333333,0.59,,684.3172043010753,,,,,,无
2018-10-11,52645.0,青海,野牛沟,38.41666666666666,99.58333333333331,3180.0,2018,10,11,0.7999999999999999,,-0.4333333333333333,7.899999999999999,-6.366666666666667,0.6633333333333334,,684.6505376344086,,,,,-2.81477996038896,Snow
2018-10-12,52645.0,青海,野牛沟,38.41666666666666,99.58333333333331,3180.0,2018,10,12,1.8,,-1.633333333333333,8.433333333333334,-7.833333333333333,0.6633333333333332,,684.7505376344087,,,,,-3.890350104628175,Snow
2018-10-13,52645.0,青海,野牛沟,38.41666666666666,99.58333333333331,3180.0,2018,10,13,0.0,,-0.8333333333333334,9.8,-8.866666666666665,0.55,,684.3172043010753,,,,,,无
2018-10-14,52645.0,青海,野牛沟,38.41666666666666,99.58333333333331,3180.0,2018,10,14,0.0,,-0.4333333333333333,10.833333333333334,-8.466666666666667,0.5766666666666667,,683.9505376344086,,,,,,无
2018-10-15,52645.0,青海,野牛沟,38.41666666666666,99.58333333333331,3180.0,2018,10,15,0.0,,1.0333333333333334,12.1,-7.0,0.5566666666666666,,684.2172043010754,,,,,,无
2018-10-16,52645.0,青海,野牛沟,38.41666666666666,99.58333333333331,3180.0,2018,10,16,0.0,,1.5666666666666669,9.466666666666669,-4.2,0.63,,685.1172043010753,,,,,,无
2018-10-17,52645.0,青海,野牛沟,38.41666666666666,99.58333333333331,3180.0,2018,10,17,0.5,,0.8333333333333334,10.533333333333331,-6.033333333333334,0.6233333333333334,,684.9172043010753,,,,,-1.9927752082006878,Snow
2018-10-18,52645.0,青海,野牛沟,38.41666666666666,99.58333333333331,3180.0,2018,10,18,0.0,,0.3666666666666667,10.466666666666669,-7.366666666666666,0.5666666666666667,,684.483870967742,,,,,,无
2018-10-19,52645.0,青海,野牛沟,38.41666666666666,99.58333333333331,3180.0,2018,10,19,0.0,,0.6666666666666666,12.266666666666666,-8.633333333333335,0.52,,682.483870967742,,,,,,无
2018-10-20,52645.0,青海,野牛沟,38.41666666666666,99.58333333333331,3180.0,2018,10,20,1.0,,-0.3,12.166666666666666,-8.266666666666667,0.6066666666666666,,680.4505376344086,,,,,-3.12507050092083,Snow
2018-10-21,52645.0,青海,野牛沟,38.41666666666666,99.58333333333331,3180.0,2018,10,21,1.7333333333333334,,-1.6666666666666667,4.033333333333333,-5.766666666666667,0.7666666666666666,,681.9172043010753,,,,,-3.2166855083529944,Snow
2018-10-22,52645.0,青海,野牛沟,38.41666666666666,99.58333333333331,3180.0,2018,10,22,0.9,,-1.0666666666666669,5.566666666666666,-5.566666666666666,0.7366666666666667,,682.5172043010753,,,,,-2.8676544363961787,Snow
2018-10-23,52645.0,青海,野牛沟,38.41666666666666,99.58333333333331,3180.0,2018,10,23,0.0,,-2.1333333333333333,7.1000000000000005,-9.9,0.6466666666666666,,681.783870967742,,,,,,无
2018-10-24,52645.0,青海,野牛沟,38.41666666666666,99.58333333333331,3180.0,2018,10,24,0.9333333333333332,,-1.3,4.5,-4.8,0.7966666666666667,,681.2172043010752,,,,,-2.6696219157832113,Snow
2018-10-25,52645.0,青海,野牛沟,38.41666666666666,99.58333333333331,3180.0,2018,10,25,1.4666666666666668,,-2.833333333333333,3.4666666666666663,-7.033333333333334,0.7433333333333335,,681.083870967742,,,,,-4.454695645408981,Snow
2018-10-26,52645.0,青海,野牛沟,38.41666666666666,99.58333333333331,3180.0,2018,10,26,0.3999999999999999,,-4.8,5.5,-12.133333333333333,0.6333333333333333,,682.583870967742,,,,,-6.9232101032497395,Snow
2018-10-27,52645.0,青海,野牛沟,38.41666666666666,99.58333333333331,3180.0,2018,10,27,0.6666666666666666,,-3.866666666666666,5.0,-9.933333333333332,0.6166666666666667,,682.983870967742,,,,,-6.193159046389458,Snow
2018-10-28,52645.0,青海,野牛沟,38.41666666666666,99.58333333333331,3180.0,2018,10,28,0.0,,-5.2,4.066666666666666,-11.8,0.6066666666666666,,682.7172043010754,,,,,,无
2018-10-29,52645.0,青海,野牛沟,38.41666666666666,99.58333333333331,3180.0,2018,10,29,0.0,,-5.033333333333334,3.533333333333333,-12.1,0.5366666666666667,,682.8172043010753,,,,,,无
2018-10-30,52645.0,青海,野牛沟,38.41666666666666,99.58333333333331,3180.0,2018,10,30,0.6,,-5.066666666666666,2.1333333333333333,-11.6,0.6,,683.2505376344087,,,,,-7.356421681304339,Snow
2018-10-31,52645.0,青海,野牛沟,38.41666666666666,99.58333333333331,3180.0,2018,10,31,0.0999999999999999,,-7.8,2.1666666666666665,-15.966666666666669,0.5633333333333334,,686.083870967742,,,,,-9.964730600685478,Snow
2018-11-01,52645.0,青海,野牛沟,38.41666666666666,99.58333333333331,3180.0,2018,11,1,0.0,,-6.266666666666667,4.766666666666667,-13.666666666666666,0.5833333333333334,,685.4466666666667,,,,,,无
2018-11-02,52645.0,青海,野牛沟,38.41666666666666,99.58333333333331,3180.0,2018,11,2,0.0,,-5.066666666666666,6.566666666666667,-12.866666666666667,0.5966666666666667,,683.7133333333335,,,,,,无
2018-11-03,52645.0,青海,野牛沟,38.41666666666666,99.58333333333331,3180.0,2018,11,3,0.0,,-4.4,6.266666666666666,-12.0,0.5866666666666668,,682.6466666666666,,,,,,无
2018-11-04,52645.0,青海,野牛沟,38.41666666666666,99.58333333333331,3180.0,2018,11,4,0.0,,-5.133333333333333,4.833333333333333,-11.5,0.6366666666666667,,680.9133333333334,,,,,,无
2018-11-05,52645.0,青海,野牛沟,38.41666666666666,99.58333333333331,3180.0,2018,11,5,0.7999999999999999,,-4.8,5.966666666666666,-11.766666666666666,0.6233333333333334,,678.98,,,,,-6.989877428268305,Snow
2018-11-06,52645.0,青海,野牛沟,38.41666666666666,99.58333333333331,3180.0,2018,11,6,0.4666666666666666,,-4.166666666666667,1.933333333333333,-8.266666666666667,0.68,,680.5133333333334,,,,,-6.074994565656859,Snow
2018-11-07,52645.0,青海,野牛沟,38.41666666666666,99.58333333333331,3180.0,2018,11,7,0.5,,-8.299999999999999,-0.9666666666666668,-14.766666666666666,0.6666666666666666,,683.6466666666666,,,,,-9.9022884807164,Snow
2018-11-08,52645.0,青海,野牛沟,38.41666666666666,99.58333333333331,3180.0,2018,11,8,0.0,,-8.933333333333334,1.4333333333333331,-17.099999999999998,0.5966666666666667,,683.8800000000001,,,,,,无
2018-11-09,52645.0,青海,野牛沟,38.41666666666666,99.58333333333331,3180.0,2018,11,9,0.0,,-7.566666666666667,1.9,-14.7,0.5733333333333333,,682.9466666666667,,,,,,无
2018-11-10,52645.0,青海,野牛沟,38.41666666666666,99.58333333333331,3180.0,2018,11,10,0.0,,-6.9,3.733333333333333,-15.300000000000002,0.5166666666666667,,681.8800000000001,,,,,,无
2018-11-11,52645.0,青海,野牛沟,38.41666666666666,99.58333333333331,3180.0,2018,11,11,0.0,,-7.766666666666666,3.3666666666666667,-15.766666666666667,0.5233333333333333,,680.9133333333334,,,,,,无
2018-11-12,52645.0,青海,野牛沟,38.41666666666666,99.58333333333331,3180.0,2018,11,12,0.0,,-8.299999999999999,2.6666666666666665,-16.033333333333335,0.5166666666666666,,681.3133333333334,,,,,,无
2018-11-13,52645.0,青海,野牛沟,38.41666666666666,99.58333333333331,3180.0,2018,11,13,0.0,,-7.766666666666667,4.833333333333333,-16.633333333333333,0.4833333333333333,,680.6800000000002,,,,,,无
2018-11-14,52645.0,青海,野牛沟,38.41666666666666,99.58333333333331,3180.0,2018,11,14,0.0,,-7.599999999999999,4.500000000000001,-16.03333333333333,0.48,,680.9466666666667,,,,,,无
2018-11-15,52645.0,青海,野牛沟,38.41666666666666,99.58333333333331,3180.0,2018,11,15,0.0,,-7.899999999999999,3.2999999999999994,-16.333333333333332,0.4866666666666666,,680.2133333333335,,,,,,无
2018-11-16,52645.0,青海,野牛沟,38.41666666666666,99.58333333333331,3180.0,2018,11,16,0.0,,-8.266666666666667,4.166666666666667,-17.033333333333335,0.5066666666666667,,680.2466666666668,,,,,,无
2018-11-17,52645.0,青海,野牛沟,38.41666666666666,99.58333333333331,3180.0,2018,11,17,0.0,,-5.933333333333334,3.3666666666666667,-13.833333333333334,0.4633333333333333,,680.2133333333335,,,,,,无
2018-11-18,52645.0,青海,野牛沟,38.41666666666666,99.58333333333331,3180.0,2018,11,18,0.0,,-5.033333333333333,3.4666666666666663,-12.333333333333334,0.4066666666666667,,678.8800000000001,,,,,,无
2018-11-19,52645.0,青海,野牛沟,38.41666666666666,99.58333333333331,3180.0,2018,11,19,0.0,,-5.866666666666667,1.7333333333333334,-13.466666666666669,0.4366666666666667,,679.7800000000001,,,,,,无
2018-11-20,52645.0,青海,野牛沟,38.41666666666666,99.58333333333331,3180.0,2018,11,20,0.0,,-6.3,3.433333333333333,-14.4,0.4466666666666667,,679.8466666666668,,,,,,无
2018-11-21,52645.0,青海,野牛沟,38.41666666666666,99.58333333333331,3180.0,2018,11,21,0.0,,-8.666666666666666,2.566666666666667,-16.8,0.53,,679.7800000000001,,,,,,无
2018-11-22,52645.0,青海,野牛沟,38.41666666666666,99.58333333333331,3180.0,2018,11,22,0.1999999999999999,,-10.066666666666666,-0.0666666666666667,-18.23333333333333,0.5533333333333333,,681.0133333333333,,,,,-12.027038796729833,Snow
2018-11-23,52645.0,青海,野牛沟,38.41666666666666,99.58333333333331,3180.0,2018,11,23,0.6666666666666666,,-11.333333333333334,-2.7999999999999994,-17.466666666666665,0.58,,681.2800000000001,,,,,-13.042172597019345,Snow
2018-11-24,52645.0,青海,野牛沟,38.41666666666666,99.58333333333331,3180.0,2018,11,24,0.0,,-12.5,-1.8,-19.83333333333333,0.5499999999999999,,681.18,,,,,,无
2018-11-25,52645.0,青海,野牛沟,38.41666666666666,99.58333333333331,3180.0,2018,11,25,0.0999999999999999,,-11.533333333333331,-2.2666666666666666,-18.2,0.4833333333333333,,682.0466666666667,,,,,-13.617026416396932,Snow
2018-11-26,52645.0,青海,野牛沟,38.41666666666666,99.58333333333331,3180.0,2018,11,26,0.0,,-13.166666666666666,-1.3666666666666665,-21.866666666666664,0.4766666666666667,,681.7800000000001,,,,,,无
2018-11-27,52645.0,青海,野牛沟,38.41666666666666,99.58333333333331,3180.0,2018,11,27,0.0,,-12.566666666666668,0.0666666666666666,-20.9,0.4833333333333334,,681.1133333333333,,,,,,无
2018-11-28,52645.0,青海,野牛沟,38.41666666666666,99.58333333333331,3180.0,2018,11,28,0.0999999999999999,,-11.933333333333335,-1.1,-20.26666666666667,0.5133333333333333,,681.7466666666668,,,,,-13.847458422989728,Snow
2018-11-29,52645.0,青海,野牛沟,38.41666666666666,99.58333333333331,3180.0,2018,11,29,0.0333333333333333,,-13.1,-1.6666666666666667,-22.066666666666663,0.5,,682.9466666666667,,,,,-14.928765280998185,Snow
2018-11-30,52645.0,青海,野牛沟,38.41666666666666,99.58333333333331,3180.0,2018,11,30,0.0,,-13.433333333333332,-2.0,-22.33333333333333,0.51,,682.6133333333333,,,,,,无
2018-12-01,52645.0,青海,野牛沟,38.41666666666666,99.58333333333331,3180.0,2018,12,1,0.0,,-13.800000000000002,-3.1666666666666665,-21.2,0.4933333333333333,,681.8279569892474,,,,,,无
2018-12-02,52645.0,青海,野牛沟,38.41666666666666,99.58333333333331,3180.0,2018,12,2,0.0,,-13.0,-1.4666666666666668,-22.166666666666668,0.45,,682.4279569892473,,,,,,无
2018-12-03,52645.0,青海,野牛沟,38.41666666666666,99.58333333333331,3180.0,2018,12,3,0.0,,-13.333333333333334,-1.9,-21.5,0.4766666666666667,,682.1612903225807,,,,,,无
2018-12-04,52645.0,青海,野牛沟,38.41666666666666,99.58333333333331,3180.0,2018,12,4,0.0,,-12.766666666666666,-0.6333333333333333,-21.166666666666664,0.4666666666666666,,680.7279569892473,,,,,,无
2018-12-05,52645.0,青海,野牛沟,38.41666666666666,99.58333333333331,3180.0,2018,12,5,0.0,,-11.866666666666667,0.1999999999999999,-20.0,0.4733333333333333,,682.3612903225807,,,,,,无
2018-12-06,52645.0,青海,野牛沟,38.41666666666666,99.58333333333331,3180.0,2018,12,6,0.0,,-11.366666666666667,1.6,-19.53333333333333,0.49,,682.2946236559139,,,,,,无
2018-12-07,52645.0,青海,野牛沟,38.41666666666666,99.58333333333331,3180.0,2018,12,7,0.0,,-11.566666666666668,1.4666666666666666,-20.766666666666666,0.4833333333333333,,682.2612903225806,,,,,,无
2018-12-08,52645.0,青海,野牛沟,38.41666666666666,99.58333333333331,3180.0,2018,12,8,0.0,,-9.166666666666668,2.5,-18.433333333333334,0.4433333333333333,,680.1279569892473,,,,,,无
2018-12-09,52645.0,青海,野牛沟,38.41666666666666,99.58333333333331,3180.0,2018,12,9,0.0,,-10.0,2.833333333333333,-18.6,0.43,,679.794623655914,,,,,,无
2018-12-10,52645.0,青海,野牛沟,38.41666666666666,99.58333333333331,3180.0,2018,12,10,0.0,,-10.833333333333334,1.933333333333333,-18.96666666666667,0.5166666666666666,,678.6279569892473,,,,,,无
2018-12-11,52645.0,青海,野牛沟,38.41666666666666,99.58333333333331,3180.0,2018,12,11,0.0,,-10.133333333333333,2.9,-19.266666666666666,0.4866666666666666,,676.6612903225806,,,,,,无
2018-12-12,52645.0,青海,野牛沟,38.41666666666666,99.58333333333331,3180.0,2018,12,12,0.0,,-10.1,0.2333333333333332,-16.933333333333334,0.5033333333333333,,677.6279569892473,,,,,,无
2018-12-13,52645.0,青海,野牛沟,38.41666666666666,99.58333333333331,3180.0,2018,12,13,0.1333333333333333,,-12.233333333333334,-3.233333333333334,-18.633333333333333,0.5366666666666667,,679.8279569892474,,,,,-14.024758420550135,Snow
2018-12-14,52645.0,青海,野牛沟,38.41666666666666,99.58333333333331,3180.0,2018,12,14,0.0,,-15.766666666666666,-5.166666666666667,-23.2,0.56,,681.9612903225807,,,,,,无
2018-12-15,52645.0,青海,野牛沟,38.41666666666666,99.58333333333331,3180.0,2018,12,15,0.0,,-16.1,-5.366666666666667,-23.433333333333334,0.5633333333333334,,682.8946236559141,,,,,,无
2018-12-16,52645.0,青海,野牛沟,38.41666666666666,99.58333333333331,3180.0,2018,12,16,0.0,,-17.166666666666668,-5.466666666666666,-24.433333333333334,0.56,,681.0279569892474,,,,,,无
2018-12-17,52645.0,青海,野牛沟,38.41666666666666,99.58333333333331,3180.0,2018,12,17,0.0,,-16.233333333333334,-4.366666666666666,-25.066666666666663,0.48,,679.5279569892474,,,,,,无
2018-12-18,52645.0,青海,野牛沟,38.41666666666666,99.58333333333331,3180.0,2018,12,18,0.0,,-16.03333333333333,-4.9,-23.899999999999995,0.5133333333333333,,679.5279569892474,,,,,,无
2018-12-19,52645.0,青海,野牛沟,38.41666666666666,99.58333333333331,3180.0,2018,12,19,0.0,,-16.566666666666666,-3.5333333333333337,-24.566666666666663,0.4933333333333333,,679.0279569892474,,,,,,无
2018-12-20,52645.0,青海,野牛沟,38.41666666666666,99.58333333333331,3180.0,2018,12,20,0.0,,-16.266666666666666,-2.333333333333333,-25.133333333333336,0.4499999999999999,,677.9612903225807,,,,,,无
2018-12-21,52645.0,青海,野牛沟,38.41666666666666,99.58333333333331,3180.0,2018,12,21,0.0,,-13.8,-2.233333333333333,-22.2,0.4599999999999999,,679.5612903225807,,,,,,无
2018-12-22,52645.0,青海,野牛沟,38.41666666666666,99.58333333333331,3180.0,2018,12,22,0.0,,-13.166666666666666,-1.1666666666666667,-22.433333333333337,0.4466666666666667,,679.1279569892473,,,,,,无
2018-12-23,52645.0,青海,野牛沟,38.41666666666666,99.58333333333331,3180.0,2018,12,23,0.0,,-13.866666666666667,-3.7,-20.53333333333333,0.4433333333333333,,678.594623655914,,,,,,无
2018-12-24,52645.0,青海,野牛沟,38.41666666666666,99.58333333333331,3180.0,2018,12,24,0.0,,-15.733333333333334,-3.9666666666666672,-24.433333333333334,0.4333333333333333,,679.0612903225807,,,,,,无
2018-12-25,52645.0,青海,野牛沟,38.41666666666666,99.58333333333331,3180.0,2018,12,25,0.0333333333333333,,-15.766666666666666,-4.733333333333333,-23.566666666666663,0.4733333333333333,,680.0279569892474,,,,,-17.3952945978221,Snow
2018-12-26,52645.0,青海,野牛沟,38.41666666666666,99.58333333333331,3180.0,2018,12,26,0.0666666666666666,,-17.333333333333332,-3.6,-26.166666666666668,0.43,,680.7612903225806,,,,,-18.918948142155642,Snow
2018-12-27,52645.0,青海,野牛沟,38.41666666666666,99.58333333333331,3180.0,2018,12,27,0.0,,-17.433333333333334,-2.766666666666666,-26.83333333333333,0.3966666666666667,,681.1612903225806,,,,,,无
2018-12-28,52645.0,青海,野牛沟,38.41666666666666,99.58333333333331,3180.0,2018,12,28,0.2333333333333333,,-15.433333333333332,-3.6,-23.26666666666667,0.5166666666666667,,681.7279569892473,,,,,-16.956627866980106,Snow
2018-12-29,52645.0,青海,野牛沟,38.41666666666666,99.58333333333331,3180.0,2018,12,29,0.1333333333333333,,-16.400000000000002,-5.6000000000000005,-24.166666666666668,0.5633333333333334,,681.7279569892473,,,,,-17.68901877928552,Snow
2018-12-30,52645.0,青海,野牛沟,38.41666666666666,99.58333333333331,3180.0,2018,12,30,0.0,,-17.666666666666668,-4.233333333333333,-26.633333333333336,0.4599999999999999,,681.5279569892474,,,,,,无
2018-12-31,52645.0,青海,野牛沟,38.41666666666666,99.58333333333331,3180.0,2018,12,31,0.0,,-16.333333333333332,-2.0,-25.7,0.45,,681.094623655914,,,,,,无
2019-01-01,52645.0,青海,野牛沟,38.41666666666666,99.58333333333331,3180.0,2019,1,1,0.0,,-15.633333333333333,-2.5,-24.899999999999995,0.4466666666666667,,681.4666666666667,,,,,,无
2019-01-02,52645.0,青海,野牛沟,38.41666666666666,99.58333333333331,3180.0,2019,1,2,0.0,,-14.433333333333332,-2.1666666666666665,-23.73333333333333,0.45,,680.9333333333333,,,,,,无
2019-01-03,52645.0,青海,野牛沟,38.41666666666666,99.58333333333331,3180.0,2019,1,3,0.0,,-13.666666666666666,-2.5,-23.53333333333333,0.47,,678.6999999999999,,,,,,无
2019-01-04,52645.0,青海,野牛沟,38.41666666666666,99.58333333333331,3180.0,2019,1,4,0.0,,-12.766666666666666,-1.4,-20.933333333333334,0.5733333333333334,,676.4333333333333,,,,,,无
2019-01-05,52645.0,青海,野牛沟,38.41666666666666,99.58333333333331,3180.0,2019,1,5,0.0,,-14.1,-2.3,-21.933333333333334,0.5566666666666666,,676.8666666666667,,,,,,无
2019-01-06,52645.0,青海,野牛沟,38.41666666666666,99.58333333333331,3180.0,2019,1,6,0.0999999999999999,,-14.800000000000002,-5.066666666666666,-22.33333333333333,0.57,,677.8333333333334,,,,,-16.2164528602341,Snow
2019-01-07,52645.0,青海,野牛沟,38.41666666666666,99.58333333333331,3180.0,2019,1,7,0.0,,-16.566666666666666,-4.466666666666667,-24.600000000000005,0.5266666666666667,,678.8666666666667,,,,,,无
2019-01-08,52645.0,青海,野牛沟,38.41666666666666,99.58333333333331,3180.0,2019,1,8,0.0,,-18.466666666666665,-6.333333333333333,-27.03333333333333,0.51,,678.7333333333333,,,,,,无
2019-01-09,52645.0,青海,野牛沟,38.41666666666666,99.58333333333331,3180.0,2019,1,9,0.0,,-17.96666666666667,-6.633333333333333,-26.266666666666666,0.5333333333333333,,678.1,,,,,,无
2019-01-10,52645.0,青海,野牛沟,38.41666666666666,99.58333333333331,3180.0,2019,1,10,0.0999999999999999,,-18.46666666666667,-9.266666666666666,-25.6,0.5599999999999999,,678.9666666666667,,,,,-19.597320041191985,Snow
2019-01-11,52645.0,青海,野牛沟,38.41666666666666,99.58333333333331,3180.0,2019,1,11,0.4333333333333333,,-19.33333333333333,-9.733333333333333,-26.566666666666663,0.6466666666666666,,678.7666666666667,,,,,-20.18614706490647,Snow
2019-01-12,52645.0,青海,野牛沟,38.41666666666666,99.58333333333331,3180.0,2019,1,12,0.0,,-21.066666666666663,-9.966666666666669,-29.066666666666663,0.61,,678.7666666666668,,,,,,无
2019-01-13,52645.0,青海,野牛沟,38.41666666666666,99.58333333333331,3180.0,2019,1,13,0.0,,-19.73333333333333,-6.333333333333333,-27.666666666666668,0.5633333333333334,,677.0,,,,,,无
2019-01-14,52645.0,青海,野牛沟,38.41666666666666,99.58333333333331,3180.0,2019,1,14,0.0,,-19.166666666666668,-7.766666666666667,-28.6,0.52,,677.1666666666666,,,,,,无
2019-01-15,52645.0,青海,野牛沟,38.41666666666666,99.58333333333331,3180.0,2019,1,15,0.0,,-17.9,-6.233333333333333,-26.433333333333334,0.5299999999999999,,676.3000000000001,,,,,,无
2019-01-16,52645.0,青海,野牛沟,38.41666666666666,99.58333333333331,3180.0,2019,1,16,0.0,,-18.63333333333333,-7.399999999999999,-27.866666666666664,0.4866666666666666,,676.6,,,,,,无
2019-01-17,52645.0,青海,野牛沟,38.41666666666666,99.58333333333331,3180.0,2019,1,17,0.9,,-15.866666666666667,-7.733333333333333,-22.03333333333333,0.5333333333333333,,675.9666666666666,,,,,-17.304614556786817,Snow
2019-01-18,52645.0,青海,野牛沟,38.41666666666666,99.58333333333331,3180.0,2019,1,18,0.0,,-19.166666666666668,-7.533333333333334,-27.866666666666664,0.4866666666666666,,677.9000000000001,,,,,,无
2019-01-19,52645.0,青海,野牛沟,38.41666666666666,99.58333333333331,3180.0,2019,1,19,0.1666666666666666,,-19.23333333333333,-8.5,-27.5,0.5266666666666667,,677.5666666666667,,,,,-20.38795774034793,Snow
2019-01-20,52645.0,青海,野牛沟,38.41666666666666,99.58333333333331,3180.0,2019,1,20,0.2333333333333333,,-17.566666666666666,-6.933333333333334,-24.0,0.5233333333333333,,678.4666666666667,,,,,-18.8724154860745,Snow
2019-01-21,52645.0,青海,野牛沟,38.41666666666666,99.58333333333331,3180.0,2019,1,21,0.0,,-18.53333333333333,-7.133333333333334,-26.8,0.5166666666666667,,678.1666666666666,,,,,,无
2019-01-22,52645.0,青海,野牛沟,38.41666666666666,99.58333333333331,3180.0,2019,1,22,0.1333333333333333,,-18.866666666666667,-7.866666666666666,-26.166666666666668,0.4866666666666666,,679.8333333333333,,,,,-20.149423147121908,Snow
2019-01-23,52645.0,青海,野牛沟,38.41666666666666,99.58333333333331,3180.0,2019,1,23,0.0,,-18.33333333333333,-7.0,-26.3,0.5033333333333333,,678.6666666666667,,,,,,无
2019-01-24,52645.0,青海,野牛沟,38.41666666666666,99.58333333333331,3180.0,2019,1,24,0.0,,-17.53333333333333,-4.8,-26.26666666666667,0.52,,680.1,,,,,,无
2019-01-25,52645.0,青海,野牛沟,38.41666666666666,99.58333333333331,3180.0,2019,1,25,0.0,,-16.633333333333336,-3.8333333333333335,-26.166666666666668,0.4866666666666666,,678.5,,,,,,无
2019-01-26,52645.0,青海,野牛沟,38.41666666666666,99.58333333333331,3180.0,2019,1,26,0.0,,-15.633333333333333,-4.066666666666666,-23.6,0.48,,677.0333333333333,,,,,,无
2019-01-27,52645.0,青海,野牛沟,38.41666666666666,99.58333333333331,3180.0,2019,1,27,0.0,,-12.166666666666666,-0.9666666666666665,-21.366666666666664,0.4633333333333333,,673.0333333333333,,,,,,无
2019-01-28,52645.0,青海,野牛沟,38.41666666666666,99.58333333333331,3180.0,2019,1,28,0.0,,-12.766666666666666,-2.4666666666666672,-19.9,0.5299999999999999,,673.1999999999999,,,,,,无
2019-01-29,52645.0,青海,野牛沟,38.41666666666666,99.58333333333331,3180.0,2019,1,29,1.1,,-15.966666666666669,-7.266666666666667,-23.1,0.6566666666666666,,675.6666666666666,,,,,-17.01464123099845,Snow
2019-01-30,52645.0,青海,野牛沟,38.41666666666666,99.58333333333331,3180.0,2019,1,30,0.0,,-16.366666666666667,-7.133333333333333,-24.066666666666663,0.6066666666666667,,675.4333333333333,,,,,,无
2019-01-31,52645.0,青海,野牛沟,38.41666666666666,99.58333333333331,3180.0,2019,1,31,0.0,,-14.9,-5.2,-21.266666666666666,0.5833333333333334,,676.7666666666668,,,,,,无
2019-02-01,52645.0,青海,野牛沟,38.41666666666666,99.58333333333331,3180.0,2019,2,1,0.0,,-14.833333333333334,-4.633333333333334,-24.3,0.5233333333333333,,677.0333333333334,,,,,,无
2019-02-02,52645.0,青海,野牛沟,38.41666666666666,99.58333333333331,3180.0,2019,2,2,0.0999999999999999,,-15.533333333333331,-3.9333333333333336,-25.133333333333336,0.5166666666666667,,677.2333333333335,,,,,-17.054305864255376,Snow
2019-02-03,52645.0,青海,野牛沟,38.41666666666666,99.58333333333331,3180.0,2019,2,3,0.0,,-13.7,-3.1,-23.03333333333333,0.51,,678.0333333333333,,,,,,无
2019-02-04,52645.0,青海,野牛沟,38.41666666666666,99.58333333333331,3180.0,2019,2,4,0.0,,-14.0,-3.0333333333333337,-22.96666666666667,0.5266666666666667,,678.1333333333333,,,,,,无
2019-02-05,52645.0,青海,野牛沟,38.41666666666666,99.58333333333331,3180.0,2019,2,5,0.0,,-13.866666666666667,-2.5,-22.399999999999995,0.53,,678.9,,,,,,无
2019-02-06,52645.0,青海,野牛沟,38.41666666666666,99.58333333333331,3180.0,2019,2,6,0.0666666666666666,,-11.633333333333333,-4.333333333333333,-16.366666666666664,0.51,,677.7666666666667,,,,,-13.604376972736599,Snow
2019-02-07,52645.0,青海,野牛沟,38.41666666666666,99.58333333333331,3180.0,2019,2,7,0.0,,-15.466666666666669,-5.266666666666667,-23.866666666666664,0.51,,680.6,,,,,,无
2019-02-08,52645.0,青海,野牛沟,38.41666666666666,99.58333333333331,3180.0,2019,2,8,0.1666666666666666,,-15.233333333333334,-3.0666666666666664,-25.366666666666664,0.4966666666666666,,679.1666666666666,,,,,-16.846143836062446,Snow
2019-02-09,52645.0,青海,野牛沟,38.41666666666666,99.58333333333331,3180.0,2019,2,9,0.0,,-15.033333333333331,-1.2666666666666666,-25.100000000000005,0.4566666666666667,,677.9333333333334,,,,,,无
2019-02-10,52645.0,青海,野牛沟,38.41666666666666,99.58333333333331,3180.0,2019,2,10,0.0,,-13.5,-1.5666666666666664,-23.03333333333333,0.4566666666666667,,677.1,,,,,,无
2019-02-11,52645.0,青海,野牛沟,38.41666666666666,99.58333333333331,3180.0,2019,2,11,0.0,,-13.166666666666666,0.1333333333333333,-23.566666666666663,0.41,,676.6333333333333,,,,,,无
2019-02-12,52645.0,青海,野牛沟,38.41666666666666,99.58333333333331,3180.0,2019,2,12,0.0,,-13.566666666666668,-0.3333333333333333,-21.666666666666668,0.51,,677.1999999999999,,,,,,无
2019-02-13,52645.0,青海,野牛沟,38.41666666666666,99.58333333333331,3180.0,2019,2,13,0.1999999999999999,,-13.566666666666668,-3.033333333333333,-20.766666666666666,0.5100000000000001,,678.1666666666666,,,,,-15.315603496874385,Snow
2019-02-14,52645.0,青海,野牛沟,38.41666666666666,99.58333333333331,3180.0,2019,2,14,0.0,,-15.4,-3.433333333333333,-25.166666666666668,0.4933333333333333,,679.1999999999999,,,,,,无
2019-02-15,52645.0,青海,野牛沟,38.41666666666666,99.58333333333331,3180.0,2019,2,15,0.0,,-14.066666666666668,-1.6333333333333335,-24.133333333333336,0.4333333333333333,,679.6,,,,,,无
2019-02-16,52645.0,青海,野牛沟,38.41666666666666,99.58333333333331,3180.0,2019,2,16,0.0,,-13.266666666666666,-1.866666666666667,-23.266666666666666,0.4266666666666667,,678.7666666666668,,,,,,无
2019-02-17,52645.0,青海,野牛沟,38.41666666666666,99.58333333333331,3180.0,2019,2,17,0.0,,-10.733333333333334,1.5666666666666669,-21.0,0.43,,678.6999999999999,,,,,,无
2019-02-18,52645.0,青海,野牛沟,38.41666666666666,99.58333333333331,3180.0,2019,2,18,0.0,,-9.066666666666666,2.733333333333334,-19.0,0.3866666666666667,,677.3333333333334,,,,,,无
2019-02-19,52645.0,青海,野牛沟,38.41666666666666,99.58333333333331,3180.0,2019,2,19,0.0,,-9.7,2.6666666666666665,-20.53333333333333,0.39,,676.6333333333333,,,,,,无
2019-02-20,52645.0,青海,野牛沟,38.41666666666666,99.58333333333331,3180.0,2019,2,20,0.1666666666666666,,-8.666666666666666,1.1,-18.166666666666664,0.45,,674.1,,,,,-11.313199956095609,Snow
2019-02-21,52645.0,青海,野牛沟,38.41666666666666,99.58333333333331,3180.0,2019,2,21,0.9666666666666668,,-11.433333333333335,-2.833333333333333,-18.866666666666664,0.4933333333333333,,676.0666666666667,,,,,-13.501174170992925,Snow
2019-02-22,52645.0,青海,野牛沟,38.41666666666666,99.58333333333331,3180.0,2019,2,22,0.0999999999999999,,-11.6,-2.8666666666666667,-18.33333333333333,0.5366666666666666,,677.0666666666667,,,,,-13.466872868768181,Snow
2019-02-23,52645.0,青海,野牛沟,38.41666666666666,99.58333333333331,3180.0,2019,2,23,0.0,,-12.4,-2.9,-21.166666666666668,0.57,,678.8,,,,,,无
2019-02-24,52645.0,青海,野牛沟,38.41666666666666,99.58333333333331,3180.0,2019,2,24,0.1999999999999999,,-10.766666666666667,-2.4666666666666663,-17.73333333333333,0.5499999999999999,,678.7666666666665,,,,,-12.667375099345627,Snow
2019-02-25,52645.0,青海,野牛沟,38.41666666666666,99.58333333333331,3180.0,2019,2,25,0.1333333333333333,,-12.833333333333334,-1.6333333333333335,-22.066666666666663,0.4533333333333333,,679.5,,,,,-14.877212526854148,Snow
2019-02-26,52645.0,青海,野牛沟,38.41666666666666,99.58333333333331,3180.0,2019,2,26,0.0,,-12.066666666666668,-0.5666666666666667,-22.266666666666666,0.4033333333333333,,677.8000000000001,,,,,,无
2019-02-27,52645.0,青海,野牛沟,38.41666666666666,99.58333333333331,3180.0,2019,2,27,1.2333333333333334,,-9.6,0.0333333333333334,-17.5,0.4133333333333333,,678.3000000000001,,,,,-12.270475759019867,Snow
2019-02-28,52645.0,青海,野牛沟,38.41666666666666,99.58333333333331,3180.0,2019,2,28,0.4666666666666666,,-11.0,-1.1666666666666667,-18.666666666666668,0.5066666666666667,,682.6333333333333,,,,,-13.050835694245158,Snow
2019-03-01,52645.0,青海,野牛沟,38.41666666666666,99.58333333333331,3180.0,2019,3,1,0.0,,-12.2,-1.1,-21.933333333333334,0.4733333333333333,,681.2666666666667,,,,,,无
2019-03-02,52645.0,青海,野牛沟,38.41666666666666,99.58333333333331,3180.0,2019,3,2,0.0,,-10.766666666666666,1.9,-20.9,0.4399999999999999,,677.5333333333333,,,,,,无
2019-03-03,52645.0,青海,野牛沟,38.41666666666666,99.58333333333331,3180.0,2019,3,3,0.0,,-9.933333333333332,3.1333333333333333,-20.966666666666665,0.36,,675.2666666666668,,,,,,无
2019-03-04,52645.0,青海,野牛沟,38.41666666666666,99.58333333333331,3180.0,2019,3,4,0.0666666666666666,,-7.3,-1.2,-12.5,0.44,,674.5666666666666,,,,,-10.206325529112409,Snow
2019-03-05,52645.0,青海,野牛沟,38.41666666666666,99.58333333333331,3180.0,2019,3,5,0.7333333333333334,,-8.566666666666666,-1.6000000000000003,-14.5,0.5733333333333334,,676.1999999999999,,,,,-10.613037961896495,Snow
2019-03-06,52645.0,青海,野牛沟,38.41666666666666,99.58333333333331,3180.0,2019,3,6,0.0999999999999999,,-8.633333333333333,1.8333333333333333,-17.46666666666667,0.5366666666666666,,675.8666666666667,,,,,-10.852533899892155,Snow
2019-03-07,52645.0,青海,野牛沟,38.41666666666666,99.58333333333331,3180.0,2019,3,7,0.0,,-9.633333333333333,0.8000000000000002,-19.33333333333333,0.4833333333333332,,676.7666666666665,,,,,,无
2019-03-08,52645.0,青海,野牛沟,38.41666666666666,99.58333333333331,3180.0,2019,3,8,0.0,,-9.966666666666669,1.9,-19.1,0.47,,676.9,,,,,,无
2019-03-09,52645.0,青海,野牛沟,38.41666666666666,99.58333333333331,3180.0,2019,3,9,0.0,,-8.399999999999999,1.6,-15.833333333333334,0.4333333333333333,,676.7666666666668,,,,,,无
2019-03-10,52645.0,青海,野牛沟,38.41666666666666,99.58333333333331,3180.0,2019,3,10,0.0,,-8.5,0.5333333333333333,-16.166666666666668,0.4666666666666666,,677.8000000000001,,,,,,无
2019-03-11,52645.0,青海,野牛沟,38.41666666666666,99.58333333333331,3180.0,2019,3,11,0.1999999999999999,,-7.899999999999999,1.9666666666666663,-17.066666666666666,0.4933333333333333,,677.5,,,,,-10.429305263431367,Snow
2019-03-12,52645.0,青海,野牛沟,38.41666666666666,99.58333333333331,3180.0,2019,3,12,0.0333333333333333,,-7.433333333333333,1.6333333333333335,-14.466666666666669,0.51,,675.5333333333334,,,,,-9.944853292528887,Snow
2019-03-13,52645.0,青海,野牛沟,38.41666666666666,99.58333333333331,3180.0,2019,3,13,0.0333333333333333,,-7.733333333333334,2.833333333333333,-17.099999999999998,0.4733333333333333,,677.2333333333332,,,,,-10.39044187358597,Snow
2019-03-14,52645.0,青海,野牛沟,38.41666666666666,99.58333333333331,3180.0,2019,3,14,0.0,,-7.066666666666666,2.1666666666666665,-16.0,0.4599999999999999,,676.3000000000001,,,,,,无
2019-03-15,52645.0,青海,野牛沟,38.41666666666666,99.58333333333331,3180.0,2019,3,15,0.0666666666666666,,-5.633333333333333,5.633333333333333,-15.9,0.5166666666666666,,675.6999999999999,,,,,-8.356464856770295,Snow
2019-03-16,52645.0,青海,野牛沟,38.41666666666666,99.58333333333331,3180.0,2019,3,16,1.6,,-4.133333333333334,2.6666666666666665,-9.433333333333332,0.5299999999999999,,675.2333333333332,,,,,-6.988313571173701,Snow
2019-03-17,52645.0,青海,野牛沟,38.41666666666666,99.58333333333331,3180.0,2019,3,17,0.6,,-6.0,4.366666666666667,-14.433333333333332,0.5066666666666667,,676.8666666666667,,,,,-8.725973281410585,Snow
2019-03-18,52645.0,青海,野牛沟,38.41666666666666,99.58333333333331,3180.0,2019,3,18,0.0,,-5.833333333333333,4.3,-14.833333333333334,0.5333333333333333,,676.0333333333333,,,,,,无
2019-03-19,52645.0,青海,野牛沟,38.41666666666666,99.58333333333331,3180.0,2019,3,19,0.2333333333333333,,-2.9,5.7,-9.9,0.48,,676.7333333333333,,,,,-6.264664927348922,Snow
2019-03-20,52645.0,青海,野牛沟,38.41666666666666,99.58333333333331,3180.0,2019,3,20,0.0,,-5.066666666666667,3.033333333333333,-11.5,0.5299999999999999,,679.0666666666667,,,,,,无
2019-03-21,52645.0,青海,野牛沟,38.41666666666666,99.58333333333331,3180.0,2019,3,21,0.5,,-6.1000000000000005,3.5,-13.466666666666669,0.5966666666666667,,678.0666666666666,,,,,-8.300954022713821,Snow
2019-03-22,52645.0,青海,野牛沟,38.41666666666666,99.58333333333331,3180.0,2019,3,22,0.1666666666666666,,-4.866666666666667,2.833333333333333,-9.533333333333331,0.6033333333333334,,678.9666666666666,,,,,-7.168669195635569,Snow
2019-03-23,52645.0,青海,野牛沟,38.41666666666666,99.58333333333331,3180.0,2019,3,23,0.0666666666666666,,-6.699999999999999,-1.5666666666666669,-10.533333333333331,0.61,,681.9999999999999,,,,,-8.753063676609557,Snow
2019-03-24,52645.0,青海,野牛沟,38.41666666666666,99.58333333333331,3180.0,2019,3,24,0.0999999999999999,,-8.433333333333334,2.066666666666667,-17.266666666666666,0.4933333333333333,,683.6666666666666,,,,,-10.874121620447706,Snow
2019-03-25,52645.0,青海,野牛沟,38.41666666666666,99.58333333333331,3180.0,2019,3,25,0.0,,-5.566666666666666,6.0,-14.366666666666664,0.4233333333333333,,682.7333333333332,,,,,,无
2019-03-26,52645.0,青海,野牛沟,38.41666666666666,99.58333333333331,3180.0,2019,3,26,0.0,,-4.366666666666667,7.966666666666666,-14.6,0.3933333333333333,,683.7666666666668,,,,,,无
2019-03-27,52645.0,青海,野牛沟,38.41666666666666,99.58333333333331,3180.0,2019,3,27,0.0,,-1.8666666666666665,8.933333333333332,-9.9,0.4266666666666667,,681.9,,,,,,无
2019-03-28,52645.0,青海,野牛沟,38.41666666666666,99.58333333333331,3180.0,2019,3,28,0.3666666666666667,,-0.9333333333333336,7.6,-7.133333333333333,0.5166666666666666,,680.9666666666667,,,,,-4.338319803579664,Snow
2019-03-29,52645.0,青海,野牛沟,38.41666666666666,99.58333333333331,3180.0,2019,3,29,0.7333333333333334,,-1.7666666666666666,7.3,-7.7,0.5666666666666665,,679.3666666666667,,,,,-4.694288525063626,Snow
2019-03-30,52645.0,青海,野牛沟,38.41666666666666,99.58333333333331,3180.0,2019,3,30,0.0333333333333333,,-1.7666666666666666,8.200000000000001,-10.133333333333336,0.5133333333333333,,679.5666666666667,,,,,-5.07104573361111,Snow
2019-03-31,52645.0,青海,野牛沟,38.41666666666666,99.58333333333331,3180.0,2019,3,31,0.0,,-0.2666666666666668,10.666666666666666,-9.666666666666666,0.4466666666666667,,678.3333333333334,,,,,,无
2019-04-01,52645.0,青海,野牛沟,38.41666666666666,99.58333333333331,3180.0,2019,4,1,1.1,,0.5333333333333335,11.133333333333333,-8.066666666666668,0.4733333333333333,,677.4333333333333,,,,,-3.458976599215302,Snow
2019-04-02,52645.0,青海,野牛沟,38.41666666666666,99.58333333333331,3180.0,2019,4,2,0.0,,2.0,12.4,-6.133333333333333,0.44,,675.8666666666667,,,,,,无
2019-04-03,52645.0,青海,野牛沟,38.41666666666666,99.58333333333331,3180.0,2019,4,3,0.9333333333333332,,-0.3333333333333333,8.533333333333333,-7.833333333333333,0.5833333333333334,,676.0666666666666,,,,,-3.3398135263619233,Snow
2019-04-04,52645.0,青海,野牛沟,38.41666666666666,99.58333333333331,3180.0,2019,4,4,2.5,,-0.7999999999999999,7.833333333333333,-7.533333333333334,0.5766666666666667,,676.1666666666666,,,,,-3.793695590447599,Snow
2019-04-05,52645.0,青海,野牛沟,38.41666666666666,99.58333333333331,3180.0,2019,4,5,2.2666666666666666,,-0.3666666666666665,7.466666666666666,-6.8,0.5933333333333333,,677.4666666666666,,,,,-3.290179519219474,Snow
2019-04-06,52645.0,青海,野牛沟,38.41666666666666,99.58333333333331,3180.0,2019,4,6,0.2666666666666666,,0.0666666666666667,7.333333333333333,-4.266666666666667,0.58,,678.0000000000001,,,,,-3.0138766571724007,Snow
2019-04-07,52645.0,青海,野牛沟,38.41666666666666,99.58333333333331,3180.0,2019,4,7,0.9333333333333332,,-2.1666666666666665,6.033333333333334,-7.800000000000001,0.6133333333333334,,679.4666666666667,,,,,-4.719496511835826,Snow
2019-04-08,52645.0,青海,野牛沟,38.41666666666666,99.58333333333331,3180.0,2019,4,8,0.1666666666666666,,-0.6666666666666666,8.066666666666668,-6.766666666666667,0.59,,679.3000000000001,,,,,-3.571825048410324,Snow
2019-04-09,52645.0,青海,野牛沟,38.41666666666666,99.58333333333331,3180.0,2019,4,9,1.0,,-1.1666666666666667,7.366666666666667,-7.266666666666667,0.5933333333333334,,679.4666666666667,,,,,-3.982861368147579,Snow
2019-04-10,52645.0,青海,野牛沟,38.41666666666666,99.58333333333331,3180.0,2019,4,10,0.6333333333333333,,-1.2333333333333336,5.233333333333333,-6.8,0.6066666666666667,,680.4666666666666,,,,,-3.943100932057688,Snow
2019-04-11,52645.0,青海,野牛沟,38.41666666666666,99.58333333333331,3180.0,2019,4,11,0.0,,-1.1333333333333333,5.366666666666667,-6.0,0.4966666666666667,,682.2333333333332,,,,,,无
2019-04-12,52645.0,青海,野牛沟,38.41666666666666,99.58333333333331,3180.0,2019,4,12,0.0,,-1.4333333333333336,6.400000000000001,-8.033333333333333,0.5,,682.8666666666668,,,,,,无
2019-04-13,52645.0,青海,野牛沟,38.41666666666666,99.58333333333331,3180.0,2019,4,13,0.0,,-0.3666666666666667,9.4,-9.0,0.48,,680.8666666666667,,,,,,无
2019-04-14,52645.0,青海,野牛沟,38.41666666666666,99.58333333333331,3180.0,2019,4,14,0.2333333333333333,,0.5666666666666667,9.1,-5.433333333333334,0.5833333333333334,,679.4666666666667,,,,,-2.5516387689528175,Snow
2019-04-15,52645.0,青海,野牛沟,38.41666666666666,99.58333333333331,3180.0,2019,4,15,2.1333333333333333,,0.0666666666666668,7.333333333333333,-5.266666666666667,0.6433333333333333,,680.5,,,,,-2.5259457771056892,Snow
2019-04-16,52645.0,青海,野牛沟,38.41666666666666,99.58333333333331,3180.0,2019,4,16,0.7666666666666666,,-1.2666666666666666,6.966666666666666,-8.5,0.6066666666666667,,680.8666666666667,,,,,-3.971451070146883,Snow
2019-04-17,52645.0,青海,野牛沟,38.41666666666666,99.58333333333331,3180.0,2019,4,17,1.7666666666666666,,-1.7666666666666668,9.333333333333334,-9.4,0.5599999999999999,,680.3000000000001,,,,,-4.738888846382339,Snow
2019-04-18,52645.0,青海,野牛沟,38.41666666666666,99.58333333333331,3180.0,2019,4,18,2.1666666666666665,,-0.0999999999999999,9.966666666666669,-7.666666666666667,0.65,,678.0,,,,,-2.6290382793397127,Snow
2019-04-19,52645.0,青海,野牛沟,38.41666666666666,99.58333333333331,3180.0,2019,4,19,2.9,,-1.9,4.933333333333334,-7.066666666666667,0.6366666666666667,,680.2666666666667,,,,,-4.32149171325817,Snow
2019-04-20,52645.0,青海,野牛沟,38.41666666666666,99.58333333333331,3180.0,2019,4,20,1.6666666666666667,,-2.1,3.1,-6.266666666666666,0.6233333333333333,,681.7666666666667,,,,,-4.5873176867591114,Snow
2019-04-21,52645.0,青海,野牛沟,38.41666666666666,99.58333333333331,3180.0,2019,4,21,0.0,,-1.3333333333333333,6.433333333333334,-8.133333333333333,0.51,,682.2666666666667,,,,,,无
2019-04-22,52645.0,青海,野牛沟,38.41666666666666,99.58333333333331,3180.0,2019,4,22,0.3999999999999999,,0.1666666666666666,6.7,-5.400000000000001,0.5933333333333334,,681.1,,,,,-2.8172486599031332,Snow
2019-04-23,52645.0,青海,野牛沟,38.41666666666666,99.58333333333331,3180.0,2019,4,23,0.3333333333333333,,-0.2333333333333333,7.066666666666666,-6.466666666666668,0.62,,681.9666666666667,,,,,-2.963389361010411,Snow
2019-04-24,52645.0,青海,野牛沟,38.41666666666666,99.58333333333331,3180.0,2019,4,24,0.5,,1.1333333333333335,8.9,-4.9,0.6066666666666666,,682.3333333333334,,,,,-1.867463893943726,Snow
2019-04-25,52645.0,青海,野牛沟,38.41666666666666,99.58333333333331,3180.0,2019,4,25,0.5,,-0.1666666666666666,6.833333333333333,-4.466666666666666,0.6766666666666666,,682.9333333333334,,,,,-2.480444847041192,Snow
2019-04-26,52645.0,青海,野牛沟,38.41666666666666,99.58333333333331,3180.0,2019,4,26,0.5,,0.1999999999999999,7.666666666666667,-5.8,0.6333333333333333,,684.1666666666666,,,,,-2.475877951309493,Snow
2019-04-27,52645.0,青海,野牛沟,38.41666666666666,99.58333333333331,3180.0,2019,4,27,0.0,,1.8,10.933333333333332,-6.266666666666667,0.5666666666666667,,683.3000000000001,,,,,,无
2019-04-28,52645.0,青海,野牛沟,38.41666666666666,99.58333333333331,3180.0,2019,4,28,0.4333333333333333,,2.4333333333333336,12.633333333333333,-5.866666666666667,0.5566666666666666,,682.9333333333334,,,,,-1.1576784709560295,Snow
2019-04-29,52645.0,青海,野牛沟,38.41666666666666,99.58333333333331,3180.0,2019,4,29,0.5666666666666667,,3.0,12.133333333333333,-3.533333333333333,0.5933333333333334,,681.5666666666667,,,,,-0.35791881354785726,Snow
2019-04-30,52645.0,青海,野牛沟,38.41666666666666,99.58333333333331,3180.0,2019,4,30,3.333333333333333,,2.733333333333333,10.066666666666668,-2.2666666666666666,0.6433333333333333,,680.4,,,,,-0.16373900002715214,Snow
2019-05-01,52645.0,青海,野牛沟,38.41666666666666,99.58333333333331,3180.0,2019,5,1,0.05,,2.05,9.8,-2.9,0.605,,678.7,,,,,-1.0902569518450145,Snow
2019-05-02,52645.0,青海,野牛沟,38.41666666666666,99.58333333333331,3180.0,2019,5,2,3.75,,-0.55,7.400000000000001,-6.300000000000001,0.69,,681.3499999999999,,,,,-2.7312881846270853,Snow
2019-05-03,52645.0,青海,野牛沟,38.41666666666666,99.58333333333331,3180.0,2019,5,3,0.0,,3.2999999999999994,11.65,-4.35,0.55,,681.75,,,,,,无
2019-05-04,52645.0,青海,野牛沟,38.41666666666666,99.58333333333331,3180.0,2019,5,4,0.0,,3.9,13.15,-4.55,0.5449999999999999,,680.3499999999999,,,,,,无
2019-05-05,52645.0,青海,野牛沟,38.41666666666666,99.58333333333331,3180.0,2019,5,5,0.0,,2.7999999999999994,10.85,-2.3,0.63,,680.0,,,,,,无
2019-05-06,52645.0,青海,野牛沟,38.41666666666666,99.58333333333331,3180.0,2019,5,6,3.0499999999999994,,1.95,8.75,-3.8,0.7399999999999999,,679.8,,,,,-0.07250055262070898,Snow
2019-05-07,52645.0,青海,野牛沟,38.41666666666666,99.58333333333331,3180.0,2019,5,7,3.0,,3.25,11.5,-2.25,0.655,,681.9000000000001,,,,,0.39730623282868915,Snow
2019-05-08,52645.0,青海,野牛沟,38.41666666666666,99.58333333333331,3180.0,2019,5,8,0.4000000000000001,,3.4,12.15,-1.8500000000000003,0.63,,681.45,,,,,0.31102977534762655,Snow
2019-05-09,52645.0,青海,野牛沟,38.41666666666666,99.58333333333331,3180.0,2019,5,9,0.0,,3.65,13.4,-4.6,0.6100000000000001,,680.55,,,,,,无
2019-05-10,52645.0,青海,野牛沟,38.41666666666666,99.58333333333331,3180.0,2019,5,10,1.45,,2.85,11.800000000000002,-5.25,0.52,,681.6,,,,,-1.1280891871558074,Snow
2019-05-11,52645.0,青海,野牛沟,38.41666666666666,99.58333333333331,3180.0,2019,5,11,0.0,,4.6,17.65,-5.75,0.445,,680.8,,,,,,无
2019-05-12,52645.0,青海,野牛沟,38.41666666666666,99.58333333333331,3180.0,2019,5,12,0.0,,5.55,16.8,-3.4500000000000006,0.445,,679.8,,,,,,无
2019-05-13,52645.0,青海,野牛沟,38.41666666666666,99.58333333333331,3180.0,2019,5,13,0.0,,4.85,13.25,-0.9,0.54,,679.2,,,,,,无
2019-05-14,52645.0,青海,野牛沟,38.41666666666666,99.58333333333331,3180.0,2019,5,14,0.0,,3.95,10.05,-1.1,0.465,,684.4500000000002,,,,,,无
2019-05-15,52645.0,青海,野牛沟,38.41666666666666,99.58333333333331,3180.0,2019,5,15,0.3499999999999999,,3.25,11.050000000000002,-4.25,0.51,,685.2000000000002,,,,,-0.8719963446407375,Snow
2019-05-16,52645.0,青海,野牛沟,38.41666666666666,99.58333333333331,3180.0,2019,5,16,0.0,,4.7,13.699999999999998,-2.85,0.56,,682.2,,,,,,无
2019-05-17,52645.0,青海,野牛沟,38.41666666666666,99.58333333333331,3180.0,2019,5,17,0.55,,6.05,14.800000000000002,-1.05,0.595,,680.05,,,,,2.2883934775919146,Rain
2019-05-18,52645.0,青海,野牛沟,38.41666666666666,99.58333333333331,3180.0,2019,5,18,0.0,,5.0,14.699999999999998,-3.1,0.615,,680.45,,,,,,无
2019-05-19,52645.0,青海,野牛沟,38.41666666666666,99.58333333333331,3180.0,2019,5,19,0.85,,6.55,15.949999999999998,-0.85,0.62,,681.0,,,,,2.9730754776142065,Rain
2019-05-20,52645.0,青海,野牛沟,38.41666666666666,99.58333333333331,3180.0,2019,5,20,7.25,,3.2000000000000006,7.25,0.75,0.835,,682.0,,,,,1.870743553548242,Snow
2019-05-21,52645.0,青海,野牛沟,38.41666666666666,99.58333333333331,3180.0,2019,5,21,7.7,,2.6,9.4,-1.2000000000000002,0.7849999999999998,,682.9,,,,,0.8974862559271868,Snow
2019-05-22,52645.0,青海,野牛沟,38.41666666666666,99.58333333333331,3180.0,2019,5,22,1.3999999999999997,,2.9,7.6,0.05,0.715,,683.1500000000001,,,,,0.5961443965159008,Snow
2019-05-23,52645.0,青海,野牛沟,38.41666666666666,99.58333333333331,3180.0,2019,5,23,1.3,,2.85,10.5,-3.75,0.6750000000000002,,681.75,,,,,0.211485947230714,Snow
2019-05-24,52645.0,青海,野牛沟,38.41666666666666,99.58333333333331,3180.0,2019,5,24,0.0,,5.05,13.1,-2.4,0.6399999999999999,,678.95,,,,,,无
2019-05-25,52645.0,青海,野牛沟,38.41666666666666,99.58333333333331,3180.0,2019,5,25,0.65,,4.4,9.55,0.1,0.615,,680.65,,,,,1.0497406102795326,Rain
2019-05-26,52645.0,青海,野牛沟,38.41666666666666,99.58333333333331,3180.0,2019,5,26,1.7,,5.900000000000001,11.9,1.05,0.605,,680.65,,,,,2.258673920082459,Rain
2019-05-27,52645.0,青海,野牛沟,38.41666666666666,99.58333333333331,3180.0,2019,5,27,9.1,,4.9,10.4,0.4499999999999999,0.73,,680.6500000000001,,,,,2.546123917224672,Rain
2019-05-28,52645.0,青海,野牛沟,38.41666666666666,99.58333333333331,3180.0,2019,5,28,2.0,,5.55,11.5,-0.15,0.6699999999999999,,681.55,,,,,2.5788066974974955,Rain
2019-05-29,52645.0,青海,野牛沟,38.41666666666666,99.58333333333331,3180.0,2019,5,29,1.0,,6.25,13.65,-1.3999999999999997,0.6200000000000001,,682.0,,,,,2.713819679903655,Rain
2019-05-30,52645.0,青海,野牛沟,38.41666666666666,99.58333333333331,3180.0,2019,5,30,1.7,,4.949999999999999,12.550000000000002,-0.8500000000000001,0.655,,680.85,,,,,1.9033077873673632,Rain
2019-05-31,52645.0,青海,野牛沟,38.41666666666666,99.58333333333331,3180.0,2019,5,31,2.5,,5.599999999999999,12.949999999999998,0.9,0.7250000000000001,,680.1500000000001,,,,,3.1381710811341756,Rain
2019-06-01,52645.0,青海,野牛沟,38.41666666666666,99.58333333333331,3180.0,2019,6,1,4.6000000000000005,,5.75,10.9,3.15,0.79,,680.55,,,,,3.8793128294550483,Rain
2019-06-02,52645.0,青海,野牛沟,38.41666666666666,99.58333333333331,3180.0,2019,6,2,4.15,,4.35,9.2,0.2500000000000001,0.77,,681.95,,,,,2.3981657081036944,Rain
2019-06-03,52645.0,青海,野牛沟,38.41666666666666,99.58333333333331,3180.0,2019,6,3,1.05,,3.9,10.85,-1.05,0.735,,683.5499999999998,,,,,1.6802531938173848,Rain
2019-06-04,52645.0,青海,野牛沟,38.41666666666666,99.58333333333331,3180.0,2019,6,4,1.25,,5.75,14.1,-2.15,0.56,,685.35,,,,,1.7005244480849901,Rain
2019-06-05,52645.0,青海,野牛沟,38.41666666666666,99.58333333333331,3180.0,2019,6,5,0.55,,5.849999999999999,14.35,-1.4500000000000002,0.625,,683.85,,,,,2.4177509160209576,Rain
2019-06-06,52645.0,青海,野牛沟,38.41666666666666,99.58333333333331,3180.0,2019,6,6,0.1,,6.599999999999999,13.25,1.0,0.65,,683.8499999999999,,,,,3.321983744385144,Rain
2019-06-07,52645.0,青海,野牛沟,38.41666666666666,99.58333333333331,3180.0,2019,6,7,0.55,,6.699999999999999,14.699999999999998,-0.5,0.605,,684.1,,,,,2.9603149502908055,Rain
2019-06-08,52645.0,青海,野牛沟,38.41666666666666,99.58333333333331,3180.0,2019,6,8,1.7,,7.0,14.800000000000002,-1.0,0.645,,683.25,,,,,3.623741309660997,Rain
2019-06-09,52645.0,青海,野牛沟,38.41666666666666,99.58333333333331,3180.0,2019,6,9,0.0,,7.650000000000001,15.300000000000002,0.8500000000000001,0.635,,682.3,,,,,,无
2019-06-10,52645.0,青海,野牛沟,38.41666666666666,99.58333333333331,3180.0,2019,6,10,1.5,,6.949999999999999,12.9,0.1999999999999999,0.605,,684.3499999999999,,,,,3.17742882659378,Rain
2019-06-11,52645.0,青海,野牛沟,38.41666666666666,99.58333333333331,3180.0,2019,6,11,0.1,,6.849999999999999,14.85,-1.05,0.585,,684.2999999999998,,,,,2.8871393354299135,Rain
2019-06-12,52645.0,青海,野牛沟,38.41666666666666,99.58333333333331,3180.0,2019,6,12,0.0,,6.650000000000001,16.4,-0.8000000000000002,0.655,,683.0999999999999,,,,,,无
2019-06-13,52645.0,青海,野牛沟,38.41666666666666,99.58333333333331,3180.0,2019,6,13,2.25,,6.3,13.85,-0.4000000000000001,0.7200000000000001,,681.75,,,,,3.730940585275655,Rain
2019-06-14,52645.0,青海,野牛沟,38.41666666666666,99.58333333333331,3180.0,2019,6,14,2.45,,7.550000000000001,13.85,1.45,0.605,,682.3,,,,,3.6917135256029487,Rain
2019-06-15,52645.0,青海,野牛沟,38.41666666666666,99.58333333333331,3180.0,2019,6,15,0.0,,7.300000000000001,16.799999999999997,-2.2,0.56,,682.15,,,,,,无
2019-06-16,52645.0,青海,野牛沟,38.41666666666666,99.58333333333331,3180.0,2019,6,16,5.05,,7.75,17.15,-0.2000000000000001,0.66,,680.4,,,,,4.433806654038448,Rain
2019-06-17,52645.0,青海,野牛沟,38.41666666666666,99.58333333333331,3180.0,2019,6,17,0.4000000000000001,,9.95,15.4,4.1,0.61,,680.8,,,,,5.820798736752901,Rain
2019-06-18,52645.0,青海,野牛沟,38.41666666666666,99.58333333333331,3180.0,2019,6,18,3.9500000000000006,,8.9,13.85,4.65,0.6999999999999998,,682.55,,,,,5.885244368125471,Rain
2019-06-19,52645.0,青海,野牛沟,38.41666666666666,99.58333333333331,3180.0,2019,6,19,2.1,,6.650000000000001,15.15,1.15,0.745,,684.5,,,,,4.295213811511567,Rain
2019-06-20,52645.0,青海,野牛沟,38.41666666666666,99.58333333333331,3180.0,2019,6,20,2.9,,7.300000000000001,15.550000000000002,1.0499999999999998,0.7200000000000001,,683.9500000000002,,,,,4.6440719013074405,Rain
2019-06-21,52645.0,青海,野牛沟,38.41666666666666,99.58333333333331,3180.0,2019,6,21,3.9,,7.75,15.300000000000002,1.5499999999999998,0.7200000000000001,,681.95,,,,,5.049916861649613,Rain
2019-06-22,52645.0,青海,野牛沟,38.41666666666666,99.58333333333331,3180.0,2019,6,22,0.75,,8.35,14.1,3.65,0.715,,681.0,,,,,5.542143468594571,Rain
2019-06-23,52645.0,青海,野牛沟,38.41666666666666,99.58333333333331,3180.0,2019,6,23,4.25,,8.75,14.5,3.9,0.7399999999999999,,681.6500000000001,,,,,6.167362694453655,Rain
2019-06-24,52645.0,青海,野牛沟,38.41666666666666,99.58333333333331,3180.0,2019,6,24,5.25,,8.350000000000001,14.6,4.7,0.7399999999999999,,682.4000000000001,,,,,5.801950951709727,Rain
2019-06-25,52645.0,青海,野牛沟,38.41666666666666,99.58333333333331,3180.0,2019,6,25,4.45,,8.649999999999999,15.800000000000002,4.0,0.7849999999999998,,681.5999999999999,,,,,6.538280674323826,Rain
2019-06-26,52645.0,青海,野牛沟,38.41666666666666,99.58333333333331,3180.0,2019,6,26,0.6,,10.5,18.15,4.15,0.695,,680.0,,,,,7.26727817220318,Rain
2019-06-27,52645.0,青海,野牛沟,38.41666666666666,99.58333333333331,3180.0,2019,6,27,1.0,,10.2,16.6,5.400000000000001,0.71,,680.65,,,,,7.164862408924164,Rain
2019-06-28,52645.0,青海,野牛沟,38.41666666666666,99.58333333333331,3180.0,2019,6,28,0.75,,10.35,17.2,3.85,0.6699999999999999,,682.15,,,,,6.855675539946744,Rain
2019-06-29,52645.0,青海,野牛沟,38.41666666666666,99.58333333333331,3180.0,2019,6,29,1.05,,9.45,15.35,4.15,0.7050000000000001,,684.0,,,,,6.437763100636613,Rain
2019-06-30,52645.0,青海,野牛沟,38.41666666666666,99.58333333333331,3180.0,2019,6,30,0.25,,10.6,18.7,4.25,0.6599999999999999,,684.8499999999999,,,,,6.969938072840471,Rain
2019-07-01,52645.0,青海,野牛沟,38.41666666666666,99.58333333333331,3180.0,2019,7,1,1.0333333333333334,,10.933333333333332,17.46666666666667,4.566666666666666,0.65,,683.2548387096775,,,,,7.146408517868275,Rain
2019-07-02,52645.0,青海,野牛沟,38.41666666666666,99.58333333333331,3180.0,2019,7,2,10.733333333333334,,8.233333333333334,14.766666666666666,3.9333333333333336,0.7599999999999999,,682.3215053763441,,,,,5.8983922083867,Rain
2019-07-03,52645.0,青海,野牛沟,38.41666666666666,99.58333333333331,3180.0,2019,7,3,2.3666666666666667,,10.466666666666669,17.2,4.933333333333334,0.6633333333333333,,681.7881720430108,,,,,6.883200824965852,Rain
2019-07-04,52645.0,青海,野牛沟,38.41666666666666,99.58333333333331,3180.0,2019,7,4,5.133333333333333,,9.433333333333332,16.76666666666667,3.1666666666666665,0.6966666666666667,,682.0881720430108,,,,,6.329307512638285,Rain
2019-07-05,52645.0,青海,野牛沟,38.41666666666666,99.58333333333331,3180.0,2019,7,5,1.7000000000000002,,11.0,19.2,3.9500000000000006,0.635,,682.1500000000001,,,,,7.027917079581614,Rain
2019-07-06,52645.0,青海,野牛沟,38.41666666666666,99.58333333333331,3180.0,2019,7,6,0.7333333333333334,,11.266666666666666,20.266666666666666,2.6,0.6666666666666666,,682.1215053763441,,,,,7.632978155596022,Rain
2019-07-07,52645.0,青海,野牛沟,38.41666666666666,99.58333333333331,3180.0,2019,7,7,11.2,,10.066666666666668,16.266666666666666,5.5,0.7599999999999999,,682.1881720430108,,,,,7.591385598317637,Rain
2019-07-08,52645.0,青海,野牛沟,38.41666666666666,99.58333333333331,3180.0,2019,7,8,23.066666666666663,,9.5,15.3,6.066666666666666,0.7799999999999999,,682.4881720430109,,,,,7.279337289020371,Rain
2019-07-09,52645.0,青海,野牛沟,38.41666666666666,99.58333333333331,3180.0,2019,7,9,7.433333333333334,,9.366666666666664,16.866666666666667,4.266666666666667,0.77,,683.3215053763442,,,,,7.051585619487555,Rain
2019-07-10,52645.0,青海,野牛沟,38.41666666666666,99.58333333333331,3180.0,2019,7,10,2.966666666666667,,10.533333333333331,17.866666666666664,4.166666666666667,0.6933333333333334,,682.5548387096775,,,,,7.283264763096446,Rain
2019-07-11,52645.0,青海,野牛沟,38.41666666666666,99.58333333333331,3180.0,2019,7,11,0.8666666666666667,,11.266666666666666,19.133333333333333,4.833333333333333,0.6633333333333334,,682.3548387096774,,,,,7.5946000570074945,Rain
2019-07-12,52645.0,青海,野牛沟,38.41666666666666,99.58333333333331,3180.0,2019,7,12,4.266666666666667,,11.6,18.96666666666667,6.366666666666666,0.7000000000000001,,682.8215053763442,,,,,8.32056291258796,Rain
2019-07-13,52645.0,青海,野牛沟,38.41666666666666,99.58333333333331,3180.0,2019,7,13,3.466666666666667,,10.4,18.433333333333334,2.833333333333333,0.6566666666666666,,682.9548387096775,,,,,6.750854558357333,Rain
2019-07-14,52645.0,青海,野牛沟,38.41666666666666,99.58333333333331,3180.0,2019,7,14,0.1666666666666666,,9.999999999999998,18.9,1.9,0.64,,683.2548387096775,,,,,6.210247167965499,Rain
2019-07-15,52645.0,青海,野牛沟,38.41666666666666,99.58333333333331,3180.0,2019,7,15,0.6,,9.9,17.599999999999998,2.533333333333333,0.6566666666666666,,682.8548387096774,,,,,6.308058963146492,Rain
2019-07-16,52645.0,青海,野牛沟,38.41666666666666,99.58333333333331,3180.0,2019,7,16,1.6,,10.233333333333334,18.5,2.3666666666666667,0.6566666666666666,,682.6881720430107,,,,,6.602761201675853,Rain
2019-07-17,52645.0,青海,野牛沟,38.41666666666666,99.58333333333331,3180.0,2019,7,17,4.833333333333333,,9.533333333333331,17.5,4.4,0.7400000000000001,,682.421505376344,,,,,6.88640321763073,Rain
2019-07-18,52645.0,青海,野牛沟,38.41666666666666,99.58333333333331,3180.0,2019,7,18,3.266666666666666,,9.666666666666666,17.400000000000002,3.9,0.7233333333333333,,682.5881720430108,,,,,6.829564437684383,Rain
2019-07-19,52645.0,青海,野牛沟,38.41666666666666,99.58333333333331,3180.0,2019,7,19,2.9,,11.3,19.633333333333336,3.533333333333333,0.7033333333333335,,682.3548387096774,,,,,8.087464324230073,Rain
2019-07-20,52645.0,青海,野牛沟,38.41666666666666,99.58333333333331,3180.0,2019,7,20,1.3,,11.066666666666668,17.933333333333334,6.933333333333334,0.7133333333333334,,682.3548387096774,,,,,7.990494760927009,Rain
2019-07-21,52645.0,青海,野牛沟,38.41666666666666,99.58333333333331,3180.0,2019,7,21,4.8,,11.3,17.400000000000002,7.033333333333334,0.7533333333333334,,682.9548387096775,,,,,8.656804430325767,Rain
2019-07-22,52645.0,青海,野牛沟,38.41666666666666,99.58333333333331,3180.0,2019,7,22,4.366666666666666,,10.766666666666666,17.233333333333334,6.400000000000001,0.7433333333333333,,683.4881720430109,,,,,8.055382260766986,Rain
2019-07-23,52645.0,青海,野牛沟,38.41666666666666,99.58333333333331,3180.0,2019,7,23,7.466666666666666,,9.533333333333331,15.733333333333334,4.9,0.7399999999999999,,683.6548387096776,,,,,6.888294909660435,Rain
2019-07-24,52645.0,青海,野牛沟,38.41666666666666,99.58333333333331,3180.0,2019,7,24,2.2666666666666666,,9.8,16.433333333333334,3.266666666666667,0.7033333333333333,,684.1548387096776,,,,,6.736117519454399,Rain
2019-07-25,52645.0,青海,野牛沟,38.41666666666666,99.58333333333331,3180.0,2019,7,25,1.2333333333333334,,11.4,19.366666666666664,4.833333333333333,0.6833333333333332,,684.5215053763441,,,,,7.950508237438929,Rain
2019-07-26,52645.0,青海,野牛沟,38.41666666666666,99.58333333333331,3180.0,2019,7,26,4.166666666666667,,10.1,18.9,3.4,0.71,,684.4881720430109,,,,,7.0809913058537655,Rain
2019-07-27,52645.0,青海,野牛沟,38.41666666666666,99.58333333333331,3180.0,2019,7,27,0.1333333333333333,,11.366666666666667,19.566666666666663,3.8,0.66,,683.9881720430109,,,,,7.647764316238823,Rain
2019-07-28,52645.0,青海,野牛沟,38.41666666666666,99.58333333333331,3180.0,2019,7,28,2.733333333333334,,11.066666666666668,20.33333333333333,2.9,0.7033333333333335,,683.4548387096775,,,,,7.878698052038966,Rain
2019-07-29,52645.0,青海,野牛沟,38.41666666666666,99.58333333333331,3180.0,2019,7,29,1.1,,12.933333333333332,21.633333333333336,5.133333333333334,0.6566666666666667,,682.7548387096773,,,,,8.993103029481869,Rain
2019-07-30,52645.0,青海,野牛沟,38.41666666666666,99.58333333333331,3180.0,2019,7,30,0.0,,13.5,23.2,4.066666666666667,0.6033333333333334,,683.0215053763441,,,,,,无
2019-07-31,52645.0,青海,野牛沟,38.41666666666666,99.58333333333331,3180.0,2019,7,31,3.5,,12.3,21.73333333333333,5.2,0.6766666666666667,,683.5548387096775,,,,,8.674897375158675,Rain
2019-08-01,52645.0,青海,野牛沟,38.41666666666666,99.58333333333331,3180.0,2019,8,1,11.5,,11.9,19.03333333333333,5.7,0.7266666666666666,,684.0677419354838,,,,,8.904077048013125,Rain
2019-08-02,52645.0,青海,野牛沟,38.41666666666666,99.58333333333331,3180.0,2019,8,2,5.033333333333332,,10.533333333333331,19.0,4.333333333333333,0.77,,683.9010752688172,,,,,8.134011390400634,Rain
2019-08-03,52645.0,青海,野牛沟,38.41666666666666,99.58333333333331,3180.0,2019,8,3,10.433333333333334,,10.633333333333333,17.73333333333333,6.6000000000000005,0.7433333333333333,,684.0010752688172,,,,,7.933788350554978,Rain
2019-08-04,52645.0,青海,野牛沟,38.41666666666666,99.58333333333331,3180.0,2019,8,4,0.1666666666666666,,10.4,18.766666666666666,3.733333333333333,0.7033333333333335,,684.6010752688171,,,,,7.278709216681585,Rain
2019-08-05,52645.0,青海,野牛沟,38.41666666666666,99.58333333333331,3180.0,2019,8,5,0.0,,11.633333333333333,19.33333333333333,4.6000000000000005,0.6866666666666666,,684.8010752688173,,,,,,无
2019-08-06,52645.0,青海,野牛沟,38.41666666666666,99.58333333333331,3180.0,2019,8,6,2.6333333333333333,,11.1,18.4,5.033333333333333,0.7200000000000001,,684.7010752688171,,,,,8.100289078815926,Rain
2019-08-07,52645.0,青海,野牛沟,38.41666666666666,99.58333333333331,3180.0,2019,8,7,2.8000000000000003,,11.0,17.933333333333334,5.699999999999999,0.7033333333333333,,684.5344086021505,,,,,7.820414135857763,Rain
2019-08-08,52645.0,青海,野牛沟,38.41666666666666,99.58333333333331,3180.0,2019,8,8,0.3,,10.966666666666669,18.866666666666664,3.7,0.6533333333333333,,684.0344086021505,,,,,7.216154303104623,Rain
2019-08-09,52645.0,青海,野牛沟,38.41666666666666,99.58333333333331,3180.0,2019,8,9,0.0,,10.833333333333334,19.866666666666664,2.9333333333333336,0.66,,683.3677419354839,,,,,,无
2019-08-10,52645.0,青海,野牛沟,38.41666666666666,99.58333333333331,3180.0,2019,8,10,2.4,,9.633333333333333,17.0,4.433333333333334,0.7433333333333333,,683.8344086021506,,,,,7.015865718116978,Rain
2019-08-11,52645.0,青海,野牛沟,38.41666666666666,99.58333333333331,3180.0,2019,8,11,2.466666666666667,,9.366666666666664,15.433333333333335,5.3,0.7999999999999999,,683.8677419354839,,,,,7.36525396468624,Rain
2019-08-12,52645.0,青海,野牛沟,38.41666666666666,99.58333333333331,3180.0,2019,8,12,3.633333333333333,,9.666666666666666,17.1,4.266666666666667,0.79,,684.3677419354839,,,,,7.542135587828267,Rain
2019-08-13,52645.0,青海,野牛沟,38.41666666666666,99.58333333333331,3180.0,2019,8,13,8.366666666666667,,10.233333333333333,16.766666666666666,4.766666666666667,0.75,,684.2677419354837,,,,,7.639696460237135,Rain
2019-08-14,52645.0,青海,野牛沟,38.41666666666666,99.58333333333331,3180.0,2019,8,14,2.8000000000000003,,10.800000000000002,17.466666666666665,6.0,0.7266666666666667,,683.9344086021505,,,,,7.900884520802802,Rain
2019-08-15,52645.0,青海,野牛沟,38.41666666666666,99.58333333333331,3180.0,2019,8,15,0.0999999999999999,,10.9,19.433333333333334,4.066666666666666,0.7233333333333333,,683.2344086021504,,,,,7.953483462222883,Rain
2019-08-16,52645.0,青海,野牛沟,38.41666666666666,99.58333333333331,3180.0,2019,8,16,2.966666666666667,,11.233333333333334,19.366666666666667,6.366666666666667,0.79,,682.7344086021504,,,,,9.003705227253246,Rain
2019-08-17,52645.0,青海,野牛沟,38.41666666666666,99.58333333333331,3180.0,2019,8,17,11.266666666666666,,11.199999999999998,19.433333333333334,6.633333333333333,0.7566666666666667,,682.0677419354838,,,,,8.600761327620297,Rain
2019-08-18,52645.0,青海,野牛沟,38.41666666666666,99.58333333333331,3180.0,2019,8,18,10.966666666666669,,10.033333333333331,16.866666666666664,5.266666666666667,0.7533333333333333,,683.8344086021506,,,,,7.491046224413327,Rain
2019-08-19,52645.0,青海,野牛沟,38.41666666666666,99.58333333333331,3180.0,2019,8,19,6.033333333333334,,8.6,12.833333333333334,5.466666666666668,0.82,,685.6677419354838,,,,,6.849934269308471,Rain
2019-08-20,52645.0,青海,野牛沟,38.41666666666666,99.58333333333331,3180.0,2019,8,20,3.533333333333333,,10.033333333333331,17.0,5.466666666666666,0.79,,685.7010752688171,,,,,7.886226610099443,Rain
2019-08-21,52645.0,青海,野牛沟,38.41666666666666,99.58333333333331,3180.0,2019,8,21,10.466666666666669,,8.966666666666667,15.233333333333333,4.266666666666667,0.7733333333333333,,684.8344086021506,,,,,6.717235097065539,Rain
2019-08-22,52645.0,青海,野牛沟,38.41666666666666,99.58333333333331,3180.0,2019,8,22,3.633333333333333,,8.966666666666667,15.800000000000002,4.633333333333334,0.7766666666666667,,684.2010752688171,,,,,6.75083155757545,Rain
2019-08-23,52645.0,青海,野牛沟,38.41666666666666,99.58333333333331,3180.0,2019,8,23,0.3333333333333333,,9.933333333333334,18.366666666666667,4.333333333333333,0.7366666666666667,,683.5344086021505,,,,,7.218617131741181,Rain
2019-08-24,52645.0,青海,野牛沟,38.41666666666666,99.58333333333331,3180.0,2019,8,24,1.9,,9.133333333333336,15.5,4.766666666666667,0.7799999999999999,,684.0344086021505,,,,,6.940095035410221,Rain
2019-08-25,52645.0,青海,野牛沟,38.41666666666666,99.58333333333331,3180.0,2019,8,25,2.066666666666667,,9.533333333333331,15.533333333333331,5.4,0.7600000000000001,,684.9344086021505,,,,,7.102644969483447,Rain
2019-08-26,52645.0,青海,野牛沟,38.41666666666666,99.58333333333331,3180.0,2019,8,26,0.2333333333333333,,9.933333333333332,17.400000000000002,4.433333333333334,0.7733333333333334,,685.0344086021505,,,,,7.614798463036716,Rain
2019-08-27,52645.0,青海,野牛沟,38.41666666666666,99.58333333333331,3180.0,2019,8,27,4.233333333333333,,9.166666666666666,14.466666666666669,4.966666666666668,0.7766666666666667,,686.1010752688171,,,,,6.939155000113364,Rain
2019-08-28,52645.0,青海,野牛沟,38.41666666666666,99.58333333333331,3180.0,2019,8,28,2.4333333333333336,,9.1,15.033333333333331,5.266666666666667,0.7799999999999999,,684.5677419354838,,,,,6.909753412568196,Rain
2019-08-29,52645.0,青海,野牛沟,38.41666666666666,99.58333333333331,3180.0,2019,8,29,5.3,,8.466666666666667,14.833333333333334,5.033333333333333,0.79,,684.3344086021506,,,,,6.421299893698698,Rain
2019-08-30,52645.0,青海,野牛沟,38.41666666666666,99.58333333333331,3180.0,2019,8,30,0.7333333333333334,,7.966666666666666,14.300000000000002,3.5666666666666664,0.73,,684.7344086021504,,,,,5.353078336329502,Rain
2019-08-31,52645.0,青海,野牛沟,38.41666666666666,99.58333333333331,3180.0,2019,8,31,1.1333333333333333,,8.299999999999999,15.266666666666666,3.466666666666667,0.7533333333333333,,684.0344086021505,,,,,5.894614022528324,Rain
2019-09-01,52645.0,青海,野牛沟,38.41666666666666,99.58333333333331,3180.0,2019,9,1,3.6,,7.666666666666667,14.8,3.566666666666667,0.79,,683.8244444444445,,,,,5.6735165938986265,Rain
2019-09-02,52645.0,青海,野牛沟,38.41666666666666,99.58333333333331,3180.0,2019,9,2,3.266666666666666,,7.666666666666667,12.866666666666667,4.3,0.7699999999999999,,683.2911111111111,,,,,5.475567553589138,Rain
2019-09-03,52645.0,青海,野牛沟,38.41666666666666,99.58333333333331,3180.0,2019,9,3,2.466666666666667,,7.833333333333333,14.866666666666667,3.133333333333333,0.7333333333333334,,683.3577777777779,,,,,5.262787999004623,Rain
2019-09-04,52645.0,青海,野牛沟,38.41666666666666,99.58333333333331,3180.0,2019,9,4,6.066666666666666,,6.5,13.133333333333333,1.6666666666666667,0.7333333333333334,,685.3244444444445,,,,,4.046976747806403,Rain
2019-09-05,52645.0,青海,野牛沟,38.41666666666666,99.58333333333331,3180.0,2019,9,5,2.2,,5.566666666666667,12.066666666666668,1.1333333333333333,0.7233333333333333,,686.2244444444445,,,,,3.102189170677341,Rain
2019-09-06,52645.0,青海,野牛沟,38.41666666666666,99.58333333333331,3180.0,2019,9,6,1.5,,5.4,14.933333333333332,-2.1666666666666665,0.6933333333333334,,685.5577777777779,,,,,2.6711289355225754,Rain
2019-09-07,52645.0,青海,野牛沟,38.41666666666666,99.58333333333331,3180.0,2019,9,7,2.1,,5.933333333333333,12.199999999999998,1.1,0.7333333333333334,,684.2244444444445,,,,,3.5270865427003217,Rain
2019-09-08,52645.0,青海,野牛沟,38.41666666666666,99.58333333333331,3180.0,2019,9,8,8.633333333333333,,3.866666666666667,9.366666666666667,0.4666666666666666,0.8533333333333334,,684.9577777777778,,,,,2.66065971441106,Snow
2019-09-09,52645.0,青海,野牛沟,38.41666666666666,99.58333333333331,3180.0,2019,9,9,2.533333333333333,,5.3,11.566666666666668,1.9666666666666668,0.7966666666666667,,686.3577777777779,,,,,3.5258936651984962,Rain
2019-09-10,52645.0,青海,野牛沟,38.41666666666666,99.58333333333331,3180.0,2019,9,10,1.6,,4.5,12.666666666666666,-1.2,0.7200000000000001,,687.2911111111111,,,,,2.1021732660020342,Rain
2019-09-11,52645.0,青海,野牛沟,38.41666666666666,99.58333333333331,3180.0,2019,9,11,2.5,,4.533333333333333,12.4,-1.1333333333333335,0.7366666666666667,,687.1577777777779,,,,,2.280615959122545,Rain
2019-09-12,52645.0,青海,野牛沟,38.41666666666666,99.58333333333331,3180.0,2019,9,12,0.8666666666666667,,5.6000000000000005,12.066666666666668,0.5,0.6900000000000001,,686.8911111111112,,,,,2.8223619846437265,Rain
2019-09-13,52645.0,青海,野牛沟,38.41666666666666,99.58333333333331,3180.0,2019,9,13,0.9,,5.5,13.800000000000002,-0.6,0.7166666666666668,,685.8577777777779,,,,,2.979040623373357,Rain
2019-09-14,52645.0,青海,野牛沟,38.41666666666666,99.58333333333331,3180.0,2019,9,14,1.3666666666666665,,5.866666666666667,15.566666666666668,-1.0,0.68,,685.2577777777778,,,,,2.963961008221312,Rain
2019-09-15,52645.0,青海,野牛沟,38.41666666666666,99.58333333333331,3180.0,2019,9,15,2.5,,6.266666666666666,14.233333333333334,1.480297366166875e-16,0.75,,685.1911111111112,,,,,3.9915054889195245,Rain
2019-09-16,52645.0,青海,野牛沟,38.41666666666666,99.58333333333331,3180.0,2019,9,16,7.333333333333333,,5.400000000000001,11.633333333333333,1.8666666666666665,0.8166666666666668,,685.2911111111111,,,,,3.798358264109125,Rain
2019-09-17,52645.0,青海,野牛沟,38.41666666666666,99.58333333333331,3180.0,2019,9,17,1.0666666666666669,,5.266666666666667,10.933333333333332,1.5,0.7733333333333334,,686.2577777777778,,,,,3.2843343345301745,Rain
2019-09-18,52645.0,青海,野牛沟,38.41666666666666,99.58333333333331,3180.0,2019,9,18,0.1666666666666666,,5.5,11.133333333333333,1.0333333333333334,0.75,,686.8911111111112,,,,,3.288355882030971,Rain
2019-09-19,52645.0,青海,野牛沟,38.41666666666666,99.58333333333331,3180.0,2019,9,19,2.033333333333333,,4.2,10.566666666666666,1.0333333333333334,0.8033333333333333,,686.6244444444445,,,,,2.5532833085115714,Snow
2019-09-20,52645.0,青海,野牛沟,38.41666666666666,99.58333333333331,3180.0,2019,9,20,0.0,,4.2,13.1,-2.033333333333333,0.7133333333333333,,685.3244444444446,,,,,,无
2019-09-21,52645.0,青海,野牛沟,38.41666666666666,99.58333333333331,3180.0,2019,9,21,1.5333333333333332,,2.9,11.133333333333336,-3.1333333333333333,0.7133333333333334,,684.8577777777779,,,,,0.5850142211446885,Snow
2019-09-22,52645.0,青海,野牛沟,38.41666666666666,99.58333333333331,3180.0,2019,9,22,0.2666666666666666,,3.5,12.5,-2.2666666666666666,0.6966666666666667,,685.2244444444445,,,,,0.9875189283208696,Snow
2019-09-23,52645.0,青海,野牛沟,38.41666666666666,99.58333333333331,3180.0,2019,9,23,0.0,,4.2,11.366666666666667,-2.2,0.6933333333333334,,683.7577777777778,,,,,,无
2019-09-24,52645.0,青海,野牛沟,38.41666666666666,99.58333333333331,3180.0,2019,9,24,0.7333333333333334,,3.7,10.333333333333334,-1.9,0.75,,683.1577777777778,,,,,1.6254563699570612,Rain
2019-09-25,52645.0,青海,野牛沟,38.41666666666666,99.58333333333331,3180.0,2019,9,25,2.033333333333333,,3.5,10.699999999999998,-1.5,0.7666666666666666,,682.7577777777778,,,,,1.5822544431938335,Rain
2019-09-26,52645.0,青海,野牛沟,38.41666666666666,99.58333333333331,3180.0,2019,9,26,1.2333333333333334,,2.8666666666666667,11.066666666666668,-1.7666666666666666,0.79,,684.1911111111112,,,,,1.189041352258493,Snow
2019-09-27,52645.0,青海,野牛沟,38.41666666666666,99.58333333333331,3180.0,2019,9,27,1.9,,3.3666666666666667,10.133333333333333,-0.5333333333333333,0.77,,685.0577777777779,,,,,1.489774657980667,Rain
2019-09-28,52645.0,青海,野牛沟,38.41666666666666,99.58333333333331,3180.0,2019,9,28,0.4333333333333333,,3.4,11.166666666666666,-2.5666666666666664,0.7199999999999999,,684.8577777777779,,,,,1.096420212911391,Snow
2019-09-29,52645.0,青海,野牛沟,38.41666666666666,99.58333333333331,3180.0,2019,9,29,0.0999999999999999,,4.466666666666667,14.3,-3.7,0.66,,684.9244444444445,,,,,1.5286398470355111,Rain
2019-09-30,52645.0,青海,野牛沟,38.41666666666666,99.58333333333331,3180.0,2019,9,30,0.0,,4.2,13.8,-1.866666666666667,0.6166666666666666,,686.0577777777779,,,,,,无
2019-10-01,52645.0,青海,野牛沟,38.41666666666666,99.58333333333331,3180.0,2019,10,1,0.0,,2.733333333333333,13.733333333333334,-5.2,0.5966666666666667,,686.1505376344086,,,,,,无
2019-10-02,52645.0,青海,野牛沟,38.41666666666666,99.58333333333331,3180.0,2019,10,2,1.2333333333333334,,2.3,12.3,-4.7,0.63,,684.583870967742,,,,,-0.6492018127537191,Snow
2019-10-03,52645.0,青海,野牛沟,38.41666666666666,99.58333333333331,3180.0,2019,10,3,0.1999999999999999,,3.1666666666666665,12.833333333333334,-2.6333333333333333,0.6366666666666666,,683.483870967742,,,,,0.16829387406020135,Snow
2019-10-04,52645.0,青海,野牛沟,38.41666666666666,99.58333333333331,3180.0,2019,10,4,0.9333333333333332,,2.5666666666666664,11.933333333333332,-4.7,0.5666666666666665,,685.2505376344087,,,,,-0.9518410178331171,Snow
2019-10-05,52645.0,青海,野牛沟,38.41666666666666,99.58333333333331,3180.0,2019,10,5,0.3333333333333333,,1.4,14.1,-6.633333333333333,0.6166666666666667,,684.083870967742,,,,,-1.5499889002191969,Snow
2019-10-06,52645.0,青海,野牛沟,38.41666666666666,99.58333333333331,3180.0,2019,10,6,0.0999999999999999,,2.833333333333333,11.966666666666669,-4.2,0.6066666666666667,,683.7172043010754,,,,,-0.3819838232340844,Snow
2019-10-07,52645.0,青海,野牛沟,38.41666666666666,99.58333333333331,3180.0,2019,10,7,0.0,,1.0333333333333334,11.6,-6.7,0.6233333333333333,,684.783870967742,,,,,,无
2019-10-08,52645.0,青海,野牛沟,38.41666666666666,99.58333333333331,3180.0,2019,10,8,1.2666666666666666,,-0.1333333333333333,9.166666666666666,-6.699999999999999,0.6266666666666666,,684.983870967742,,,,,-2.818832743450721,Snow
2019-10-09,52645.0,青海,野牛沟,38.41666666666666,99.58333333333331,3180.0,2019,10,9,1.1666666666666667,,-1.3,6.800000000000001,-7.133333333333333,0.63,,684.1838709677419,,,,,-3.8276580121583814,Snow
2019-10-10,52645.0,青海,野牛沟,38.41666666666666,99.58333333333331,3180.0,2019,10,10,0.0,,-1.3,8.999999999999998,-8.633333333333333,0.59,,684.3172043010753,,,,,,无
2019-10-11,52645.0,青海,野牛沟,38.41666666666666,99.58333333333331,3180.0,2019,10,11,0.7999999999999999,,-0.4333333333333333,7.899999999999999,-6.366666666666667,0.6633333333333334,,684.6505376344086,,,,,-2.81477996038896,Snow
2019-10-12,52645.0,青海,野牛沟,38.41666666666666,99.58333333333331,3180.0,2019,10,12,1.8,,-1.633333333333333,8.433333333333334,-7.833333333333333,0.6633333333333332,,684.7505376344087,,,,,-3.890350104628175,Snow
2019-10-13,52645.0,青海,野牛沟,38.41666666666666,99.58333333333331,3180.0,2019,10,13,0.0,,-0.8333333333333334,9.8,-8.866666666666665,0.55,,684.3172043010753,,,,,,无
2019-10-14,52645.0,青海,野牛沟,38.41666666666666,99.58333333333331,3180.0,2019,10,14,0.0,,-0.4333333333333333,10.833333333333334,-8.466666666666667,0.5766666666666667,,683.9505376344086,,,,,,无
2019-10-15,52645.0,青海,野牛沟,38.41666666666666,99.58333333333331,3180.0,2019,10,15,0.0,,1.0333333333333334,12.1,-7.0,0.5566666666666666,,684.2172043010754,,,,,,无
2019-10-16,52645.0,青海,野牛沟,38.41666666666666,99.58333333333331,3180.0,2019,10,16,0.0,,1.5666666666666669,9.466666666666669,-4.2,0.63,,685.1172043010753,,,,,,无
2019-10-17,52645.0,青海,野牛沟,38.41666666666666,99.58333333333331,3180.0,2019,10,17,0.5,,0.8333333333333334,10.533333333333331,-6.033333333333334,0.6233333333333334,,684.9172043010753,,,,,-1.9927752082006878,Snow
2019-10-18,52645.0,青海,野牛沟,38.41666666666666,99.58333333333331,3180.0,2019,10,18,0.0,,0.3666666666666667,10.466666666666669,-7.366666666666666,0.5666666666666667,,684.483870967742,,,,,,无
2019-10-19,52645.0,青海,野牛沟,38.41666666666666,99.58333333333331,3180.0,2019,10,19,0.0,,0.6666666666666666,12.266666666666666,-8.633333333333335,0.52,,682.483870967742,,,,,,无
2019-10-20,52645.0,青海,野牛沟,38.41666666666666,99.58333333333331,3180.0,2019,10,20,1.0,,-0.3,12.166666666666666,-8.266666666666667,0.6066666666666666,,680.4505376344086,,,,,-3.12507050092083,Snow
2019-10-21,52645.0,青海,野牛沟,38.41666666666666,99.58333333333331,3180.0,2019,10,21,1.7333333333333334,,-1.6666666666666667,4.033333333333333,-5.766666666666667,0.7666666666666666,,681.9172043010753,,,,,-3.2166855083529944,Snow
2019-10-22,52645.0,青海,野牛沟,38.41666666666666,99.58333333333331,3180.0,2019,10,22,0.9,,-1.0666666666666669,5.566666666666666,-5.566666666666666,0.7366666666666667,,682.5172043010753,,,,,-2.8676544363961787,Snow
2019-10-23,52645.0,青海,野牛沟,38.41666666666666,99.58333333333331,3180.0,2019,10,23,0.0,,-2.1333333333333333,7.1000000000000005,-9.9,0.6466666666666666,,681.783870967742,,,,,,无
2019-10-24,52645.0,青海,野牛沟,38.41666666666666,99.58333333333331,3180.0,2019,10,24,0.9333333333333332,,-1.3,4.5,-4.8,0.7966666666666667,,681.2172043010752,,,,,-2.6696219157832113,Snow
2019-10-25,52645.0,青海,野牛沟,38.41666666666666,99.58333333333331,3180.0,2019,10,25,1.4666666666666668,,-2.833333333333333,3.4666666666666663,-7.033333333333334,0.7433333333333335,,681.083870967742,,,,,-4.454695645408981,Snow
2019-10-26,52645.0,青海,野牛沟,38.41666666666666,99.58333333333331,3180.0,2019,10,26,0.3999999999999999,,-4.8,5.5,-12.133333333333333,0.6333333333333333,,682.583870967742,,,,,-6.9232101032497395,Snow
2019-10-27,52645.0,青海,野牛沟,38.41666666666666,99.58333333333331,3180.0,2019,10,27,0.6666666666666666,,-3.866666666666666,5.0,-9.933333333333332,0.6166666666666667,,682.983870967742,,,,,-6.193159046389458,Snow
2019-10-28,52645.0,青海,野牛沟,38.41666666666666,99.58333333333331,3180.0,2019,10,28,0.0,,-5.2,4.066666666666666,-11.8,0.6066666666666666,,682.7172043010754,,,,,,无
2019-10-29,52645.0,青海,野牛沟,38.41666666666666,99.58333333333331,3180.0,2019,10,29,0.0,,-5.033333333333334,3.533333333333333,-12.1,0.5366666666666667,,682.8172043010753,,,,,,无
2019-10-30,52645.0,青海,野牛沟,38.41666666666666,99.58333333333331,3180.0,2019,10,30,0.6,,-5.066666666666666,2.1333333333333333,-11.6,0.6,,683.2505376344087,,,,,-7.356421681304339,Snow
2019-10-31,52645.0,青海,野牛沟,38.41666666666666,99.58333333333331,3180.0,2019,10,31,0.0999999999999999,,-7.8,2.1666666666666665,-15.966666666666669,0.5633333333333334,,686.083870967742,,,,,-9.964730600685478,Snow
2019-11-01,52645.0,青海,野牛沟,38.41666666666666,99.58333333333331,3180.0,2019,11,1,0.0,,-6.266666666666667,4.766666666666667,-13.666666666666666,0.5833333333333334,,685.4466666666667,,,,,,无
2019-11-02,52645.0,青海,野牛沟,38.41666666666666,99.58333333333331,3180.0,2019,11,2,0.0,,-5.066666666666666,6.566666666666667,-12.866666666666667,0.5966666666666667,,683.7133333333335,,,,,,无
2019-11-03,52645.0,青海,野牛沟,38.41666666666666,99.58333333333331,3180.0,2019,11,3,0.0,,-4.4,6.266666666666666,-12.0,0.5866666666666668,,682.6466666666666,,,,,,无
2019-11-04,52645.0,青海,野牛沟,38.41666666666666,99.58333333333331,3180.0,2019,11,4,0.0,,-5.133333333333333,4.833333333333333,-11.5,0.6366666666666667,,680.9133333333334,,,,,,无
2019-11-05,52645.0,青海,野牛沟,38.41666666666666,99.58333333333331,3180.0,2019,11,5,0.7999999999999999,,-4.8,5.966666666666666,-11.766666666666666,0.6233333333333334,,678.98,,,,,-6.989877428268305,Snow
2019-11-06,52645.0,青海,野牛沟,38.41666666666666,99.58333333333331,3180.0,2019,11,6,0.4666666666666666,,-4.166666666666667,1.933333333333333,-8.266666666666667,0.68,,680.5133333333334,,,,,-6.074994565656859,Snow
2019-11-07,52645.0,青海,野牛沟,38.41666666666666,99.58333333333331,3180.0,2019,11,7,0.5,,-8.299999999999999,-0.9666666666666668,-14.766666666666666,0.6666666666666666,,683.6466666666666,,,,,-9.9022884807164,Snow
2019-11-08,52645.0,青海,野牛沟,38.41666666666666,99.58333333333331,3180.0,2019,11,8,0.0,,-8.933333333333334,1.4333333333333331,-17.099999999999998,0.5966666666666667,,683.8800000000001,,,,,,无
2019-11-09,52645.0,青海,野牛沟,38.41666666666666,99.58333333333331,3180.0,2019,11,9,0.0,,-7.566666666666667,1.9,-14.7,0.5733333333333333,,682.9466666666667,,,,,,无
2019-11-10,52645.0,青海,野牛沟,38.41666666666666,99.58333333333331,3180.0,2019,11,10,0.0,,-6.9,3.733333333333333,-15.300000000000002,0.5166666666666667,,681.8800000000001,,,,,,无
2019-11-11,52645.0,青海,野牛沟,38.41666666666666,99.58333333333331,3180.0,2019,11,11,0.0,,-7.766666666666666,3.3666666666666667,-15.766666666666667,0.5233333333333333,,680.9133333333334,,,,,,无
2019-11-12,52645.0,青海,野牛沟,38.41666666666666,99.58333333333331,3180.0,2019,11,12,0.0,,-8.299999999999999,2.6666666666666665,-16.033333333333335,0.5166666666666666,,681.3133333333334,,,,,,无
2019-11-13,52645.0,青海,野牛沟,38.41666666666666,99.58333333333331,3180.0,2019,11,13,0.0,,-7.766666666666667,4.833333333333333,-16.633333333333333,0.4833333333333333,,680.6800000000002,,,,,,无
2019-11-14,52645.0,青海,野牛沟,38.41666666666666,99.58333333333331,3180.0,2019,11,14,0.0,,-7.599999999999999,4.500000000000001,-16.03333333333333,0.48,,680.9466666666667,,,,,,无
2019-11-15,52645.0,青海,野牛沟,38.41666666666666,99.58333333333331,3180.0,2019,11,15,0.0,,-7.899999999999999,3.2999999999999994,-16.333333333333332,0.4866666666666666,,680.2133333333335,,,,,,无
2019-11-16,52645.0,青海,野牛沟,38.41666666666666,99.58333333333331,3180.0,2019,11,16,0.0,,-8.266666666666667,4.166666666666667,-17.033333333333335,0.5066666666666667,,680.2466666666668,,,,,,无
2019-11-17,52645.0,青海,野牛沟,38.41666666666666,99.58333333333331,3180.0,2019,11,17,0.0,,-5.933333333333334,3.3666666666666667,-13.833333333333334,0.4633333333333333,,680.2133333333335,,,,,,无
2019-11-18,52645.0,青海,野牛沟,38.41666666666666,99.58333333333331,3180.0,2019,11,18,0.0,,-5.033333333333333,3.4666666666666663,-12.333333333333334,0.4066666666666667,,678.8800000000001,,,,,,无
2019-11-19,52645.0,青海,野牛沟,38.41666666666666,99.58333333333331,3180.0,2019,11,19,0.0,,-5.866666666666667,1.7333333333333334,-13.466666666666669,0.4366666666666667,,679.7800000000001,,,,,,无
2019-11-20,52645.0,青海,野牛沟,38.41666666666666,99.58333333333331,3180.0,2019,11,20,0.0,,-6.3,3.433333333333333,-14.4,0.4466666666666667,,679.8466666666668,,,,,,无
2019-11-21,52645.0,青海,野牛沟,38.41666666666666,99.58333333333331,3180.0,2019,11,21,0.0,,-8.666666666666666,2.566666666666667,-16.8,0.53,,679.7800000000001,,,,,,无
2019-11-22,52645.0,青海,野牛沟,38.41666666666666,99.58333333333331,3180.0,2019,11,22,0.1999999999999999,,-10.066666666666666,-0.0666666666666667,-18.23333333333333,0.5533333333333333,,681.0133333333333,,,,,-12.027038796729833,Snow
2019-11-23,52645.0,青海,野牛沟,38.41666666666666,99.58333333333331,3180.0,2019,11,23,0.6666666666666666,,-11.333333333333334,-2.7999999999999994,-17.466666666666665,0.58,,681.2800000000001,,,,,-13.042172597019345,Snow
2019-11-24,52645.0,青海,野牛沟,38.41666666666666,99.58333333333331,3180.0,2019,11,24,0.0,,-12.5,-1.8,-19.83333333333333,0.5499999999999999,,681.18,,,,,,无
2019-11-25,52645.0,青海,野牛沟,38.41666666666666,99.58333333333331,3180.0,2019,11,25,0.0999999999999999,,-11.533333333333331,-2.2666666666666666,-18.2,0.4833333333333333,,682.0466666666667,,,,,-13.617026416396932,Snow
2019-11-26,52645.0,青海,野牛沟,38.41666666666666,99.58333333333331,3180.0,2019,11,26,0.0,,-13.166666666666666,-1.3666666666666665,-21.866666666666664,0.4766666666666667,,681.7800000000001,,,,,,无
2019-11-27,52645.0,青海,野牛沟,38.41666666666666,99.58333333333331,3180.0,2019,11,27,0.0,,-12.566666666666668,0.0666666666666666,-20.9,0.4833333333333334,,681.1133333333333,,,,,,无
2019-11-28,52645.0,青海,野牛沟,38.41666666666666,99.58333333333331,3180.0,2019,11,28,0.0999999999999999,,-11.933333333333335,-1.1,-20.26666666666667,0.5133333333333333,,681.7466666666668,,,,,-13.847458422989728,Snow
2019-11-29,52645.0,青海,野牛沟,38.41666666666666,99.58333333333331,3180.0,2019,11,29,0.0333333333333333,,-13.1,-1.6666666666666667,-22.066666666666663,0.5,,682.9466666666667,,,,,-14.928765280998185,Snow
2019-11-30,52645.0,青海,野牛沟,38.41666666666666,99.58333333333331,3180.0,2019,11,30,0.0,,-13.433333333333332,-2.0,-22.33333333333333,0.51,,682.6133333333333,,,,,,无
2019-12-01,52645.0,青海,野牛沟,38.41666666666666,99.58333333333331,3180.0,2019,12,1,0.0,,-13.800000000000002,-3.1666666666666665,-21.2,0.4933333333333333,,681.8279569892474,,,,,,无
2019-12-02,52645.0,青海,野牛沟,38.41666666666666,99.58333333333331,3180.0,2019,12,2,0.0,,-13.0,-1.4666666666666668,-22.166666666666668,0.45,,682.4279569892473,,,,,,无
2019-12-03,52645.0,青海,野牛沟,38.41666666666666,99.58333333333331,3180.0,2019,12,3,0.0,,-13.333333333333334,-1.9,-21.5,0.4766666666666667,,682.1612903225807,,,,,,无
2019-12-04,52645.0,青海,野牛沟,38.41666666666666,99.58333333333331,3180.0,2019,12,4,0.0,,-12.766666666666666,-0.6333333333333333,-21.166666666666664,0.4666666666666666,,680.7279569892473,,,,,,无
2019-12-05,52645.0,青海,野牛沟,38.41666666666666,99.58333333333331,3180.0,2019,12,5,0.0,,-11.866666666666667,0.1999999999999999,-20.0,0.4733333333333333,,682.3612903225807,,,,,,无
2019-12-06,52645.0,青海,野牛沟,38.41666666666666,99.58333333333331,3180.0,2019,12,6,0.0,,-11.366666666666667,1.6,-19.53333333333333,0.49,,682.2946236559139,,,,,,无
2019-12-07,52645.0,青海,野牛沟,38.41666666666666,99.58333333333331,3180.0,2019,12,7,0.0,,-11.566666666666668,1.4666666666666666,-20.766666666666666,0.4833333333333333,,682.2612903225806,,,,,,无
2019-12-08,52645.0,青海,野牛沟,38.41666666666666,99.58333333333331,3180.0,2019,12,8,0.0,,-9.166666666666668,2.5,-18.433333333333334,0.4433333333333333,,680.1279569892473,,,,,,无
2019-12-09,52645.0,青海,野牛沟,38.41666666666666,99.58333333333331,3180.0,2019,12,9,0.0,,-10.0,2.833333333333333,-18.6,0.43,,679.794623655914,,,,,,无
2019-12-10,52645.0,青海,野牛沟,38.41666666666666,99.58333333333331,3180.0,2019,12,10,0.0,,-10.833333333333334,1.933333333333333,-18.96666666666667,0.5166666666666666,,678.6279569892473,,,,,,无
2019-12-11,52645.0,青海,野牛沟,38.41666666666666,99.58333333333331,3180.0,2019,12,11,0.0,,-10.133333333333333,2.9,-19.266666666666666,0.4866666666666666,,676.6612903225806,,,,,,无
2019-12-12,52645.0,青海,野牛沟,38.41666666666666,99.58333333333331,3180.0,2019,12,12,0.0,,-10.1,0.2333333333333332,-16.933333333333334,0.5033333333333333,,677.6279569892473,,,,,,无
2019-12-13,52645.0,青海,野牛沟,38.41666666666666,99.58333333333331,3180.0,2019,12,13,0.1333333333333333,,-12.233333333333334,-3.233333333333334,-18.633333333333333,0.5366666666666667,,679.8279569892474,,,,,-14.024758420550135,Snow
2019-12-14,52645.0,青海,野牛沟,38.41666666666666,99.58333333333331,3180.0,2019,12,14,0.0,,-15.766666666666666,-5.166666666666667,-23.2,0.56,,681.9612903225807,,,,,,无
2019-12-15,52645.0,青海,野牛沟,38.41666666666666,99.58333333333331,3180.0,2019,12,15,0.0,,-16.1,-5.366666666666667,-23.433333333333334,0.5633333333333334,,682.8946236559141,,,,,,无
2019-12-16,52645.0,青海,野牛沟,38.41666666666666,99.58333333333331,3180.0,2019,12,16,0.0,,-17.166666666666668,-5.466666666666666,-24.433333333333334,0.56,,681.0279569892474,,,,,,无
2019-12-17,52645.0,青海,野牛沟,38.41666666666666,99.58333333333331,3180.0,2019,12,17,0.0,,-16.233333333333334,-4.366666666666666,-25.066666666666663,0.48,,679.5279569892474,,,,,,无
2019-12-18,52645.0,青海,野牛沟,38.41666666666666,99.58333333333331,3180.0,2019,12,18,0.0,,-16.03333333333333,-4.9,-23.899999999999995,0.5133333333333333,,679.5279569892474,,,,,,无
2019-12-19,52645.0,青海,野牛沟,38.41666666666666,99.58333333333331,3180.0,2019,12,19,0.0,,-16.566666666666666,-3.5333333333333337,-24.566666666666663,0.4933333333333333,,679.0279569892474,,,,,,无
2019-12-20,52645.0,青海,野牛沟,38.41666666666666,99.58333333333331,3180.0,2019,12,20,0.0,,-16.266666666666666,-2.333333333333333,-25.133333333333336,0.4499999999999999,,677.9612903225807,,,,,,无
2019-12-21,52645.0,青海,野牛沟,38.41666666666666,99.58333333333331,3180.0,2019,12,21,0.0,,-13.8,-2.233333333333333,-22.2,0.4599999999999999,,679.5612903225807,,,,,,无
2019-12-22,52645.0,青海,野牛沟,38.41666666666666,99.58333333333331,3180.0,2019,12,22,0.0,,-13.166666666666666,-1.1666666666666667,-22.433333333333337,0.4466666666666667,,679.1279569892473,,,,,,无
2019-12-23,52645.0,青海,野牛沟,38.41666666666666,99.58333333333331,3180.0,2019,12,23,0.0,,-13.866666666666667,-3.7,-20.53333333333333,0.4433333333333333,,678.594623655914,,,,,,无
2019-12-24,52645.0,青海,野牛沟,38.41666666666666,99.58333333333331,3180.0,2019,12,24,0.0,,-15.733333333333334,-3.9666666666666672,-24.433333333333334,0.4333333333333333,,679.0612903225807,,,,,,无
2019-12-25,52645.0,青海,野牛沟,38.41666666666666,99.58333333333331,3180.0,2019,12,25,0.0333333333333333,,-15.766666666666666,-4.733333333333333,-23.566666666666663,0.4733333333333333,,680.0279569892474,,,,,-17.3952945978221,Snow
2019-12-26,52645.0,青海,野牛沟,38.41666666666666,99.58333333333331,3180.0,2019,12,26,0.0666666666666666,,-17.333333333333332,-3.6,-26.166666666666668,0.43,,680.7612903225806,,,,,-18.918948142155642,Snow
2019-12-27,52645.0,青海,野牛沟,38.41666666666666,99.58333333333331,3180.0,2019,12,27,0.0,,-17.433333333333334,-2.766666666666666,-26.83333333333333,0.3966666666666667,,681.1612903225806,,,,,,无
2019-12-28,52645.0,青海,野牛沟,38.41666666666666,99.58333333333331,3180.0,2019,12,28,0.2333333333333333,,-15.433333333333332,-3.6,-23.26666666666667,0.5166666666666667,,681.7279569892473,,,,,-16.956627866980106,Snow
2019-12-29,52645.0,青海,野牛沟,38.41666666666666,99.58333333333331,3180.0,2019,12,29,0.1333333333333333,,-16.400000000000002,-5.6000000000000005,-24.166666666666668,0.5633333333333334,,681.7279569892473,,,,,-17.68901877928552,Snow
2019-12-30,52645.0,青海,野牛沟,38.41666666666666,99.58333333333331,3180.0,2019,12,30,0.0,,-17.666666666666668,-4.233333333333333,-26.633333333333336,0.4599999999999999,,681.5279569892474,,,,,,无
2019-12-31,52645.0,青海,野牛沟,38.41666666666666,99.58333333333331,3180.0,2019,12,31,0.0,,-16.333333333333332,-2.0,-25.7,0.45,,681.094623655914,,,,,,无
